station,parameter,value
US-Bar,a_dis,NaN
US-Bar,pow_dis,NaN
US-Bar,fpr,1
US-Bar,SvF,1
US-Bar,SN,0
US-Bar,Slo_top,0
US-Bar,Ared,1
US-Bar,aR,1
US-Bar,cellsize,1
US-Bar,Kbot,NaN
US-Bar,Krock,NaN
US-Bar,zatm,24.5
US-Bar,Cwat,0
US-Bar,Cbare,0
US-Bar,Psan_Zs,"[0.58791, 0.58791, 0.58791, 0.63492, 0.63492, 0.65525, 0.65525, 0.70035, 0.70035, 0.70035, 0.81942, 0.81942, 0.81942, 0.8847, 0.8847, 0.8847, 0.8847]"
US-Bar,Pcla_Zs,"[0.05392, 0.05392, 0.05392, 0.03674, 0.03674, 0.03338, 0.03338, 0.02827, 0.02827, 0.02827, 0.01571, 0.01571, 0.01571, 0.01487, 0.01487, 0.01487, 0.01487]"
US-Bar,Porg_Zs,"[0.08, 0.08, 0.08, 0.04159, 0.04159, 0.01923, 0.01923, 0.00983, 0.00983, 0.00983, 0.00285, 0.00285, 0.00285, 0.00121, 0.00121, 0.00121, 0.00121]"
US-Bar,Color_Class,0
US-Bar,SPAR,2
US-Bar,Kfc,0.2
US-Bar,Phy,10000
US-Bar,Oice,0
US-Bar,Zs,[0 10 20 50 100 150 200 300 400 500 600 700 800 1000 1250 1500 1750 2000]
US-Bar,Zdes,10
US-Bar,Zinf,10
US-Bar,Zbio,250
US-Bar,In_max_urb,5
US-Bar,In_max_rock,0.1
US-Bar,TminS,-0.8
US-Bar,TmaxS,2.8
US-Bar,ros_max1,550
US-Bar,ros_max2,260
US-Bar,Th_Pr_sno,10.0
US-Bar,Ice_wc_sp,0.01
US-Bar,ros_Ice_thr,500
US-Bar,Aice,0.35
US-Bar,WatFreez_Th,-8
US-Bar,dz_ice,0.54
US-Bar,ExEM,1.0
US-Bar,CASE_ROOT,1
US-Bar,ZR95_H,[1100]
US-Bar,ZR95_L,[0]
US-Bar,ZR50_H,NaN
US-Bar,ZR50_L,NaN
US-Bar,ZRmax_H,NaN
US-Bar,ZRmax_L,NaN
US-Bar,Kct,0.75
US-Bar,gcI,3.7
US-Bar,KcI,0.06
US-Bar,Sp_SN_In,5.9
US-Bar,Sp_LAI_L_In,[0.2]
US-Bar,Sp_LAI_H_In,[0.1]
US-Bar,d_leaf_H,[7]
US-Bar,d_leaf_L,[0.8]
US-Bar,KnitH,[0.4]
US-Bar,KnitL,0.0
US-Bar,mSl_H,0.0
US-Bar,mSl_L,0.0
US-Bar,FI_H,[0.081]
US-Bar,Do_H,[600]
US-Bar,a1_H,[6]
US-Bar,go_H,[0.01]
US-Bar,CT_H,[3]
US-Bar,DSE_H,[0.649]
US-Bar,Ha_H,[72]
US-Bar,gmes_H,[Inf]
US-Bar,rjv_H,[2.1]
US-Bar,FI_L,[0.081]
US-Bar,Do_L,[2000]
US-Bar,a1_L,[7]
US-Bar,go_L,[0.01]
US-Bar,CT_L,[3]
US-Bar,DSE_L,[0.660]
US-Bar,Ha_L,[48]
US-Bar,gmes_L,[Inf]
US-Bar,rjv_L,[2.6]
US-Bar,Psi_sto_00_H,[-0.7]
US-Bar,Psi_sto_50_H,[-2.5]
US-Bar,PsiL00_H,[0.4]
US-Bar,PsiL50_H,[-6.5]
US-Bar,Kleaf_max_H,10
US-Bar,Cl_H,1200
US-Bar,Axyl_H,15.0
US-Bar,Kx_max_H,80000
US-Bar,PsiX50_H,[-9]
US-Bar,Cx_H,150
US-Bar,Psi_sto_00_L,-0.8
US-Bar,Psi_sto_50_L,-3.0
US-Bar,PsiL00_L,-1.1
US-Bar,PsiL50_L,-4.0
US-Bar,Kleaf_max_L,5
US-Bar,Cl_L,1200
US-Bar,Axyl_L,0.0
US-Bar,Kx_max_L,80000
US-Bar,PsiX50_L,-4.5
US-Bar,Cx_L,150
US-Bar,PsiG50_H,[-0.7]
US-Bar,PsiG99_H,[-6.5]
US-Bar,gcoef_H,3.5
US-Bar,PsiG50_L,-1.45
US-Bar,PsiG99_L,-4.0
US-Bar,gcoef_L,3.5
US-Bar,OM_H,1
US-Bar,OM_L,1
US-Bar,Sllit,2
US-Bar,Sl_H,[0.0264994]
US-Bar,Nl_H,[35]
US-Bar,r_H,[0.02]
US-Bar,gR_H,[0.22]
US-Bar,aSE_H,[1]
US-Bar,dd_max_H,[1/365]
US-Bar,dc_C_H,[0.0274]
US-Bar,Tcold_H,[5]
US-Bar,drn_H,[0.0020]
US-Bar,dsn_H,[0.0027]
US-Bar,age_cr_H,[110]
US-Bar,Bfac_lo_H,[0.9]
US-Bar,Bfac_ls_H,[NaN]
US-Bar,Tlo_H,[4.0]
US-Bar,PAR_th_H,[NaN]
US-Bar,dmg_H,[30]
US-Bar,LAI_min_H,[0.001]
US-Bar,Trr_H,[3.0]
US-Bar,mjDay_H,[230]
US-Bar,LDay_min_H,[11.5]
US-Bar,LtR_H,[1.5]
US-Bar,Mf_H,[0.0125]
US-Bar,Wm_H,[0]
US-Bar,eps_ac_H,[0.3]
US-Bar,LDay_cr_H,[12.0]
US-Bar,Klf_H,[0.025]
US-Bar,fab_H,[0.74]
US-Bar,fbe_H,[0.26]
US-Bar,ff_r_H,[0.1]
US-Bar,Sl_L,[0.028]
US-Bar,Nl_L,[23]
US-Bar,r_L,[0.055]
US-Bar,gR_L,[0.25]
US-Bar,aSE_L,[2]
US-Bar,dd_max_L,[1/360]
US-Bar,dc_C_L,[7/365]
US-Bar,Tcold_L,[0.0]
US-Bar,drn_L,[1/570]
US-Bar,dsn_L,[ 1/365]
US-Bar,age_cr_L,[180]
US-Bar,Bfac_lo_L,[0.99]
US-Bar,Bfac_ls_L,[NaN]
US-Bar,Tlo_L,[6.0]
US-Bar,Tls_L,[NaN]
US-Bar,PAR_th_L,[NaN]
US-Bar,dmg_L,[25]
US-Bar,LAI_min_L,[0.1]
US-Bar,Trr_L,[4.0]
US-Bar,mjDay_L,[220]
US-Bar,LDay_min_L,[NaN]
US-Bar,LtR_L,[0.8]
US-Bar,Mf_L,[NaN]
US-Bar,Wm_L,[NaN]
US-Bar,eps_ac_L,[0.5]
US-Bar,LDay_cr_L,[11.5]
US-Bar,Klf_L,[NaN]
US-Bar,fab_L,NaN
US-Bar,fbe_L,NaN
US-Bar,ff_r_L,[NaN]
US-Bar,Vmax_H,[50]
US-Bar,Vmax_L,[0]
US-Bar,LAI_H,[0.0]
US-Bar,B_H,[0 327 262 350 0 0 0 0]
US-Bar,Rrootl_H,[4200]
US-Bar,PHE_S_H,[1]
US-Bar,dflo_H,[0]
US-Bar,AgeL_H,[0]
US-Bar,e_rel_H,[1]
US-Bar,hc_H,[19]
US-Bar,SAI_H,[0.1]
US-Bar,LAI_L,[0.0]
US-Bar,B_L,[0 0 0 0 0 0 0 0]
US-Bar,Rrootl_L,[0]
US-Bar,PHE_S_L,[1]
US-Bar,dflo_L,[0]
US-Bar,AgeL_L,[0]
US-Bar,e_rel_L,[1]
US-Bar,hc_L,[0.0]
US-Bar,SAI_L,[0.0]
US-Bar,BLit,0.0
US-Bar,Nreserve_H,[1000]
US-Bar,Preserve_H,[100]
US-Bar,Kreserve_H,[1000]
US-Bar,FNC_H,1
US-Bar,NupI_H,[0 0 0]
US-Bar,Nreserve_L,[1]
US-Bar,Preserve_L,[1]
US-Bar,Kreserve_L,[1]
US-Bar,FNC_L,1
US-Bar,NupI_L,[0 0 0]
US-Bar,RexmyI,[0 0 0]
US-Bar,TBio_L,0
US-Bar,TBio_H,300
US-Bar,Vx_H,10
US-Bar,Vl_H,10
US-Bar,Vx_L,10
US-Bar,Vl_L,10
US-Bar,SWE,0
US-Bar,SND,0
US-Bar,TdpI_H,2
US-Bar,TdpI_L,2
US-Bar,In_L,0
US-Bar,In_urb,0
US-Bar,In_Litter,0
US-Bar,SP_wc,0
US-Bar,In_SWE,0
US-Bar,ros,0
US-Bar,t_sls,0
US-Bar,e_sno,0.97
US-Bar,tau_sno,0
US-Bar,EK,0
US-Bar,WAT,0
US-Bar,ICE,0
US-Bar,IP_wc,0
US-Bar,ICE_D,0
US-Bar,FROCK,0
US-Bar,Ws_under,1
US-Blk,a_dis,NaN
US-Blk,pow_dis,NaN
US-Blk,fpr,1
US-Blk,SvF,1
US-Blk,SN,0
US-Blk,Slo_top,0
US-Blk,Ared,1
US-Blk,aR,1
US-Blk,cellsize,1
US-Blk,Kbot,0.01
US-Blk,Krock,NaN
US-Blk,zatm,24
US-Blk,Cwat,0
US-Blk,Cbare,0
US-Blk,Psan_Zs,"[0.35, 0.35, 0.35, 0.31, 0.31, 0.31, 0.25, 0.25, 0.25, 0.25, 0.26, 0.26, 0.26, 0.26, 0.25, 0.25]"
US-Blk,Pcla_Zs,"[0.18, 0.18, 0.18, 0.15, 0.15, 0.15, 0.3, 0.3, 0.3, 0.3, 0.32, 0.32, 0.32, 0.32, 0.22, 0.22]"
US-Blk,Porg_Zs,"[0.06, 0.06, 0.06, 0.01, 0.01, 0.01, 0.0075, 0.0075, 0.0075, 0.0075, 0.0075, 0.0075, 0.0075, 0.0075, 0.005, 0.005]"
US-Blk,Color_Class,0
US-Blk,SPAR,2
US-Blk,Kfc,0.2
US-Blk,Phy,10000
US-Blk,Oice,0
US-Blk,Zs,[0 10 20 50 100 150 200 300 400 500 600 700 800 1000 1250 1500 1730]
US-Blk,Zdes,10
US-Blk,Zinf,10
US-Blk,Zbio,250
US-Blk,In_max_urb,5
US-Blk,In_max_rock,0.1
US-Blk,TminS,-0.8
US-Blk,TmaxS,2.8
US-Blk,ros_max1,550
US-Blk,ros_max2,260
US-Blk,Th_Pr_sno,10.0
US-Blk,Ice_wc_sp,0.01
US-Blk,ros_Ice_thr,500
US-Blk,Aice,0.35
US-Blk,WatFreez_Th,-8
US-Blk,dz_ice,0.54
US-Blk,ExEM,1.0
US-Blk,CASE_ROOT,1
US-Blk,ZR95_H,[900]
US-Blk,ZR95_L,[0]
US-Blk,ZR50_H,NaN
US-Blk,ZR50_L,NaN
US-Blk,ZRmax_H,NaN
US-Blk,ZRmax_L,NaN
US-Blk,Kct,0.75
US-Blk,gcI,3.7
US-Blk,KcI,0.06
US-Blk,Sp_SN_In,5.9
US-Blk,Sp_LAI_L_In,[0.2]
US-Blk,Sp_LAI_H_In,[0.1]
US-Blk,d_leaf_H,[0.25]
US-Blk,d_leaf_L,[0.8]
US-Blk,KnitH,0.35
US-Blk,KnitL,0.0
US-Blk,mSl_H,0.0
US-Blk,mSl_L,0.0
US-Blk,FI_H,[0.081]
US-Blk,Do_H,[700]
US-Blk,a1_H,[5]
US-Blk,go_H,[ 0.01]
US-Blk,CT_H,[3]
US-Blk,DSE_H,[0.649]
US-Blk,Ha_H,[89]
US-Blk,gmes_H,[Inf]
US-Blk,rjv_H,[1.8]
US-Blk,FI_L,[0.081]
US-Blk,Do_L,[2000]
US-Blk,a1_L,[7]
US-Blk,go_L,[0.01]
US-Blk,CT_L,[3]
US-Blk,DSE_L,[0.660]
US-Blk,Ha_L,[48]
US-Blk,gmes_L,[Inf]
US-Blk,rjv_L,[2.6]
US-Blk,Psi_sto_00_H,-0.8
US-Blk,Psi_sto_50_H,-2.5
US-Blk,PsiL00_H,-1.0
US-Blk,PsiL50_H,-3.2
US-Blk,Kleaf_max_H,10
US-Blk,Cl_H,1200
US-Blk,Axyl_H,15.0
US-Blk,Kx_max_H,80000
US-Blk,PsiX50_H,-5.0
US-Blk,Cx_H,150
US-Blk,Psi_sto_00_L,-0.8
US-Blk,Psi_sto_50_L,-3.0
US-Blk,PsiL00_L,-1.1
US-Blk,PsiL50_L,-4.0
US-Blk,Kleaf_max_L,5
US-Blk,Cl_L,1200
US-Blk,Axyl_L,0.0
US-Blk,Kx_max_L,80000
US-Blk,PsiX50_L,-4.5
US-Blk,Cx_L,150
US-Blk,PsiG50_H,-0.8
US-Blk,PsiG99_H,-2.5
US-Blk,gcoef_H,3.5
US-Blk,PsiG50_L,-1.45
US-Blk,PsiG99_L,-4.0
US-Blk,gcoef_L,3.5
US-Blk,OM_H,1
US-Blk,OM_L,1
US-Blk,Sllit,2
US-Blk,Sl_H,[0.0170818]
US-Blk,Nl_H,[62]
US-Blk,r_H,[0.055]
US-Blk,gR_H,[0.25]
US-Blk,aSE_H,[0]
US-Blk,dd_max_H,[1/200]
US-Blk,dc_C_H,78/365
US-Blk,Tcold_H,[-50]
US-Blk,drn_H,[1/800]
US-Blk,dsn_H,[1/600]
US-Blk,age_cr_H,[1220]
US-Blk,Bfac_lo_H,[0.99]
US-Blk,Bfac_ls_H,[NaN]
US-Blk,Tlo_H,[1.5]
US-Blk,PAR_th_H,[NaN]
US-Blk,dmg_H,[30]
US-Blk,LAI_min_H,[0.001]
US-Blk,Trr_H,[0.5]
US-Blk,mjDay_H,[220]
US-Blk,LDay_min_H,[14.1]
US-Blk,LtR_H,[0.8]
US-Blk,Mf_H,[1/50]
US-Blk,Wm_H,[0]
US-Blk,eps_ac_H,[0.8]
US-Blk,LDay_cr_H,[11.8]
US-Blk,Klf_H,[1/30]
US-Blk,fab_H,[0.74]
US-Blk,fbe_H,[0.26]
US-Blk,ff_r_H,[0.1]
US-Blk,Sl_L,[0.028]
US-Blk,Nl_L,[23]
US-Blk,r_L,[0.055]
US-Blk,gR_L,[0.25]
US-Blk,aSE_L,[2]
US-Blk,dd_max_L,[1/360]
US-Blk,dc_C_L,[7/365]
US-Blk,Tcold_L,[0.0]
US-Blk,drn_L,[1/570]
US-Blk,dsn_L,[ 1/365]
US-Blk,age_cr_L,[180]
US-Blk,Bfac_lo_L,[0.99]
US-Blk,Bfac_ls_L,[NaN]
US-Blk,Tlo_L,[6.0]
US-Blk,Tls_L,[NaN]
US-Blk,PAR_th_L,[NaN]
US-Blk,dmg_L,[25]
US-Blk,LAI_min_L,[0.1]
US-Blk,Trr_L,[4.0]
US-Blk,mjDay_L,[220]
US-Blk,LDay_min_L,[NaN]
US-Blk,LtR_L,[0.8]
US-Blk,Mf_L,[NaN]
US-Blk,Wm_L,[NaN]
US-Blk,eps_ac_L,[0.5]
US-Blk,LDay_cr_L,[11.5]
US-Blk,Klf_L,[NaN]
US-Blk,fab_L,NaN
US-Blk,fbe_L,NaN
US-Blk,ff_r_L,[NaN]
US-Blk,Vmax_H,[32]
US-Blk,Vmax_L,[0]
US-Blk,LAI_H,[4.03]
US-Blk,B_H,[215 327 262 244 1 0 5 0]
US-Blk,Rrootl_H,[4200]
US-Blk,PHE_S_H,[4]
US-Blk,dflo_H,[0]
US-Blk,AgeL_H,[1172]
US-Blk,e_rel_H,[1]
US-Blk,hc_H,[10]
US-Blk,SAI_H,[0.1]
US-Blk,LAI_L,[0.0]
US-Blk,B_L,[0 0 0 0 0 0 0 0]
US-Blk,Rrootl_L,[0]
US-Blk,PHE_S_L,[1]
US-Blk,dflo_L,[0]
US-Blk,AgeL_L,[0]
US-Blk,e_rel_L,[1]
US-Blk,hc_L,[0.0]
US-Blk,SAI_L,[0.0]
US-Blk,BLit,0.0
US-Blk,Nreserve_H,[1000]
US-Blk,Preserve_H,[100]
US-Blk,Kreserve_H,[1000]
US-Blk,FNC_H,1
US-Blk,NupI_H,[0 0 0]
US-Blk,Nreserve_L,[1]
US-Blk,Preserve_L,[1]
US-Blk,Kreserve_L,[1]
US-Blk,FNC_L,1
US-Blk,NupI_L,[0 0 0]
US-Blk,RexmyI,[0 0 0]
US-Blk,TBio_L,0
US-Blk,TBio_H,300
US-Blk,Vx_H,10
US-Blk,Vl_H,10
US-Blk,Vx_L,10
US-Blk,Vl_L,10
US-Blk,SWE,0
US-Blk,SND,0
US-Blk,TdpI_H,2
US-Blk,TdpI_L,2
US-Blk,In_L,0
US-Blk,In_urb,0
US-Blk,In_Litter,0
US-Blk,SP_wc,0
US-Blk,In_SWE,0
US-Blk,ros,0
US-Blk,t_sls,0
US-Blk,e_sno,0.97
US-Blk,tau_sno,0
US-Blk,EK,0
US-Blk,WAT,0
US-Blk,ICE,0
US-Blk,IP_wc,0
US-Blk,ICE_D,0
US-Blk,FROCK,0
US-Blk,Ws_under,1
US-CPF,a_dis,NaN
US-CPF,pow_dis,NaN
US-CPF,fpr,1
US-CPF,SvF,1
US-CPF,SN,0
US-CPF,Slo_top,0
US-CPF,Ared,1
US-CPF,aR,1
US-CPF,cellsize,1
US-CPF,Kbot,NaN
US-CPF,Krock,NaN
US-CPF,zatm,4.3
US-CPF,Cwat,0
US-CPF,Cbare,0
US-CPF,Psan_Zs,"[0.669, 0.669, 0.669, 0.669, 0.7, 0.7, 0.75, 0.75, 0.75, 0.75, 0.8, 0.8, 0.8, 0.85, 0.85, 0.85]"
US-CPF,Pcla_Zs,"[0.1, 0.1, 0.1, 0.1, 0.1, 0.1, 0.08, 0.08, 0.08, 0.08, 0.05, 0.05, 0.05, 0.05, 0.05, 0.05]"
US-CPF,Porg_Zs,"[0.01, 0.01, 0.01, 0.01, 0.005, 0.005, 0.005, 0.005, 0.005, 0.005, 0, 0, 0, 0, 0, 0]"
US-CPF,Color_Class,0
US-CPF,SPAR,2
US-CPF,Kfc,0.2
US-CPF,Phy,10000
US-CPF,Oice,0
US-CPF,Zs,[0 10 20 50 100 150 200 300 400 500 600 700 800 1000 1250 1500 1570]
US-CPF,Zdes,10
US-CPF,Zinf,10
US-CPF,Zbio,250
US-CPF,In_max_urb,5
US-CPF,In_max_rock,0.1
US-CPF,TminS,-0.8
US-CPF,TmaxS,2.8
US-CPF,ros_max1,550
US-CPF,ros_max2,260
US-CPF,Th_Pr_sno,10.0
US-CPF,Ice_wc_sp,0.01
US-CPF,ros_Ice_thr,500
US-CPF,Aice,0.35
US-CPF,WatFreez_Th,-8
US-CPF,dz_ice,0.54
US-CPF,ExEM,1.0
US-CPF,CASE_ROOT,1
US-CPF,ZR95_H,[1100]
US-CPF,ZR95_L,[0]
US-CPF,ZR50_H,NaN
US-CPF,ZR50_L,NaN
US-CPF,ZRmax_H,NaN
US-CPF,ZRmax_L,NaN
US-CPF,Kct,0.75
US-CPF,gcI,3.7
US-CPF,KcI,0.06
US-CPF,Sp_SN_In,5.9
US-CPF,Sp_LAI_L_In,[0.2]
US-CPF,Sp_LAI_H_In,[0.1]
US-CPF,d_leaf_H,[0.25]
US-CPF,d_leaf_L,[0.8]
US-CPF,KnitH,0.35
US-CPF,KnitL,0.0
US-CPF,mSl_H,0.0
US-CPF,mSl_L,0.0
US-CPF,FI_H,[0.081]
US-CPF,Do_H,[700]
US-CPF,a1_H,[5]
US-CPF,go_H,[ 0.01]
US-CPF,CT_H,[3]
US-CPF,DSE_H,[0.649]
US-CPF,Ha_H,[89]
US-CPF,gmes_H,[Inf]
US-CPF,rjv_H,[1.8]
US-CPF,FI_L,[0.081]
US-CPF,Do_L,[2000]
US-CPF,a1_L,[7]
US-CPF,go_L,[0.01]
US-CPF,CT_L,[3]
US-CPF,DSE_L,[0.660]
US-CPF,Ha_L,[48]
US-CPF,gmes_L,[Inf]
US-CPF,rjv_L,[2.6]
US-CPF,Psi_sto_00_H,-0.8
US-CPF,Psi_sto_50_H,-2.5
US-CPF,PsiL00_H,-1.0
US-CPF,PsiL50_H,-3.2
US-CPF,Kleaf_max_H,10
US-CPF,Cl_H,1200
US-CPF,Axyl_H,15.0
US-CPF,Kx_max_H,80000
US-CPF,PsiX50_H,-5.0
US-CPF,Cx_H,150
US-CPF,Psi_sto_00_L,-0.8
US-CPF,Psi_sto_50_L,-3.0
US-CPF,PsiL00_L,-1.1
US-CPF,PsiL50_L,-4.0
US-CPF,Kleaf_max_L,5
US-CPF,Cl_L,1200
US-CPF,Axyl_L,0.0
US-CPF,Kx_max_L,80000
US-CPF,PsiX50_L,-4.5
US-CPF,Cx_L,150
US-CPF,PsiG50_H,-0.8
US-CPF,PsiG99_H,-2.5
US-CPF,gcoef_H,3.5
US-CPF,PsiG50_L,-1.45
US-CPF,PsiG99_L,-4.0
US-CPF,gcoef_L,3.5
US-CPF,OM_H,1
US-CPF,OM_L,1
US-CPF,Sllit,2
US-CPF,Sl_H,[0.0157918]
US-CPF,Nl_H,[62]
US-CPF,r_H,[0.055]
US-CPF,gR_H,[0.25]
US-CPF,aSE_H,[0]
US-CPF,dd_max_H,[1/200]
US-CPF,dc_C_H,78/365
US-CPF,Tcold_H,[-50]
US-CPF,drn_H,[1/800]
US-CPF,dsn_H,[1/600]
US-CPF,age_cr_H,[1220]
US-CPF,Bfac_lo_H,[0.99]
US-CPF,Bfac_ls_H,[NaN]
US-CPF,Tlo_H,[1.5]
US-CPF,PAR_th_H,[NaN]
US-CPF,dmg_H,[30]
US-CPF,LAI_min_H,[0.001]
US-CPF,Trr_H,[0.5]
US-CPF,mjDay_H,[220]
US-CPF,LDay_min_H,[14.1]
US-CPF,LtR_H,[0.8]
US-CPF,Mf_H,[1/50]
US-CPF,Wm_H,[0]
US-CPF,eps_ac_H,[0.8]
US-CPF,LDay_cr_H,[11.8]
US-CPF,Klf_H,[1/30]
US-CPF,fab_H,[0.74]
US-CPF,fbe_H,[0.26]
US-CPF,ff_r_H,[0.1]
US-CPF,Sl_L,[0.028]
US-CPF,Nl_L,[23]
US-CPF,r_L,[0.055]
US-CPF,gR_L,[0.25]
US-CPF,aSE_L,[2]
US-CPF,dd_max_L,[1/360]
US-CPF,dc_C_L,[7/365]
US-CPF,Tcold_L,[0.0]
US-CPF,drn_L,[1/570]
US-CPF,dsn_L,[ 1/365]
US-CPF,age_cr_L,[180]
US-CPF,Bfac_lo_L,[0.99]
US-CPF,Bfac_ls_L,[NaN]
US-CPF,Tlo_L,[6.0]
US-CPF,Tls_L,[NaN]
US-CPF,PAR_th_L,[NaN]
US-CPF,dmg_L,[25]
US-CPF,LAI_min_L,[0.1]
US-CPF,Trr_L,[4.0]
US-CPF,mjDay_L,[220]
US-CPF,LDay_min_L,[NaN]
US-CPF,LtR_L,[0.8]
US-CPF,Mf_L,[NaN]
US-CPF,Wm_L,[NaN]
US-CPF,eps_ac_L,[0.5]
US-CPF,LDay_cr_L,[11.5]
US-CPF,Klf_L,[NaN]
US-CPF,fab_L,NaN
US-CPF,fbe_L,NaN
US-CPF,ff_r_L,[NaN]
US-CPF,Vmax_H,[32]
US-CPF,Vmax_L,[0]
US-CPF,LAI_H,[4.03]
US-CPF,B_H,[215 327 262 244 1 0 5 0]
US-CPF,Rrootl_H,[4200]
US-CPF,PHE_S_H,[4]
US-CPF,dflo_H,[0]
US-CPF,AgeL_H,[1172]
US-CPF,e_rel_H,[1]
US-CPF,hc_H,[14]
US-CPF,SAI_H,[0.1]
US-CPF,LAI_L,[0.0]
US-CPF,B_L,[0 0 0 0 0 0 0 0]
US-CPF,Rrootl_L,[0]
US-CPF,PHE_S_L,[1]
US-CPF,dflo_L,[0]
US-CPF,AgeL_L,[0]
US-CPF,e_rel_L,[1]
US-CPF,hc_L,[0.0]
US-CPF,SAI_L,[0.0]
US-CPF,BLit,0.0
US-CPF,Nreserve_H,[1000]
US-CPF,Preserve_H,[100]
US-CPF,Kreserve_H,[1000]
US-CPF,FNC_H,1
US-CPF,NupI_H,[0 0 0]
US-CPF,Nreserve_L,[1]
US-CPF,Preserve_L,[1]
US-CPF,Kreserve_L,[1]
US-CPF,FNC_L,1
US-CPF,NupI_L,[0 0 0]
US-CPF,RexmyI,[0 0 0]
US-CPF,TBio_L,0
US-CPF,TBio_H,300
US-CPF,Vx_H,10
US-CPF,Vl_H,10
US-CPF,Vx_L,10
US-CPF,Vl_L,10
US-CPF,SWE,0
US-CPF,SND,0
US-CPF,TdpI_H,2
US-CPF,TdpI_L,2
US-CPF,In_L,0
US-CPF,In_urb,0
US-CPF,In_Litter,0
US-CPF,SP_wc,0
US-CPF,In_SWE,0
US-CPF,ros,0
US-CPF,t_sls,0
US-CPF,e_sno,0.97
US-CPF,tau_sno,0
US-CPF,EK,0
US-CPF,WAT,0
US-CPF,ICE,0
US-CPF,IP_wc,0
US-CPF,ICE_D,0
US-CPF,FROCK,0
US-CPF,Ws_under,1
US-CPk,a_dis,NaN
US-CPk,pow_dis,NaN
US-CPk,fpr,1
US-CPk,SvF,1
US-CPk,SN,0
US-CPk,Slo_top,0
US-CPk,Ared,1
US-CPk,aR,1
US-CPk,cellsize,1
US-CPk,Kbot,0.01
US-CPk,Krock,NaN
US-CPk,zatm,22
US-CPk,Cwat,0
US-CPk,Cbare,0
US-CPk,Psan_Zs,"[0.68, 0.68, 0.68, 0.68, 0.68, 0.68, 0.68, 0.68, 0.68, 0.68]"
US-CPk,Pcla_Zs,"[0.12, 0.12, 0.12, 0.12, 0.12, 0.12, 0.12, 0.12, 0.12, 0.12]"
US-CPk,Porg_Zs,"[0.0125, 0.0125, 0.0125, 0.0125, 0.0075, 0.0075, 0.0075, 0.0075, 0.0025, 0.0025]"
US-CPk,Color_Class,0
US-CPk,SPAR,2
US-CPk,Kfc,0.2
US-CPk,Phy,10000
US-CPk,Oice,0
US-CPk,Zs,[0 10 20 50 100 150 200 300 400 500 530]
US-CPk,Zdes,10
US-CPk,Zinf,10
US-CPk,Zbio,250
US-CPk,In_max_urb,5
US-CPk,In_max_rock,0.1
US-CPk,TminS,-0.8
US-CPk,TmaxS,2.8
US-CPk,ros_max1,550
US-CPk,ros_max2,260
US-CPk,Th_Pr_sno,10.0
US-CPk,Ice_wc_sp,0.01
US-CPk,ros_Ice_thr,500
US-CPk,Aice,0.35
US-CPk,WatFreez_Th,-8
US-CPk,dz_ice,0.54
US-CPk,ExEM,1.0
US-CPk,CASE_ROOT,1
US-CPk,ZR95_H,[530]
US-CPk,ZR95_L,[0]
US-CPk,ZR50_H,NaN
US-CPk,ZR50_L,NaN
US-CPk,ZRmax_H,NaN
US-CPk,ZRmax_L,NaN
US-CPk,Kct,0.75
US-CPk,gcI,3.7
US-CPk,KcI,0.06
US-CPk,Sp_SN_In,5.9
US-CPk,Sp_LAI_L_In,[0.2]
US-CPk,Sp_LAI_H_In,[0.1]
US-CPk,d_leaf_H,[0.25]
US-CPk,d_leaf_L,[0.8]
US-CPk,KnitH,0.35
US-CPk,KnitL,0.0
US-CPk,mSl_H,0.0
US-CPk,mSl_L,0.0
US-CPk,FI_H,[0.081]
US-CPk,Do_H,[700]
US-CPk,a1_H,[5]
US-CPk,go_H,[ 0.01]
US-CPk,CT_H,[3]
US-CPk,DSE_H,[0.649]
US-CPk,Ha_H,[89]
US-CPk,gmes_H,[Inf]
US-CPk,rjv_H,[1.8]
US-CPk,FI_L,[0.081]
US-CPk,Do_L,[2000]
US-CPk,a1_L,[7]
US-CPk,go_L,[0.01]
US-CPk,CT_L,[3]
US-CPk,DSE_L,[0.660]
US-CPk,Ha_L,[48]
US-CPk,gmes_L,[Inf]
US-CPk,rjv_L,[2.6]
US-CPk,Psi_sto_00_H,-0.8
US-CPk,Psi_sto_50_H,-2.5
US-CPk,PsiL00_H,-1.0
US-CPk,PsiL50_H,-3.2
US-CPk,Kleaf_max_H,10
US-CPk,Cl_H,1200
US-CPk,Axyl_H,15.0
US-CPk,Kx_max_H,80000
US-CPk,PsiX50_H,-5.0
US-CPk,Cx_H,150
US-CPk,Psi_sto_00_L,-0.8
US-CPk,Psi_sto_50_L,-3.0
US-CPk,PsiL00_L,-1.1
US-CPk,PsiL50_L,-4.0
US-CPk,Kleaf_max_L,5
US-CPk,Cl_L,1200
US-CPk,Axyl_L,0.0
US-CPk,Kx_max_L,80000
US-CPk,PsiX50_L,-4.5
US-CPk,Cx_L,150
US-CPk,PsiG50_H,-0.8
US-CPk,PsiG99_H,-2.5
US-CPk,gcoef_H,3.5
US-CPk,PsiG50_L,-1.45
US-CPk,PsiG99_L,-4.0
US-CPk,gcoef_L,3.5
US-CPk,OM_H,1
US-CPk,OM_L,1
US-CPk,Sllit,2
US-CPk,Sl_H,[0.0135376]
US-CPk,Nl_H,[62]
US-CPk,r_H,[0.055]
US-CPk,gR_H,[0.25]
US-CPk,aSE_H,[0]
US-CPk,dd_max_H,[1/200]
US-CPk,dc_C_H,78/365
US-CPk,Tcold_H,[-50]
US-CPk,drn_H,[1/800]
US-CPk,dsn_H,[1/600]
US-CPk,age_cr_H,[1220]
US-CPk,Bfac_lo_H,[0.99]
US-CPk,Bfac_ls_H,[NaN]
US-CPk,Tlo_H,[1.5]
US-CPk,PAR_th_H,[NaN]
US-CPk,dmg_H,[30]
US-CPk,LAI_min_H,[0.001]
US-CPk,Trr_H,[0.5]
US-CPk,mjDay_H,[220]
US-CPk,LDay_min_H,[14.1]
US-CPk,LtR_H,[0.8]
US-CPk,Mf_H,[1/50]
US-CPk,Wm_H,[0]
US-CPk,eps_ac_H,[0.8]
US-CPk,LDay_cr_H,[11.8]
US-CPk,Klf_H,[1/30]
US-CPk,fab_H,[0.74]
US-CPk,fbe_H,[0.26]
US-CPk,ff_r_H,[0.1]
US-CPk,Sl_L,[0.028]
US-CPk,Nl_L,[23]
US-CPk,r_L,[0.055]
US-CPk,gR_L,[0.25]
US-CPk,aSE_L,[2]
US-CPk,dd_max_L,[1/360]
US-CPk,dc_C_L,[7/365]
US-CPk,Tcold_L,[0.0]
US-CPk,drn_L,[1/570]
US-CPk,dsn_L,[ 1/365]
US-CPk,age_cr_L,[180]
US-CPk,Bfac_lo_L,[0.99]
US-CPk,Bfac_ls_L,[NaN]
US-CPk,Tlo_L,[6.0]
US-CPk,Tls_L,[NaN]
US-CPk,PAR_th_L,[NaN]
US-CPk,dmg_L,[25]
US-CPk,LAI_min_L,[0.1]
US-CPk,Trr_L,[4.0]
US-CPk,mjDay_L,[220]
US-CPk,LDay_min_L,[NaN]
US-CPk,LtR_L,[0.8]
US-CPk,Mf_L,[NaN]
US-CPk,Wm_L,[NaN]
US-CPk,eps_ac_L,[0.5]
US-CPk,LDay_cr_L,[11.5]
US-CPk,Klf_L,[NaN]
US-CPk,fab_L,NaN
US-CPk,fbe_L,NaN
US-CPk,ff_r_L,[NaN]
US-CPk,Vmax_H,[32]
US-CPk,Vmax_L,[0]
US-CPk,LAI_H,[4.03]
US-CPk,B_H,[215 327 262 244 1 0 5 0]
US-CPk,Rrootl_H,[4200]
US-CPk,PHE_S_H,[4]
US-CPk,dflo_H,[0]
US-CPk,AgeL_H,[1172]
US-CPk,e_rel_H,[1]
US-CPk,hc_H,[10]
US-CPk,SAI_H,[0.1]
US-CPk,LAI_L,[0.0]
US-CPk,B_L,[0 0 0 0 0 0 0 0]
US-CPk,Rrootl_L,[0]
US-CPk,PHE_S_L,[1]
US-CPk,dflo_L,[0]
US-CPk,AgeL_L,[0]
US-CPk,e_rel_L,[1]
US-CPk,hc_L,[0.0]
US-CPk,SAI_L,[0.0]
US-CPk,BLit,0.0
US-CPk,Nreserve_H,[1000]
US-CPk,Preserve_H,[100]
US-CPk,Kreserve_H,[1000]
US-CPk,FNC_H,1
US-CPk,NupI_H,[0 0 0]
US-CPk,Nreserve_L,[1]
US-CPk,Preserve_L,[1]
US-CPk,Kreserve_L,[1]
US-CPk,FNC_L,1
US-CPk,NupI_L,[0 0 0]
US-CPk,RexmyI,[0 0 0]
US-CPk,TBio_L,0
US-CPk,TBio_H,300
US-CPk,Vx_H,10
US-CPk,Vl_H,10
US-CPk,Vx_L,10
US-CPk,Vl_L,10
US-CPk,SWE,0
US-CPk,SND,0
US-CPk,TdpI_H,2
US-CPk,TdpI_L,2
US-CPk,In_L,0
US-CPk,In_urb,0
US-CPk,In_Litter,0
US-CPk,SP_wc,0
US-CPk,In_SWE,0
US-CPk,ros,0
US-CPk,t_sls,0
US-CPk,e_sno,0.97
US-CPk,tau_sno,0
US-CPk,EK,0
US-CPk,WAT,0
US-CPk,ICE,0
US-CPk,IP_wc,0
US-CPk,ICE_D,0
US-CPk,FROCK,0
US-CPk,Ws_under,1
US-CRK,a_dis,NaN
US-CRK,pow_dis,NaN
US-CRK,fpr,1
US-CRK,SvF,1
US-CRK,SN,0
US-CRK,Slo_top,0
US-CRK,Ared,1
US-CRK,aR,1
US-CRK,cellsize,1
US-CRK,Kbot,NaN
US-CRK,Krock,NaN
US-CRK,zatm,44
US-CRK,Cwat,0
US-CRK,Cbare,0
US-CRK,Psan_Zs,"[0.46, 0.46, 0.46, 0.46, 0.379, 0.379, 0.379, 0.379, 0.379, 0.379, 0.379, 0.379, 0.261, 0.261, 0.261, 0.261, 0.261, 0.261]"
US-CRK,Pcla_Zs,"[0.1, 0.1, 0.1, 0.1, 0.265, 0.265, 0.265, 0.265, 0.265, 0.265, 0.265, 0.265, 0.45, 0.45, 0.45, 0.45, 0.45, 0.45]"
US-CRK,Porg_Zs,"[0.0125, 0.0125, 0.0125, 0.0125, 0.0055, 0.0055, 0.0055, 0.0055, 0.0055, 0.0055, 0.0055, 0.0055, 0.0055, 0.0055, 0.0055, 0.0055, 0.0055, 0.0055]"
US-CRK,Color_Class,0
US-CRK,SPAR,2
US-CRK,Kfc,0.2
US-CRK,Phy,10000
US-CRK,Oice,0
US-CRK,Zs,[0 10 20 50 100 150 200 300 400 500 600 700 800 1000 1250 1500 1750 2000 2030]
US-CRK,Zdes,10
US-CRK,Zinf,10
US-CRK,Zbio,250
US-CRK,In_max_urb,5
US-CRK,In_max_rock,0.1
US-CRK,TminS,-0.8
US-CRK,TmaxS,2.8
US-CRK,ros_max1,550
US-CRK,ros_max2,260
US-CRK,Th_Pr_sno,10.0
US-CRK,Ice_wc_sp,0.01
US-CRK,ros_Ice_thr,500
US-CRK,Aice,0.35
US-CRK,WatFreez_Th,-8
US-CRK,dz_ice,0.54
US-CRK,ExEM,1.0
US-CRK,CASE_ROOT,1
US-CRK,ZR95_H,[1500]
US-CRK,ZR95_L,[0]
US-CRK,ZR50_H,NaN
US-CRK,ZR50_L,NaN
US-CRK,ZRmax_H,NaN
US-CRK,ZRmax_L,NaN
US-CRK,Kct,0.75
US-CRK,gcI,3.7
US-CRK,KcI,0.06
US-CRK,Sp_SN_In,5.9
US-CRK,Sp_LAI_L_In,[0.2]
US-CRK,Sp_LAI_H_In,[0.1]
US-CRK,d_leaf_H,[0.25]
US-CRK,d_leaf_L,[0.8]
US-CRK,KnitH,0.35
US-CRK,KnitL,0.0
US-CRK,mSl_H,0.0
US-CRK,mSl_L,0.0
US-CRK,FI_H,[0.081]
US-CRK,Do_H,[700]
US-CRK,a1_H,[5]
US-CRK,go_H,[ 0.01]
US-CRK,CT_H,[3]
US-CRK,DSE_H,[0.649]
US-CRK,Ha_H,[89]
US-CRK,gmes_H,[Inf]
US-CRK,rjv_H,[1.8]
US-CRK,FI_L,[0.081]
US-CRK,Do_L,[2000]
US-CRK,a1_L,[7]
US-CRK,go_L,[0.01]
US-CRK,CT_L,[3]
US-CRK,DSE_L,[0.660]
US-CRK,Ha_L,[48]
US-CRK,gmes_L,[Inf]
US-CRK,rjv_L,[2.6]
US-CRK,Psi_sto_00_H,-0.8
US-CRK,Psi_sto_50_H,-2.5
US-CRK,PsiL00_H,-1.0
US-CRK,PsiL50_H,-3.2
US-CRK,Kleaf_max_H,10
US-CRK,Cl_H,1200
US-CRK,Axyl_H,15.0
US-CRK,Kx_max_H,80000
US-CRK,PsiX50_H,-5.0
US-CRK,Cx_H,150
US-CRK,Psi_sto_00_L,-0.8
US-CRK,Psi_sto_50_L,-3.0
US-CRK,PsiL00_L,-1.1
US-CRK,PsiL50_L,-4.0
US-CRK,Kleaf_max_L,5
US-CRK,Cl_L,1200
US-CRK,Axyl_L,0.0
US-CRK,Kx_max_L,80000
US-CRK,PsiX50_L,-4.5
US-CRK,Cx_L,150
US-CRK,PsiG50_H,-0.8
US-CRK,PsiG99_H,-2.5
US-CRK,gcoef_H,3.5
US-CRK,PsiG50_L,-1.45
US-CRK,PsiG99_L,-4.0
US-CRK,gcoef_L,3.5
US-CRK,OM_H,1
US-CRK,OM_L,1
US-CRK,Sllit,2
US-CRK,Sl_H,[0.0138897]
US-CRK,Nl_H,[62]
US-CRK,r_H,[0.055]
US-CRK,gR_H,[0.25]
US-CRK,aSE_H,[0]
US-CRK,dd_max_H,[1/200]
US-CRK,dc_C_H,78/365
US-CRK,Tcold_H,[-50]
US-CRK,drn_H,[1/800]
US-CRK,dsn_H,[1/600]
US-CRK,age_cr_H,[1220]
US-CRK,Bfac_lo_H,[0.99]
US-CRK,Bfac_ls_H,[NaN]
US-CRK,Tlo_H,[1.5]
US-CRK,PAR_th_H,[NaN]
US-CRK,dmg_H,[30]
US-CRK,LAI_min_H,[0.001]
US-CRK,Trr_H,[0.5]
US-CRK,mjDay_H,[220]
US-CRK,LDay_min_H,[14.1]
US-CRK,LtR_H,[0.8]
US-CRK,Mf_H,[1/50]
US-CRK,Wm_H,[0]
US-CRK,eps_ac_H,[0.8]
US-CRK,LDay_cr_H,[11.8]
US-CRK,Klf_H,[1/30]
US-CRK,fab_H,[0.74]
US-CRK,fbe_H,[0.26]
US-CRK,ff_r_H,[0.1]
US-CRK,Sl_L,[0.028]
US-CRK,Nl_L,[23]
US-CRK,r_L,[0.055]
US-CRK,gR_L,[0.25]
US-CRK,aSE_L,[2]
US-CRK,dd_max_L,[1/360]
US-CRK,dc_C_L,[7/365]
US-CRK,Tcold_L,[0.0]
US-CRK,drn_L,[1/570]
US-CRK,dsn_L,[ 1/365]
US-CRK,age_cr_L,[180]
US-CRK,Bfac_lo_L,[0.99]
US-CRK,Bfac_ls_L,[NaN]
US-CRK,Tlo_L,[6.0]
US-CRK,Tls_L,[NaN]
US-CRK,PAR_th_L,[NaN]
US-CRK,dmg_L,[25]
US-CRK,LAI_min_L,[0.1]
US-CRK,Trr_L,[4.0]
US-CRK,mjDay_L,[220]
US-CRK,LDay_min_L,[NaN]
US-CRK,LtR_L,[0.8]
US-CRK,Mf_L,[NaN]
US-CRK,Wm_L,[NaN]
US-CRK,eps_ac_L,[0.5]
US-CRK,LDay_cr_L,[11.5]
US-CRK,Klf_L,[NaN]
US-CRK,fab_L,NaN
US-CRK,fbe_L,NaN
US-CRK,ff_r_L,[NaN]
US-CRK,Vmax_H,[32]
US-CRK,Vmax_L,[0]
US-CRK,LAI_H,[4.03]
US-CRK,B_H,[215 327 262 244 1 0 5 0]
US-CRK,Rrootl_H,[4200]
US-CRK,PHE_S_H,[4]
US-CRK,dflo_H,[0]
US-CRK,AgeL_H,[1172]
US-CRK,e_rel_H,[1]
US-CRK,hc_H,[18]
US-CRK,SAI_H,[0.1]
US-CRK,LAI_L,[0.0]
US-CRK,B_L,[0 0 0 0 0 0 0 0]
US-CRK,Rrootl_L,[0]
US-CRK,PHE_S_L,[1]
US-CRK,dflo_L,[0]
US-CRK,AgeL_L,[0]
US-CRK,e_rel_L,[1]
US-CRK,hc_L,[0.0]
US-CRK,SAI_L,[0.0]
US-CRK,BLit,0.0
US-CRK,Nreserve_H,[1000]
US-CRK,Preserve_H,[100]
US-CRK,Kreserve_H,[1000]
US-CRK,FNC_H,1
US-CRK,NupI_H,[0 0 0]
US-CRK,Nreserve_L,[1]
US-CRK,Preserve_L,[1]
US-CRK,Kreserve_L,[1]
US-CRK,FNC_L,1
US-CRK,NupI_L,[0 0 0]
US-CRK,RexmyI,[0 0 0]
US-CRK,TBio_L,0
US-CRK,TBio_H,300
US-CRK,Vx_H,10
US-CRK,Vl_H,10
US-CRK,Vx_L,10
US-CRK,Vl_L,10
US-CRK,SWE,0
US-CRK,SND,0
US-CRK,TdpI_H,2
US-CRK,TdpI_L,2
US-CRK,In_L,0
US-CRK,In_urb,0
US-CRK,In_Litter,0
US-CRK,SP_wc,0
US-CRK,In_SWE,0
US-CRK,ros,0
US-CRK,t_sls,0
US-CRK,e_sno,0.97
US-CRK,tau_sno,0
US-CRK,EK,0
US-CRK,WAT,0
US-CRK,ICE,0
US-CRK,IP_wc,0
US-CRK,ICE_D,0
US-CRK,FROCK,0
US-CRK,Ws_under,1
US-CS2,a_dis,NaN
US-CS2,pow_dis,NaN
US-CS2,fpr,1
US-CS2,SvF,1
US-CS2,SN,0
US-CS2,Slo_top,0
US-CS2,Ared,1
US-CS2,aR,1
US-CS2,cellsize,1
US-CS2,Kbot,NaN
US-CS2,Krock,NaN
US-CS2,zatm,31
US-CS2,Cwat,0
US-CS2,Cbare,0
US-CS2,Psan_Zs,"[0.83, 0.83, 0.83, 0.83, 0.83, 0.83, 0.78, 0.78, 0.78, 0.78, 0.78, 0.65, 0.65, 0.95, 0.95, 0.95, 0.95]"
US-CS2,Pcla_Zs,"[0.05, 0.05, 0.05, 0.05, 0.05, 0.05, 0.05, 0.05, 0.05, 0.05, 0.05, 0.05, 0.05, 0.02, 0.02, 0.02, 0.02]"
US-CS2,Porg_Zs,"[0.0125, 0.0125, 0.0125, 0.0125, 0.0125, 0.0125, 0.01, 0.01, 0.01, 0.01, 0.01, 0.0025, 0.0025, 0.0015, 0.0015, 0.0015, 0.0015]"
US-CS2,Color_Class,0
US-CS2,SPAR,2
US-CS2,Kfc,0.2
US-CS2,Phy,10000
US-CS2,Oice,0
US-CS2,Zs,[0 10 20 50 100 150 200 300 400 500 600 700 800 1000 1250 1500 1750 2000]
US-CS2,Zdes,10
US-CS2,Zinf,10
US-CS2,Zbio,250
US-CS2,In_max_urb,5
US-CS2,In_max_rock,0.1
US-CS2,TminS,-0.8
US-CS2,TmaxS,2.8
US-CS2,ros_max1,550
US-CS2,ros_max2,260
US-CS2,Th_Pr_sno,10.0
US-CS2,Ice_wc_sp,0.01
US-CS2,ros_Ice_thr,500
US-CS2,Aice,0.35
US-CS2,WatFreez_Th,-8
US-CS2,dz_ice,0.54
US-CS2,ExEM,1.0
US-CS2,CASE_ROOT,1
US-CS2,ZR95_H,[1000]
US-CS2,ZR95_L,[0]
US-CS2,ZR50_H,NaN
US-CS2,ZR50_L,NaN
US-CS2,ZRmax_H,NaN
US-CS2,ZRmax_L,NaN
US-CS2,Kct,0.75
US-CS2,gcI,3.7
US-CS2,KcI,0.06
US-CS2,Sp_SN_In,5.9
US-CS2,Sp_LAI_L_In,[0.2]
US-CS2,Sp_LAI_H_In,[0.1]
US-CS2,d_leaf_H,[0.25]
US-CS2,d_leaf_L,[0.8]
US-CS2,KnitH,0.35
US-CS2,KnitL,0.0
US-CS2,mSl_H,0.0
US-CS2,mSl_L,0.0
US-CS2,FI_H,[0.081]
US-CS2,Do_H,[700]
US-CS2,a1_H,[5]
US-CS2,go_H,[ 0.01]
US-CS2,CT_H,[3]
US-CS2,DSE_H,[0.649]
US-CS2,Ha_H,[89]
US-CS2,gmes_H,[Inf]
US-CS2,rjv_H,[1.8]
US-CS2,FI_L,[0.081]
US-CS2,Do_L,[2000]
US-CS2,a1_L,[7]
US-CS2,go_L,[0.01]
US-CS2,CT_L,[3]
US-CS2,DSE_L,[0.660]
US-CS2,Ha_L,[48]
US-CS2,gmes_L,[Inf]
US-CS2,rjv_L,[2.6]
US-CS2,Psi_sto_00_H,-0.8
US-CS2,Psi_sto_50_H,-2.5
US-CS2,PsiL00_H,-1.0
US-CS2,PsiL50_H,-3.2
US-CS2,Kleaf_max_H,10
US-CS2,Cl_H,1200
US-CS2,Axyl_H,15.0
US-CS2,Kx_max_H,80000
US-CS2,PsiX50_H,-5.0
US-CS2,Cx_H,150
US-CS2,Psi_sto_00_L,-0.8
US-CS2,Psi_sto_50_L,-3.0
US-CS2,PsiL00_L,-1.1
US-CS2,PsiL50_L,-4.0
US-CS2,Kleaf_max_L,5
US-CS2,Cl_L,1200
US-CS2,Axyl_L,0.0
US-CS2,Kx_max_L,80000
US-CS2,PsiX50_L,-4.5
US-CS2,Cx_L,150
US-CS2,PsiG50_H,-0.8
US-CS2,PsiG99_H,-2.5
US-CS2,gcoef_H,3.5
US-CS2,PsiG50_L,-1.45
US-CS2,PsiG99_L,-4.0
US-CS2,gcoef_L,3.5
US-CS2,OM_H,1
US-CS2,OM_L,1
US-CS2,Sllit,2
US-CS2,Sl_H,[0.0169261]
US-CS2,Nl_H,[62]
US-CS2,r_H,[0.055]
US-CS2,gR_H,[0.25]
US-CS2,aSE_H,[0]
US-CS2,dd_max_H,[1/200]
US-CS2,dc_C_H,78/365
US-CS2,Tcold_H,[-50]
US-CS2,drn_H,[1/800]
US-CS2,dsn_H,[1/600]
US-CS2,age_cr_H,[1220]
US-CS2,Bfac_lo_H,[0.99]
US-CS2,Bfac_ls_H,[NaN]
US-CS2,Tlo_H,[1.5]
US-CS2,PAR_th_H,[NaN]
US-CS2,dmg_H,[30]
US-CS2,LAI_min_H,[0.001]
US-CS2,Trr_H,[0.5]
US-CS2,mjDay_H,[220]
US-CS2,LDay_min_H,[14.1]
US-CS2,LtR_H,[0.8]
US-CS2,Mf_H,[1/50]
US-CS2,Wm_H,[0]
US-CS2,eps_ac_H,[0.8]
US-CS2,LDay_cr_H,[11.8]
US-CS2,Klf_H,[1/30]
US-CS2,fab_H,[0.74]
US-CS2,fbe_H,[0.26]
US-CS2,ff_r_H,[0.1]
US-CS2,Sl_L,[0.028]
US-CS2,Nl_L,[23]
US-CS2,r_L,[0.055]
US-CS2,gR_L,[0.25]
US-CS2,aSE_L,[2]
US-CS2,dd_max_L,[1/360]
US-CS2,dc_C_L,[7/365]
US-CS2,Tcold_L,[0.0]
US-CS2,drn_L,[1/570]
US-CS2,dsn_L,[ 1/365]
US-CS2,age_cr_L,[180]
US-CS2,Bfac_lo_L,[0.99]
US-CS2,Bfac_ls_L,[NaN]
US-CS2,Tlo_L,[6.0]
US-CS2,Tls_L,[NaN]
US-CS2,PAR_th_L,[NaN]
US-CS2,dmg_L,[25]
US-CS2,LAI_min_L,[0.1]
US-CS2,Trr_L,[4.0]
US-CS2,mjDay_L,[220]
US-CS2,LDay_min_L,[NaN]
US-CS2,LtR_L,[0.8]
US-CS2,Mf_L,[NaN]
US-CS2,Wm_L,[NaN]
US-CS2,eps_ac_L,[0.5]
US-CS2,LDay_cr_L,[11.5]
US-CS2,Klf_L,[NaN]
US-CS2,fab_L,NaN
US-CS2,fbe_L,NaN
US-CS2,ff_r_L,[NaN]
US-CS2,Vmax_H,[32]
US-CS2,Vmax_L,[0]
US-CS2,LAI_H,[4.03]
US-CS2,B_H,[215 327 262 244 1 0 5 0]
US-CS2,Rrootl_H,[4200]
US-CS2,PHE_S_H,[4]
US-CS2,dflo_H,[0]
US-CS2,AgeL_H,[1172]
US-CS2,e_rel_H,[1]
US-CS2,hc_H,[17]
US-CS2,SAI_H,[0.1]
US-CS2,LAI_L,[0.0]
US-CS2,B_L,[0 0 0 0 0 0 0 0]
US-CS2,Rrootl_L,[0]
US-CS2,PHE_S_L,[1]
US-CS2,dflo_L,[0]
US-CS2,AgeL_L,[0]
US-CS2,e_rel_L,[1]
US-CS2,hc_L,[0.0]
US-CS2,SAI_L,[0.0]
US-CS2,BLit,0.0
US-CS2,Nreserve_H,[1000]
US-CS2,Preserve_H,[100]
US-CS2,Kreserve_H,[1000]
US-CS2,FNC_H,1
US-CS2,NupI_H,[0 0 0]
US-CS2,Nreserve_L,[1]
US-CS2,Preserve_L,[1]
US-CS2,Kreserve_L,[1]
US-CS2,FNC_L,1
US-CS2,NupI_L,[0 0 0]
US-CS2,RexmyI,[0 0 0]
US-CS2,TBio_L,0
US-CS2,TBio_H,300
US-CS2,Vx_H,10
US-CS2,Vl_H,10
US-CS2,Vx_L,10
US-CS2,Vl_L,10
US-CS2,SWE,0
US-CS2,SND,0
US-CS2,TdpI_H,2
US-CS2,TdpI_L,2
US-CS2,In_L,0
US-CS2,In_urb,0
US-CS2,In_Litter,0
US-CS2,SP_wc,0
US-CS2,In_SWE,0
US-CS2,ros,0
US-CS2,t_sls,0
US-CS2,e_sno,0.97
US-CS2,tau_sno,0
US-CS2,EK,0
US-CS2,WAT,0
US-CS2,ICE,0
US-CS2,IP_wc,0
US-CS2,ICE_D,0
US-CS2,FROCK,0
US-CS2,Ws_under,1
US-CZ2,a_dis,NaN
US-CZ2,pow_dis,NaN
US-CZ2,fpr,1
US-CZ2,SvF,1
US-CZ2,SN,0
US-CZ2,Slo_top,0
US-CZ2,Ared,1
US-CZ2,aR,1
US-CZ2,cellsize,1
US-CZ2,Kbot,0.01
US-CZ2,Krock,NaN
US-CZ2,zatm,22
US-CZ2,Cwat,0
US-CZ2,Cbare,0
US-CZ2,Psan_Zs,"[0.659, 0.659, 0.659, 0.659, 0.659, 0.555, 0.555, 0.555, 0.555, 0.555, 0.555, 0.555, 0.555, 0.555, 0.555, 0.659]"
US-CZ2,Pcla_Zs,"[0.15, 0.15, 0.15, 0.15, 0.15, 0.3, 0.3, 0.3, 0.3, 0.3, 0.3, 0.3, 0.3, 0.3, 0.3, 0.15]"
US-CZ2,Porg_Zs,"[0.035, 0.035, 0.035, 0.035, 0.035, 0.0075, 0.0075, 0.0075, 0.0075, 0.0075, 0.0075, 0.0075, 0.0075, 0.0075, 0.0075, 0.005]"
US-CZ2,Color_Class,0
US-CZ2,SPAR,2
US-CZ2,Kfc,0.2
US-CZ2,Phy,10000
US-CZ2,Oice,0
US-CZ2,Zs,[0 10 20 50 100 150 200 300 400 500 600 700 800 1000 1250 1500 1680]
US-CZ2,Zdes,10
US-CZ2,Zinf,10
US-CZ2,Zbio,250
US-CZ2,In_max_urb,5
US-CZ2,In_max_rock,0.1
US-CZ2,TminS,-0.8
US-CZ2,TmaxS,2.8
US-CZ2,ros_max1,550
US-CZ2,ros_max2,260
US-CZ2,Th_Pr_sno,10.0
US-CZ2,Ice_wc_sp,0.01
US-CZ2,ros_Ice_thr,500
US-CZ2,Aice,0.35
US-CZ2,WatFreez_Th,-8
US-CZ2,dz_ice,0.54
US-CZ2,ExEM,1.0
US-CZ2,CASE_ROOT,1
US-CZ2,ZR95_H,[1680]
US-CZ2,ZR95_L,[0]
US-CZ2,ZR50_H,NaN
US-CZ2,ZR50_L,NaN
US-CZ2,ZRmax_H,NaN
US-CZ2,ZRmax_L,NaN
US-CZ2,Kct,0.75
US-CZ2,gcI,3.7
US-CZ2,KcI,0.06
US-CZ2,Sp_SN_In,5.9
US-CZ2,Sp_LAI_L_In,[0.2]
US-CZ2,Sp_LAI_H_In,[0.1]
US-CZ2,d_leaf_H,[0.25]
US-CZ2,d_leaf_L,[0.8]
US-CZ2,KnitH,0.35
US-CZ2,KnitL,0.0
US-CZ2,mSl_H,0.0
US-CZ2,mSl_L,0.0
US-CZ2,FI_H,[0.081]
US-CZ2,Do_H,[700]
US-CZ2,a1_H,[5]
US-CZ2,go_H,[ 0.01]
US-CZ2,CT_H,[3]
US-CZ2,DSE_H,[0.649]
US-CZ2,Ha_H,[89]
US-CZ2,gmes_H,[Inf]
US-CZ2,rjv_H,[1.8]
US-CZ2,FI_L,[0.081]
US-CZ2,Do_L,[2000]
US-CZ2,a1_L,[7]
US-CZ2,go_L,[0.01]
US-CZ2,CT_L,[3]
US-CZ2,DSE_L,[0.660]
US-CZ2,Ha_L,[48]
US-CZ2,gmes_L,[Inf]
US-CZ2,rjv_L,[2.6]
US-CZ2,Psi_sto_00_H,-0.8
US-CZ2,Psi_sto_50_H,-2.5
US-CZ2,PsiL00_H,-1.0
US-CZ2,PsiL50_H,-3.2
US-CZ2,Kleaf_max_H,10
US-CZ2,Cl_H,1200
US-CZ2,Axyl_H,15.0
US-CZ2,Kx_max_H,80000
US-CZ2,PsiX50_H,-5.0
US-CZ2,Cx_H,150
US-CZ2,Psi_sto_00_L,-0.8
US-CZ2,Psi_sto_50_L,-3.0
US-CZ2,PsiL00_L,-1.1
US-CZ2,PsiL50_L,-4.0
US-CZ2,Kleaf_max_L,5
US-CZ2,Cl_L,1200
US-CZ2,Axyl_L,0.0
US-CZ2,Kx_max_L,80000
US-CZ2,PsiX50_L,-4.5
US-CZ2,Cx_L,150
US-CZ2,PsiG50_H,-0.8
US-CZ2,PsiG99_H,-2.5
US-CZ2,gcoef_H,3.5
US-CZ2,PsiG50_L,-1.45
US-CZ2,PsiG99_L,-4.0
US-CZ2,gcoef_L,3.5
US-CZ2,OM_H,1
US-CZ2,OM_L,1
US-CZ2,Sllit,2
US-CZ2,Sl_H,[0.015014]
US-CZ2,Nl_H,[62]
US-CZ2,r_H,[0.055]
US-CZ2,gR_H,[0.25]
US-CZ2,aSE_H,[0]
US-CZ2,dd_max_H,[1/200]
US-CZ2,dc_C_H,78/365
US-CZ2,Tcold_H,[-50]
US-CZ2,drn_H,[1/800]
US-CZ2,dsn_H,[1/600]
US-CZ2,age_cr_H,[1220]
US-CZ2,Bfac_lo_H,[0.99]
US-CZ2,Bfac_ls_H,[NaN]
US-CZ2,Tlo_H,[1.5]
US-CZ2,PAR_th_H,[NaN]
US-CZ2,dmg_H,[30]
US-CZ2,LAI_min_H,[0.001]
US-CZ2,Trr_H,[0.5]
US-CZ2,mjDay_H,[220]
US-CZ2,LDay_min_H,[14.1]
US-CZ2,LtR_H,[0.8]
US-CZ2,Mf_H,[1/50]
US-CZ2,Wm_H,[0]
US-CZ2,eps_ac_H,[0.8]
US-CZ2,LDay_cr_H,[11.8]
US-CZ2,Klf_H,[1/30]
US-CZ2,fab_H,[0.74]
US-CZ2,fbe_H,[0.26]
US-CZ2,ff_r_H,[0.1]
US-CZ2,Sl_L,[0.028]
US-CZ2,Nl_L,[23]
US-CZ2,r_L,[0.055]
US-CZ2,gR_L,[0.25]
US-CZ2,aSE_L,[2]
US-CZ2,dd_max_L,[1/360]
US-CZ2,dc_C_L,[7/365]
US-CZ2,Tcold_L,[0.0]
US-CZ2,drn_L,[1/570]
US-CZ2,dsn_L,[ 1/365]
US-CZ2,age_cr_L,[180]
US-CZ2,Bfac_lo_L,[0.99]
US-CZ2,Bfac_ls_L,[NaN]
US-CZ2,Tlo_L,[6.0]
US-CZ2,Tls_L,[NaN]
US-CZ2,PAR_th_L,[NaN]
US-CZ2,dmg_L,[25]
US-CZ2,LAI_min_L,[0.1]
US-CZ2,Trr_L,[4.0]
US-CZ2,mjDay_L,[220]
US-CZ2,LDay_min_L,[NaN]
US-CZ2,LtR_L,[0.8]
US-CZ2,Mf_L,[NaN]
US-CZ2,Wm_L,[NaN]
US-CZ2,eps_ac_L,[0.5]
US-CZ2,LDay_cr_L,[11.5]
US-CZ2,Klf_L,[NaN]
US-CZ2,fab_L,NaN
US-CZ2,fbe_L,NaN
US-CZ2,ff_r_L,[NaN]
US-CZ2,Vmax_H,[32]
US-CZ2,Vmax_L,[0]
US-CZ2,LAI_H,[4.03]
US-CZ2,B_H,[215 327 262 244 1 0 5 0]
US-CZ2,Rrootl_H,[4200]
US-CZ2,PHE_S_H,[4]
US-CZ2,dflo_H,[0]
US-CZ2,AgeL_H,[1172]
US-CZ2,e_rel_H,[1]
US-CZ2,hc_H,[10]
US-CZ2,SAI_H,[0.1]
US-CZ2,LAI_L,[0.0]
US-CZ2,B_L,[0 0 0 0 0 0 0 0]
US-CZ2,Rrootl_L,[0]
US-CZ2,PHE_S_L,[1]
US-CZ2,dflo_L,[0]
US-CZ2,AgeL_L,[0]
US-CZ2,e_rel_L,[1]
US-CZ2,hc_L,[0.0]
US-CZ2,SAI_L,[0.0]
US-CZ2,BLit,0.0
US-CZ2,Nreserve_H,[1000]
US-CZ2,Preserve_H,[100]
US-CZ2,Kreserve_H,[1000]
US-CZ2,FNC_H,1
US-CZ2,NupI_H,[0 0 0]
US-CZ2,Nreserve_L,[1]
US-CZ2,Preserve_L,[1]
US-CZ2,Kreserve_L,[1]
US-CZ2,FNC_L,1
US-CZ2,NupI_L,[0 0 0]
US-CZ2,RexmyI,[0 0 0]
US-CZ2,TBio_L,0
US-CZ2,TBio_H,300
US-CZ2,Vx_H,10
US-CZ2,Vl_H,10
US-CZ2,Vx_L,10
US-CZ2,Vl_L,10
US-CZ2,SWE,0
US-CZ2,SND,0
US-CZ2,TdpI_H,2
US-CZ2,TdpI_L,2
US-CZ2,In_L,0
US-CZ2,In_urb,0
US-CZ2,In_Litter,0
US-CZ2,SP_wc,0
US-CZ2,In_SWE,0
US-CZ2,ros,0
US-CZ2,t_sls,0
US-CZ2,e_sno,0.97
US-CZ2,tau_sno,0
US-CZ2,EK,0
US-CZ2,WAT,0
US-CZ2,ICE,0
US-CZ2,IP_wc,0
US-CZ2,ICE_D,0
US-CZ2,FROCK,0
US-CZ2,Ws_under,1
US-CZ3,a_dis,NaN
US-CZ3,pow_dis,NaN
US-CZ3,fpr,1
US-CZ3,SvF,1
US-CZ3,SN,0
US-CZ3,Slo_top,0
US-CZ3,Ared,1
US-CZ3,aR,1
US-CZ3,cellsize,1
US-CZ3,Kbot,0.01
US-CZ3,Krock,NaN
US-CZ3,zatm,30
US-CZ3,Cwat,0
US-CZ3,Cbare,0
US-CZ3,Psan_Zs,"[0.668, 0.668, 0.668, 0.668, 0.668, 0.668, 0.668, 0.668, 0.671, 0.671, 0.671, 0.79, 0.79]"
US-CZ3,Pcla_Zs,"[0.11, 0.11, 0.11, 0.11, 0.11, 0.11, 0.11, 0.11, 0.14, 0.14, 0.14, 0.03, 0.03]"
US-CZ3,Porg_Zs,"[0.02, 0.02, 0.02, 0.02, 0.02, 0.02, 0.02, 0.02, 0.0075, 0.0075, 0.0075, 0.0075, 0.0075]"
US-CZ3,Color_Class,0
US-CZ3,SPAR,2
US-CZ3,Kfc,0.2
US-CZ3,Phy,10000
US-CZ3,Oice,0
US-CZ3,Zs,[0 10 20 50 100 150 200 300 400 500 600 700 800 970]
US-CZ3,Zdes,10
US-CZ3,Zinf,10
US-CZ3,Zbio,250
US-CZ3,In_max_urb,5
US-CZ3,In_max_rock,0.1
US-CZ3,TminS,-0.8
US-CZ3,TmaxS,2.8
US-CZ3,ros_max1,550
US-CZ3,ros_max2,260
US-CZ3,Th_Pr_sno,10.0
US-CZ3,Ice_wc_sp,0.01
US-CZ3,ros_Ice_thr,500
US-CZ3,Aice,0.35
US-CZ3,WatFreez_Th,-8
US-CZ3,dz_ice,0.54
US-CZ3,ExEM,1.0
US-CZ3,CASE_ROOT,1
US-CZ3,ZR95_H,[970]
US-CZ3,ZR95_L,[0]
US-CZ3,ZR50_H,NaN
US-CZ3,ZR50_L,NaN
US-CZ3,ZRmax_H,NaN
US-CZ3,ZRmax_L,NaN
US-CZ3,Kct,0.75
US-CZ3,gcI,3.7
US-CZ3,KcI,0.06
US-CZ3,Sp_SN_In,5.9
US-CZ3,Sp_LAI_L_In,[0.2]
US-CZ3,Sp_LAI_H_In,[0.1]
US-CZ3,d_leaf_H,[0.25]
US-CZ3,d_leaf_L,[0.8]
US-CZ3,KnitH,0.35
US-CZ3,KnitL,0.0
US-CZ3,mSl_H,0.0
US-CZ3,mSl_L,0.0
US-CZ3,FI_H,[0.081]
US-CZ3,Do_H,[700]
US-CZ3,a1_H,[5]
US-CZ3,go_H,[ 0.01]
US-CZ3,CT_H,[3]
US-CZ3,DSE_H,[0.649]
US-CZ3,Ha_H,[89]
US-CZ3,gmes_H,[Inf]
US-CZ3,rjv_H,[1.8]
US-CZ3,FI_L,[0.081]
US-CZ3,Do_L,[2000]
US-CZ3,a1_L,[7]
US-CZ3,go_L,[0.01]
US-CZ3,CT_L,[3]
US-CZ3,DSE_L,[0.660]
US-CZ3,Ha_L,[48]
US-CZ3,gmes_L,[Inf]
US-CZ3,rjv_L,[2.6]
US-CZ3,Psi_sto_00_H,-0.8
US-CZ3,Psi_sto_50_H,-2.5
US-CZ3,PsiL00_H,-1.0
US-CZ3,PsiL50_H,-3.2
US-CZ3,Kleaf_max_H,10
US-CZ3,Cl_H,1200
US-CZ3,Axyl_H,15.0
US-CZ3,Kx_max_H,80000
US-CZ3,PsiX50_H,-5.0
US-CZ3,Cx_H,150
US-CZ3,Psi_sto_00_L,-0.8
US-CZ3,Psi_sto_50_L,-3.0
US-CZ3,PsiL00_L,-1.1
US-CZ3,PsiL50_L,-4.0
US-CZ3,Kleaf_max_L,5
US-CZ3,Cl_L,1200
US-CZ3,Axyl_L,0.0
US-CZ3,Kx_max_L,80000
US-CZ3,PsiX50_L,-4.5
US-CZ3,Cx_L,150
US-CZ3,PsiG50_H,-0.8
US-CZ3,PsiG99_H,-2.5
US-CZ3,gcoef_H,3.5
US-CZ3,PsiG50_L,-1.45
US-CZ3,PsiG99_L,-4.0
US-CZ3,gcoef_L,3.5
US-CZ3,OM_H,1
US-CZ3,OM_L,1
US-CZ3,Sllit,2
US-CZ3,Sl_H,[0.0136345]
US-CZ3,Nl_H,[62]
US-CZ3,r_H,[0.055]
US-CZ3,gR_H,[0.25]
US-CZ3,aSE_H,[0]
US-CZ3,dd_max_H,[1/200]
US-CZ3,dc_C_H,78/365
US-CZ3,Tcold_H,[-50]
US-CZ3,drn_H,[1/800]
US-CZ3,dsn_H,[1/600]
US-CZ3,age_cr_H,[1220]
US-CZ3,Bfac_lo_H,[0.99]
US-CZ3,Bfac_ls_H,[NaN]
US-CZ3,Tlo_H,[1.5]
US-CZ3,PAR_th_H,[NaN]
US-CZ3,dmg_H,[30]
US-CZ3,LAI_min_H,[0.001]
US-CZ3,Trr_H,[0.5]
US-CZ3,mjDay_H,[220]
US-CZ3,LDay_min_H,[14.1]
US-CZ3,LtR_H,[0.8]
US-CZ3,Mf_H,[1/50]
US-CZ3,Wm_H,[0]
US-CZ3,eps_ac_H,[0.8]
US-CZ3,LDay_cr_H,[11.8]
US-CZ3,Klf_H,[1/30]
US-CZ3,fab_H,[0.74]
US-CZ3,fbe_H,[0.26]
US-CZ3,ff_r_H,[0.1]
US-CZ3,Sl_L,[0.028]
US-CZ3,Nl_L,[23]
US-CZ3,r_L,[0.055]
US-CZ3,gR_L,[0.25]
US-CZ3,aSE_L,[2]
US-CZ3,dd_max_L,[1/360]
US-CZ3,dc_C_L,[7/365]
US-CZ3,Tcold_L,[0.0]
US-CZ3,drn_L,[1/570]
US-CZ3,dsn_L,[ 1/365]
US-CZ3,age_cr_L,[180]
US-CZ3,Bfac_lo_L,[0.99]
US-CZ3,Bfac_ls_L,[NaN]
US-CZ3,Tlo_L,[6.0]
US-CZ3,Tls_L,[NaN]
US-CZ3,PAR_th_L,[NaN]
US-CZ3,dmg_L,[25]
US-CZ3,LAI_min_L,[0.1]
US-CZ3,Trr_L,[4.0]
US-CZ3,mjDay_L,[220]
US-CZ3,LDay_min_L,[NaN]
US-CZ3,LtR_L,[0.8]
US-CZ3,Mf_L,[NaN]
US-CZ3,Wm_L,[NaN]
US-CZ3,eps_ac_L,[0.5]
US-CZ3,LDay_cr_L,[11.5]
US-CZ3,Klf_L,[NaN]
US-CZ3,fab_L,NaN
US-CZ3,fbe_L,NaN
US-CZ3,ff_r_L,[NaN]
US-CZ3,Vmax_H,[32]
US-CZ3,Vmax_L,[0]
US-CZ3,LAI_H,[4.03]
US-CZ3,B_H,[215 327 262 244 1 0 5 0]
US-CZ3,Rrootl_H,[4200]
US-CZ3,PHE_S_H,[4]
US-CZ3,dflo_H,[0]
US-CZ3,AgeL_H,[1172]
US-CZ3,e_rel_H,[1]
US-CZ3,hc_H,[18]
US-CZ3,SAI_H,[0.1]
US-CZ3,LAI_L,[0.0]
US-CZ3,B_L,[0 0 0 0 0 0 0 0]
US-CZ3,Rrootl_L,[0]
US-CZ3,PHE_S_L,[1]
US-CZ3,dflo_L,[0]
US-CZ3,AgeL_L,[0]
US-CZ3,e_rel_L,[1]
US-CZ3,hc_L,[0.0]
US-CZ3,SAI_L,[0.0]
US-CZ3,BLit,0.0
US-CZ3,Nreserve_H,[1000]
US-CZ3,Preserve_H,[100]
US-CZ3,Kreserve_H,[1000]
US-CZ3,FNC_H,1
US-CZ3,NupI_H,[0 0 0]
US-CZ3,Nreserve_L,[1]
US-CZ3,Preserve_L,[1]
US-CZ3,Kreserve_L,[1]
US-CZ3,FNC_L,1
US-CZ3,NupI_L,[0 0 0]
US-CZ3,RexmyI,[0 0 0]
US-CZ3,TBio_L,0
US-CZ3,TBio_H,300
US-CZ3,Vx_H,10
US-CZ3,Vl_H,10
US-CZ3,Vx_L,10
US-CZ3,Vl_L,10
US-CZ3,SWE,0
US-CZ3,SND,0
US-CZ3,TdpI_H,2
US-CZ3,TdpI_L,2
US-CZ3,In_L,0
US-CZ3,In_urb,0
US-CZ3,In_Litter,0
US-CZ3,SP_wc,0
US-CZ3,In_SWE,0
US-CZ3,ros,0
US-CZ3,t_sls,0
US-CZ3,e_sno,0.97
US-CZ3,tau_sno,0
US-CZ3,EK,0
US-CZ3,WAT,0
US-CZ3,ICE,0
US-CZ3,IP_wc,0
US-CZ3,ICE_D,0
US-CZ3,FROCK,0
US-CZ3,Ws_under,1
US-CZ4,a_dis,NaN
US-CZ4,pow_dis,NaN
US-CZ4,fpr,1
US-CZ4,SvF,1
US-CZ4,SN,0
US-CZ4,Slo_top,0
US-CZ4,Ared,1
US-CZ4,aR,1
US-CZ4,cellsize,1
US-CZ4,Kbot,NaN
US-CZ4,Krock,NaN
US-CZ4,zatm,27
US-CZ4,Cwat,0
US-CZ4,Cbare,0
US-CZ4,Psan_Zs,"[0.7, 0.7, 0.7, 0.7, 0.7, 0.79, 0.79, 0.79, 0.79, 0.79, 0.79, 0.79, 0.906, 0.906, 0.906, 0.906]"
US-CZ4,Pcla_Zs,"[0.07, 0.07, 0.07, 0.07, 0.07, 0.03, 0.03, 0.03, 0.03, 0.03, 0.03, 0.03, 0.03, 0.03, 0.03, 0.03]"
US-CZ4,Porg_Zs,"[0.03, 0.03, 0.03, 0.03, 0.03, 0.0075, 0.0075, 0.0075, 0.0075, 0.0075, 0.0075, 0.0075, 0.005, 0.005, 0.005, 0.005]"
US-CZ4,Color_Class,0
US-CZ4,SPAR,2
US-CZ4,Kfc,0.2
US-CZ4,Phy,10000
US-CZ4,Oice,0
US-CZ4,Zs,[0 10 20 50 100 150 200 300 400 500 600 700 800 1000 1250 1500 1700]
US-CZ4,Zdes,10
US-CZ4,Zinf,10
US-CZ4,Zbio,250
US-CZ4,In_max_urb,5
US-CZ4,In_max_rock,0.1
US-CZ4,TminS,-0.8
US-CZ4,TmaxS,2.8
US-CZ4,ros_max1,550
US-CZ4,ros_max2,260
US-CZ4,Th_Pr_sno,10.0
US-CZ4,Ice_wc_sp,0.01
US-CZ4,ros_Ice_thr,500
US-CZ4,Aice,0.35
US-CZ4,WatFreez_Th,-8
US-CZ4,dz_ice,0.54
US-CZ4,ExEM,1.0
US-CZ4,CASE_ROOT,1
US-CZ4,ZR95_H,[1700]
US-CZ4,ZR95_L,[0]
US-CZ4,ZR50_H,NaN
US-CZ4,ZR50_L,NaN
US-CZ4,ZRmax_H,NaN
US-CZ4,ZRmax_L,NaN
US-CZ4,Kct,0.75
US-CZ4,gcI,3.7
US-CZ4,KcI,0.06
US-CZ4,Sp_SN_In,5.9
US-CZ4,Sp_LAI_L_In,[0.2]
US-CZ4,Sp_LAI_H_In,[0.1]
US-CZ4,d_leaf_H,[0.25]
US-CZ4,d_leaf_L,[0.8]
US-CZ4,KnitH,0.35
US-CZ4,KnitL,0.0
US-CZ4,mSl_H,0.0
US-CZ4,mSl_L,0.0
US-CZ4,FI_H,[0.081]
US-CZ4,Do_H,[700]
US-CZ4,a1_H,[5]
US-CZ4,go_H,[ 0.01]
US-CZ4,CT_H,[3]
US-CZ4,DSE_H,[0.649]
US-CZ4,Ha_H,[89]
US-CZ4,gmes_H,[Inf]
US-CZ4,rjv_H,[1.8]
US-CZ4,FI_L,[0.081]
US-CZ4,Do_L,[2000]
US-CZ4,a1_L,[7]
US-CZ4,go_L,[0.01]
US-CZ4,CT_L,[3]
US-CZ4,DSE_L,[0.660]
US-CZ4,Ha_L,[48]
US-CZ4,gmes_L,[Inf]
US-CZ4,rjv_L,[2.6]
US-CZ4,Psi_sto_00_H,-0.8
US-CZ4,Psi_sto_50_H,-2.5
US-CZ4,PsiL00_H,-1.0
US-CZ4,PsiL50_H,-3.2
US-CZ4,Kleaf_max_H,10
US-CZ4,Cl_H,1200
US-CZ4,Axyl_H,15.0
US-CZ4,Kx_max_H,80000
US-CZ4,PsiX50_H,-5.0
US-CZ4,Cx_H,150
US-CZ4,Psi_sto_00_L,-0.8
US-CZ4,Psi_sto_50_L,-3.0
US-CZ4,PsiL00_L,-1.1
US-CZ4,PsiL50_L,-4.0
US-CZ4,Kleaf_max_L,5
US-CZ4,Cl_L,1200
US-CZ4,Axyl_L,0.0
US-CZ4,Kx_max_L,80000
US-CZ4,PsiX50_L,-4.5
US-CZ4,Cx_L,150
US-CZ4,PsiG50_H,-0.8
US-CZ4,PsiG99_H,-2.5
US-CZ4,gcoef_H,3.5
US-CZ4,PsiG50_L,-1.45
US-CZ4,PsiG99_L,-4.0
US-CZ4,gcoef_L,3.5
US-CZ4,OM_H,1
US-CZ4,OM_L,1
US-CZ4,Sllit,2
US-CZ4,Sl_H,[0.0123093]
US-CZ4,Nl_H,[62]
US-CZ4,r_H,[0.055]
US-CZ4,gR_H,[0.25]
US-CZ4,aSE_H,[0]
US-CZ4,dd_max_H,[1/200]
US-CZ4,dc_C_H,78/365
US-CZ4,Tcold_H,[-50]
US-CZ4,drn_H,[1/800]
US-CZ4,dsn_H,[1/600]
US-CZ4,age_cr_H,[1220]
US-CZ4,Bfac_lo_H,[0.99]
US-CZ4,Bfac_ls_H,[NaN]
US-CZ4,Tlo_H,[1.5]
US-CZ4,PAR_th_H,[NaN]
US-CZ4,dmg_H,[30]
US-CZ4,LAI_min_H,[0.001]
US-CZ4,Trr_H,[0.5]
US-CZ4,mjDay_H,[220]
US-CZ4,LDay_min_H,[14.1]
US-CZ4,LtR_H,[0.8]
US-CZ4,Mf_H,[1/50]
US-CZ4,Wm_H,[0]
US-CZ4,eps_ac_H,[0.8]
US-CZ4,LDay_cr_H,[11.8]
US-CZ4,Klf_H,[1/30]
US-CZ4,fab_H,[0.74]
US-CZ4,fbe_H,[0.26]
US-CZ4,ff_r_H,[0.1]
US-CZ4,Sl_L,[0.028]
US-CZ4,Nl_L,[23]
US-CZ4,r_L,[0.055]
US-CZ4,gR_L,[0.25]
US-CZ4,aSE_L,[2]
US-CZ4,dd_max_L,[1/360]
US-CZ4,dc_C_L,[7/365]
US-CZ4,Tcold_L,[0.0]
US-CZ4,drn_L,[1/570]
US-CZ4,dsn_L,[ 1/365]
US-CZ4,age_cr_L,[180]
US-CZ4,Bfac_lo_L,[0.99]
US-CZ4,Bfac_ls_L,[NaN]
US-CZ4,Tlo_L,[6.0]
US-CZ4,Tls_L,[NaN]
US-CZ4,PAR_th_L,[NaN]
US-CZ4,dmg_L,[25]
US-CZ4,LAI_min_L,[0.1]
US-CZ4,Trr_L,[4.0]
US-CZ4,mjDay_L,[220]
US-CZ4,LDay_min_L,[NaN]
US-CZ4,LtR_L,[0.8]
US-CZ4,Mf_L,[NaN]
US-CZ4,Wm_L,[NaN]
US-CZ4,eps_ac_L,[0.5]
US-CZ4,LDay_cr_L,[11.5]
US-CZ4,Klf_L,[NaN]
US-CZ4,fab_L,NaN
US-CZ4,fbe_L,NaN
US-CZ4,ff_r_L,[NaN]
US-CZ4,Vmax_H,[32]
US-CZ4,Vmax_L,[0]
US-CZ4,LAI_H,[4.03]
US-CZ4,B_H,[215 327 262 244 1 0 5 0]
US-CZ4,Rrootl_H,[4200]
US-CZ4,PHE_S_H,[4]
US-CZ4,dflo_H,[0]
US-CZ4,AgeL_H,[1172]
US-CZ4,e_rel_H,[1]
US-CZ4,hc_H,[15]
US-CZ4,SAI_H,[0.1]
US-CZ4,LAI_L,[0.0]
US-CZ4,B_L,[0 0 0 0 0 0 0 0]
US-CZ4,Rrootl_L,[0]
US-CZ4,PHE_S_L,[1]
US-CZ4,dflo_L,[0]
US-CZ4,AgeL_L,[0]
US-CZ4,e_rel_L,[1]
US-CZ4,hc_L,[0.0]
US-CZ4,SAI_L,[0.0]
US-CZ4,BLit,0.0
US-CZ4,Nreserve_H,[1000]
US-CZ4,Preserve_H,[100]
US-CZ4,Kreserve_H,[1000]
US-CZ4,FNC_H,1
US-CZ4,NupI_H,[0 0 0]
US-CZ4,Nreserve_L,[1]
US-CZ4,Preserve_L,[1]
US-CZ4,Kreserve_L,[1]
US-CZ4,FNC_L,1
US-CZ4,NupI_L,[0 0 0]
US-CZ4,RexmyI,[0 0 0]
US-CZ4,TBio_L,0
US-CZ4,TBio_H,300
US-CZ4,Vx_H,10
US-CZ4,Vl_H,10
US-CZ4,Vx_L,10
US-CZ4,Vl_L,10
US-CZ4,SWE,0
US-CZ4,SND,0
US-CZ4,TdpI_H,2
US-CZ4,TdpI_L,2
US-CZ4,In_L,0
US-CZ4,In_urb,0
US-CZ4,In_Litter,0
US-CZ4,SP_wc,0
US-CZ4,In_SWE,0
US-CZ4,ros,0
US-CZ4,t_sls,0
US-CZ4,e_sno,0.97
US-CZ4,tau_sno,0
US-CZ4,EK,0
US-CZ4,WAT,0
US-CZ4,ICE,0
US-CZ4,IP_wc,0
US-CZ4,ICE_D,0
US-CZ4,FROCK,0
US-CZ4,Ws_under,1
US-ChR,a_dis,NaN
US-ChR,pow_dis,NaN
US-ChR,fpr,1
US-ChR,SvF,1
US-ChR,SN,0
US-ChR,Slo_top,0
US-ChR,Ared,1
US-ChR,aR,1
US-ChR,cellsize,1
US-ChR,Kbot,NaN
US-ChR,Krock,NaN
US-ChR,zatm,43
US-ChR,Cwat,0
US-ChR,Cbare,0
US-ChR,Psan_Zs,"[0.26, 0.26, 0.26, 0.26, 0.26, 0.26, 0.17, 0.17, 0.17, 0.17, 0.17, 0.17, 0.17, 0.17, 0.17, 0.17, 0.17]"
US-ChR,Pcla_Zs,"[0.21, 0.21, 0.21, 0.21, 0.21, 0.21, 0.55, 0.55, 0.55, 0.55, 0.55, 0.55, 0.55, 0.55, 0.55, 0.55, 0.55]"
US-ChR,Porg_Zs,"[0.0125, 0.0125, 0.0125, 0.0075, 0.0075, 0.0075, 0.0025, 0.0025, 0.0025, 0.0025, 0.0025, 0.0025, 0.0025, 0.0025, 0.0025, 0.0025, 0.0025]"
US-ChR,Color_Class,0
US-ChR,SPAR,2
US-ChR,Kfc,0.2
US-ChR,Phy,10000
US-ChR,Oice,0
US-ChR,Zs,[0 10 20 50 100 150 200 300 400 500 600 700 800 1000 1250 1500 1750 1780]
US-ChR,Zdes,10
US-ChR,Zinf,10
US-ChR,Zbio,250
US-ChR,In_max_urb,5
US-ChR,In_max_rock,0.1
US-ChR,TminS,-0.8
US-ChR,TmaxS,2.8
US-ChR,ros_max1,550
US-ChR,ros_max2,260
US-ChR,Th_Pr_sno,10.0
US-ChR,Ice_wc_sp,0.01
US-ChR,ros_Ice_thr,500
US-ChR,Aice,0.35
US-ChR,WatFreez_Th,-8
US-ChR,dz_ice,0.54
US-ChR,ExEM,1.0
US-ChR,CASE_ROOT,1
US-ChR,ZR95_H,[1200]
US-ChR,ZR95_L,[0]
US-ChR,ZR50_H,NaN
US-ChR,ZR50_L,NaN
US-ChR,ZRmax_H,NaN
US-ChR,ZRmax_L,NaN
US-ChR,Kct,0.75
US-ChR,gcI,3.7
US-ChR,KcI,0.06
US-ChR,Sp_SN_In,5.9
US-ChR,Sp_LAI_L_In,[0.2]
US-ChR,Sp_LAI_H_In,[0.1]
US-ChR,d_leaf_H,[7]
US-ChR,d_leaf_L,[0.8]
US-ChR,KnitH,[0.4]
US-ChR,KnitL,0.0
US-ChR,mSl_H,0.0
US-ChR,mSl_L,0.0
US-ChR,FI_H,[0.081]
US-ChR,Do_H,[600]
US-ChR,a1_H,[6]
US-ChR,go_H,[0.01]
US-ChR,CT_H,[3]
US-ChR,DSE_H,[0.649]
US-ChR,Ha_H,[72]
US-ChR,gmes_H,[Inf]
US-ChR,rjv_H,[2.1]
US-ChR,FI_L,[0.081]
US-ChR,Do_L,[2000]
US-ChR,a1_L,[7]
US-ChR,go_L,[0.01]
US-ChR,CT_L,[3]
US-ChR,DSE_L,[0.660]
US-ChR,Ha_L,[48]
US-ChR,gmes_L,[Inf]
US-ChR,rjv_L,[2.6]
US-ChR,Psi_sto_00_H,[-0.7]
US-ChR,Psi_sto_50_H,[-2.5]
US-ChR,PsiL00_H,[0.4]
US-ChR,PsiL50_H,[-6.5]
US-ChR,Kleaf_max_H,10
US-ChR,Cl_H,1200
US-ChR,Axyl_H,15.0
US-ChR,Kx_max_H,80000
US-ChR,PsiX50_H,[-9]
US-ChR,Cx_H,150
US-ChR,Psi_sto_00_L,-0.8
US-ChR,Psi_sto_50_L,-3.0
US-ChR,PsiL00_L,-1.1
US-ChR,PsiL50_L,-4.0
US-ChR,Kleaf_max_L,5
US-ChR,Cl_L,1200
US-ChR,Axyl_L,0.0
US-ChR,Kx_max_L,80000
US-ChR,PsiX50_L,-4.5
US-ChR,Cx_L,150
US-ChR,PsiG50_H,[-0.7]
US-ChR,PsiG99_H,[-6.5]
US-ChR,gcoef_H,3.5
US-ChR,PsiG50_L,-1.45
US-ChR,PsiG99_L,-4.0
US-ChR,gcoef_L,3.5
US-ChR,OM_H,1
US-ChR,OM_L,1
US-ChR,Sllit,2
US-ChR,Sl_H,[0.0187718]
US-ChR,Nl_H,[35]
US-ChR,r_H,[0.02]
US-ChR,gR_H,[0.22]
US-ChR,aSE_H,[1]
US-ChR,dd_max_H,[1/365]
US-ChR,dc_C_H,[0.0274]
US-ChR,Tcold_H,[5]
US-ChR,drn_H,[0.0020]
US-ChR,dsn_H,[0.0027]
US-ChR,age_cr_H,[110]
US-ChR,Bfac_lo_H,[0.9]
US-ChR,Bfac_ls_H,[NaN]
US-ChR,Tlo_H,[4.0]
US-ChR,PAR_th_H,[NaN]
US-ChR,dmg_H,[30]
US-ChR,LAI_min_H,[0.001]
US-ChR,Trr_H,[3.0]
US-ChR,mjDay_H,[230]
US-ChR,LDay_min_H,[11.5]
US-ChR,LtR_H,[1.5]
US-ChR,Mf_H,[0.0125]
US-ChR,Wm_H,[0]
US-ChR,eps_ac_H,[0.3]
US-ChR,LDay_cr_H,[12.0]
US-ChR,Klf_H,[0.025]
US-ChR,fab_H,[0.74]
US-ChR,fbe_H,[0.26]
US-ChR,ff_r_H,[0.1]
US-ChR,Sl_L,[0.028]
US-ChR,Nl_L,[23]
US-ChR,r_L,[0.055]
US-ChR,gR_L,[0.25]
US-ChR,aSE_L,[2]
US-ChR,dd_max_L,[1/360]
US-ChR,dc_C_L,[7/365]
US-ChR,Tcold_L,[0.0]
US-ChR,drn_L,[1/570]
US-ChR,dsn_L,[ 1/365]
US-ChR,age_cr_L,[180]
US-ChR,Bfac_lo_L,[0.99]
US-ChR,Bfac_ls_L,[NaN]
US-ChR,Tlo_L,[6.0]
US-ChR,Tls_L,[NaN]
US-ChR,PAR_th_L,[NaN]
US-ChR,dmg_L,[25]
US-ChR,LAI_min_L,[0.1]
US-ChR,Trr_L,[4.0]
US-ChR,mjDay_L,[220]
US-ChR,LDay_min_L,[NaN]
US-ChR,LtR_L,[0.8]
US-ChR,Mf_L,[NaN]
US-ChR,Wm_L,[NaN]
US-ChR,eps_ac_L,[0.5]
US-ChR,LDay_cr_L,[11.5]
US-ChR,Klf_L,[NaN]
US-ChR,fab_L,NaN
US-ChR,fbe_L,NaN
US-ChR,ff_r_L,[NaN]
US-ChR,Vmax_H,[50]
US-ChR,Vmax_L,[0]
US-ChR,LAI_H,[0.0]
US-ChR,B_H,[0 327 262 350 0 0 0 0]
US-ChR,Rrootl_H,[4200]
US-ChR,PHE_S_H,[1]
US-ChR,dflo_H,[0]
US-ChR,AgeL_H,[0]
US-ChR,e_rel_H,[1]
US-ChR,hc_H,[26]
US-ChR,SAI_H,[0.1]
US-ChR,LAI_L,[0.0]
US-ChR,B_L,[0 0 0 0 0 0 0 0]
US-ChR,Rrootl_L,[0]
US-ChR,PHE_S_L,[1]
US-ChR,dflo_L,[0]
US-ChR,AgeL_L,[0]
US-ChR,e_rel_L,[1]
US-ChR,hc_L,[0.0]
US-ChR,SAI_L,[0.0]
US-ChR,BLit,0.0
US-ChR,Nreserve_H,[1000]
US-ChR,Preserve_H,[100]
US-ChR,Kreserve_H,[1000]
US-ChR,FNC_H,1
US-ChR,NupI_H,[0 0 0]
US-ChR,Nreserve_L,[1]
US-ChR,Preserve_L,[1]
US-ChR,Kreserve_L,[1]
US-ChR,FNC_L,1
US-ChR,NupI_L,[0 0 0]
US-ChR,RexmyI,[0 0 0]
US-ChR,TBio_L,0
US-ChR,TBio_H,300
US-ChR,Vx_H,10
US-ChR,Vl_H,10
US-ChR,Vx_L,10
US-ChR,Vl_L,10
US-ChR,SWE,0
US-ChR,SND,0
US-ChR,TdpI_H,2
US-ChR,TdpI_L,2
US-ChR,In_L,0
US-ChR,In_urb,0
US-ChR,In_Litter,0
US-ChR,SP_wc,0
US-ChR,In_SWE,0
US-ChR,ros,0
US-ChR,t_sls,0
US-ChR,e_sno,0.97
US-ChR,tau_sno,0
US-ChR,EK,0
US-ChR,WAT,0
US-ChR,ICE,0
US-ChR,IP_wc,0
US-ChR,ICE_D,0
US-ChR,FROCK,0
US-ChR,Ws_under,1
US-Cst,a_dis,NaN
US-Cst,pow_dis,NaN
US-Cst,fpr,1
US-Cst,SvF,1
US-Cst,SN,0
US-Cst,Slo_top,0
US-Cst,Ared,1
US-Cst,aR,1
US-Cst,cellsize,1
US-Cst,Kbot,NaN
US-Cst,Krock,NaN
US-Cst,zatm,37
US-Cst,Cwat,0
US-Cst,Cbare,0
US-Cst,Psan_Zs,"[0.117, 0.117, 0.117, 0.117, 0.117, 0.117, 0.117, 0.117, 0.117, 0.117, 0.117, 0.117, 0.113, 0.07, 0.069, 0.069, 0.069]"
US-Cst,Pcla_Zs,"[0.185, 0.185, 0.185, 0.185, 0.185, 0.185, 0.185, 0.185, 0.185, 0.185, 0.185, 0.185, 0.21, 0.28, 0.255, 0.255, 0.255]"
US-Cst,Porg_Zs,"[0.0125, 0.0125, 0.0125, 0.0125, 0.0125, 0.0125, 0.0125, 0.0125, 0.0125, 0.0125, 0.0125, 0.0125, 0.0055, 0.0055, 0.0025, 0.0025, 0.0025]"
US-Cst,Color_Class,0
US-Cst,SPAR,2
US-Cst,Kfc,0.2
US-Cst,Phy,10000
US-Cst,Oice,0
US-Cst,Zs,[0 10 20 50 100 150 200 300 400 500 600 700 800 1000 1250 1500 1750 1830]
US-Cst,Zdes,10
US-Cst,Zinf,10
US-Cst,Zbio,250
US-Cst,In_max_urb,5
US-Cst,In_max_rock,0.1
US-Cst,TminS,-0.8
US-Cst,TmaxS,2.8
US-Cst,ros_max1,550
US-Cst,ros_max2,260
US-Cst,Th_Pr_sno,10.0
US-Cst,Ice_wc_sp,0.01
US-Cst,ros_Ice_thr,500
US-Cst,Aice,0.35
US-Cst,WatFreez_Th,-8
US-Cst,dz_ice,0.54
US-Cst,ExEM,1.0
US-Cst,CASE_ROOT,1
US-Cst,ZR95_H,[1300]
US-Cst,ZR95_L,[0]
US-Cst,ZR50_H,NaN
US-Cst,ZR50_L,NaN
US-Cst,ZRmax_H,NaN
US-Cst,ZRmax_L,NaN
US-Cst,Kct,0.75
US-Cst,gcI,3.7
US-Cst,KcI,0.06
US-Cst,Sp_SN_In,5.9
US-Cst,Sp_LAI_L_In,[0.2]
US-Cst,Sp_LAI_H_In,[0.1]
US-Cst,d_leaf_H,[0.25]
US-Cst,d_leaf_L,[0.8]
US-Cst,KnitH,0.35
US-Cst,KnitL,0.0
US-Cst,mSl_H,0.0
US-Cst,mSl_L,0.0
US-Cst,FI_H,[0.081]
US-Cst,Do_H,[700]
US-Cst,a1_H,[5]
US-Cst,go_H,[ 0.01]
US-Cst,CT_H,[3]
US-Cst,DSE_H,[0.649]
US-Cst,Ha_H,[89]
US-Cst,gmes_H,[Inf]
US-Cst,rjv_H,[1.8]
US-Cst,FI_L,[0.081]
US-Cst,Do_L,[2000]
US-Cst,a1_L,[7]
US-Cst,go_L,[0.01]
US-Cst,CT_L,[3]
US-Cst,DSE_L,[0.660]
US-Cst,Ha_L,[48]
US-Cst,gmes_L,[Inf]
US-Cst,rjv_L,[2.6]
US-Cst,Psi_sto_00_H,-0.8
US-Cst,Psi_sto_50_H,-2.5
US-Cst,PsiL00_H,-1.0
US-Cst,PsiL50_H,-3.2
US-Cst,Kleaf_max_H,10
US-Cst,Cl_H,1200
US-Cst,Axyl_H,15.0
US-Cst,Kx_max_H,80000
US-Cst,PsiX50_H,-5.0
US-Cst,Cx_H,150
US-Cst,Psi_sto_00_L,-0.8
US-Cst,Psi_sto_50_L,-3.0
US-Cst,PsiL00_L,-1.1
US-Cst,PsiL50_L,-4.0
US-Cst,Kleaf_max_L,5
US-Cst,Cl_L,1200
US-Cst,Axyl_L,0.0
US-Cst,Kx_max_L,80000
US-Cst,PsiX50_L,-4.5
US-Cst,Cx_L,150
US-Cst,PsiG50_H,-0.8
US-Cst,PsiG99_H,-2.5
US-Cst,gcoef_H,3.5
US-Cst,PsiG50_L,-1.45
US-Cst,PsiG99_L,-4.0
US-Cst,gcoef_L,3.5
US-Cst,OM_H,1
US-Cst,OM_L,1
US-Cst,Sllit,2
US-Cst,Sl_H,[0.0158868]
US-Cst,Nl_H,[62]
US-Cst,r_H,[0.055]
US-Cst,gR_H,[0.25]
US-Cst,aSE_H,[0]
US-Cst,dd_max_H,[1/200]
US-Cst,dc_C_H,78/365
US-Cst,Tcold_H,[-50]
US-Cst,drn_H,[1/800]
US-Cst,dsn_H,[1/600]
US-Cst,age_cr_H,[1220]
US-Cst,Bfac_lo_H,[0.99]
US-Cst,Bfac_ls_H,[NaN]
US-Cst,Tlo_H,[1.5]
US-Cst,PAR_th_H,[NaN]
US-Cst,dmg_H,[30]
US-Cst,LAI_min_H,[0.001]
US-Cst,Trr_H,[0.5]
US-Cst,mjDay_H,[220]
US-Cst,LDay_min_H,[14.1]
US-Cst,LtR_H,[0.8]
US-Cst,Mf_H,[1/50]
US-Cst,Wm_H,[0]
US-Cst,eps_ac_H,[0.8]
US-Cst,LDay_cr_H,[11.8]
US-Cst,Klf_H,[1/30]
US-Cst,fab_H,[0.74]
US-Cst,fbe_H,[0.26]
US-Cst,ff_r_H,[0.1]
US-Cst,Sl_L,[0.028]
US-Cst,Nl_L,[23]
US-Cst,r_L,[0.055]
US-Cst,gR_L,[0.25]
US-Cst,aSE_L,[2]
US-Cst,dd_max_L,[1/360]
US-Cst,dc_C_L,[7/365]
US-Cst,Tcold_L,[0.0]
US-Cst,drn_L,[1/570]
US-Cst,dsn_L,[ 1/365]
US-Cst,age_cr_L,[180]
US-Cst,Bfac_lo_L,[0.99]
US-Cst,Bfac_ls_L,[NaN]
US-Cst,Tlo_L,[6.0]
US-Cst,Tls_L,[NaN]
US-Cst,PAR_th_L,[NaN]
US-Cst,dmg_L,[25]
US-Cst,LAI_min_L,[0.1]
US-Cst,Trr_L,[4.0]
US-Cst,mjDay_L,[220]
US-Cst,LDay_min_L,[NaN]
US-Cst,LtR_L,[0.8]
US-Cst,Mf_L,[NaN]
US-Cst,Wm_L,[NaN]
US-Cst,eps_ac_L,[0.5]
US-Cst,LDay_cr_L,[11.5]
US-Cst,Klf_L,[NaN]
US-Cst,fab_L,NaN
US-Cst,fbe_L,NaN
US-Cst,ff_r_L,[NaN]
US-Cst,Vmax_H,[32]
US-Cst,Vmax_L,[0]
US-Cst,LAI_H,[4.03]
US-Cst,B_H,[215 327 262 244 1 0 5 0]
US-Cst,Rrootl_H,[4200]
US-Cst,PHE_S_H,[4]
US-Cst,dflo_H,[0]
US-Cst,AgeL_H,[1172]
US-Cst,e_rel_H,[1]
US-Cst,hc_H,[21]
US-Cst,SAI_H,[0.1]
US-Cst,LAI_L,[0.0]
US-Cst,B_L,[0 0 0 0 0 0 0 0]
US-Cst,Rrootl_L,[0]
US-Cst,PHE_S_L,[1]
US-Cst,dflo_L,[0]
US-Cst,AgeL_L,[0]
US-Cst,e_rel_L,[1]
US-Cst,hc_L,[0.0]
US-Cst,SAI_L,[0.0]
US-Cst,BLit,0.0
US-Cst,Nreserve_H,[1000]
US-Cst,Preserve_H,[100]
US-Cst,Kreserve_H,[1000]
US-Cst,FNC_H,1
US-Cst,NupI_H,[0 0 0]
US-Cst,Nreserve_L,[1]
US-Cst,Preserve_L,[1]
US-Cst,Kreserve_L,[1]
US-Cst,FNC_L,1
US-Cst,NupI_L,[0 0 0]
US-Cst,RexmyI,[0 0 0]
US-Cst,TBio_L,0
US-Cst,TBio_H,300
US-Cst,Vx_H,10
US-Cst,Vl_H,10
US-Cst,Vx_L,10
US-Cst,Vl_L,10
US-Cst,SWE,0
US-Cst,SND,0
US-Cst,TdpI_H,2
US-Cst,TdpI_L,2
US-Cst,In_L,0
US-Cst,In_urb,0
US-Cst,In_Litter,0
US-Cst,SP_wc,0
US-Cst,In_SWE,0
US-Cst,ros,0
US-Cst,t_sls,0
US-Cst,e_sno,0.97
US-Cst,tau_sno,0
US-Cst,EK,0
US-Cst,WAT,0
US-Cst,ICE,0
US-Cst,IP_wc,0
US-Cst,ICE_D,0
US-Cst,FROCK,0
US-Cst,Ws_under,1
US-Cwt,a_dis,NaN
US-Cwt,pow_dis,NaN
US-Cwt,fpr,1
US-Cwt,SvF,1
US-Cwt,SN,0
US-Cwt,Slo_top,0
US-Cwt,Ared,1
US-Cwt,aR,1
US-Cwt,cellsize,1
US-Cwt,Kbot,NaN
US-Cwt,Krock,NaN
US-Cwt,zatm,43.5
US-Cwt,Cwat,0
US-Cwt,Cbare,0
US-Cwt,Psan_Zs,"[0.46, 0.46, 0.46, 0.46, 0.46, 0.56, 0.56, 0.56, 0.56, 0.56, 0.56, 0.65, 0.65, 0.68, 0.68, 0.68, 0.68, 0.68]"
US-Cwt,Pcla_Zs,"[0.13, 0.13, 0.13, 0.13, 0.13, 0.27, 0.27, 0.27, 0.27, 0.27, 0.27, 0.16, 0.16, 0.13, 0.13, 0.13, 0.13, 0.13]"
US-Cwt,Porg_Zs,"[0.04, 0.04, 0.04, 0.04, 0.04, 0.005, 0.005, 0.005, 0.005, 0.005, 0.005, 0.002, 0.002, 0.002, 0.002, 0.002, 0.002, 0.002]"
US-Cwt,Color_Class,0
US-Cwt,SPAR,2
US-Cwt,Kfc,0.2
US-Cwt,Phy,10000
US-Cwt,Oice,0
US-Cwt,Zs,[0 10 20 50 100 150 200 300 400 500 600 700 800 1000 1250 1500 1750 2000 2030]
US-Cwt,Zdes,10
US-Cwt,Zinf,10
US-Cwt,Zbio,250
US-Cwt,In_max_urb,5
US-Cwt,In_max_rock,0.1
US-Cwt,TminS,-0.8
US-Cwt,TmaxS,2.8
US-Cwt,ros_max1,550
US-Cwt,ros_max2,260
US-Cwt,Th_Pr_sno,10.0
US-Cwt,Ice_wc_sp,0.01
US-Cwt,ros_Ice_thr,500
US-Cwt,Aice,0.35
US-Cwt,WatFreez_Th,-8
US-Cwt,dz_ice,0.54
US-Cwt,ExEM,1.0
US-Cwt,CASE_ROOT,1
US-Cwt,ZR95_H,[1100]
US-Cwt,ZR95_L,[0]
US-Cwt,ZR50_H,NaN
US-Cwt,ZR50_L,NaN
US-Cwt,ZRmax_H,NaN
US-Cwt,ZRmax_L,NaN
US-Cwt,Kct,0.75
US-Cwt,gcI,3.7
US-Cwt,KcI,0.06
US-Cwt,Sp_SN_In,5.9
US-Cwt,Sp_LAI_L_In,[0.2]
US-Cwt,Sp_LAI_H_In,[0.1]
US-Cwt,d_leaf_H,[7]
US-Cwt,d_leaf_L,[0.8]
US-Cwt,KnitH,[0.4]
US-Cwt,KnitL,0.0
US-Cwt,mSl_H,0.0
US-Cwt,mSl_L,0.0
US-Cwt,FI_H,[0.081]
US-Cwt,Do_H,[600]
US-Cwt,a1_H,[6]
US-Cwt,go_H,[0.01]
US-Cwt,CT_H,[3]
US-Cwt,DSE_H,[0.649]
US-Cwt,Ha_H,[72]
US-Cwt,gmes_H,[Inf]
US-Cwt,rjv_H,[2.1]
US-Cwt,FI_L,[0.081]
US-Cwt,Do_L,[2000]
US-Cwt,a1_L,[7]
US-Cwt,go_L,[0.01]
US-Cwt,CT_L,[3]
US-Cwt,DSE_L,[0.660]
US-Cwt,Ha_L,[48]
US-Cwt,gmes_L,[Inf]
US-Cwt,rjv_L,[2.6]
US-Cwt,Psi_sto_00_H,[-0.7]
US-Cwt,Psi_sto_50_H,[-2.5]
US-Cwt,PsiL00_H,[0.4]
US-Cwt,PsiL50_H,[-6.5]
US-Cwt,Kleaf_max_H,10
US-Cwt,Cl_H,1200
US-Cwt,Axyl_H,15.0
US-Cwt,Kx_max_H,80000
US-Cwt,PsiX50_H,[-9]
US-Cwt,Cx_H,150
US-Cwt,Psi_sto_00_L,-0.8
US-Cwt,Psi_sto_50_L,-3.0
US-Cwt,PsiL00_L,-1.1
US-Cwt,PsiL50_L,-4.0
US-Cwt,Kleaf_max_L,5
US-Cwt,Cl_L,1200
US-Cwt,Axyl_L,0.0
US-Cwt,Kx_max_L,80000
US-Cwt,PsiX50_L,-4.5
US-Cwt,Cx_L,150
US-Cwt,PsiG50_H,[-0.7]
US-Cwt,PsiG99_H,[-6.5]
US-Cwt,gcoef_H,3.5
US-Cwt,PsiG50_L,-1.45
US-Cwt,PsiG99_L,-4.0
US-Cwt,gcoef_L,3.5
US-Cwt,OM_H,1
US-Cwt,OM_L,1
US-Cwt,Sllit,2
US-Cwt,Sl_H,[0.0238533]
US-Cwt,Nl_H,[35]
US-Cwt,r_H,[0.02]
US-Cwt,gR_H,[0.22]
US-Cwt,aSE_H,[1]
US-Cwt,dd_max_H,[1/365]
US-Cwt,dc_C_H,[0.0274]
US-Cwt,Tcold_H,[5]
US-Cwt,drn_H,[0.0020]
US-Cwt,dsn_H,[0.0027]
US-Cwt,age_cr_H,[110]
US-Cwt,Bfac_lo_H,[0.9]
US-Cwt,Bfac_ls_H,[NaN]
US-Cwt,Tlo_H,[4.0]
US-Cwt,PAR_th_H,[NaN]
US-Cwt,dmg_H,[30]
US-Cwt,LAI_min_H,[0.001]
US-Cwt,Trr_H,[3.0]
US-Cwt,mjDay_H,[230]
US-Cwt,LDay_min_H,[11.5]
US-Cwt,LtR_H,[1.5]
US-Cwt,Mf_H,[0.0125]
US-Cwt,Wm_H,[0]
US-Cwt,eps_ac_H,[0.3]
US-Cwt,LDay_cr_H,[12.0]
US-Cwt,Klf_H,[0.025]
US-Cwt,fab_H,[0.74]
US-Cwt,fbe_H,[0.26]
US-Cwt,ff_r_H,[0.1]
US-Cwt,Sl_L,[0.028]
US-Cwt,Nl_L,[23]
US-Cwt,r_L,[0.055]
US-Cwt,gR_L,[0.25]
US-Cwt,aSE_L,[2]
US-Cwt,dd_max_L,[1/360]
US-Cwt,dc_C_L,[7/365]
US-Cwt,Tcold_L,[0.0]
US-Cwt,drn_L,[1/570]
US-Cwt,dsn_L,[ 1/365]
US-Cwt,age_cr_L,[180]
US-Cwt,Bfac_lo_L,[0.99]
US-Cwt,Bfac_ls_L,[NaN]
US-Cwt,Tlo_L,[6.0]
US-Cwt,Tls_L,[NaN]
US-Cwt,PAR_th_L,[NaN]
US-Cwt,dmg_L,[25]
US-Cwt,LAI_min_L,[0.1]
US-Cwt,Trr_L,[4.0]
US-Cwt,mjDay_L,[220]
US-Cwt,LDay_min_L,[NaN]
US-Cwt,LtR_L,[0.8]
US-Cwt,Mf_L,[NaN]
US-Cwt,Wm_L,[NaN]
US-Cwt,eps_ac_L,[0.5]
US-Cwt,LDay_cr_L,[11.5]
US-Cwt,Klf_L,[NaN]
US-Cwt,fab_L,NaN
US-Cwt,fbe_L,NaN
US-Cwt,ff_r_L,[NaN]
US-Cwt,Vmax_H,[50]
US-Cwt,Vmax_L,[0]
US-Cwt,LAI_H,[0.0]
US-Cwt,B_H,[0 327 262 350 0 0 0 0]
US-Cwt,Rrootl_H,[4200]
US-Cwt,PHE_S_H,[1]
US-Cwt,dflo_H,[0]
US-Cwt,AgeL_H,[0]
US-Cwt,e_rel_H,[1]
US-Cwt,hc_H,[29]
US-Cwt,SAI_H,[0.1]
US-Cwt,LAI_L,[0.0]
US-Cwt,B_L,[0 0 0 0 0 0 0 0]
US-Cwt,Rrootl_L,[0]
US-Cwt,PHE_S_L,[1]
US-Cwt,dflo_L,[0]
US-Cwt,AgeL_L,[0]
US-Cwt,e_rel_L,[1]
US-Cwt,hc_L,[0.0]
US-Cwt,SAI_L,[0.0]
US-Cwt,BLit,0.0
US-Cwt,Nreserve_H,[1000]
US-Cwt,Preserve_H,[100]
US-Cwt,Kreserve_H,[1000]
US-Cwt,FNC_H,1
US-Cwt,NupI_H,[0 0 0]
US-Cwt,Nreserve_L,[1]
US-Cwt,Preserve_L,[1]
US-Cwt,Kreserve_L,[1]
US-Cwt,FNC_L,1
US-Cwt,NupI_L,[0 0 0]
US-Cwt,RexmyI,[0 0 0]
US-Cwt,TBio_L,0
US-Cwt,TBio_H,300
US-Cwt,Vx_H,10
US-Cwt,Vl_H,10
US-Cwt,Vx_L,10
US-Cwt,Vl_L,10
US-Cwt,SWE,0
US-Cwt,SND,0
US-Cwt,TdpI_H,2
US-Cwt,TdpI_L,2
US-Cwt,In_L,0
US-Cwt,In_urb,0
US-Cwt,In_Litter,0
US-Cwt,SP_wc,0
US-Cwt,In_SWE,0
US-Cwt,ros,0
US-Cwt,t_sls,0
US-Cwt,e_sno,0.97
US-Cwt,tau_sno,0
US-Cwt,EK,0
US-Cwt,WAT,0
US-Cwt,ICE,0
US-Cwt,IP_wc,0
US-Cwt,ICE_D,0
US-Cwt,FROCK,0
US-Cwt,Ws_under,1
US-Dk2,a_dis,NaN
US-Dk2,pow_dis,NaN
US-Dk2,fpr,1
US-Dk2,SvF,1
US-Dk2,SN,0
US-Dk2,Slo_top,0
US-Dk2,Ared,1
US-Dk2,aR,1
US-Dk2,cellsize,1
US-Dk2,Kbot,0.01
US-Dk2,Krock,NaN
US-Dk2,zatm,39.8
US-Dk2,Cwat,0
US-Dk2,Cbare,0
US-Dk2,Psan_Zs,"[0.385, 0.385, 0.385, 0.385, 0.385, 0.221, 0.221, 0.221, 0.221, 0.221, 0.385, 0.385, 0.385, 0.385, 0.385, 0.385, 0.385, 0.385]"
US-Dk2,Pcla_Zs,"[0.175, 0.175, 0.175, 0.175, 0.175, 0.5, 0.5, 0.5, 0.5, 0.5, 0.3, 0.25, 0.25, 0.25, 0.25, 0.25, 0.25, 0.25]"
US-Dk2,Porg_Zs,"[0.0125, 0.0125, 0.0125, 0.0125, 0.0125, 0.0025, 0.0025, 0.0025, 0.0025, 0.0025, 0.0025, 0.0025, 0.0025, 0.0025, 0.0025, 0.0025, 0.0025, 0.0025]"
US-Dk2,Color_Class,0
US-Dk2,SPAR,2
US-Dk2,Kfc,0.2
US-Dk2,Phy,10000
US-Dk2,Oice,0
US-Dk2,Zs,[0 10 20 50 100 150 200 300 400 500 600 700 800 1000 1250 1500 1750 2000 2030]
US-Dk2,Zdes,10
US-Dk2,Zinf,10
US-Dk2,Zbio,250
US-Dk2,In_max_urb,5
US-Dk2,In_max_rock,0.1
US-Dk2,TminS,-0.8
US-Dk2,TmaxS,2.8
US-Dk2,ros_max1,550
US-Dk2,ros_max2,260
US-Dk2,Th_Pr_sno,10.0
US-Dk2,Ice_wc_sp,0.01
US-Dk2,ros_Ice_thr,500
US-Dk2,Aice,0.35
US-Dk2,WatFreez_Th,-8
US-Dk2,dz_ice,0.54
US-Dk2,ExEM,1.0
US-Dk2,CASE_ROOT,1
US-Dk2,ZR95_H,[1200]
US-Dk2,ZR95_L,[0]
US-Dk2,ZR50_H,NaN
US-Dk2,ZR50_L,NaN
US-Dk2,ZRmax_H,NaN
US-Dk2,ZRmax_L,NaN
US-Dk2,Kct,0.75
US-Dk2,gcI,3.7
US-Dk2,KcI,0.06
US-Dk2,Sp_SN_In,5.9
US-Dk2,Sp_LAI_L_In,[0.2]
US-Dk2,Sp_LAI_H_In,[0.1]
US-Dk2,d_leaf_H,[7]
US-Dk2,d_leaf_L,[0.8]
US-Dk2,KnitH,[0.4]
US-Dk2,KnitL,0.0
US-Dk2,mSl_H,0.0
US-Dk2,mSl_L,0.0
US-Dk2,FI_H,[0.081]
US-Dk2,Do_H,[600]
US-Dk2,a1_H,[6]
US-Dk2,go_H,[0.01]
US-Dk2,CT_H,[3]
US-Dk2,DSE_H,[0.649]
US-Dk2,Ha_H,[72]
US-Dk2,gmes_H,[Inf]
US-Dk2,rjv_H,[2.1]
US-Dk2,FI_L,[0.081]
US-Dk2,Do_L,[2000]
US-Dk2,a1_L,[7]
US-Dk2,go_L,[0.01]
US-Dk2,CT_L,[3]
US-Dk2,DSE_L,[0.660]
US-Dk2,Ha_L,[48]
US-Dk2,gmes_L,[Inf]
US-Dk2,rjv_L,[2.6]
US-Dk2,Psi_sto_00_H,[-0.7]
US-Dk2,Psi_sto_50_H,[-2.5]
US-Dk2,PsiL00_H,[0.4]
US-Dk2,PsiL50_H,[-6.5]
US-Dk2,Kleaf_max_H,10
US-Dk2,Cl_H,1200
US-Dk2,Axyl_H,15.0
US-Dk2,Kx_max_H,80000
US-Dk2,PsiX50_H,[-9]
US-Dk2,Cx_H,150
US-Dk2,Psi_sto_00_L,-0.8
US-Dk2,Psi_sto_50_L,-3.0
US-Dk2,PsiL00_L,-1.1
US-Dk2,PsiL50_L,-4.0
US-Dk2,Kleaf_max_L,5
US-Dk2,Cl_L,1200
US-Dk2,Axyl_L,0.0
US-Dk2,Kx_max_L,80000
US-Dk2,PsiX50_L,-4.5
US-Dk2,Cx_L,150
US-Dk2,PsiG50_H,[-0.7]
US-Dk2,PsiG99_H,[-6.5]
US-Dk2,gcoef_H,3.5
US-Dk2,PsiG50_L,-1.45
US-Dk2,PsiG99_L,-4.0
US-Dk2,gcoef_L,3.5
US-Dk2,OM_H,1
US-Dk2,OM_L,1
US-Dk2,Sllit,2
US-Dk2,Sl_H,[0.0235725]
US-Dk2,Nl_H,[35]
US-Dk2,r_H,[0.02]
US-Dk2,gR_H,[0.22]
US-Dk2,aSE_H,[1]
US-Dk2,dd_max_H,[1/365]
US-Dk2,dc_C_H,[0.0274]
US-Dk2,Tcold_H,[5]
US-Dk2,drn_H,[0.0020]
US-Dk2,dsn_H,[0.0027]
US-Dk2,age_cr_H,[110]
US-Dk2,Bfac_lo_H,[0.9]
US-Dk2,Bfac_ls_H,[NaN]
US-Dk2,Tlo_H,[4.0]
US-Dk2,PAR_th_H,[NaN]
US-Dk2,dmg_H,[30]
US-Dk2,LAI_min_H,[0.001]
US-Dk2,Trr_H,[3.0]
US-Dk2,mjDay_H,[230]
US-Dk2,LDay_min_H,[11.5]
US-Dk2,LtR_H,[1.5]
US-Dk2,Mf_H,[0.0125]
US-Dk2,Wm_H,[0]
US-Dk2,eps_ac_H,[0.3]
US-Dk2,LDay_cr_H,[12.0]
US-Dk2,Klf_H,[0.025]
US-Dk2,fab_H,[0.74]
US-Dk2,fbe_H,[0.26]
US-Dk2,ff_r_H,[0.1]
US-Dk2,Sl_L,[0.028]
US-Dk2,Nl_L,[23]
US-Dk2,r_L,[0.055]
US-Dk2,gR_L,[0.25]
US-Dk2,aSE_L,[2]
US-Dk2,dd_max_L,[1/360]
US-Dk2,dc_C_L,[7/365]
US-Dk2,Tcold_L,[0.0]
US-Dk2,drn_L,[1/570]
US-Dk2,dsn_L,[ 1/365]
US-Dk2,age_cr_L,[180]
US-Dk2,Bfac_lo_L,[0.99]
US-Dk2,Bfac_ls_L,[NaN]
US-Dk2,Tlo_L,[6.0]
US-Dk2,Tls_L,[NaN]
US-Dk2,PAR_th_L,[NaN]
US-Dk2,dmg_L,[25]
US-Dk2,LAI_min_L,[0.1]
US-Dk2,Trr_L,[4.0]
US-Dk2,mjDay_L,[220]
US-Dk2,LDay_min_L,[NaN]
US-Dk2,LtR_L,[0.8]
US-Dk2,Mf_L,[NaN]
US-Dk2,Wm_L,[NaN]
US-Dk2,eps_ac_L,[0.5]
US-Dk2,LDay_cr_L,[11.5]
US-Dk2,Klf_L,[NaN]
US-Dk2,fab_L,NaN
US-Dk2,fbe_L,NaN
US-Dk2,ff_r_L,[NaN]
US-Dk2,Vmax_H,[50]
US-Dk2,Vmax_L,[0]
US-Dk2,LAI_H,[0.0]
US-Dk2,B_H,[0 327 262 350 0 0 0 0]
US-Dk2,Rrootl_H,[4200]
US-Dk2,PHE_S_H,[1]
US-Dk2,dflo_H,[0]
US-Dk2,AgeL_H,[0]
US-Dk2,e_rel_H,[1]
US-Dk2,hc_H,[25]
US-Dk2,SAI_H,[0.1]
US-Dk2,LAI_L,[0.0]
US-Dk2,B_L,[0 0 0 0 0 0 0 0]
US-Dk2,Rrootl_L,[0]
US-Dk2,PHE_S_L,[1]
US-Dk2,dflo_L,[0]
US-Dk2,AgeL_L,[0]
US-Dk2,e_rel_L,[1]
US-Dk2,hc_L,[0.0]
US-Dk2,SAI_L,[0.0]
US-Dk2,BLit,0.0
US-Dk2,Nreserve_H,[1000]
US-Dk2,Preserve_H,[100]
US-Dk2,Kreserve_H,[1000]
US-Dk2,FNC_H,1
US-Dk2,NupI_H,[0 0 0]
US-Dk2,Nreserve_L,[1]
US-Dk2,Preserve_L,[1]
US-Dk2,Kreserve_L,[1]
US-Dk2,FNC_L,1
US-Dk2,NupI_L,[0 0 0]
US-Dk2,RexmyI,[0 0 0]
US-Dk2,TBio_L,0
US-Dk2,TBio_H,300
US-Dk2,Vx_H,10
US-Dk2,Vl_H,10
US-Dk2,Vx_L,10
US-Dk2,Vl_L,10
US-Dk2,SWE,0
US-Dk2,SND,0
US-Dk2,TdpI_H,2
US-Dk2,TdpI_L,2
US-Dk2,In_L,0
US-Dk2,In_urb,0
US-Dk2,In_Litter,0
US-Dk2,SP_wc,0
US-Dk2,In_SWE,0
US-Dk2,ros,0
US-Dk2,t_sls,0
US-Dk2,e_sno,0.97
US-Dk2,tau_sno,0
US-Dk2,EK,0
US-Dk2,WAT,0
US-Dk2,ICE,0
US-Dk2,IP_wc,0
US-Dk2,ICE_D,0
US-Dk2,FROCK,0
US-Dk2,Ws_under,1
US-Dk3,a_dis,NaN
US-Dk3,pow_dis,NaN
US-Dk3,fpr,1
US-Dk3,SvF,1
US-Dk3,SN,0
US-Dk3,Slo_top,0
US-Dk3,Ared,1
US-Dk3,aR,1
US-Dk3,cellsize,1
US-Dk3,Kbot,NaN
US-Dk3,Krock,NaN
US-Dk3,zatm,20.2
US-Dk3,Cwat,0
US-Dk3,Cbare,0
US-Dk3,Psan_Zs,"[0.709, 0.709, 0.709, 0.709, 0.709, 0.709, 0.551, 0.221, 0.221, 0.221, 0.221, 0.221, 0.414, 0.414, 0.414, 0.414, 0.414, 0.414]"
US-Dk3,Pcla_Zs,"[0.125, 0.125, 0.125, 0.125, 0.125, 0.125, 0.275, 0.5, 0.5, 0.5, 0.5, 0.5, 0.215, 0.215, 0.215, 0.215, 0.215, 0.215]"
US-Dk3,Porg_Zs,"[0.0125, 0.0125, 0.0125, 0.0075, 0.0075, 0.0075, 0.0025, 0.0025, 0.0025, 0.0025, 0.0025, 0.0025, 0.0025, 0.0025, 0.0025, 0.0025, 0.0025, 0.0025]"
US-Dk3,Color_Class,0
US-Dk3,SPAR,2
US-Dk3,Kfc,0.2
US-Dk3,Phy,10000
US-Dk3,Oice,0
US-Dk3,Zs,[0 10 20 50 100 150 200 300 400 500 600 700 800 1000 1250 1500 1750 2000 2030]
US-Dk3,Zdes,10
US-Dk3,Zinf,10
US-Dk3,Zbio,250
US-Dk3,In_max_urb,5
US-Dk3,In_max_rock,0.1
US-Dk3,TminS,-0.8
US-Dk3,TmaxS,2.8
US-Dk3,ros_max1,550
US-Dk3,ros_max2,260
US-Dk3,Th_Pr_sno,10.0
US-Dk3,Ice_wc_sp,0.01
US-Dk3,ros_Ice_thr,500
US-Dk3,Aice,0.35
US-Dk3,WatFreez_Th,-8
US-Dk3,dz_ice,0.54
US-Dk3,ExEM,1.0
US-Dk3,CASE_ROOT,1
US-Dk3,ZR95_H,[1200]
US-Dk3,ZR95_L,[0]
US-Dk3,ZR50_H,NaN
US-Dk3,ZR50_L,NaN
US-Dk3,ZRmax_H,NaN
US-Dk3,ZRmax_L,NaN
US-Dk3,Kct,0.75
US-Dk3,gcI,3.7
US-Dk3,KcI,0.06
US-Dk3,Sp_SN_In,5.9
US-Dk3,Sp_LAI_L_In,[0.2]
US-Dk3,Sp_LAI_H_In,[0.1]
US-Dk3,d_leaf_H,[0.25]
US-Dk3,d_leaf_L,[0.8]
US-Dk3,KnitH,0.35
US-Dk3,KnitL,0.0
US-Dk3,mSl_H,0.0
US-Dk3,mSl_L,0.0
US-Dk3,FI_H,[0.081]
US-Dk3,Do_H,[700]
US-Dk3,a1_H,[5]
US-Dk3,go_H,[ 0.01]
US-Dk3,CT_H,[3]
US-Dk3,DSE_H,[0.649]
US-Dk3,Ha_H,[89]
US-Dk3,gmes_H,[Inf]
US-Dk3,rjv_H,[1.8]
US-Dk3,FI_L,[0.081]
US-Dk3,Do_L,[2000]
US-Dk3,a1_L,[7]
US-Dk3,go_L,[0.01]
US-Dk3,CT_L,[3]
US-Dk3,DSE_L,[0.660]
US-Dk3,Ha_L,[48]
US-Dk3,gmes_L,[Inf]
US-Dk3,rjv_L,[2.6]
US-Dk3,Psi_sto_00_H,-0.8
US-Dk3,Psi_sto_50_H,-2.5
US-Dk3,PsiL00_H,-1.0
US-Dk3,PsiL50_H,-3.2
US-Dk3,Kleaf_max_H,10
US-Dk3,Cl_H,1200
US-Dk3,Axyl_H,15.0
US-Dk3,Kx_max_H,80000
US-Dk3,PsiX50_H,-5.0
US-Dk3,Cx_H,150
US-Dk3,Psi_sto_00_L,-0.8
US-Dk3,Psi_sto_50_L,-3.0
US-Dk3,PsiL00_L,-1.1
US-Dk3,PsiL50_L,-4.0
US-Dk3,Kleaf_max_L,5
US-Dk3,Cl_L,1200
US-Dk3,Axyl_L,0.0
US-Dk3,Kx_max_L,80000
US-Dk3,PsiX50_L,-4.5
US-Dk3,Cx_L,150
US-Dk3,PsiG50_H,-0.8
US-Dk3,PsiG99_H,-2.5
US-Dk3,gcoef_H,3.5
US-Dk3,PsiG50_L,-1.45
US-Dk3,PsiG99_L,-4.0
US-Dk3,gcoef_L,3.5
US-Dk3,OM_H,1
US-Dk3,OM_L,1
US-Dk3,Sllit,2
US-Dk3,Sl_H,[0.0208569]
US-Dk3,Nl_H,[62]
US-Dk3,r_H,[0.055]
US-Dk3,gR_H,[0.25]
US-Dk3,aSE_H,[0]
US-Dk3,dd_max_H,[1/200]
US-Dk3,dc_C_H,78/365
US-Dk3,Tcold_H,[-50]
US-Dk3,drn_H,[1/800]
US-Dk3,dsn_H,[1/600]
US-Dk3,age_cr_H,[1220]
US-Dk3,Bfac_lo_H,[0.99]
US-Dk3,Bfac_ls_H,[NaN]
US-Dk3,Tlo_H,[1.5]
US-Dk3,PAR_th_H,[NaN]
US-Dk3,dmg_H,[30]
US-Dk3,LAI_min_H,[0.001]
US-Dk3,Trr_H,[0.5]
US-Dk3,mjDay_H,[220]
US-Dk3,LDay_min_H,[14.1]
US-Dk3,LtR_H,[0.8]
US-Dk3,Mf_H,[1/50]
US-Dk3,Wm_H,[0]
US-Dk3,eps_ac_H,[0.8]
US-Dk3,LDay_cr_H,[11.8]
US-Dk3,Klf_H,[1/30]
US-Dk3,fab_H,[0.74]
US-Dk3,fbe_H,[0.26]
US-Dk3,ff_r_H,[0.1]
US-Dk3,Sl_L,[0.028]
US-Dk3,Nl_L,[23]
US-Dk3,r_L,[0.055]
US-Dk3,gR_L,[0.25]
US-Dk3,aSE_L,[2]
US-Dk3,dd_max_L,[1/360]
US-Dk3,dc_C_L,[7/365]
US-Dk3,Tcold_L,[0.0]
US-Dk3,drn_L,[1/570]
US-Dk3,dsn_L,[ 1/365]
US-Dk3,age_cr_L,[180]
US-Dk3,Bfac_lo_L,[0.99]
US-Dk3,Bfac_ls_L,[NaN]
US-Dk3,Tlo_L,[6.0]
US-Dk3,Tls_L,[NaN]
US-Dk3,PAR_th_L,[NaN]
US-Dk3,dmg_L,[25]
US-Dk3,LAI_min_L,[0.1]
US-Dk3,Trr_L,[4.0]
US-Dk3,mjDay_L,[220]
US-Dk3,LDay_min_L,[NaN]
US-Dk3,LtR_L,[0.8]
US-Dk3,Mf_L,[NaN]
US-Dk3,Wm_L,[NaN]
US-Dk3,eps_ac_L,[0.5]
US-Dk3,LDay_cr_L,[11.5]
US-Dk3,Klf_L,[NaN]
US-Dk3,fab_L,NaN
US-Dk3,fbe_L,NaN
US-Dk3,ff_r_L,[NaN]
US-Dk3,Vmax_H,[32]
US-Dk3,Vmax_L,[0]
US-Dk3,LAI_H,[4.03]
US-Dk3,B_H,[215 327 262 244 1 0 5 0]
US-Dk3,Rrootl_H,[4200]
US-Dk3,PHE_S_H,[4]
US-Dk3,dflo_H,[0]
US-Dk3,AgeL_H,[1172]
US-Dk3,e_rel_H,[1]
US-Dk3,hc_H,[19]
US-Dk3,SAI_H,[0.1]
US-Dk3,LAI_L,[0.0]
US-Dk3,B_L,[0 0 0 0 0 0 0 0]
US-Dk3,Rrootl_L,[0]
US-Dk3,PHE_S_L,[1]
US-Dk3,dflo_L,[0]
US-Dk3,AgeL_L,[0]
US-Dk3,e_rel_L,[1]
US-Dk3,hc_L,[0.0]
US-Dk3,SAI_L,[0.0]
US-Dk3,BLit,0.0
US-Dk3,Nreserve_H,[1000]
US-Dk3,Preserve_H,[100]
US-Dk3,Kreserve_H,[1000]
US-Dk3,FNC_H,1
US-Dk3,NupI_H,[0 0 0]
US-Dk3,Nreserve_L,[1]
US-Dk3,Preserve_L,[1]
US-Dk3,Kreserve_L,[1]
US-Dk3,FNC_L,1
US-Dk3,NupI_L,[0 0 0]
US-Dk3,RexmyI,[0 0 0]
US-Dk3,TBio_L,0
US-Dk3,TBio_H,300
US-Dk3,Vx_H,10
US-Dk3,Vl_H,10
US-Dk3,Vx_L,10
US-Dk3,Vl_L,10
US-Dk3,SWE,0
US-Dk3,SND,0
US-Dk3,TdpI_H,2
US-Dk3,TdpI_L,2
US-Dk3,In_L,0
US-Dk3,In_urb,0
US-Dk3,In_Litter,0
US-Dk3,SP_wc,0
US-Dk3,In_SWE,0
US-Dk3,ros,0
US-Dk3,t_sls,0
US-Dk3,e_sno,0.97
US-Dk3,tau_sno,0
US-Dk3,EK,0
US-Dk3,WAT,0
US-Dk3,ICE,0
US-Dk3,IP_wc,0
US-Dk3,ICE_D,0
US-Dk3,FROCK,0
US-Dk3,Ws_under,1
US-Fmf,a_dis,NaN
US-Fmf,pow_dis,NaN
US-Fmf,fpr,1
US-Fmf,SvF,1
US-Fmf,SN,0
US-Fmf,Slo_top,0
US-Fmf,Ared,1
US-Fmf,aR,1
US-Fmf,cellsize,1
US-Fmf,Kbot,NaN
US-Fmf,Krock,NaN
US-Fmf,zatm,23
US-Fmf,Cwat,0
US-Fmf,Cbare,0
US-Fmf,Psan_Zs,"[0.43, 0.43, 0.392, 0.392, 0.281, 0.281, 0.281, 0.281, 0.281, 0.281, 0.33, 0.33, 0.33, 0.33, 0.33, 0.33]"
US-Fmf,Pcla_Zs,"[0.175, 0.175, 0.235, 0.235, 0.425, 0.425, 0.425, 0.425, 0.425, 0.425, 0.35, 0.35, 0.35, 0.35, 0.35, 0.35]"
US-Fmf,Porg_Zs,"[0.015, 0.015, 0.015, 0.015, 0.0075, 0.0075, 0.0075, 0.0075, 0.0075, 0.0075, 0.0025, 0.0025, 0.0025, 0.0025, 0.0025, 0.0025]"
US-Fmf,Color_Class,0
US-Fmf,SPAR,2
US-Fmf,Kfc,0.2
US-Fmf,Phy,10000
US-Fmf,Oice,0
US-Fmf,Zs,[0 10 20 50 100 150 200 300 400 500 600 700 800 1000 1250 1500 1700]
US-Fmf,Zdes,10
US-Fmf,Zinf,10
US-Fmf,Zbio,250
US-Fmf,In_max_urb,5
US-Fmf,In_max_rock,0.1
US-Fmf,TminS,-0.8
US-Fmf,TmaxS,2.8
US-Fmf,ros_max1,550
US-Fmf,ros_max2,260
US-Fmf,Th_Pr_sno,10.0
US-Fmf,Ice_wc_sp,0.01
US-Fmf,ros_Ice_thr,500
US-Fmf,Aice,0.35
US-Fmf,WatFreez_Th,-8
US-Fmf,dz_ice,0.54
US-Fmf,ExEM,1.0
US-Fmf,CASE_ROOT,1
US-Fmf,ZR95_H,[1700]
US-Fmf,ZR95_L,[0]
US-Fmf,ZR50_H,NaN
US-Fmf,ZR50_L,NaN
US-Fmf,ZRmax_H,NaN
US-Fmf,ZRmax_L,NaN
US-Fmf,Kct,0.75
US-Fmf,gcI,3.7
US-Fmf,KcI,0.06
US-Fmf,Sp_SN_In,5.9
US-Fmf,Sp_LAI_L_In,[0.2]
US-Fmf,Sp_LAI_H_In,[0.1]
US-Fmf,d_leaf_H,[0.25]
US-Fmf,d_leaf_L,[0.8]
US-Fmf,KnitH,0.35
US-Fmf,KnitL,0.0
US-Fmf,mSl_H,0.0
US-Fmf,mSl_L,0.0
US-Fmf,FI_H,[0.081]
US-Fmf,Do_H,[700]
US-Fmf,a1_H,[5]
US-Fmf,go_H,[ 0.01]
US-Fmf,CT_H,[3]
US-Fmf,DSE_H,[0.649]
US-Fmf,Ha_H,[89]
US-Fmf,gmes_H,[Inf]
US-Fmf,rjv_H,[1.8]
US-Fmf,FI_L,[0.081]
US-Fmf,Do_L,[2000]
US-Fmf,a1_L,[7]
US-Fmf,go_L,[0.01]
US-Fmf,CT_L,[3]
US-Fmf,DSE_L,[0.660]
US-Fmf,Ha_L,[48]
US-Fmf,gmes_L,[Inf]
US-Fmf,rjv_L,[2.6]
US-Fmf,Psi_sto_00_H,-0.8
US-Fmf,Psi_sto_50_H,-2.5
US-Fmf,PsiL00_H,-1.0
US-Fmf,PsiL50_H,-3.2
US-Fmf,Kleaf_max_H,10
US-Fmf,Cl_H,1200
US-Fmf,Axyl_H,15.0
US-Fmf,Kx_max_H,80000
US-Fmf,PsiX50_H,-5.0
US-Fmf,Cx_H,150
US-Fmf,Psi_sto_00_L,-0.8
US-Fmf,Psi_sto_50_L,-3.0
US-Fmf,PsiL00_L,-1.1
US-Fmf,PsiL50_L,-4.0
US-Fmf,Kleaf_max_L,5
US-Fmf,Cl_L,1200
US-Fmf,Axyl_L,0.0
US-Fmf,Kx_max_L,80000
US-Fmf,PsiX50_L,-4.5
US-Fmf,Cx_L,150
US-Fmf,PsiG50_H,-0.8
US-Fmf,PsiG99_H,-2.5
US-Fmf,gcoef_H,3.5
US-Fmf,PsiG50_L,-1.45
US-Fmf,PsiG99_L,-4.0
US-Fmf,gcoef_L,3.5
US-Fmf,OM_H,1
US-Fmf,OM_L,1
US-Fmf,Sllit,2
US-Fmf,Sl_H,[0.0174727]
US-Fmf,Nl_H,[62]
US-Fmf,r_H,[0.055]
US-Fmf,gR_H,[0.25]
US-Fmf,aSE_H,[0]
US-Fmf,dd_max_H,[1/200]
US-Fmf,dc_C_H,78/365
US-Fmf,Tcold_H,[-50]
US-Fmf,drn_H,[1/800]
US-Fmf,dsn_H,[1/600]
US-Fmf,age_cr_H,[1220]
US-Fmf,Bfac_lo_H,[0.99]
US-Fmf,Bfac_ls_H,[NaN]
US-Fmf,Tlo_H,[1.5]
US-Fmf,PAR_th_H,[NaN]
US-Fmf,dmg_H,[30]
US-Fmf,LAI_min_H,[0.001]
US-Fmf,Trr_H,[0.5]
US-Fmf,mjDay_H,[220]
US-Fmf,LDay_min_H,[14.1]
US-Fmf,LtR_H,[0.8]
US-Fmf,Mf_H,[1/50]
US-Fmf,Wm_H,[0]
US-Fmf,eps_ac_H,[0.8]
US-Fmf,LDay_cr_H,[11.8]
US-Fmf,Klf_H,[1/30]
US-Fmf,fab_H,[0.74]
US-Fmf,fbe_H,[0.26]
US-Fmf,ff_r_H,[0.1]
US-Fmf,Sl_L,[0.028]
US-Fmf,Nl_L,[23]
US-Fmf,r_L,[0.055]
US-Fmf,gR_L,[0.25]
US-Fmf,aSE_L,[2]
US-Fmf,dd_max_L,[1/360]
US-Fmf,dc_C_L,[7/365]
US-Fmf,Tcold_L,[0.0]
US-Fmf,drn_L,[1/570]
US-Fmf,dsn_L,[ 1/365]
US-Fmf,age_cr_L,[180]
US-Fmf,Bfac_lo_L,[0.99]
US-Fmf,Bfac_ls_L,[NaN]
US-Fmf,Tlo_L,[6.0]
US-Fmf,Tls_L,[NaN]
US-Fmf,PAR_th_L,[NaN]
US-Fmf,dmg_L,[25]
US-Fmf,LAI_min_L,[0.1]
US-Fmf,Trr_L,[4.0]
US-Fmf,mjDay_L,[220]
US-Fmf,LDay_min_L,[NaN]
US-Fmf,LtR_L,[0.8]
US-Fmf,Mf_L,[NaN]
US-Fmf,Wm_L,[NaN]
US-Fmf,eps_ac_L,[0.5]
US-Fmf,LDay_cr_L,[11.5]
US-Fmf,Klf_L,[NaN]
US-Fmf,fab_L,NaN
US-Fmf,fbe_L,NaN
US-Fmf,ff_r_L,[NaN]
US-Fmf,Vmax_H,[32]
US-Fmf,Vmax_L,[0]
US-Fmf,LAI_H,[4.03]
US-Fmf,B_H,[215 327 262 244 1 0 5 0]
US-Fmf,Rrootl_H,[4200]
US-Fmf,PHE_S_H,[4]
US-Fmf,dflo_H,[0]
US-Fmf,AgeL_H,[1172]
US-Fmf,e_rel_H,[1]
US-Fmf,hc_H,[18]
US-Fmf,SAI_H,[0.1]
US-Fmf,LAI_L,[0.0]
US-Fmf,B_L,[0 0 0 0 0 0 0 0]
US-Fmf,Rrootl_L,[0]
US-Fmf,PHE_S_L,[1]
US-Fmf,dflo_L,[0]
US-Fmf,AgeL_L,[0]
US-Fmf,e_rel_L,[1]
US-Fmf,hc_L,[0.0]
US-Fmf,SAI_L,[0.0]
US-Fmf,BLit,0.0
US-Fmf,Nreserve_H,[1000]
US-Fmf,Preserve_H,[100]
US-Fmf,Kreserve_H,[1000]
US-Fmf,FNC_H,1
US-Fmf,NupI_H,[0 0 0]
US-Fmf,Nreserve_L,[1]
US-Fmf,Preserve_L,[1]
US-Fmf,Kreserve_L,[1]
US-Fmf,FNC_L,1
US-Fmf,NupI_L,[0 0 0]
US-Fmf,RexmyI,[0 0 0]
US-Fmf,TBio_L,0
US-Fmf,TBio_H,300
US-Fmf,Vx_H,10
US-Fmf,Vl_H,10
US-Fmf,Vx_L,10
US-Fmf,Vl_L,10
US-Fmf,SWE,0
US-Fmf,SND,0
US-Fmf,TdpI_H,2
US-Fmf,TdpI_L,2
US-Fmf,In_L,0
US-Fmf,In_urb,0
US-Fmf,In_Litter,0
US-Fmf,SP_wc,0
US-Fmf,In_SWE,0
US-Fmf,ros,0
US-Fmf,t_sls,0
US-Fmf,e_sno,0.97
US-Fmf,tau_sno,0
US-Fmf,EK,0
US-Fmf,WAT,0
US-Fmf,ICE,0
US-Fmf,IP_wc,0
US-Fmf,ICE_D,0
US-Fmf,FROCK,0
US-Fmf,Ws_under,1
US-Fuf,a_dis,NaN
US-Fuf,pow_dis,NaN
US-Fuf,fpr,1
US-Fuf,SvF,1
US-Fuf,SN,0
US-Fuf,Slo_top,0
US-Fuf,Ared,1
US-Fuf,aR,1
US-Fuf,cellsize,1
US-Fuf,Kbot,NaN
US-Fuf,Krock,NaN
US-Fuf,zatm,23
US-Fuf,Cwat,0
US-Fuf,Cbare,0
US-Fuf,Psan_Zs,"[0.43, 0.43, 0.392, 0.392, 0.281, 0.281, 0.281, 0.281, 0.281, 0.281, 0.33, 0.33, 0.33, 0.33, 0.33, 0.33]"
US-Fuf,Pcla_Zs,"[0.175, 0.175, 0.235, 0.235, 0.425, 0.425, 0.425, 0.425, 0.425, 0.425, 0.35, 0.35, 0.35, 0.35, 0.35, 0.35]"
US-Fuf,Porg_Zs,"[0.015, 0.015, 0.015, 0.015, 0.0075, 0.0075, 0.0075, 0.0075, 0.0075, 0.0075, 0.0025, 0.0025, 0.0025, 0.0025, 0.0025, 0.0025]"
US-Fuf,Color_Class,0
US-Fuf,SPAR,2
US-Fuf,Kfc,0.2
US-Fuf,Phy,10000
US-Fuf,Oice,0
US-Fuf,Zs,[0 10 20 50 100 150 200 300 400 500 600 700 800 1000 1250 1500 1700]
US-Fuf,Zdes,10
US-Fuf,Zinf,10
US-Fuf,Zbio,250
US-Fuf,In_max_urb,5
US-Fuf,In_max_rock,0.1
US-Fuf,TminS,-0.8
US-Fuf,TmaxS,2.8
US-Fuf,ros_max1,550
US-Fuf,ros_max2,260
US-Fuf,Th_Pr_sno,10.0
US-Fuf,Ice_wc_sp,0.01
US-Fuf,ros_Ice_thr,500
US-Fuf,Aice,0.35
US-Fuf,WatFreez_Th,-8
US-Fuf,dz_ice,0.54
US-Fuf,ExEM,1.0
US-Fuf,CASE_ROOT,1
US-Fuf,ZR95_H,[1700]
US-Fuf,ZR95_L,[0]
US-Fuf,ZR50_H,NaN
US-Fuf,ZR50_L,NaN
US-Fuf,ZRmax_H,NaN
US-Fuf,ZRmax_L,NaN
US-Fuf,Kct,0.75
US-Fuf,gcI,3.7
US-Fuf,KcI,0.06
US-Fuf,Sp_SN_In,5.9
US-Fuf,Sp_LAI_L_In,[0.2]
US-Fuf,Sp_LAI_H_In,[0.1]
US-Fuf,d_leaf_H,[0.25]
US-Fuf,d_leaf_L,[0.8]
US-Fuf,KnitH,0.35
US-Fuf,KnitL,0.0
US-Fuf,mSl_H,0.0
US-Fuf,mSl_L,0.0
US-Fuf,FI_H,[0.081]
US-Fuf,Do_H,[700]
US-Fuf,a1_H,[5]
US-Fuf,go_H,[ 0.01]
US-Fuf,CT_H,[3]
US-Fuf,DSE_H,[0.649]
US-Fuf,Ha_H,[89]
US-Fuf,gmes_H,[Inf]
US-Fuf,rjv_H,[1.8]
US-Fuf,FI_L,[0.081]
US-Fuf,Do_L,[2000]
US-Fuf,a1_L,[7]
US-Fuf,go_L,[0.01]
US-Fuf,CT_L,[3]
US-Fuf,DSE_L,[0.660]
US-Fuf,Ha_L,[48]
US-Fuf,gmes_L,[Inf]
US-Fuf,rjv_L,[2.6]
US-Fuf,Psi_sto_00_H,-0.8
US-Fuf,Psi_sto_50_H,-2.5
US-Fuf,PsiL00_H,-1.0
US-Fuf,PsiL50_H,-3.2
US-Fuf,Kleaf_max_H,10
US-Fuf,Cl_H,1200
US-Fuf,Axyl_H,15.0
US-Fuf,Kx_max_H,80000
US-Fuf,PsiX50_H,-5.0
US-Fuf,Cx_H,150
US-Fuf,Psi_sto_00_L,-0.8
US-Fuf,Psi_sto_50_L,-3.0
US-Fuf,PsiL00_L,-1.1
US-Fuf,PsiL50_L,-4.0
US-Fuf,Kleaf_max_L,5
US-Fuf,Cl_L,1200
US-Fuf,Axyl_L,0.0
US-Fuf,Kx_max_L,80000
US-Fuf,PsiX50_L,-4.5
US-Fuf,Cx_L,150
US-Fuf,PsiG50_H,-0.8
US-Fuf,PsiG99_H,-2.5
US-Fuf,gcoef_H,3.5
US-Fuf,PsiG50_L,-1.45
US-Fuf,PsiG99_L,-4.0
US-Fuf,gcoef_L,3.5
US-Fuf,OM_H,1
US-Fuf,OM_L,1
US-Fuf,Sllit,2
US-Fuf,Sl_H,[0.0176457]
US-Fuf,Nl_H,[62]
US-Fuf,r_H,[0.055]
US-Fuf,gR_H,[0.25]
US-Fuf,aSE_H,[0]
US-Fuf,dd_max_H,[1/200]
US-Fuf,dc_C_H,78/365
US-Fuf,Tcold_H,[-50]
US-Fuf,drn_H,[1/800]
US-Fuf,dsn_H,[1/600]
US-Fuf,age_cr_H,[1220]
US-Fuf,Bfac_lo_H,[0.99]
US-Fuf,Bfac_ls_H,[NaN]
US-Fuf,Tlo_H,[1.5]
US-Fuf,PAR_th_H,[NaN]
US-Fuf,dmg_H,[30]
US-Fuf,LAI_min_H,[0.001]
US-Fuf,Trr_H,[0.5]
US-Fuf,mjDay_H,[220]
US-Fuf,LDay_min_H,[14.1]
US-Fuf,LtR_H,[0.8]
US-Fuf,Mf_H,[1/50]
US-Fuf,Wm_H,[0]
US-Fuf,eps_ac_H,[0.8]
US-Fuf,LDay_cr_H,[11.8]
US-Fuf,Klf_H,[1/30]
US-Fuf,fab_H,[0.74]
US-Fuf,fbe_H,[0.26]
US-Fuf,ff_r_H,[0.1]
US-Fuf,Sl_L,[0.028]
US-Fuf,Nl_L,[23]
US-Fuf,r_L,[0.055]
US-Fuf,gR_L,[0.25]
US-Fuf,aSE_L,[2]
US-Fuf,dd_max_L,[1/360]
US-Fuf,dc_C_L,[7/365]
US-Fuf,Tcold_L,[0.0]
US-Fuf,drn_L,[1/570]
US-Fuf,dsn_L,[ 1/365]
US-Fuf,age_cr_L,[180]
US-Fuf,Bfac_lo_L,[0.99]
US-Fuf,Bfac_ls_L,[NaN]
US-Fuf,Tlo_L,[6.0]
US-Fuf,Tls_L,[NaN]
US-Fuf,PAR_th_L,[NaN]
US-Fuf,dmg_L,[25]
US-Fuf,LAI_min_L,[0.1]
US-Fuf,Trr_L,[4.0]
US-Fuf,mjDay_L,[220]
US-Fuf,LDay_min_L,[NaN]
US-Fuf,LtR_L,[0.8]
US-Fuf,Mf_L,[NaN]
US-Fuf,Wm_L,[NaN]
US-Fuf,eps_ac_L,[0.5]
US-Fuf,LDay_cr_L,[11.5]
US-Fuf,Klf_L,[NaN]
US-Fuf,fab_L,NaN
US-Fuf,fbe_L,NaN
US-Fuf,ff_r_L,[NaN]
US-Fuf,Vmax_H,[32]
US-Fuf,Vmax_L,[0]
US-Fuf,LAI_H,[4.03]
US-Fuf,B_H,[215 327 262 244 1 0 5 0]
US-Fuf,Rrootl_H,[4200]
US-Fuf,PHE_S_H,[4]
US-Fuf,dflo_H,[0]
US-Fuf,AgeL_H,[1172]
US-Fuf,e_rel_H,[1]
US-Fuf,hc_H,[18]
US-Fuf,SAI_H,[0.1]
US-Fuf,LAI_L,[0.0]
US-Fuf,B_L,[0 0 0 0 0 0 0 0]
US-Fuf,Rrootl_L,[0]
US-Fuf,PHE_S_L,[1]
US-Fuf,dflo_L,[0]
US-Fuf,AgeL_L,[0]
US-Fuf,e_rel_L,[1]
US-Fuf,hc_L,[0.0]
US-Fuf,SAI_L,[0.0]
US-Fuf,BLit,0.0
US-Fuf,Nreserve_H,[1000]
US-Fuf,Preserve_H,[100]
US-Fuf,Kreserve_H,[1000]
US-Fuf,FNC_H,1
US-Fuf,NupI_H,[0 0 0]
US-Fuf,Nreserve_L,[1]
US-Fuf,Preserve_L,[1]
US-Fuf,Kreserve_L,[1]
US-Fuf,FNC_L,1
US-Fuf,NupI_L,[0 0 0]
US-Fuf,RexmyI,[0 0 0]
US-Fuf,TBio_L,0
US-Fuf,TBio_H,300
US-Fuf,Vx_H,10
US-Fuf,Vl_H,10
US-Fuf,Vx_L,10
US-Fuf,Vl_L,10
US-Fuf,SWE,0
US-Fuf,SND,0
US-Fuf,TdpI_H,2
US-Fuf,TdpI_L,2
US-Fuf,In_L,0
US-Fuf,In_urb,0
US-Fuf,In_Litter,0
US-Fuf,SP_wc,0
US-Fuf,In_SWE,0
US-Fuf,ros,0
US-Fuf,t_sls,0
US-Fuf,e_sno,0.97
US-Fuf,tau_sno,0
US-Fuf,EK,0
US-Fuf,WAT,0
US-Fuf,ICE,0
US-Fuf,IP_wc,0
US-Fuf,ICE_D,0
US-Fuf,FROCK,0
US-Fuf,Ws_under,1
US-GBT,a_dis,NaN
US-GBT,pow_dis,NaN
US-GBT,fpr,1
US-GBT,SvF,1
US-GBT,SN,0
US-GBT,Slo_top,0
US-GBT,Ared,1
US-GBT,aR,1
US-GBT,cellsize,1
US-GBT,Kbot,0.01
US-GBT,Krock,NaN
US-GBT,zatm,30.2
US-GBT,Cwat,0
US-GBT,Cbare,0
US-GBT,Psan_Zs,"[0.42, 0.42, 0.42, 0.42, 0.42, 0.6, 0.6, 0.6, 0.6, 0.6, 0.6, 0.6]"
US-GBT,Pcla_Zs,"[0.16, 0.16, 0.16, 0.16, 0.16, 0.14, 0.14, 0.14, 0.14, 0.14, 0.14, 0.14]"
US-GBT,Porg_Zs,"[0.015, 0.015, 0.015, 0.015, 0.015, 0.0075, 0.0075, 0.0075, 0.0075, 0.0075, 0.0075, 0.0075]"
US-GBT,Color_Class,0
US-GBT,SPAR,2
US-GBT,Kfc,0.2
US-GBT,Phy,10000
US-GBT,Oice,0
US-GBT,Zs,[0 10 20 50 100 150 200 300 400 500 600 700 740]
US-GBT,Zdes,10
US-GBT,Zinf,10
US-GBT,Zbio,250
US-GBT,In_max_urb,5
US-GBT,In_max_rock,0.1
US-GBT,TminS,-0.8
US-GBT,TmaxS,2.8
US-GBT,ros_max1,550
US-GBT,ros_max2,260
US-GBT,Th_Pr_sno,10.0
US-GBT,Ice_wc_sp,0.01
US-GBT,ros_Ice_thr,500
US-GBT,Aice,0.35
US-GBT,WatFreez_Th,-8
US-GBT,dz_ice,0.54
US-GBT,ExEM,1.0
US-GBT,CASE_ROOT,1
US-GBT,ZR95_H,[740]
US-GBT,ZR95_L,[0]
US-GBT,ZR50_H,NaN
US-GBT,ZR50_L,NaN
US-GBT,ZRmax_H,NaN
US-GBT,ZRmax_L,NaN
US-GBT,Kct,0.75
US-GBT,gcI,3.7
US-GBT,KcI,0.06
US-GBT,Sp_SN_In,5.9
US-GBT,Sp_LAI_L_In,[0.2]
US-GBT,Sp_LAI_H_In,[0.1]
US-GBT,d_leaf_H,[0.25]
US-GBT,d_leaf_L,[0.8]
US-GBT,KnitH,0.35
US-GBT,KnitL,0.0
US-GBT,mSl_H,0.0
US-GBT,mSl_L,0.0
US-GBT,FI_H,[0.081]
US-GBT,Do_H,[700]
US-GBT,a1_H,[5]
US-GBT,go_H,[ 0.01]
US-GBT,CT_H,[3]
US-GBT,DSE_H,[0.649]
US-GBT,Ha_H,[89]
US-GBT,gmes_H,[Inf]
US-GBT,rjv_H,[1.8]
US-GBT,FI_L,[0.081]
US-GBT,Do_L,[2000]
US-GBT,a1_L,[7]
US-GBT,go_L,[0.01]
US-GBT,CT_L,[3]
US-GBT,DSE_L,[0.660]
US-GBT,Ha_L,[48]
US-GBT,gmes_L,[Inf]
US-GBT,rjv_L,[2.6]
US-GBT,Psi_sto_00_H,-0.8
US-GBT,Psi_sto_50_H,-2.5
US-GBT,PsiL00_H,-1.0
US-GBT,PsiL50_H,-3.2
US-GBT,Kleaf_max_H,10
US-GBT,Cl_H,1200
US-GBT,Axyl_H,15.0
US-GBT,Kx_max_H,80000
US-GBT,PsiX50_H,-5.0
US-GBT,Cx_H,150
US-GBT,Psi_sto_00_L,-0.8
US-GBT,Psi_sto_50_L,-3.0
US-GBT,PsiL00_L,-1.1
US-GBT,PsiL50_L,-4.0
US-GBT,Kleaf_max_L,5
US-GBT,Cl_L,1200
US-GBT,Axyl_L,0.0
US-GBT,Kx_max_L,80000
US-GBT,PsiX50_L,-4.5
US-GBT,Cx_L,150
US-GBT,PsiG50_H,-0.8
US-GBT,PsiG99_H,-2.5
US-GBT,gcoef_H,3.5
US-GBT,PsiG50_L,-1.45
US-GBT,PsiG99_L,-4.0
US-GBT,gcoef_L,3.5
US-GBT,OM_H,1
US-GBT,OM_L,1
US-GBT,Sllit,2
US-GBT,Sl_H,[0.0174378]
US-GBT,Nl_H,[62]
US-GBT,r_H,[0.055]
US-GBT,gR_H,[0.25]
US-GBT,aSE_H,[0]
US-GBT,dd_max_H,[1/200]
US-GBT,dc_C_H,78/365
US-GBT,Tcold_H,[-50]
US-GBT,drn_H,[1/800]
US-GBT,dsn_H,[1/600]
US-GBT,age_cr_H,[1220]
US-GBT,Bfac_lo_H,[0.99]
US-GBT,Bfac_ls_H,[NaN]
US-GBT,Tlo_H,[1.5]
US-GBT,PAR_th_H,[NaN]
US-GBT,dmg_H,[30]
US-GBT,LAI_min_H,[0.001]
US-GBT,Trr_H,[0.5]
US-GBT,mjDay_H,[220]
US-GBT,LDay_min_H,[14.1]
US-GBT,LtR_H,[0.8]
US-GBT,Mf_H,[1/50]
US-GBT,Wm_H,[0]
US-GBT,eps_ac_H,[0.8]
US-GBT,LDay_cr_H,[11.8]
US-GBT,Klf_H,[1/30]
US-GBT,fab_H,[0.74]
US-GBT,fbe_H,[0.26]
US-GBT,ff_r_H,[0.1]
US-GBT,Sl_L,[0.028]
US-GBT,Nl_L,[23]
US-GBT,r_L,[0.055]
US-GBT,gR_L,[0.25]
US-GBT,aSE_L,[2]
US-GBT,dd_max_L,[1/360]
US-GBT,dc_C_L,[7/365]
US-GBT,Tcold_L,[0.0]
US-GBT,drn_L,[1/570]
US-GBT,dsn_L,[ 1/365]
US-GBT,age_cr_L,[180]
US-GBT,Bfac_lo_L,[0.99]
US-GBT,Bfac_ls_L,[NaN]
US-GBT,Tlo_L,[6.0]
US-GBT,Tls_L,[NaN]
US-GBT,PAR_th_L,[NaN]
US-GBT,dmg_L,[25]
US-GBT,LAI_min_L,[0.1]
US-GBT,Trr_L,[4.0]
US-GBT,mjDay_L,[220]
US-GBT,LDay_min_L,[NaN]
US-GBT,LtR_L,[0.8]
US-GBT,Mf_L,[NaN]
US-GBT,Wm_L,[NaN]
US-GBT,eps_ac_L,[0.5]
US-GBT,LDay_cr_L,[11.5]
US-GBT,Klf_L,[NaN]
US-GBT,fab_L,NaN
US-GBT,fbe_L,NaN
US-GBT,ff_r_L,[NaN]
US-GBT,Vmax_H,[32]
US-GBT,Vmax_L,[0]
US-GBT,LAI_H,[4.03]
US-GBT,B_H,[215 327 262 244 1 0 5 0]
US-GBT,Rrootl_H,[4200]
US-GBT,PHE_S_H,[4]
US-GBT,dflo_H,[0]
US-GBT,AgeL_H,[1172]
US-GBT,e_rel_H,[1]
US-GBT,hc_H,[27.7]
US-GBT,SAI_H,[0.1]
US-GBT,LAI_L,[0.0]
US-GBT,B_L,[0 0 0 0 0 0 0 0]
US-GBT,Rrootl_L,[0]
US-GBT,PHE_S_L,[1]
US-GBT,dflo_L,[0]
US-GBT,AgeL_L,[0]
US-GBT,e_rel_L,[1]
US-GBT,hc_L,[0.0]
US-GBT,SAI_L,[0.0]
US-GBT,BLit,0.0
US-GBT,Nreserve_H,[1000]
US-GBT,Preserve_H,[100]
US-GBT,Kreserve_H,[1000]
US-GBT,FNC_H,1
US-GBT,NupI_H,[0 0 0]
US-GBT,Nreserve_L,[1]
US-GBT,Preserve_L,[1]
US-GBT,Kreserve_L,[1]
US-GBT,FNC_L,1
US-GBT,NupI_L,[0 0 0]
US-GBT,RexmyI,[0 0 0]
US-GBT,TBio_L,0
US-GBT,TBio_H,300
US-GBT,Vx_H,10
US-GBT,Vl_H,10
US-GBT,Vx_L,10
US-GBT,Vl_L,10
US-GBT,SWE,0
US-GBT,SND,0
US-GBT,TdpI_H,2
US-GBT,TdpI_L,2
US-GBT,In_L,0
US-GBT,In_urb,0
US-GBT,In_Litter,0
US-GBT,SP_wc,0
US-GBT,In_SWE,0
US-GBT,ros,0
US-GBT,t_sls,0
US-GBT,e_sno,0.97
US-GBT,tau_sno,0
US-GBT,EK,0
US-GBT,WAT,0
US-GBT,ICE,0
US-GBT,IP_wc,0
US-GBT,ICE_D,0
US-GBT,FROCK,0
US-GBT,Ws_under,1
US-GLE,a_dis,NaN
US-GLE,pow_dis,NaN
US-GLE,fpr,1
US-GLE,SvF,1
US-GLE,SN,0
US-GLE,Slo_top,0
US-GLE,Ared,1
US-GLE,aR,1
US-GLE,cellsize,1
US-GLE,Kbot,0.01
US-GLE,Krock,NaN
US-GLE,zatm,30.2
US-GLE,Cwat,0
US-GLE,Cbare,0
US-GLE,Psan_Zs,"[0.42, 0.42, 0.42, 0.42, 0.42, 0.6, 0.6, 0.6, 0.6, 0.6, 0.6, 0.6]"
US-GLE,Pcla_Zs,"[0.16, 0.16, 0.16, 0.16, 0.16, 0.14, 0.14, 0.14, 0.14, 0.14, 0.14, 0.14]"
US-GLE,Porg_Zs,"[0.015, 0.015, 0.015, 0.015, 0.015, 0.0075, 0.0075, 0.0075, 0.0075, 0.0075, 0.0075, 0.0075]"
US-GLE,Color_Class,0
US-GLE,SPAR,2
US-GLE,Kfc,0.2
US-GLE,Phy,10000
US-GLE,Oice,0
US-GLE,Zs,[0 10 20 50 100 150 200 300 400 500 600 700 740]
US-GLE,Zdes,10
US-GLE,Zinf,10
US-GLE,Zbio,250
US-GLE,In_max_urb,5
US-GLE,In_max_rock,0.1
US-GLE,TminS,-0.8
US-GLE,TmaxS,2.8
US-GLE,ros_max1,550
US-GLE,ros_max2,260
US-GLE,Th_Pr_sno,10.0
US-GLE,Ice_wc_sp,0.01
US-GLE,ros_Ice_thr,500
US-GLE,Aice,0.35
US-GLE,WatFreez_Th,-8
US-GLE,dz_ice,0.54
US-GLE,ExEM,1.0
US-GLE,CASE_ROOT,1
US-GLE,ZR95_H,[740]
US-GLE,ZR95_L,[0]
US-GLE,ZR50_H,NaN
US-GLE,ZR50_L,NaN
US-GLE,ZRmax_H,NaN
US-GLE,ZRmax_L,NaN
US-GLE,Kct,0.75
US-GLE,gcI,3.7
US-GLE,KcI,0.06
US-GLE,Sp_SN_In,5.9
US-GLE,Sp_LAI_L_In,[0.2]
US-GLE,Sp_LAI_H_In,[0.1]
US-GLE,d_leaf_H,[0.25]
US-GLE,d_leaf_L,[0.8]
US-GLE,KnitH,0.35
US-GLE,KnitL,0.0
US-GLE,mSl_H,0.0
US-GLE,mSl_L,0.0
US-GLE,FI_H,[0.081]
US-GLE,Do_H,[700]
US-GLE,a1_H,[5]
US-GLE,go_H,[ 0.01]
US-GLE,CT_H,[3]
US-GLE,DSE_H,[0.649]
US-GLE,Ha_H,[89]
US-GLE,gmes_H,[Inf]
US-GLE,rjv_H,[1.8]
US-GLE,FI_L,[0.081]
US-GLE,Do_L,[2000]
US-GLE,a1_L,[7]
US-GLE,go_L,[0.01]
US-GLE,CT_L,[3]
US-GLE,DSE_L,[0.660]
US-GLE,Ha_L,[48]
US-GLE,gmes_L,[Inf]
US-GLE,rjv_L,[2.6]
US-GLE,Psi_sto_00_H,-0.8
US-GLE,Psi_sto_50_H,-2.5
US-GLE,PsiL00_H,-1.0
US-GLE,PsiL50_H,-3.2
US-GLE,Kleaf_max_H,10
US-GLE,Cl_H,1200
US-GLE,Axyl_H,15.0
US-GLE,Kx_max_H,80000
US-GLE,PsiX50_H,-5.0
US-GLE,Cx_H,150
US-GLE,Psi_sto_00_L,-0.8
US-GLE,Psi_sto_50_L,-3.0
US-GLE,PsiL00_L,-1.1
US-GLE,PsiL50_L,-4.0
US-GLE,Kleaf_max_L,5
US-GLE,Cl_L,1200
US-GLE,Axyl_L,0.0
US-GLE,Kx_max_L,80000
US-GLE,PsiX50_L,-4.5
US-GLE,Cx_L,150
US-GLE,PsiG50_H,-0.8
US-GLE,PsiG99_H,-2.5
US-GLE,gcoef_H,3.5
US-GLE,PsiG50_L,-1.45
US-GLE,PsiG99_L,-4.0
US-GLE,gcoef_L,3.5
US-GLE,OM_H,1
US-GLE,OM_L,1
US-GLE,Sllit,2
US-GLE,Sl_H,[0.0174378]
US-GLE,Nl_H,[62]
US-GLE,r_H,[0.055]
US-GLE,gR_H,[0.25]
US-GLE,aSE_H,[0]
US-GLE,dd_max_H,[1/200]
US-GLE,dc_C_H,78/365
US-GLE,Tcold_H,[-50]
US-GLE,drn_H,[1/800]
US-GLE,dsn_H,[1/600]
US-GLE,age_cr_H,[1220]
US-GLE,Bfac_lo_H,[0.99]
US-GLE,Bfac_ls_H,[NaN]
US-GLE,Tlo_H,[1.5]
US-GLE,PAR_th_H,[NaN]
US-GLE,dmg_H,[30]
US-GLE,LAI_min_H,[0.001]
US-GLE,Trr_H,[0.5]
US-GLE,mjDay_H,[220]
US-GLE,LDay_min_H,[14.1]
US-GLE,LtR_H,[0.8]
US-GLE,Mf_H,[1/50]
US-GLE,Wm_H,[0]
US-GLE,eps_ac_H,[0.8]
US-GLE,LDay_cr_H,[11.8]
US-GLE,Klf_H,[1/30]
US-GLE,fab_H,[0.74]
US-GLE,fbe_H,[0.26]
US-GLE,ff_r_H,[0.1]
US-GLE,Sl_L,[0.028]
US-GLE,Nl_L,[23]
US-GLE,r_L,[0.055]
US-GLE,gR_L,[0.25]
US-GLE,aSE_L,[2]
US-GLE,dd_max_L,[1/360]
US-GLE,dc_C_L,[7/365]
US-GLE,Tcold_L,[0.0]
US-GLE,drn_L,[1/570]
US-GLE,dsn_L,[ 1/365]
US-GLE,age_cr_L,[180]
US-GLE,Bfac_lo_L,[0.99]
US-GLE,Bfac_ls_L,[NaN]
US-GLE,Tlo_L,[6.0]
US-GLE,Tls_L,[NaN]
US-GLE,PAR_th_L,[NaN]
US-GLE,dmg_L,[25]
US-GLE,LAI_min_L,[0.1]
US-GLE,Trr_L,[4.0]
US-GLE,mjDay_L,[220]
US-GLE,LDay_min_L,[NaN]
US-GLE,LtR_L,[0.8]
US-GLE,Mf_L,[NaN]
US-GLE,Wm_L,[NaN]
US-GLE,eps_ac_L,[0.5]
US-GLE,LDay_cr_L,[11.5]
US-GLE,Klf_L,[NaN]
US-GLE,fab_L,NaN
US-GLE,fbe_L,NaN
US-GLE,ff_r_L,[NaN]
US-GLE,Vmax_H,[32]
US-GLE,Vmax_L,[0]
US-GLE,LAI_H,[4.03]
US-GLE,B_H,[215 327 262 244 1 0 5 0]
US-GLE,Rrootl_H,[4200]
US-GLE,PHE_S_H,[4]
US-GLE,dflo_H,[0]
US-GLE,AgeL_H,[1172]
US-GLE,e_rel_H,[1]
US-GLE,hc_H,[27.7]
US-GLE,SAI_H,[0.1]
US-GLE,LAI_L,[0.0]
US-GLE,B_L,[0 0 0 0 0 0 0 0]
US-GLE,Rrootl_L,[0]
US-GLE,PHE_S_L,[1]
US-GLE,dflo_L,[0]
US-GLE,AgeL_L,[0]
US-GLE,e_rel_L,[1]
US-GLE,hc_L,[0.0]
US-GLE,SAI_L,[0.0]
US-GLE,BLit,0.0
US-GLE,Nreserve_H,[1000]
US-GLE,Preserve_H,[100]
US-GLE,Kreserve_H,[1000]
US-GLE,FNC_H,1
US-GLE,NupI_H,[0 0 0]
US-GLE,Nreserve_L,[1]
US-GLE,Preserve_L,[1]
US-GLE,Kreserve_L,[1]
US-GLE,FNC_L,1
US-GLE,NupI_L,[0 0 0]
US-GLE,RexmyI,[0 0 0]
US-GLE,TBio_L,0
US-GLE,TBio_H,300
US-GLE,Vx_H,10
US-GLE,Vl_H,10
US-GLE,Vx_L,10
US-GLE,Vl_L,10
US-GLE,SWE,0
US-GLE,SND,0
US-GLE,TdpI_H,2
US-GLE,TdpI_L,2
US-GLE,In_L,0
US-GLE,In_urb,0
US-GLE,In_Litter,0
US-GLE,SP_wc,0
US-GLE,In_SWE,0
US-GLE,ros,0
US-GLE,t_sls,0
US-GLE,e_sno,0.97
US-GLE,tau_sno,0
US-GLE,EK,0
US-GLE,WAT,0
US-GLE,ICE,0
US-GLE,IP_wc,0
US-GLE,ICE_D,0
US-GLE,FROCK,0
US-GLE,Ws_under,1
US-HBK,a_dis,NaN
US-HBK,pow_dis,NaN
US-HBK,fpr,1
US-HBK,SvF,1
US-HBK,SN,0
US-HBK,Slo_top,0
US-HBK,Ared,1
US-HBK,aR,1
US-HBK,cellsize,1
US-HBK,Kbot,NaN
US-HBK,Krock,NaN
US-HBK,zatm,30
US-HBK,Cwat,0
US-HBK,Cbare,0
US-HBK,Psan_Zs,"[0.48979, 0.48979, 0.48979, 0.53964, 0.53964, 0.63583, 0.63583, 0.66181, 0.66181, 0.66181, 0.7414, 0.7414, 0.7414, 0.83722, 0.83722, 0.83722, 0.83722]"
US-HBK,Pcla_Zs,"[0.05978, 0.05978, 0.05978, 0.05266, 0.05266, 0.03402, 0.03402, 0.02785, 0.02785, 0.02785, 0.01986, 0.01986, 0.01986, 0.01874, 0.01874, 0.01874, 0.01874]"
US-HBK,Porg_Zs,"[0.08, 0.08, 0.08, 0.05873, 0.05873, 0.01809, 0.01809, 0.01223, 0.01223, 0.01223, 0.00334, 0.00334, 0.00334, 0.00087, 0.00087, 0.00087, 0.00087]"
US-HBK,Color_Class,0
US-HBK,SPAR,2
US-HBK,Kfc,0.2
US-HBK,Phy,10000
US-HBK,Oice,0
US-HBK,Zs,[0 10 20 50 100 150 200 300 400 500 600 700 800 1000 1250 1500 1750 2000]
US-HBK,Zdes,10
US-HBK,Zinf,10
US-HBK,Zbio,250
US-HBK,In_max_urb,5
US-HBK,In_max_rock,0.1
US-HBK,TminS,-0.8
US-HBK,TmaxS,2.8
US-HBK,ros_max1,550
US-HBK,ros_max2,260
US-HBK,Th_Pr_sno,10.0
US-HBK,Ice_wc_sp,0.01
US-HBK,ros_Ice_thr,500
US-HBK,Aice,0.35
US-HBK,WatFreez_Th,-8
US-HBK,dz_ice,0.54
US-HBK,ExEM,1.0
US-HBK,CASE_ROOT,1
US-HBK,ZR95_H,[1000]
US-HBK,ZR95_L,[0]
US-HBK,ZR50_H,NaN
US-HBK,ZR50_L,NaN
US-HBK,ZRmax_H,NaN
US-HBK,ZRmax_L,NaN
US-HBK,Kct,0.75
US-HBK,gcI,3.7
US-HBK,KcI,0.06
US-HBK,Sp_SN_In,5.9
US-HBK,Sp_LAI_L_In,[0.2]
US-HBK,Sp_LAI_H_In,[0.1]
US-HBK,d_leaf_H,[7]
US-HBK,d_leaf_L,[0.8]
US-HBK,KnitH,[0.4]
US-HBK,KnitL,0.0
US-HBK,mSl_H,0.0
US-HBK,mSl_L,0.0
US-HBK,FI_H,[0.081]
US-HBK,Do_H,[600]
US-HBK,a1_H,[6]
US-HBK,go_H,[0.01]
US-HBK,CT_H,[3]
US-HBK,DSE_H,[0.649]
US-HBK,Ha_H,[72]
US-HBK,gmes_H,[Inf]
US-HBK,rjv_H,[2.1]
US-HBK,FI_L,[0.081]
US-HBK,Do_L,[2000]
US-HBK,a1_L,[7]
US-HBK,go_L,[0.01]
US-HBK,CT_L,[3]
US-HBK,DSE_L,[0.660]
US-HBK,Ha_L,[48]
US-HBK,gmes_L,[Inf]
US-HBK,rjv_L,[2.6]
US-HBK,Psi_sto_00_H,[-0.7]
US-HBK,Psi_sto_50_H,[-2.5]
US-HBK,PsiL00_H,[0.4]
US-HBK,PsiL50_H,[-6.5]
US-HBK,Kleaf_max_H,10
US-HBK,Cl_H,1200
US-HBK,Axyl_H,15.0
US-HBK,Kx_max_H,80000
US-HBK,PsiX50_H,[-9]
US-HBK,Cx_H,150
US-HBK,Psi_sto_00_L,-0.8
US-HBK,Psi_sto_50_L,-3.0
US-HBK,PsiL00_L,-1.1
US-HBK,PsiL50_L,-4.0
US-HBK,Kleaf_max_L,5
US-HBK,Cl_L,1200
US-HBK,Axyl_L,0.0
US-HBK,Kx_max_L,80000
US-HBK,PsiX50_L,-4.5
US-HBK,Cx_L,150
US-HBK,PsiG50_H,[-0.7]
US-HBK,PsiG99_H,[-6.5]
US-HBK,gcoef_H,3.5
US-HBK,PsiG50_L,-1.45
US-HBK,PsiG99_L,-4.0
US-HBK,gcoef_L,3.5
US-HBK,OM_H,1
US-HBK,OM_L,1
US-HBK,Sllit,2
US-HBK,Sl_H,[0.025225]
US-HBK,Nl_H,[35]
US-HBK,r_H,[0.02]
US-HBK,gR_H,[0.22]
US-HBK,aSE_H,[1]
US-HBK,dd_max_H,[1/365]
US-HBK,dc_C_H,[0.0274]
US-HBK,Tcold_H,[5]
US-HBK,drn_H,[0.0020]
US-HBK,dsn_H,[0.0027]
US-HBK,age_cr_H,[110]
US-HBK,Bfac_lo_H,[0.9]
US-HBK,Bfac_ls_H,[NaN]
US-HBK,Tlo_H,[4.0]
US-HBK,PAR_th_H,[NaN]
US-HBK,dmg_H,[30]
US-HBK,LAI_min_H,[0.001]
US-HBK,Trr_H,[3.0]
US-HBK,mjDay_H,[230]
US-HBK,LDay_min_H,[11.5]
US-HBK,LtR_H,[1.5]
US-HBK,Mf_H,[0.0125]
US-HBK,Wm_H,[0]
US-HBK,eps_ac_H,[0.3]
US-HBK,LDay_cr_H,[12.0]
US-HBK,Klf_H,[0.025]
US-HBK,fab_H,[0.74]
US-HBK,fbe_H,[0.26]
US-HBK,ff_r_H,[0.1]
US-HBK,Sl_L,[0.028]
US-HBK,Nl_L,[23]
US-HBK,r_L,[0.055]
US-HBK,gR_L,[0.25]
US-HBK,aSE_L,[2]
US-HBK,dd_max_L,[1/360]
US-HBK,dc_C_L,[7/365]
US-HBK,Tcold_L,[0.0]
US-HBK,drn_L,[1/570]
US-HBK,dsn_L,[ 1/365]
US-HBK,age_cr_L,[180]
US-HBK,Bfac_lo_L,[0.99]
US-HBK,Bfac_ls_L,[NaN]
US-HBK,Tlo_L,[6.0]
US-HBK,Tls_L,[NaN]
US-HBK,PAR_th_L,[NaN]
US-HBK,dmg_L,[25]
US-HBK,LAI_min_L,[0.1]
US-HBK,Trr_L,[4.0]
US-HBK,mjDay_L,[220]
US-HBK,LDay_min_L,[NaN]
US-HBK,LtR_L,[0.8]
US-HBK,Mf_L,[NaN]
US-HBK,Wm_L,[NaN]
US-HBK,eps_ac_L,[0.5]
US-HBK,LDay_cr_L,[11.5]
US-HBK,Klf_L,[NaN]
US-HBK,fab_L,NaN
US-HBK,fbe_L,NaN
US-HBK,ff_r_L,[NaN]
US-HBK,Vmax_H,[50]
US-HBK,Vmax_L,[0]
US-HBK,LAI_H,[0.0]
US-HBK,B_H,[0 327 262 350 0 0 0 0]
US-HBK,Rrootl_H,[4200]
US-HBK,PHE_S_H,[1]
US-HBK,dflo_H,[0]
US-HBK,AgeL_H,[0]
US-HBK,e_rel_H,[1]
US-HBK,hc_H,[22]
US-HBK,SAI_H,[0.1]
US-HBK,LAI_L,[0.0]
US-HBK,B_L,[0 0 0 0 0 0 0 0]
US-HBK,Rrootl_L,[0]
US-HBK,PHE_S_L,[1]
US-HBK,dflo_L,[0]
US-HBK,AgeL_L,[0]
US-HBK,e_rel_L,[1]
US-HBK,hc_L,[0.0]
US-HBK,SAI_L,[0.0]
US-HBK,BLit,0.0
US-HBK,Nreserve_H,[1000]
US-HBK,Preserve_H,[100]
US-HBK,Kreserve_H,[1000]
US-HBK,FNC_H,1
US-HBK,NupI_H,[0 0 0]
US-HBK,Nreserve_L,[1]
US-HBK,Preserve_L,[1]
US-HBK,Kreserve_L,[1]
US-HBK,FNC_L,1
US-HBK,NupI_L,[0 0 0]
US-HBK,RexmyI,[0 0 0]
US-HBK,TBio_L,0
US-HBK,TBio_H,300
US-HBK,Vx_H,10
US-HBK,Vl_H,10
US-HBK,Vx_L,10
US-HBK,Vl_L,10
US-HBK,SWE,0
US-HBK,SND,0
US-HBK,TdpI_H,2
US-HBK,TdpI_L,2
US-HBK,In_L,0
US-HBK,In_urb,0
US-HBK,In_Litter,0
US-HBK,SP_wc,0
US-HBK,In_SWE,0
US-HBK,ros,0
US-HBK,t_sls,0
US-HBK,e_sno,0.97
US-HBK,tau_sno,0
US-HBK,EK,0
US-HBK,WAT,0
US-HBK,ICE,0
US-HBK,IP_wc,0
US-HBK,ICE_D,0
US-HBK,FROCK,0
US-HBK,Ws_under,1
US-Ha1,a_dis,NaN
US-Ha1,pow_dis,NaN
US-Ha1,fpr,1
US-Ha1,SvF,1
US-Ha1,SN,0
US-Ha1,Slo_top,0
US-Ha1,Ared,1
US-Ha1,aR,1
US-Ha1,cellsize,1
US-Ha1,Kbot,NaN
US-Ha1,Krock,NaN
US-Ha1,zatm,29
US-Ha1,Cwat,0
US-Ha1,Cbare,0
US-Ha1,Psan_Zs,"[0.58, 0.58, 0.58, 0.53, 0.53, 0.53, 0.53, 0.65, 0.65, 0.65, 0.65, 0.65, 0.8, 0.8, 0.8, 0.8]"
US-Ha1,Pcla_Zs,"[0.03, 0.03, 0.03, 0.06, 0.06, 0.03, 0.03, 0.04, 0.04, 0.04, 0.04, 0.04, 0.02, 0.02, 0.02, 0.02]"
US-Ha1,Porg_Zs,"[0.04, 0.04, 0.04, 0.07, 0.04, 0.04, 0.04, 0.02, 0.02, 0.02, 0.02, 0.02, 0.005, 0.005, 0.005, 0.005]"
US-Ha1,Color_Class,0
US-Ha1,SPAR,2
US-Ha1,Kfc,0.2
US-Ha1,Phy,10000
US-Ha1,Oice,0
US-Ha1,Zs,[0 10 20 50 100 150 200 300 400 500 600 700 800 1000 1250 1500 1600]
US-Ha1,Zdes,10
US-Ha1,Zinf,10
US-Ha1,Zbio,250
US-Ha1,In_max_urb,5
US-Ha1,In_max_rock,0.1
US-Ha1,TminS,-0.8
US-Ha1,TmaxS,2.8
US-Ha1,ros_max1,550
US-Ha1,ros_max2,260
US-Ha1,Th_Pr_sno,10.0
US-Ha1,Ice_wc_sp,0.01
US-Ha1,ros_Ice_thr,500
US-Ha1,Aice,0.35
US-Ha1,WatFreez_Th,-8
US-Ha1,dz_ice,0.54
US-Ha1,ExEM,1.0
US-Ha1,CASE_ROOT,1
US-Ha1,ZR95_H,[1100]
US-Ha1,ZR95_L,[0]
US-Ha1,ZR50_H,NaN
US-Ha1,ZR50_L,NaN
US-Ha1,ZRmax_H,NaN
US-Ha1,ZRmax_L,NaN
US-Ha1,Kct,0.75
US-Ha1,gcI,3.7
US-Ha1,KcI,0.06
US-Ha1,Sp_SN_In,5.9
US-Ha1,Sp_LAI_L_In,[0.2]
US-Ha1,Sp_LAI_H_In,[0.1]
US-Ha1,d_leaf_H,[7]
US-Ha1,d_leaf_L,[0.8]
US-Ha1,KnitH,[0.4]
US-Ha1,KnitL,0.0
US-Ha1,mSl_H,0.0
US-Ha1,mSl_L,0.0
US-Ha1,FI_H,[0.081]
US-Ha1,Do_H,[600]
US-Ha1,a1_H,[6]
US-Ha1,go_H,[0.01]
US-Ha1,CT_H,[3]
US-Ha1,DSE_H,[0.649]
US-Ha1,Ha_H,[72]
US-Ha1,gmes_H,[Inf]
US-Ha1,rjv_H,[2.1]
US-Ha1,FI_L,[0.081]
US-Ha1,Do_L,[2000]
US-Ha1,a1_L,[7]
US-Ha1,go_L,[0.01]
US-Ha1,CT_L,[3]
US-Ha1,DSE_L,[0.660]
US-Ha1,Ha_L,[48]
US-Ha1,gmes_L,[Inf]
US-Ha1,rjv_L,[2.6]
US-Ha1,Psi_sto_00_H,[-0.7]
US-Ha1,Psi_sto_50_H,[-2.5]
US-Ha1,PsiL00_H,[0.4]
US-Ha1,PsiL50_H,[-6.5]
US-Ha1,Kleaf_max_H,10
US-Ha1,Cl_H,1200
US-Ha1,Axyl_H,15.0
US-Ha1,Kx_max_H,80000
US-Ha1,PsiX50_H,[-9]
US-Ha1,Cx_H,150
US-Ha1,Psi_sto_00_L,-0.8
US-Ha1,Psi_sto_50_L,-3.0
US-Ha1,PsiL00_L,-1.1
US-Ha1,PsiL50_L,-4.0
US-Ha1,Kleaf_max_L,5
US-Ha1,Cl_L,1200
US-Ha1,Axyl_L,0.0
US-Ha1,Kx_max_L,80000
US-Ha1,PsiX50_L,-4.5
US-Ha1,Cx_L,150
US-Ha1,PsiG50_H,[-0.7]
US-Ha1,PsiG99_H,[-6.5]
US-Ha1,gcoef_H,3.5
US-Ha1,PsiG50_L,-1.45
US-Ha1,PsiG99_L,-4.0
US-Ha1,gcoef_L,3.5
US-Ha1,OM_H,1
US-Ha1,OM_L,1
US-Ha1,Sllit,2
US-Ha1,Sl_H,[0.02324]
US-Ha1,Nl_H,[35]
US-Ha1,r_H,[0.02]
US-Ha1,gR_H,[0.22]
US-Ha1,aSE_H,[1]
US-Ha1,dd_max_H,[1/365]
US-Ha1,dc_C_H,[0.0274]
US-Ha1,Tcold_H,[5]
US-Ha1,drn_H,[0.0020]
US-Ha1,dsn_H,[0.0027]
US-Ha1,age_cr_H,[110]
US-Ha1,Bfac_lo_H,[0.9]
US-Ha1,Bfac_ls_H,[NaN]
US-Ha1,Tlo_H,[4.0]
US-Ha1,PAR_th_H,[NaN]
US-Ha1,dmg_H,[30]
US-Ha1,LAI_min_H,[0.001]
US-Ha1,Trr_H,[3.0]
US-Ha1,mjDay_H,[230]
US-Ha1,LDay_min_H,[11.5]
US-Ha1,LtR_H,[1.5]
US-Ha1,Mf_H,[0.0125]
US-Ha1,Wm_H,[0]
US-Ha1,eps_ac_H,[0.3]
US-Ha1,LDay_cr_H,[12.0]
US-Ha1,Klf_H,[0.025]
US-Ha1,fab_H,[0.74]
US-Ha1,fbe_H,[0.26]
US-Ha1,ff_r_H,[0.1]
US-Ha1,Sl_L,[0.028]
US-Ha1,Nl_L,[23]
US-Ha1,r_L,[0.055]
US-Ha1,gR_L,[0.25]
US-Ha1,aSE_L,[2]
US-Ha1,dd_max_L,[1/360]
US-Ha1,dc_C_L,[7/365]
US-Ha1,Tcold_L,[0.0]
US-Ha1,drn_L,[1/570]
US-Ha1,dsn_L,[ 1/365]
US-Ha1,age_cr_L,[180]
US-Ha1,Bfac_lo_L,[0.99]
US-Ha1,Bfac_ls_L,[NaN]
US-Ha1,Tlo_L,[6.0]
US-Ha1,Tls_L,[NaN]
US-Ha1,PAR_th_L,[NaN]
US-Ha1,dmg_L,[25]
US-Ha1,LAI_min_L,[0.1]
US-Ha1,Trr_L,[4.0]
US-Ha1,mjDay_L,[220]
US-Ha1,LDay_min_L,[NaN]
US-Ha1,LtR_L,[0.8]
US-Ha1,Mf_L,[NaN]
US-Ha1,Wm_L,[NaN]
US-Ha1,eps_ac_L,[0.5]
US-Ha1,LDay_cr_L,[11.5]
US-Ha1,Klf_L,[NaN]
US-Ha1,fab_L,NaN
US-Ha1,fbe_L,NaN
US-Ha1,ff_r_L,[NaN]
US-Ha1,Vmax_H,[50]
US-Ha1,Vmax_L,[0]
US-Ha1,LAI_H,[0.0]
US-Ha1,B_H,[0 327 262 350 0 0 0 0]
US-Ha1,Rrootl_H,[4200]
US-Ha1,PHE_S_H,[1]
US-Ha1,dflo_H,[0]
US-Ha1,AgeL_H,[0]
US-Ha1,e_rel_H,[1]
US-Ha1,hc_H,[25.4]
US-Ha1,SAI_H,[0.1]
US-Ha1,LAI_L,[0.0]
US-Ha1,B_L,[0 0 0 0 0 0 0 0]
US-Ha1,Rrootl_L,[0]
US-Ha1,PHE_S_L,[1]
US-Ha1,dflo_L,[0]
US-Ha1,AgeL_L,[0]
US-Ha1,e_rel_L,[1]
US-Ha1,hc_L,[0.0]
US-Ha1,SAI_L,[0.0]
US-Ha1,BLit,0.0
US-Ha1,Nreserve_H,[1000]
US-Ha1,Preserve_H,[100]
US-Ha1,Kreserve_H,[1000]
US-Ha1,FNC_H,1
US-Ha1,NupI_H,[0 0 0]
US-Ha1,Nreserve_L,[1]
US-Ha1,Preserve_L,[1]
US-Ha1,Kreserve_L,[1]
US-Ha1,FNC_L,1
US-Ha1,NupI_L,[0 0 0]
US-Ha1,RexmyI,[0 0 0]
US-Ha1,TBio_L,0
US-Ha1,TBio_H,300
US-Ha1,Vx_H,10
US-Ha1,Vl_H,10
US-Ha1,Vx_L,10
US-Ha1,Vl_L,10
US-Ha1,SWE,0
US-Ha1,SND,0
US-Ha1,TdpI_H,2
US-Ha1,TdpI_L,2
US-Ha1,In_L,0
US-Ha1,In_urb,0
US-Ha1,In_Litter,0
US-Ha1,SP_wc,0
US-Ha1,In_SWE,0
US-Ha1,ros,0
US-Ha1,t_sls,0
US-Ha1,e_sno,0.97
US-Ha1,tau_sno,0
US-Ha1,EK,0
US-Ha1,WAT,0
US-Ha1,ICE,0
US-Ha1,IP_wc,0
US-Ha1,ICE_D,0
US-Ha1,FROCK,0
US-Ha1,Ws_under,1
US-Ha2,a_dis,NaN
US-Ha2,pow_dis,NaN
US-Ha2,fpr,1
US-Ha2,SvF,1
US-Ha2,SN,0
US-Ha2,Slo_top,0
US-Ha2,Ared,1
US-Ha2,aR,1
US-Ha2,cellsize,1
US-Ha2,Kbot,NaN
US-Ha2,Krock,NaN
US-Ha2,zatm,35
US-Ha2,Cwat,0
US-Ha2,Cbare,0
US-Ha2,Psan_Zs,"[0.635, 0.635, 0.635, 0.635, 0.635, 0.635, 0.635, 0.635, 0.635, 0.635, 0.635, 0.635, 0.635, 0.635, 0.635, 0.635]"
US-Ha2,Pcla_Zs,"[0.075, 0.075, 0.075, 0.075, 0.075, 0.075, 0.075, 0.075, 0.075, 0.075, 0.075, 0.075, 0.075, 0.075, 0.075, 0.075]"
US-Ha2,Porg_Zs,"[0.055, 0.055, 0.055, 0.055, 0.04, 0.04, 0.04, 0.04, 0.04, 0.04, 0.02, 0.02, 0.02, 0.02, 0.02, 0.02]"
US-Ha2,Color_Class,0
US-Ha2,SPAR,2
US-Ha2,Kfc,0.2
US-Ha2,Phy,10000
US-Ha2,Oice,0
US-Ha2,Zs,[0 10 20 50 100 150 200 300 400 500 600 700 800 1000 1250 1500 1650]
US-Ha2,Zdes,10
US-Ha2,Zinf,10
US-Ha2,Zbio,250
US-Ha2,In_max_urb,5
US-Ha2,In_max_rock,0.1
US-Ha2,TminS,-0.8
US-Ha2,TmaxS,2.8
US-Ha2,ros_max1,550
US-Ha2,ros_max2,260
US-Ha2,Th_Pr_sno,10.0
US-Ha2,Ice_wc_sp,0.01
US-Ha2,ros_Ice_thr,500
US-Ha2,Aice,0.35
US-Ha2,WatFreez_Th,-8
US-Ha2,dz_ice,0.54
US-Ha2,ExEM,1.0
US-Ha2,CASE_ROOT,1
US-Ha2,ZR95_H,[1100]
US-Ha2,ZR95_L,[0]
US-Ha2,ZR50_H,NaN
US-Ha2,ZR50_L,NaN
US-Ha2,ZRmax_H,NaN
US-Ha2,ZRmax_L,NaN
US-Ha2,Kct,0.75
US-Ha2,gcI,3.7
US-Ha2,KcI,0.06
US-Ha2,Sp_SN_In,5.9
US-Ha2,Sp_LAI_L_In,[0.2]
US-Ha2,Sp_LAI_H_In,[0.1]
US-Ha2,d_leaf_H,[0.25]
US-Ha2,d_leaf_L,[0.8]
US-Ha2,KnitH,0.35
US-Ha2,KnitL,0.0
US-Ha2,mSl_H,0.0
US-Ha2,mSl_L,0.0
US-Ha2,FI_H,[0.081]
US-Ha2,Do_H,[700]
US-Ha2,a1_H,[5]
US-Ha2,go_H,[ 0.01]
US-Ha2,CT_H,[3]
US-Ha2,DSE_H,[0.649]
US-Ha2,Ha_H,[89]
US-Ha2,gmes_H,[Inf]
US-Ha2,rjv_H,[1.8]
US-Ha2,FI_L,[0.081]
US-Ha2,Do_L,[2000]
US-Ha2,a1_L,[7]
US-Ha2,go_L,[0.01]
US-Ha2,CT_L,[3]
US-Ha2,DSE_L,[0.660]
US-Ha2,Ha_L,[48]
US-Ha2,gmes_L,[Inf]
US-Ha2,rjv_L,[2.6]
US-Ha2,Psi_sto_00_H,-0.8
US-Ha2,Psi_sto_50_H,-2.5
US-Ha2,PsiL00_H,-1.0
US-Ha2,PsiL50_H,-3.2
US-Ha2,Kleaf_max_H,10
US-Ha2,Cl_H,1200
US-Ha2,Axyl_H,15.0
US-Ha2,Kx_max_H,80000
US-Ha2,PsiX50_H,-5.0
US-Ha2,Cx_H,150
US-Ha2,Psi_sto_00_L,-0.8
US-Ha2,Psi_sto_50_L,-3.0
US-Ha2,PsiL00_L,-1.1
US-Ha2,PsiL50_L,-4.0
US-Ha2,Kleaf_max_L,5
US-Ha2,Cl_L,1200
US-Ha2,Axyl_L,0.0
US-Ha2,Kx_max_L,80000
US-Ha2,PsiX50_L,-4.5
US-Ha2,Cx_L,150
US-Ha2,PsiG50_H,-0.8
US-Ha2,PsiG99_H,-2.5
US-Ha2,gcoef_H,3.5
US-Ha2,PsiG50_L,-1.45
US-Ha2,PsiG99_L,-4.0
US-Ha2,gcoef_L,3.5
US-Ha2,OM_H,1
US-Ha2,OM_L,1
US-Ha2,Sllit,2
US-Ha2,Sl_H,[0.0194981]
US-Ha2,Nl_H,[62]
US-Ha2,r_H,[0.055]
US-Ha2,gR_H,[0.25]
US-Ha2,aSE_H,[0]
US-Ha2,dd_max_H,[1/200]
US-Ha2,dc_C_H,78/365
US-Ha2,Tcold_H,[-50]
US-Ha2,drn_H,[1/800]
US-Ha2,dsn_H,[1/600]
US-Ha2,age_cr_H,[1220]
US-Ha2,Bfac_lo_H,[0.99]
US-Ha2,Bfac_ls_H,[NaN]
US-Ha2,Tlo_H,[1.5]
US-Ha2,PAR_th_H,[NaN]
US-Ha2,dmg_H,[30]
US-Ha2,LAI_min_H,[0.001]
US-Ha2,Trr_H,[0.5]
US-Ha2,mjDay_H,[220]
US-Ha2,LDay_min_H,[14.1]
US-Ha2,LtR_H,[0.8]
US-Ha2,Mf_H,[1/50]
US-Ha2,Wm_H,[0]
US-Ha2,eps_ac_H,[0.8]
US-Ha2,LDay_cr_H,[11.8]
US-Ha2,Klf_H,[1/30]
US-Ha2,fab_H,[0.74]
US-Ha2,fbe_H,[0.26]
US-Ha2,ff_r_H,[0.1]
US-Ha2,Sl_L,[0.028]
US-Ha2,Nl_L,[23]
US-Ha2,r_L,[0.055]
US-Ha2,gR_L,[0.25]
US-Ha2,aSE_L,[2]
US-Ha2,dd_max_L,[1/360]
US-Ha2,dc_C_L,[7/365]
US-Ha2,Tcold_L,[0.0]
US-Ha2,drn_L,[1/570]
US-Ha2,dsn_L,[ 1/365]
US-Ha2,age_cr_L,[180]
US-Ha2,Bfac_lo_L,[0.99]
US-Ha2,Bfac_ls_L,[NaN]
US-Ha2,Tlo_L,[6.0]
US-Ha2,Tls_L,[NaN]
US-Ha2,PAR_th_L,[NaN]
US-Ha2,dmg_L,[25]
US-Ha2,LAI_min_L,[0.1]
US-Ha2,Trr_L,[4.0]
US-Ha2,mjDay_L,[220]
US-Ha2,LDay_min_L,[NaN]
US-Ha2,LtR_L,[0.8]
US-Ha2,Mf_L,[NaN]
US-Ha2,Wm_L,[NaN]
US-Ha2,eps_ac_L,[0.5]
US-Ha2,LDay_cr_L,[11.5]
US-Ha2,Klf_L,[NaN]
US-Ha2,fab_L,NaN
US-Ha2,fbe_L,NaN
US-Ha2,ff_r_L,[NaN]
US-Ha2,Vmax_H,[32]
US-Ha2,Vmax_L,[0]
US-Ha2,LAI_H,[4.03]
US-Ha2,B_H,[215 327 262 244 1 0 5 0]
US-Ha2,Rrootl_H,[4200]
US-Ha2,PHE_S_H,[4]
US-Ha2,dflo_H,[0]
US-Ha2,AgeL_H,[1172]
US-Ha2,e_rel_H,[1]
US-Ha2,hc_H,[21]
US-Ha2,SAI_H,[0.1]
US-Ha2,LAI_L,[0.0]
US-Ha2,B_L,[0 0 0 0 0 0 0 0]
US-Ha2,Rrootl_L,[0]
US-Ha2,PHE_S_L,[1]
US-Ha2,dflo_L,[0]
US-Ha2,AgeL_L,[0]
US-Ha2,e_rel_L,[1]
US-Ha2,hc_L,[0.0]
US-Ha2,SAI_L,[0.0]
US-Ha2,BLit,0.0
US-Ha2,Nreserve_H,[1000]
US-Ha2,Preserve_H,[100]
US-Ha2,Kreserve_H,[1000]
US-Ha2,FNC_H,1
US-Ha2,NupI_H,[0 0 0]
US-Ha2,Nreserve_L,[1]
US-Ha2,Preserve_L,[1]
US-Ha2,Kreserve_L,[1]
US-Ha2,FNC_L,1
US-Ha2,NupI_L,[0 0 0]
US-Ha2,RexmyI,[0 0 0]
US-Ha2,TBio_L,0
US-Ha2,TBio_H,300
US-Ha2,Vx_H,10
US-Ha2,Vl_H,10
US-Ha2,Vx_L,10
US-Ha2,Vl_L,10
US-Ha2,SWE,0
US-Ha2,SND,0
US-Ha2,TdpI_H,2
US-Ha2,TdpI_L,2
US-Ha2,In_L,0
US-Ha2,In_urb,0
US-Ha2,In_Litter,0
US-Ha2,SP_wc,0
US-Ha2,In_SWE,0
US-Ha2,ros,0
US-Ha2,t_sls,0
US-Ha2,e_sno,0.97
US-Ha2,tau_sno,0
US-Ha2,EK,0
US-Ha2,WAT,0
US-Ha2,ICE,0
US-Ha2,IP_wc,0
US-Ha2,ICE_D,0
US-Ha2,FROCK,0
US-Ha2,Ws_under,1
US-Ho1,a_dis,NaN
US-Ho1,pow_dis,NaN
US-Ho1,fpr,1
US-Ho1,SvF,1
US-Ho1,SN,0
US-Ho1,Slo_top,0
US-Ho1,Ared,1
US-Ho1,aR,1
US-Ho1,cellsize,1
US-Ho1,Kbot,NaN
US-Ho1,Krock,NaN
US-Ho1,zatm,31
US-Ho1,Cwat,0
US-Ho1,Cbare,0
US-Ho1,Psan_Zs,"[0.43, 0.43, 0.43, 0.39, 0.39, 0.39, 0.39, 0.39, 0.4, 0.4, 0.41, 0.41, 0.41, 0.41, 0.41, 0.41]"
US-Ho1,Pcla_Zs,"[0.08, 0.08, 0.08, 0.07, 0.07, 0.07, 0.07, 0.07, 0.07, 0.07, 0.07, 0.07, 0.07, 0.07, 0.07, 0.07]"
US-Ho1,Porg_Zs,"[0.028, 0.028, 0.028, 0.055, 0.055, 0.055, 0.055, 0.055, 0.01, 0.01, 0.0025, 0.0025, 0.0025, 0.0025, 0.0025, 0.0025]"
US-Ho1,Color_Class,0
US-Ho1,SPAR,2
US-Ho1,Kfc,0.2
US-Ho1,Phy,10000
US-Ho1,Oice,0
US-Ho1,Zs,[0 10 20 50 100 150 200 300 400 500 600 700 800 1000 1250 1500 1570]
US-Ho1,Zdes,10
US-Ho1,Zinf,10
US-Ho1,Zbio,250
US-Ho1,In_max_urb,5
US-Ho1,In_max_rock,0.1
US-Ho1,TminS,-0.8
US-Ho1,TmaxS,2.8
US-Ho1,ros_max1,550
US-Ho1,ros_max2,260
US-Ho1,Th_Pr_sno,10.0
US-Ho1,Ice_wc_sp,0.01
US-Ho1,ros_Ice_thr,500
US-Ho1,Aice,0.35
US-Ho1,WatFreez_Th,-8
US-Ho1,dz_ice,0.54
US-Ho1,ExEM,1.0
US-Ho1,CASE_ROOT,1
US-Ho1,ZR95_H,[900]
US-Ho1,ZR95_L,[0]
US-Ho1,ZR50_H,NaN
US-Ho1,ZR50_L,NaN
US-Ho1,ZRmax_H,NaN
US-Ho1,ZRmax_L,NaN
US-Ho1,Kct,0.75
US-Ho1,gcI,3.7
US-Ho1,KcI,0.06
US-Ho1,Sp_SN_In,5.9
US-Ho1,Sp_LAI_L_In,[0.2]
US-Ho1,Sp_LAI_H_In,[0.1]
US-Ho1,d_leaf_H,[0.25]
US-Ho1,d_leaf_L,[0.8]
US-Ho1,KnitH,0.35
US-Ho1,KnitL,0.0
US-Ho1,mSl_H,0.0
US-Ho1,mSl_L,0.0
US-Ho1,FI_H,[0.081]
US-Ho1,Do_H,[700]
US-Ho1,a1_H,[5]
US-Ho1,go_H,[ 0.01]
US-Ho1,CT_H,[3]
US-Ho1,DSE_H,[0.649]
US-Ho1,Ha_H,[89]
US-Ho1,gmes_H,[Inf]
US-Ho1,rjv_H,[1.8]
US-Ho1,FI_L,[0.081]
US-Ho1,Do_L,[2000]
US-Ho1,a1_L,[7]
US-Ho1,go_L,[0.01]
US-Ho1,CT_L,[3]
US-Ho1,DSE_L,[0.660]
US-Ho1,Ha_L,[48]
US-Ho1,gmes_L,[Inf]
US-Ho1,rjv_L,[2.6]
US-Ho1,Psi_sto_00_H,-0.8
US-Ho1,Psi_sto_50_H,-2.5
US-Ho1,PsiL00_H,-1.0
US-Ho1,PsiL50_H,-3.2
US-Ho1,Kleaf_max_H,10
US-Ho1,Cl_H,1200
US-Ho1,Axyl_H,15.0
US-Ho1,Kx_max_H,80000
US-Ho1,PsiX50_H,-5.0
US-Ho1,Cx_H,150
US-Ho1,Psi_sto_00_L,-0.8
US-Ho1,Psi_sto_50_L,-3.0
US-Ho1,PsiL00_L,-1.1
US-Ho1,PsiL50_L,-4.0
US-Ho1,Kleaf_max_L,5
US-Ho1,Cl_L,1200
US-Ho1,Axyl_L,0.0
US-Ho1,Kx_max_L,80000
US-Ho1,PsiX50_L,-4.5
US-Ho1,Cx_L,150
US-Ho1,PsiG50_H,-0.8
US-Ho1,PsiG99_H,-2.5
US-Ho1,gcoef_H,3.5
US-Ho1,PsiG50_L,-1.45
US-Ho1,PsiG99_L,-4.0
US-Ho1,gcoef_L,3.5
US-Ho1,OM_H,1
US-Ho1,OM_L,1
US-Ho1,Sllit,2
US-Ho1,Sl_H,[0.0227156]
US-Ho1,Nl_H,[62]
US-Ho1,r_H,[0.055]
US-Ho1,gR_H,[0.25]
US-Ho1,aSE_H,[0]
US-Ho1,dd_max_H,[1/200]
US-Ho1,dc_C_H,78/365
US-Ho1,Tcold_H,[-50]
US-Ho1,drn_H,[1/800]
US-Ho1,dsn_H,[1/600]
US-Ho1,age_cr_H,[1220]
US-Ho1,Bfac_lo_H,[0.99]
US-Ho1,Bfac_ls_H,[NaN]
US-Ho1,Tlo_H,[1.5]
US-Ho1,PAR_th_H,[NaN]
US-Ho1,dmg_H,[30]
US-Ho1,LAI_min_H,[0.001]
US-Ho1,Trr_H,[0.5]
US-Ho1,mjDay_H,[220]
US-Ho1,LDay_min_H,[14.1]
US-Ho1,LtR_H,[0.8]
US-Ho1,Mf_H,[1/50]
US-Ho1,Wm_H,[0]
US-Ho1,eps_ac_H,[0.8]
US-Ho1,LDay_cr_H,[11.8]
US-Ho1,Klf_H,[1/30]
US-Ho1,fab_H,[0.74]
US-Ho1,fbe_H,[0.26]
US-Ho1,ff_r_H,[0.1]
US-Ho1,Sl_L,[0.028]
US-Ho1,Nl_L,[23]
US-Ho1,r_L,[0.055]
US-Ho1,gR_L,[0.25]
US-Ho1,aSE_L,[2]
US-Ho1,dd_max_L,[1/360]
US-Ho1,dc_C_L,[7/365]
US-Ho1,Tcold_L,[0.0]
US-Ho1,drn_L,[1/570]
US-Ho1,dsn_L,[ 1/365]
US-Ho1,age_cr_L,[180]
US-Ho1,Bfac_lo_L,[0.99]
US-Ho1,Bfac_ls_L,[NaN]
US-Ho1,Tlo_L,[6.0]
US-Ho1,Tls_L,[NaN]
US-Ho1,PAR_th_L,[NaN]
US-Ho1,dmg_L,[25]
US-Ho1,LAI_min_L,[0.1]
US-Ho1,Trr_L,[4.0]
US-Ho1,mjDay_L,[220]
US-Ho1,LDay_min_L,[NaN]
US-Ho1,LtR_L,[0.8]
US-Ho1,Mf_L,[NaN]
US-Ho1,Wm_L,[NaN]
US-Ho1,eps_ac_L,[0.5]
US-Ho1,LDay_cr_L,[11.5]
US-Ho1,Klf_L,[NaN]
US-Ho1,fab_L,NaN
US-Ho1,fbe_L,NaN
US-Ho1,ff_r_L,[NaN]
US-Ho1,Vmax_H,[32]
US-Ho1,Vmax_L,[0]
US-Ho1,LAI_H,[4.03]
US-Ho1,B_H,[215 327 262 244 1 0 5 0]
US-Ho1,Rrootl_H,[4200]
US-Ho1,PHE_S_H,[4]
US-Ho1,dflo_H,[0]
US-Ho1,AgeL_H,[1172]
US-Ho1,e_rel_H,[1]
US-Ho1,hc_H,[20]
US-Ho1,SAI_H,[0.1]
US-Ho1,LAI_L,[0.0]
US-Ho1,B_L,[0 0 0 0 0 0 0 0]
US-Ho1,Rrootl_L,[0]
US-Ho1,PHE_S_L,[1]
US-Ho1,dflo_L,[0]
US-Ho1,AgeL_L,[0]
US-Ho1,e_rel_L,[1]
US-Ho1,hc_L,[0.0]
US-Ho1,SAI_L,[0.0]
US-Ho1,BLit,0.0
US-Ho1,Nreserve_H,[1000]
US-Ho1,Preserve_H,[100]
US-Ho1,Kreserve_H,[1000]
US-Ho1,FNC_H,1
US-Ho1,NupI_H,[0 0 0]
US-Ho1,Nreserve_L,[1]
US-Ho1,Preserve_L,[1]
US-Ho1,Kreserve_L,[1]
US-Ho1,FNC_L,1
US-Ho1,NupI_L,[0 0 0]
US-Ho1,RexmyI,[0 0 0]
US-Ho1,TBio_L,0
US-Ho1,TBio_H,300
US-Ho1,Vx_H,10
US-Ho1,Vl_H,10
US-Ho1,Vx_L,10
US-Ho1,Vl_L,10
US-Ho1,SWE,0
US-Ho1,SND,0
US-Ho1,TdpI_H,2
US-Ho1,TdpI_L,2
US-Ho1,In_L,0
US-Ho1,In_urb,0
US-Ho1,In_Litter,0
US-Ho1,SP_wc,0
US-Ho1,In_SWE,0
US-Ho1,ros,0
US-Ho1,t_sls,0
US-Ho1,e_sno,0.97
US-Ho1,tau_sno,0
US-Ho1,EK,0
US-Ho1,WAT,0
US-Ho1,ICE,0
US-Ho1,IP_wc,0
US-Ho1,ICE_D,0
US-Ho1,FROCK,0
US-Ho1,Ws_under,1
US-Ho2,a_dis,NaN
US-Ho2,pow_dis,NaN
US-Ho2,fpr,1
US-Ho2,SvF,1
US-Ho2,SN,0
US-Ho2,Slo_top,0
US-Ho2,Ared,1
US-Ho2,aR,1
US-Ho2,cellsize,1
US-Ho2,Kbot,NaN
US-Ho2,Krock,NaN
US-Ho2,zatm,28.3
US-Ho2,Cwat,0
US-Ho2,Cbare,0
US-Ho2,Psan_Zs,"[0.3, 0.3, 0.3, 0.34, 0.34, 0.34, 0.34, 0.34, 0.33, 0.33, 0.33, 0.33, 0.33, 0.33, 0.33, 0.33]"
US-Ho2,Pcla_Zs,"[0.15, 0.15, 0.15, 0.16, 0.16, 0.16, 0.16, 0.16, 0.17, 0.17, 0.17, 0.17, 0.17, 0.17, 0.17, 0.17]"
US-Ho2,Porg_Zs,"[0.05, 0.05, 0.05, 0.0178, 0.0178, 0.0178, 0.0178, 0.0178, 0.003, 0.003, 0.003, 0.003, 0.003, 0.003, 0.003, 0.003]"
US-Ho2,Color_Class,0
US-Ho2,SPAR,2
US-Ho2,Kfc,0.2
US-Ho2,Phy,10000
US-Ho2,Oice,0
US-Ho2,Zs,[0 10 20 50 100 150 200 300 400 500 600 700 800 1000 1250 1500 1570]
US-Ho2,Zdes,10
US-Ho2,Zinf,10
US-Ho2,Zbio,250
US-Ho2,In_max_urb,5
US-Ho2,In_max_rock,0.1
US-Ho2,TminS,-0.8
US-Ho2,TmaxS,2.8
US-Ho2,ros_max1,550
US-Ho2,ros_max2,260
US-Ho2,Th_Pr_sno,10.0
US-Ho2,Ice_wc_sp,0.01
US-Ho2,ros_Ice_thr,500
US-Ho2,Aice,0.35
US-Ho2,WatFreez_Th,-8
US-Ho2,dz_ice,0.54
US-Ho2,ExEM,1.0
US-Ho2,CASE_ROOT,1
US-Ho2,ZR95_H,[900]
US-Ho2,ZR95_L,[0]
US-Ho2,ZR50_H,NaN
US-Ho2,ZR50_L,NaN
US-Ho2,ZRmax_H,NaN
US-Ho2,ZRmax_L,NaN
US-Ho2,Kct,0.75
US-Ho2,gcI,3.7
US-Ho2,KcI,0.06
US-Ho2,Sp_SN_In,5.9
US-Ho2,Sp_LAI_L_In,[0.2]
US-Ho2,Sp_LAI_H_In,[0.1]
US-Ho2,d_leaf_H,[0.25]
US-Ho2,d_leaf_L,[0.8]
US-Ho2,KnitH,0.35
US-Ho2,KnitL,0.0
US-Ho2,mSl_H,0.0
US-Ho2,mSl_L,0.0
US-Ho2,FI_H,[0.081]
US-Ho2,Do_H,[700]
US-Ho2,a1_H,[5]
US-Ho2,go_H,[ 0.01]
US-Ho2,CT_H,[3]
US-Ho2,DSE_H,[0.649]
US-Ho2,Ha_H,[89]
US-Ho2,gmes_H,[Inf]
US-Ho2,rjv_H,[1.8]
US-Ho2,FI_L,[0.081]
US-Ho2,Do_L,[2000]
US-Ho2,a1_L,[7]
US-Ho2,go_L,[0.01]
US-Ho2,CT_L,[3]
US-Ho2,DSE_L,[0.660]
US-Ho2,Ha_L,[48]
US-Ho2,gmes_L,[Inf]
US-Ho2,rjv_L,[2.6]
US-Ho2,Psi_sto_00_H,-0.8
US-Ho2,Psi_sto_50_H,-2.5
US-Ho2,PsiL00_H,-1.0
US-Ho2,PsiL50_H,-3.2
US-Ho2,Kleaf_max_H,10
US-Ho2,Cl_H,1200
US-Ho2,Axyl_H,15.0
US-Ho2,Kx_max_H,80000
US-Ho2,PsiX50_H,-5.0
US-Ho2,Cx_H,150
US-Ho2,Psi_sto_00_L,-0.8
US-Ho2,Psi_sto_50_L,-3.0
US-Ho2,PsiL00_L,-1.1
US-Ho2,PsiL50_L,-4.0
US-Ho2,Kleaf_max_L,5
US-Ho2,Cl_L,1200
US-Ho2,Axyl_L,0.0
US-Ho2,Kx_max_L,80000
US-Ho2,PsiX50_L,-4.5
US-Ho2,Cx_L,150
US-Ho2,PsiG50_H,-0.8
US-Ho2,PsiG99_H,-2.5
US-Ho2,gcoef_H,3.5
US-Ho2,PsiG50_L,-1.45
US-Ho2,PsiG99_L,-4.0
US-Ho2,gcoef_L,3.5
US-Ho2,OM_H,1
US-Ho2,OM_L,1
US-Ho2,Sllit,2
US-Ho2,Sl_H,[0.0227156]
US-Ho2,Nl_H,[62]
US-Ho2,r_H,[0.055]
US-Ho2,gR_H,[0.25]
US-Ho2,aSE_H,[0]
US-Ho2,dd_max_H,[1/200]
US-Ho2,dc_C_H,78/365
US-Ho2,Tcold_H,[-50]
US-Ho2,drn_H,[1/800]
US-Ho2,dsn_H,[1/600]
US-Ho2,age_cr_H,[1220]
US-Ho2,Bfac_lo_H,[0.99]
US-Ho2,Bfac_ls_H,[NaN]
US-Ho2,Tlo_H,[1.5]
US-Ho2,PAR_th_H,[NaN]
US-Ho2,dmg_H,[30]
US-Ho2,LAI_min_H,[0.001]
US-Ho2,Trr_H,[0.5]
US-Ho2,mjDay_H,[220]
US-Ho2,LDay_min_H,[14.1]
US-Ho2,LtR_H,[0.8]
US-Ho2,Mf_H,[1/50]
US-Ho2,Wm_H,[0]
US-Ho2,eps_ac_H,[0.8]
US-Ho2,LDay_cr_H,[11.8]
US-Ho2,Klf_H,[1/30]
US-Ho2,fab_H,[0.74]
US-Ho2,fbe_H,[0.26]
US-Ho2,ff_r_H,[0.1]
US-Ho2,Sl_L,[0.028]
US-Ho2,Nl_L,[23]
US-Ho2,r_L,[0.055]
US-Ho2,gR_L,[0.25]
US-Ho2,aSE_L,[2]
US-Ho2,dd_max_L,[1/360]
US-Ho2,dc_C_L,[7/365]
US-Ho2,Tcold_L,[0.0]
US-Ho2,drn_L,[1/570]
US-Ho2,dsn_L,[ 1/365]
US-Ho2,age_cr_L,[180]
US-Ho2,Bfac_lo_L,[0.99]
US-Ho2,Bfac_ls_L,[NaN]
US-Ho2,Tlo_L,[6.0]
US-Ho2,Tls_L,[NaN]
US-Ho2,PAR_th_L,[NaN]
US-Ho2,dmg_L,[25]
US-Ho2,LAI_min_L,[0.1]
US-Ho2,Trr_L,[4.0]
US-Ho2,mjDay_L,[220]
US-Ho2,LDay_min_L,[NaN]
US-Ho2,LtR_L,[0.8]
US-Ho2,Mf_L,[NaN]
US-Ho2,Wm_L,[NaN]
US-Ho2,eps_ac_L,[0.5]
US-Ho2,LDay_cr_L,[11.5]
US-Ho2,Klf_L,[NaN]
US-Ho2,fab_L,NaN
US-Ho2,fbe_L,NaN
US-Ho2,ff_r_L,[NaN]
US-Ho2,Vmax_H,[32]
US-Ho2,Vmax_L,[0]
US-Ho2,LAI_H,[4.03]
US-Ho2,B_H,[215 327 262 244 1 0 5 0]
US-Ho2,Rrootl_H,[4200]
US-Ho2,PHE_S_H,[4]
US-Ho2,dflo_H,[0]
US-Ho2,AgeL_H,[1172]
US-Ho2,e_rel_H,[1]
US-Ho2,hc_H,[20]
US-Ho2,SAI_H,[0.1]
US-Ho2,LAI_L,[0.0]
US-Ho2,B_L,[0 0 0 0 0 0 0 0]
US-Ho2,Rrootl_L,[0]
US-Ho2,PHE_S_L,[1]
US-Ho2,dflo_L,[0]
US-Ho2,AgeL_L,[0]
US-Ho2,e_rel_L,[1]
US-Ho2,hc_L,[0.0]
US-Ho2,SAI_L,[0.0]
US-Ho2,BLit,0.0
US-Ho2,Nreserve_H,[1000]
US-Ho2,Preserve_H,[100]
US-Ho2,Kreserve_H,[1000]
US-Ho2,FNC_H,1
US-Ho2,NupI_H,[0 0 0]
US-Ho2,Nreserve_L,[1]
US-Ho2,Preserve_L,[1]
US-Ho2,Kreserve_L,[1]
US-Ho2,FNC_L,1
US-Ho2,NupI_L,[0 0 0]
US-Ho2,RexmyI,[0 0 0]
US-Ho2,TBio_L,0
US-Ho2,TBio_H,300
US-Ho2,Vx_H,10
US-Ho2,Vl_H,10
US-Ho2,Vx_L,10
US-Ho2,Vl_L,10
US-Ho2,SWE,0
US-Ho2,SND,0
US-Ho2,TdpI_H,2
US-Ho2,TdpI_L,2
US-Ho2,In_L,0
US-Ho2,In_urb,0
US-Ho2,In_Litter,0
US-Ho2,SP_wc,0
US-Ho2,In_SWE,0
US-Ho2,ros,0
US-Ho2,t_sls,0
US-Ho2,e_sno,0.97
US-Ho2,tau_sno,0
US-Ho2,EK,0
US-Ho2,WAT,0
US-Ho2,ICE,0
US-Ho2,IP_wc,0
US-Ho2,ICE_D,0
US-Ho2,FROCK,0
US-Ho2,Ws_under,1
US-Ho3,a_dis,NaN
US-Ho3,pow_dis,NaN
US-Ho3,fpr,1
US-Ho3,SvF,1
US-Ho3,SN,0
US-Ho3,Slo_top,0
US-Ho3,Ared,1
US-Ho3,aR,1
US-Ho3,cellsize,1
US-Ho3,Kbot,NaN
US-Ho3,Krock,NaN
US-Ho3,zatm,29.6
US-Ho3,Cwat,0
US-Ho3,Cbare,0
US-Ho3,Psan_Zs,"[0.43, 0.43, 0.43, 0.39, 0.39, 0.39, 0.39, 0.39, 0.4, 0.4, 0.41, 0.41, 0.41, 0.41, 0.41, 0.41]"
US-Ho3,Pcla_Zs,"[0.08, 0.08, 0.08, 0.07, 0.07, 0.07, 0.07, 0.07, 0.07, 0.07, 0.07, 0.07, 0.07, 0.07, 0.07, 0.07]"
US-Ho3,Porg_Zs,"[0.028, 0.028, 0.028, 0.055, 0.055, 0.055, 0.055, 0.055, 0.01, 0.01, 0.0025, 0.0025, 0.0025, 0.0025, 0.0025, 0.0025]"
US-Ho3,Color_Class,0
US-Ho3,SPAR,2
US-Ho3,Kfc,0.2
US-Ho3,Phy,10000
US-Ho3,Oice,0
US-Ho3,Zs,[0 10 20 50 100 150 200 300 400 500 600 700 800 1000 1250 1500 1570]
US-Ho3,Zdes,10
US-Ho3,Zinf,10
US-Ho3,Zbio,250
US-Ho3,In_max_urb,5
US-Ho3,In_max_rock,0.1
US-Ho3,TminS,-0.8
US-Ho3,TmaxS,2.8
US-Ho3,ros_max1,550
US-Ho3,ros_max2,260
US-Ho3,Th_Pr_sno,10.0
US-Ho3,Ice_wc_sp,0.01
US-Ho3,ros_Ice_thr,500
US-Ho3,Aice,0.35
US-Ho3,WatFreez_Th,-8
US-Ho3,dz_ice,0.54
US-Ho3,ExEM,1.0
US-Ho3,CASE_ROOT,1
US-Ho3,ZR95_H,[900]
US-Ho3,ZR95_L,[0]
US-Ho3,ZR50_H,NaN
US-Ho3,ZR50_L,NaN
US-Ho3,ZRmax_H,NaN
US-Ho3,ZRmax_L,NaN
US-Ho3,Kct,0.75
US-Ho3,gcI,3.7
US-Ho3,KcI,0.06
US-Ho3,Sp_SN_In,5.9
US-Ho3,Sp_LAI_L_In,[0.2]
US-Ho3,Sp_LAI_H_In,[0.1]
US-Ho3,d_leaf_H,[0.25]
US-Ho3,d_leaf_L,[0.8]
US-Ho3,KnitH,0.35
US-Ho3,KnitL,0.0
US-Ho3,mSl_H,0.0
US-Ho3,mSl_L,0.0
US-Ho3,FI_H,[0.081]
US-Ho3,Do_H,[700]
US-Ho3,a1_H,[5]
US-Ho3,go_H,[ 0.01]
US-Ho3,CT_H,[3]
US-Ho3,DSE_H,[0.649]
US-Ho3,Ha_H,[89]
US-Ho3,gmes_H,[Inf]
US-Ho3,rjv_H,[1.8]
US-Ho3,FI_L,[0.081]
US-Ho3,Do_L,[2000]
US-Ho3,a1_L,[7]
US-Ho3,go_L,[0.01]
US-Ho3,CT_L,[3]
US-Ho3,DSE_L,[0.660]
US-Ho3,Ha_L,[48]
US-Ho3,gmes_L,[Inf]
US-Ho3,rjv_L,[2.6]
US-Ho3,Psi_sto_00_H,-0.8
US-Ho3,Psi_sto_50_H,-2.5
US-Ho3,PsiL00_H,-1.0
US-Ho3,PsiL50_H,-3.2
US-Ho3,Kleaf_max_H,10
US-Ho3,Cl_H,1200
US-Ho3,Axyl_H,15.0
US-Ho3,Kx_max_H,80000
US-Ho3,PsiX50_H,-5.0
US-Ho3,Cx_H,150
US-Ho3,Psi_sto_00_L,-0.8
US-Ho3,Psi_sto_50_L,-3.0
US-Ho3,PsiL00_L,-1.1
US-Ho3,PsiL50_L,-4.0
US-Ho3,Kleaf_max_L,5
US-Ho3,Cl_L,1200
US-Ho3,Axyl_L,0.0
US-Ho3,Kx_max_L,80000
US-Ho3,PsiX50_L,-4.5
US-Ho3,Cx_L,150
US-Ho3,PsiG50_H,-0.8
US-Ho3,PsiG99_H,-2.5
US-Ho3,gcoef_H,3.5
US-Ho3,PsiG50_L,-1.45
US-Ho3,PsiG99_L,-4.0
US-Ho3,gcoef_L,3.5
US-Ho3,OM_H,1
US-Ho3,OM_L,1
US-Ho3,Sllit,2
US-Ho3,Sl_H,[0.0227156]
US-Ho3,Nl_H,[62]
US-Ho3,r_H,[0.055]
US-Ho3,gR_H,[0.25]
US-Ho3,aSE_H,[0]
US-Ho3,dd_max_H,[1/200]
US-Ho3,dc_C_H,78/365
US-Ho3,Tcold_H,[-50]
US-Ho3,drn_H,[1/800]
US-Ho3,dsn_H,[1/600]
US-Ho3,age_cr_H,[1220]
US-Ho3,Bfac_lo_H,[0.99]
US-Ho3,Bfac_ls_H,[NaN]
US-Ho3,Tlo_H,[1.5]
US-Ho3,PAR_th_H,[NaN]
US-Ho3,dmg_H,[30]
US-Ho3,LAI_min_H,[0.001]
US-Ho3,Trr_H,[0.5]
US-Ho3,mjDay_H,[220]
US-Ho3,LDay_min_H,[14.1]
US-Ho3,LtR_H,[0.8]
US-Ho3,Mf_H,[1/50]
US-Ho3,Wm_H,[0]
US-Ho3,eps_ac_H,[0.8]
US-Ho3,LDay_cr_H,[11.8]
US-Ho3,Klf_H,[1/30]
US-Ho3,fab_H,[0.74]
US-Ho3,fbe_H,[0.26]
US-Ho3,ff_r_H,[0.1]
US-Ho3,Sl_L,[0.028]
US-Ho3,Nl_L,[23]
US-Ho3,r_L,[0.055]
US-Ho3,gR_L,[0.25]
US-Ho3,aSE_L,[2]
US-Ho3,dd_max_L,[1/360]
US-Ho3,dc_C_L,[7/365]
US-Ho3,Tcold_L,[0.0]
US-Ho3,drn_L,[1/570]
US-Ho3,dsn_L,[ 1/365]
US-Ho3,age_cr_L,[180]
US-Ho3,Bfac_lo_L,[0.99]
US-Ho3,Bfac_ls_L,[NaN]
US-Ho3,Tlo_L,[6.0]
US-Ho3,Tls_L,[NaN]
US-Ho3,PAR_th_L,[NaN]
US-Ho3,dmg_L,[25]
US-Ho3,LAI_min_L,[0.1]
US-Ho3,Trr_L,[4.0]
US-Ho3,mjDay_L,[220]
US-Ho3,LDay_min_L,[NaN]
US-Ho3,LtR_L,[0.8]
US-Ho3,Mf_L,[NaN]
US-Ho3,Wm_L,[NaN]
US-Ho3,eps_ac_L,[0.5]
US-Ho3,LDay_cr_L,[11.5]
US-Ho3,Klf_L,[NaN]
US-Ho3,fab_L,NaN
US-Ho3,fbe_L,NaN
US-Ho3,ff_r_L,[NaN]
US-Ho3,Vmax_H,[32]
US-Ho3,Vmax_L,[0]
US-Ho3,LAI_H,[4.03]
US-Ho3,B_H,[215 327 262 244 1 0 5 0]
US-Ho3,Rrootl_H,[4200]
US-Ho3,PHE_S_H,[4]
US-Ho3,dflo_H,[0]
US-Ho3,AgeL_H,[1172]
US-Ho3,e_rel_H,[1]
US-Ho3,hc_H,[18]
US-Ho3,SAI_H,[0.1]
US-Ho3,LAI_L,[0.0]
US-Ho3,B_L,[0 0 0 0 0 0 0 0]
US-Ho3,Rrootl_L,[0]
US-Ho3,PHE_S_L,[1]
US-Ho3,dflo_L,[0]
US-Ho3,AgeL_L,[0]
US-Ho3,e_rel_L,[1]
US-Ho3,hc_L,[0.0]
US-Ho3,SAI_L,[0.0]
US-Ho3,BLit,0.0
US-Ho3,Nreserve_H,[1000]
US-Ho3,Preserve_H,[100]
US-Ho3,Kreserve_H,[1000]
US-Ho3,FNC_H,1
US-Ho3,NupI_H,[0 0 0]
US-Ho3,Nreserve_L,[1]
US-Ho3,Preserve_L,[1]
US-Ho3,Kreserve_L,[1]
US-Ho3,FNC_L,1
US-Ho3,NupI_L,[0 0 0]
US-Ho3,RexmyI,[0 0 0]
US-Ho3,TBio_L,0
US-Ho3,TBio_H,300
US-Ho3,Vx_H,10
US-Ho3,Vl_H,10
US-Ho3,Vx_L,10
US-Ho3,Vl_L,10
US-Ho3,SWE,0
US-Ho3,SND,0
US-Ho3,TdpI_H,2
US-Ho3,TdpI_L,2
US-Ho3,In_L,0
US-Ho3,In_urb,0
US-Ho3,In_Litter,0
US-Ho3,SP_wc,0
US-Ho3,In_SWE,0
US-Ho3,ros,0
US-Ho3,t_sls,0
US-Ho3,e_sno,0.97
US-Ho3,tau_sno,0
US-Ho3,EK,0
US-Ho3,WAT,0
US-Ho3,ICE,0
US-Ho3,IP_wc,0
US-Ho3,ICE_D,0
US-Ho3,FROCK,0
US-Ho3,Ws_under,1
US-LPH,a_dis,NaN
US-LPH,pow_dis,NaN
US-LPH,fpr,1
US-LPH,SvF,1
US-LPH,SN,0
US-LPH,Slo_top,0
US-LPH,Ared,1
US-LPH,aR,1
US-LPH,cellsize,1
US-LPH,Kbot,NaN
US-LPH,Krock,NaN
US-LPH,zatm,28.5
US-LPH,Cwat,0
US-LPH,Cbare,0
US-LPH,Psan_Zs,"[0.62, 0.62, 0.62, 0.62, 0.62, 0.62, 0.62, 0.62, 0.62, 0.62, 0.62, 0.62, 0.62, 0.62, 0.62, 0.62]"
US-LPH,Pcla_Zs,"[0.02, 0.02, 0.02, 0.02, 0.02, 0.02, 0.02, 0.02, 0.02, 0.02, 0.02, 0.02, 0.02, 0.02, 0.02, 0.02]"
US-LPH,Porg_Zs,"[0.08, 0.08, 0.08, 0.023, 0.049, 0.04, 0.04, 0.016, 0.016, 0.015, 0.015, 0.01, 0.002, 0.002, 0.002, 0.002]"
US-LPH,Color_Class,0
US-LPH,SPAR,2
US-LPH,Kfc,0.2
US-LPH,Phy,10000
US-LPH,Oice,0
US-LPH,Zs,[0 10 20 50 100 150 200 300 400 500 600 700 800 1000 1250 1500 1600]
US-LPH,Zdes,10
US-LPH,Zinf,10
US-LPH,Zbio,250
US-LPH,In_max_urb,5
US-LPH,In_max_rock,0.1
US-LPH,TminS,-0.8
US-LPH,TmaxS,2.8
US-LPH,ros_max1,550
US-LPH,ros_max2,260
US-LPH,Th_Pr_sno,10.0
US-LPH,Ice_wc_sp,0.01
US-LPH,ros_Ice_thr,500
US-LPH,Aice,0.35
US-LPH,WatFreez_Th,-8
US-LPH,dz_ice,0.54
US-LPH,ExEM,1.0
US-LPH,CASE_ROOT,1
US-LPH,ZR95_H,[1100]
US-LPH,ZR95_L,[0]
US-LPH,ZR50_H,NaN
US-LPH,ZR50_L,NaN
US-LPH,ZRmax_H,NaN
US-LPH,ZRmax_L,NaN
US-LPH,Kct,0.75
US-LPH,gcI,3.7
US-LPH,KcI,0.06
US-LPH,Sp_SN_In,5.9
US-LPH,Sp_LAI_L_In,[0.2]
US-LPH,Sp_LAI_H_In,[0.1]
US-LPH,d_leaf_H,[7]
US-LPH,d_leaf_L,[0.8]
US-LPH,KnitH,[0.4]
US-LPH,KnitL,0.0
US-LPH,mSl_H,0.0
US-LPH,mSl_L,0.0
US-LPH,FI_H,[0.081]
US-LPH,Do_H,[600]
US-LPH,a1_H,[6]
US-LPH,go_H,[0.01]
US-LPH,CT_H,[3]
US-LPH,DSE_H,[0.649]
US-LPH,Ha_H,[72]
US-LPH,gmes_H,[Inf]
US-LPH,rjv_H,[2.1]
US-LPH,FI_L,[0.081]
US-LPH,Do_L,[2000]
US-LPH,a1_L,[7]
US-LPH,go_L,[0.01]
US-LPH,CT_L,[3]
US-LPH,DSE_L,[0.660]
US-LPH,Ha_L,[48]
US-LPH,gmes_L,[Inf]
US-LPH,rjv_L,[2.6]
US-LPH,Psi_sto_00_H,[-0.7]
US-LPH,Psi_sto_50_H,[-2.5]
US-LPH,PsiL00_H,[0.4]
US-LPH,PsiL50_H,[-6.5]
US-LPH,Kleaf_max_H,10
US-LPH,Cl_H,1200
US-LPH,Axyl_H,15.0
US-LPH,Kx_max_H,80000
US-LPH,PsiX50_H,[-9]
US-LPH,Cx_H,150
US-LPH,Psi_sto_00_L,-0.8
US-LPH,Psi_sto_50_L,-3.0
US-LPH,PsiL00_L,-1.1
US-LPH,PsiL50_L,-4.0
US-LPH,Kleaf_max_L,5
US-LPH,Cl_L,1200
US-LPH,Axyl_L,0.0
US-LPH,Kx_max_L,80000
US-LPH,PsiX50_L,-4.5
US-LPH,Cx_L,150
US-LPH,PsiG50_H,[-0.7]
US-LPH,PsiG99_H,[-6.5]
US-LPH,gcoef_H,3.5
US-LPH,PsiG50_L,-1.45
US-LPH,PsiG99_L,-4.0
US-LPH,gcoef_L,3.5
US-LPH,OM_H,1
US-LPH,OM_L,1
US-LPH,Sllit,2
US-LPH,Sl_H,[0.0234231]
US-LPH,Nl_H,[35]
US-LPH,r_H,[0.02]
US-LPH,gR_H,[0.22]
US-LPH,aSE_H,[1]
US-LPH,dd_max_H,[1/365]
US-LPH,dc_C_H,[0.0274]
US-LPH,Tcold_H,[5]
US-LPH,drn_H,[0.0020]
US-LPH,dsn_H,[0.0027]
US-LPH,age_cr_H,[110]
US-LPH,Bfac_lo_H,[0.9]
US-LPH,Bfac_ls_H,[NaN]
US-LPH,Tlo_H,[4.0]
US-LPH,PAR_th_H,[NaN]
US-LPH,dmg_H,[30]
US-LPH,LAI_min_H,[0.001]
US-LPH,Trr_H,[3.0]
US-LPH,mjDay_H,[230]
US-LPH,LDay_min_H,[11.5]
US-LPH,LtR_H,[1.5]
US-LPH,Mf_H,[0.0125]
US-LPH,Wm_H,[0]
US-LPH,eps_ac_H,[0.3]
US-LPH,LDay_cr_H,[12.0]
US-LPH,Klf_H,[0.025]
US-LPH,fab_H,[0.74]
US-LPH,fbe_H,[0.26]
US-LPH,ff_r_H,[0.1]
US-LPH,Sl_L,[0.028]
US-LPH,Nl_L,[23]
US-LPH,r_L,[0.055]
US-LPH,gR_L,[0.25]
US-LPH,aSE_L,[2]
US-LPH,dd_max_L,[1/360]
US-LPH,dc_C_L,[7/365]
US-LPH,Tcold_L,[0.0]
US-LPH,drn_L,[1/570]
US-LPH,dsn_L,[ 1/365]
US-LPH,age_cr_L,[180]
US-LPH,Bfac_lo_L,[0.99]
US-LPH,Bfac_ls_L,[NaN]
US-LPH,Tlo_L,[6.0]
US-LPH,Tls_L,[NaN]
US-LPH,PAR_th_L,[NaN]
US-LPH,dmg_L,[25]
US-LPH,LAI_min_L,[0.1]
US-LPH,Trr_L,[4.0]
US-LPH,mjDay_L,[220]
US-LPH,LDay_min_L,[NaN]
US-LPH,LtR_L,[0.8]
US-LPH,Mf_L,[NaN]
US-LPH,Wm_L,[NaN]
US-LPH,eps_ac_L,[0.5]
US-LPH,LDay_cr_L,[11.5]
US-LPH,Klf_L,[NaN]
US-LPH,fab_L,NaN
US-LPH,fbe_L,NaN
US-LPH,ff_r_L,[NaN]
US-LPH,Vmax_H,[50]
US-LPH,Vmax_L,[0]
US-LPH,LAI_H,[0.0]
US-LPH,B_H,[0 327 262 350 0 0 0 0]
US-LPH,Rrootl_H,[4200]
US-LPH,PHE_S_H,[1]
US-LPH,dflo_H,[0]
US-LPH,AgeL_H,[0]
US-LPH,e_rel_H,[1]
US-LPH,hc_H,[16.5]
US-LPH,SAI_H,[0.1]
US-LPH,LAI_L,[0.0]
US-LPH,B_L,[0 0 0 0 0 0 0 0]
US-LPH,Rrootl_L,[0]
US-LPH,PHE_S_L,[1]
US-LPH,dflo_L,[0]
US-LPH,AgeL_L,[0]
US-LPH,e_rel_L,[1]
US-LPH,hc_L,[0.0]
US-LPH,SAI_L,[0.0]
US-LPH,BLit,0.0
US-LPH,Nreserve_H,[1000]
US-LPH,Preserve_H,[100]
US-LPH,Kreserve_H,[1000]
US-LPH,FNC_H,1
US-LPH,NupI_H,[0 0 0]
US-LPH,Nreserve_L,[1]
US-LPH,Preserve_L,[1]
US-LPH,Kreserve_L,[1]
US-LPH,FNC_L,1
US-LPH,NupI_L,[0 0 0]
US-LPH,RexmyI,[0 0 0]
US-LPH,TBio_L,0
US-LPH,TBio_H,300
US-LPH,Vx_H,10
US-LPH,Vl_H,10
US-LPH,Vx_L,10
US-LPH,Vl_L,10
US-LPH,SWE,0
US-LPH,SND,0
US-LPH,TdpI_H,2
US-LPH,TdpI_L,2
US-LPH,In_L,0
US-LPH,In_urb,0
US-LPH,In_Litter,0
US-LPH,SP_wc,0
US-LPH,In_SWE,0
US-LPH,ros,0
US-LPH,t_sls,0
US-LPH,e_sno,0.97
US-LPH,tau_sno,0
US-LPH,EK,0
US-LPH,WAT,0
US-LPH,ICE,0
US-LPH,IP_wc,0
US-LPH,ICE_D,0
US-LPH,FROCK,0
US-LPH,Ws_under,1
US-MEF,a_dis,NaN
US-MEF,pow_dis,NaN
US-MEF,fpr,1
US-MEF,SvF,1
US-MEF,SN,0
US-MEF,Slo_top,0
US-MEF,Ared,1
US-MEF,aR,1
US-MEF,cellsize,1
US-MEF,Kbot,0.01
US-MEF,Krock,NaN
US-MEF,zatm,28.75
US-MEF,Cwat,0
US-MEF,Cbare,0
US-MEF,Psan_Zs,"[0.682, 0.682, 0.682, 0.682, 0.685, 0.685, 0.659, 0.659, 0.659, 0.659, 0.659, 0.659, 0.659, 0.683, 0.683]"
US-MEF,Pcla_Zs,"[0.075, 0.075, 0.075, 0.075, 0.075, 0.075, 0.15, 0.15, 0.15, 0.15, 0.15, 0.15, 0.15, 0.12, 0.12]"
US-MEF,Porg_Zs,"[0.015, 0.015, 0.015, 0.015, 0.015, 0.015, 0.015, 0.015, 0.015, 0.015, 0.015, 0.015, 0.015, 0.015, 0.015]"
US-MEF,Color_Class,0
US-MEF,SPAR,2
US-MEF,Kfc,0.2
US-MEF,Phy,10000
US-MEF,Oice,0
US-MEF,Zs,[0 10 20 50 100 150 200 300 400 500 600 700 800 1000 1250 1340]
US-MEF,Zdes,10
US-MEF,Zinf,10
US-MEF,Zbio,250
US-MEF,In_max_urb,5
US-MEF,In_max_rock,0.1
US-MEF,TminS,-0.8
US-MEF,TmaxS,2.8
US-MEF,ros_max1,550
US-MEF,ros_max2,260
US-MEF,Th_Pr_sno,10.0
US-MEF,Ice_wc_sp,0.01
US-MEF,ros_Ice_thr,500
US-MEF,Aice,0.35
US-MEF,WatFreez_Th,-8
US-MEF,dz_ice,0.54
US-MEF,ExEM,1.0
US-MEF,CASE_ROOT,1
US-MEF,ZR95_H,[1100]
US-MEF,ZR95_L,[0]
US-MEF,ZR50_H,NaN
US-MEF,ZR50_L,NaN
US-MEF,ZRmax_H,NaN
US-MEF,ZRmax_L,NaN
US-MEF,Kct,0.75
US-MEF,gcI,3.7
US-MEF,KcI,0.06
US-MEF,Sp_SN_In,5.9
US-MEF,Sp_LAI_L_In,[0.2]
US-MEF,Sp_LAI_H_In,[0.1]
US-MEF,d_leaf_H,[0.25]
US-MEF,d_leaf_L,[0.8]
US-MEF,KnitH,0.35
US-MEF,KnitL,0.0
US-MEF,mSl_H,0.0
US-MEF,mSl_L,0.0
US-MEF,FI_H,[0.081]
US-MEF,Do_H,[700]
US-MEF,a1_H,[5]
US-MEF,go_H,[ 0.01]
US-MEF,CT_H,[3]
US-MEF,DSE_H,[0.649]
US-MEF,Ha_H,[89]
US-MEF,gmes_H,[Inf]
US-MEF,rjv_H,[1.8]
US-MEF,FI_L,[0.081]
US-MEF,Do_L,[2000]
US-MEF,a1_L,[7]
US-MEF,go_L,[0.01]
US-MEF,CT_L,[3]
US-MEF,DSE_L,[0.660]
US-MEF,Ha_L,[48]
US-MEF,gmes_L,[Inf]
US-MEF,rjv_L,[2.6]
US-MEF,Psi_sto_00_H,-0.8
US-MEF,Psi_sto_50_H,-2.5
US-MEF,PsiL00_H,-1.0
US-MEF,PsiL50_H,-3.2
US-MEF,Kleaf_max_H,10
US-MEF,Cl_H,1200
US-MEF,Axyl_H,15.0
US-MEF,Kx_max_H,80000
US-MEF,PsiX50_H,-5.0
US-MEF,Cx_H,150
US-MEF,Psi_sto_00_L,-0.8
US-MEF,Psi_sto_50_L,-3.0
US-MEF,PsiL00_L,-1.1
US-MEF,PsiL50_L,-4.0
US-MEF,Kleaf_max_L,5
US-MEF,Cl_L,1200
US-MEF,Axyl_L,0.0
US-MEF,Kx_max_L,80000
US-MEF,PsiX50_L,-4.5
US-MEF,Cx_L,150
US-MEF,PsiG50_H,-0.8
US-MEF,PsiG99_H,-2.5
US-MEF,gcoef_H,3.5
US-MEF,PsiG50_L,-1.45
US-MEF,PsiG99_L,-4.0
US-MEF,gcoef_L,3.5
US-MEF,OM_H,1
US-MEF,OM_L,1
US-MEF,Sllit,2
US-MEF,Sl_H,[0.0124315]
US-MEF,Nl_H,[62]
US-MEF,r_H,[0.055]
US-MEF,gR_H,[0.25]
US-MEF,aSE_H,[0]
US-MEF,dd_max_H,[1/200]
US-MEF,dc_C_H,78/365
US-MEF,Tcold_H,[-50]
US-MEF,drn_H,[1/800]
US-MEF,dsn_H,[1/600]
US-MEF,age_cr_H,[1220]
US-MEF,Bfac_lo_H,[0.99]
US-MEF,Bfac_ls_H,[NaN]
US-MEF,Tlo_H,[1.5]
US-MEF,PAR_th_H,[NaN]
US-MEF,dmg_H,[30]
US-MEF,LAI_min_H,[0.001]
US-MEF,Trr_H,[0.5]
US-MEF,mjDay_H,[220]
US-MEF,LDay_min_H,[14.1]
US-MEF,LtR_H,[0.8]
US-MEF,Mf_H,[1/50]
US-MEF,Wm_H,[0]
US-MEF,eps_ac_H,[0.8]
US-MEF,LDay_cr_H,[11.8]
US-MEF,Klf_H,[1/30]
US-MEF,fab_H,[0.74]
US-MEF,fbe_H,[0.26]
US-MEF,ff_r_H,[0.1]
US-MEF,Sl_L,[0.028]
US-MEF,Nl_L,[23]
US-MEF,r_L,[0.055]
US-MEF,gR_L,[0.25]
US-MEF,aSE_L,[2]
US-MEF,dd_max_L,[1/360]
US-MEF,dc_C_L,[7/365]
US-MEF,Tcold_L,[0.0]
US-MEF,drn_L,[1/570]
US-MEF,dsn_L,[ 1/365]
US-MEF,age_cr_L,[180]
US-MEF,Bfac_lo_L,[0.99]
US-MEF,Bfac_ls_L,[NaN]
US-MEF,Tlo_L,[6.0]
US-MEF,Tls_L,[NaN]
US-MEF,PAR_th_L,[NaN]
US-MEF,dmg_L,[25]
US-MEF,LAI_min_L,[0.1]
US-MEF,Trr_L,[4.0]
US-MEF,mjDay_L,[220]
US-MEF,LDay_min_L,[NaN]
US-MEF,LtR_L,[0.8]
US-MEF,Mf_L,[NaN]
US-MEF,Wm_L,[NaN]
US-MEF,eps_ac_L,[0.5]
US-MEF,LDay_cr_L,[11.5]
US-MEF,Klf_L,[NaN]
US-MEF,fab_L,NaN
US-MEF,fbe_L,NaN
US-MEF,ff_r_L,[NaN]
US-MEF,Vmax_H,[32]
US-MEF,Vmax_L,[0]
US-MEF,LAI_H,[4.03]
US-MEF,B_H,[215 327 262 244 1 0 5 0]
US-MEF,Rrootl_H,[4200]
US-MEF,PHE_S_H,[4]
US-MEF,dflo_H,[0]
US-MEF,AgeL_H,[1172]
US-MEF,e_rel_H,[1]
US-MEF,hc_H,[12]
US-MEF,SAI_H,[0.1]
US-MEF,LAI_L,[0.0]
US-MEF,B_L,[0 0 0 0 0 0 0 0]
US-MEF,Rrootl_L,[0]
US-MEF,PHE_S_L,[1]
US-MEF,dflo_L,[0]
US-MEF,AgeL_L,[0]
US-MEF,e_rel_L,[1]
US-MEF,hc_L,[0.0]
US-MEF,SAI_L,[0.0]
US-MEF,BLit,0.0
US-MEF,Nreserve_H,[1000]
US-MEF,Preserve_H,[100]
US-MEF,Kreserve_H,[1000]
US-MEF,FNC_H,1
US-MEF,NupI_H,[0 0 0]
US-MEF,Nreserve_L,[1]
US-MEF,Preserve_L,[1]
US-MEF,Kreserve_L,[1]
US-MEF,FNC_L,1
US-MEF,NupI_L,[0 0 0]
US-MEF,RexmyI,[0 0 0]
US-MEF,TBio_L,0
US-MEF,TBio_H,300
US-MEF,Vx_H,10
US-MEF,Vl_H,10
US-MEF,Vx_L,10
US-MEF,Vl_L,10
US-MEF,SWE,0
US-MEF,SND,0
US-MEF,TdpI_H,2
US-MEF,TdpI_L,2
US-MEF,In_L,0
US-MEF,In_urb,0
US-MEF,In_Litter,0
US-MEF,SP_wc,0
US-MEF,In_SWE,0
US-MEF,ros,0
US-MEF,t_sls,0
US-MEF,e_sno,0.97
US-MEF,tau_sno,0
US-MEF,EK,0
US-MEF,WAT,0
US-MEF,ICE,0
US-MEF,IP_wc,0
US-MEF,ICE_D,0
US-MEF,FROCK,0
US-MEF,Ws_under,1
US-MMS,a_dis,NaN
US-MMS,pow_dis,NaN
US-MMS,fpr,1
US-MMS,SvF,1
US-MMS,SN,0
US-MMS,Slo_top,0
US-MMS,Ared,1
US-MMS,aR,1
US-MMS,cellsize,1
US-MMS,Kbot,NaN
US-MMS,Krock,NaN
US-MMS,zatm,46
US-MMS,Cwat,0
US-MMS,Cbare,0
US-MMS,Psan_Zs,"[0.06, 0.06, 0.06, 0.06, 0.06, 0.06, 0.04, 0.04, 0.04, 0.04, 0.05, 0.05, 0.05, 0.05, 0.08, 0.08, 0.08, 0.08]"
US-MMS,Pcla_Zs,"[0.17, 0.17, 0.17, 0.17, 0.17, 0.17, 0.28, 0.28, 0.28, 0.28, 0.28, 0.28, 0.28, 0.28, 0.6, 0.6, 0.6, 0.6]"
US-MMS,Porg_Zs,"[0.02, 0.02, 0.02, 0.02, 0.02, 0.02, 0.005, 0.005, 0.005, 0.005, 0.0025, 0.0025, 0.0025, 0.0025, 0.0025, 0.0025, 0.0025, 0.0025]"
US-MMS,Color_Class,0
US-MMS,SPAR,2
US-MMS,Kfc,0.2
US-MMS,Phy,10000
US-MMS,Oice,0
US-MMS,Zs,[0 10 20 50 100 150 200 300 400 500 600 700 800 1000 1250 1500 1750 2000 2030]
US-MMS,Zdes,10
US-MMS,Zinf,10
US-MMS,Zbio,250
US-MMS,In_max_urb,5
US-MMS,In_max_rock,0.1
US-MMS,TminS,-0.8
US-MMS,TmaxS,2.8
US-MMS,ros_max1,550
US-MMS,ros_max2,260
US-MMS,Th_Pr_sno,10.0
US-MMS,Ice_wc_sp,0.01
US-MMS,ros_Ice_thr,500
US-MMS,Aice,0.35
US-MMS,WatFreez_Th,-8
US-MMS,dz_ice,0.54
US-MMS,ExEM,1.0
US-MMS,CASE_ROOT,1
US-MMS,ZR95_H,[1100]
US-MMS,ZR95_L,[0]
US-MMS,ZR50_H,NaN
US-MMS,ZR50_L,NaN
US-MMS,ZRmax_H,NaN
US-MMS,ZRmax_L,NaN
US-MMS,Kct,0.75
US-MMS,gcI,3.7
US-MMS,KcI,0.06
US-MMS,Sp_SN_In,5.9
US-MMS,Sp_LAI_L_In,[0.2]
US-MMS,Sp_LAI_H_In,[0.1]
US-MMS,d_leaf_H,[7]
US-MMS,d_leaf_L,[0.8]
US-MMS,KnitH,[0.4]
US-MMS,KnitL,0.0
US-MMS,mSl_H,0.0
US-MMS,mSl_L,0.0
US-MMS,FI_H,[0.081]
US-MMS,Do_H,[600]
US-MMS,a1_H,[6]
US-MMS,go_H,[0.01]
US-MMS,CT_H,[3]
US-MMS,DSE_H,[0.649]
US-MMS,Ha_H,[72]
US-MMS,gmes_H,[Inf]
US-MMS,rjv_H,[2.1]
US-MMS,FI_L,[0.081]
US-MMS,Do_L,[2000]
US-MMS,a1_L,[7]
US-MMS,go_L,[0.01]
US-MMS,CT_L,[3]
US-MMS,DSE_L,[0.660]
US-MMS,Ha_L,[48]
US-MMS,gmes_L,[Inf]
US-MMS,rjv_L,[2.6]
US-MMS,Psi_sto_00_H,[-0.7]
US-MMS,Psi_sto_50_H,[-2.5]
US-MMS,PsiL00_H,[0.4]
US-MMS,PsiL50_H,[-6.5]
US-MMS,Kleaf_max_H,10
US-MMS,Cl_H,1200
US-MMS,Axyl_H,15.0
US-MMS,Kx_max_H,80000
US-MMS,PsiX50_H,[-9]
US-MMS,Cx_H,150
US-MMS,Psi_sto_00_L,-0.8
US-MMS,Psi_sto_50_L,-3.0
US-MMS,PsiL00_L,-1.1
US-MMS,PsiL50_L,-4.0
US-MMS,Kleaf_max_L,5
US-MMS,Cl_L,1200
US-MMS,Axyl_L,0.0
US-MMS,Kx_max_L,80000
US-MMS,PsiX50_L,-4.5
US-MMS,Cx_L,150
US-MMS,PsiG50_H,[-0.7]
US-MMS,PsiG99_H,[-6.5]
US-MMS,gcoef_H,3.5
US-MMS,PsiG50_L,-1.45
US-MMS,PsiG99_L,-4.0
US-MMS,gcoef_L,3.5
US-MMS,OM_H,1
US-MMS,OM_L,1
US-MMS,Sllit,2
US-MMS,Sl_H,[0.0196461]
US-MMS,Nl_H,[35]
US-MMS,r_H,[0.02]
US-MMS,gR_H,[0.22]
US-MMS,aSE_H,[1]
US-MMS,dd_max_H,[1/365]
US-MMS,dc_C_H,[0.0274]
US-MMS,Tcold_H,[5]
US-MMS,drn_H,[0.0020]
US-MMS,dsn_H,[0.0027]
US-MMS,age_cr_H,[110]
US-MMS,Bfac_lo_H,[0.9]
US-MMS,Bfac_ls_H,[NaN]
US-MMS,Tlo_H,[4.0]
US-MMS,PAR_th_H,[NaN]
US-MMS,dmg_H,[30]
US-MMS,LAI_min_H,[0.001]
US-MMS,Trr_H,[3.0]
US-MMS,mjDay_H,[230]
US-MMS,LDay_min_H,[11.5]
US-MMS,LtR_H,[1.5]
US-MMS,Mf_H,[0.0125]
US-MMS,Wm_H,[0]
US-MMS,eps_ac_H,[0.3]
US-MMS,LDay_cr_H,[12.0]
US-MMS,Klf_H,[0.025]
US-MMS,fab_H,[0.74]
US-MMS,fbe_H,[0.26]
US-MMS,ff_r_H,[0.1]
US-MMS,Sl_L,[0.028]
US-MMS,Nl_L,[23]
US-MMS,r_L,[0.055]
US-MMS,gR_L,[0.25]
US-MMS,aSE_L,[2]
US-MMS,dd_max_L,[1/360]
US-MMS,dc_C_L,[7/365]
US-MMS,Tcold_L,[0.0]
US-MMS,drn_L,[1/570]
US-MMS,dsn_L,[ 1/365]
US-MMS,age_cr_L,[180]
US-MMS,Bfac_lo_L,[0.99]
US-MMS,Bfac_ls_L,[NaN]
US-MMS,Tlo_L,[6.0]
US-MMS,Tls_L,[NaN]
US-MMS,PAR_th_L,[NaN]
US-MMS,dmg_L,[25]
US-MMS,LAI_min_L,[0.1]
US-MMS,Trr_L,[4.0]
US-MMS,mjDay_L,[220]
US-MMS,LDay_min_L,[NaN]
US-MMS,LtR_L,[0.8]
US-MMS,Mf_L,[NaN]
US-MMS,Wm_L,[NaN]
US-MMS,eps_ac_L,[0.5]
US-MMS,LDay_cr_L,[11.5]
US-MMS,Klf_L,[NaN]
US-MMS,fab_L,NaN
US-MMS,fbe_L,NaN
US-MMS,ff_r_L,[NaN]
US-MMS,Vmax_H,[50]
US-MMS,Vmax_L,[0]
US-MMS,LAI_H,[0.0]
US-MMS,B_H,[0 327 262 350 0 0 0 0]
US-MMS,Rrootl_H,[4200]
US-MMS,PHE_S_H,[1]
US-MMS,dflo_H,[0]
US-MMS,AgeL_H,[0]
US-MMS,e_rel_H,[1]
US-MMS,hc_H,[36.3]
US-MMS,SAI_H,[0.1]
US-MMS,LAI_L,[0.0]
US-MMS,B_L,[0 0 0 0 0 0 0 0]
US-MMS,Rrootl_L,[0]
US-MMS,PHE_S_L,[1]
US-MMS,dflo_L,[0]
US-MMS,AgeL_L,[0]
US-MMS,e_rel_L,[1]
US-MMS,hc_L,[0.0]
US-MMS,SAI_L,[0.0]
US-MMS,BLit,0.0
US-MMS,Nreserve_H,[1000]
US-MMS,Preserve_H,[100]
US-MMS,Kreserve_H,[1000]
US-MMS,FNC_H,1
US-MMS,NupI_H,[0 0 0]
US-MMS,Nreserve_L,[1]
US-MMS,Preserve_L,[1]
US-MMS,Kreserve_L,[1]
US-MMS,FNC_L,1
US-MMS,NupI_L,[0 0 0]
US-MMS,RexmyI,[0 0 0]
US-MMS,TBio_L,0
US-MMS,TBio_H,300
US-MMS,Vx_H,10
US-MMS,Vl_H,10
US-MMS,Vx_L,10
US-MMS,Vl_L,10
US-MMS,SWE,0
US-MMS,SND,0
US-MMS,TdpI_H,2
US-MMS,TdpI_L,2
US-MMS,In_L,0
US-MMS,In_urb,0
US-MMS,In_Litter,0
US-MMS,SP_wc,0
US-MMS,In_SWE,0
US-MMS,ros,0
US-MMS,t_sls,0
US-MMS,e_sno,0.97
US-MMS,tau_sno,0
US-MMS,EK,0
US-MMS,WAT,0
US-MMS,ICE,0
US-MMS,IP_wc,0
US-MMS,ICE_D,0
US-MMS,FROCK,0
US-MMS,Ws_under,1
US-MOz,a_dis,NaN
US-MOz,pow_dis,NaN
US-MOz,fpr,1
US-MOz,SvF,1
US-MOz,SN,0
US-MOz,Slo_top,0
US-MOz,Ared,1
US-MOz,aR,1
US-MOz,cellsize,1
US-MOz,Kbot,NaN
US-MOz,Krock,NaN
US-MOz,zatm,30.48
US-MOz,Cwat,0
US-MOz,Cbare,0
US-MOz,Psan_Zs,"[0.052, 0.052, 0.052, 0.052, 0.063, 0.063, 0.063, 0.009, 0.009, 0.009, 0.009, 0.035, 0.035, 0.035, 0.035, 0.035]"
US-MOz,Pcla_Zs,"[0.159, 0.159, 0.159, 0.159, 0.157, 0.157, 0.157, 0.545, 0.545, 0.545, 0.545, 0.318, 0.318, 0.318, 0.318, 0.318]"
US-MOz,Porg_Zs,"[0.025, 0.025, 0.025, 0.025, 0.007, 0.007, 0.007, 0.007, 0.007, 0.007, 0.007, 0.003, 0.003, 0.003, 0.003, 0.003]"
US-MOz,Color_Class,0
US-MOz,SPAR,2
US-MOz,Kfc,0.2
US-MOz,Phy,10000
US-MOz,Oice,0
US-MOz,Zs,[0 10 20 50 100 150 200 300 400 500 600 700 800 1000 1250 1500 1520]
US-MOz,Zdes,10
US-MOz,Zinf,10
US-MOz,Zbio,250
US-MOz,In_max_urb,5
US-MOz,In_max_rock,0.1
US-MOz,TminS,-0.8
US-MOz,TmaxS,2.8
US-MOz,ros_max1,550
US-MOz,ros_max2,260
US-MOz,Th_Pr_sno,10.0
US-MOz,Ice_wc_sp,0.01
US-MOz,ros_Ice_thr,500
US-MOz,Aice,0.35
US-MOz,WatFreez_Th,-8
US-MOz,dz_ice,0.54
US-MOz,ExEM,1.0
US-MOz,CASE_ROOT,1
US-MOz,ZR95_H,[1200]
US-MOz,ZR95_L,[0]
US-MOz,ZR50_H,NaN
US-MOz,ZR50_L,NaN
US-MOz,ZRmax_H,NaN
US-MOz,ZRmax_L,NaN
US-MOz,Kct,0.75
US-MOz,gcI,3.7
US-MOz,KcI,0.06
US-MOz,Sp_SN_In,5.9
US-MOz,Sp_LAI_L_In,[0.2]
US-MOz,Sp_LAI_H_In,[0.1]
US-MOz,d_leaf_H,[7]
US-MOz,d_leaf_L,[0.8]
US-MOz,KnitH,[0.4]
US-MOz,KnitL,0.0
US-MOz,mSl_H,0.0
US-MOz,mSl_L,0.0
US-MOz,FI_H,[0.081]
US-MOz,Do_H,[600]
US-MOz,a1_H,[6]
US-MOz,go_H,[0.01]
US-MOz,CT_H,[3]
US-MOz,DSE_H,[0.649]
US-MOz,Ha_H,[72]
US-MOz,gmes_H,[Inf]
US-MOz,rjv_H,[2.1]
US-MOz,FI_L,[0.081]
US-MOz,Do_L,[2000]
US-MOz,a1_L,[7]
US-MOz,go_L,[0.01]
US-MOz,CT_L,[3]
US-MOz,DSE_L,[0.660]
US-MOz,Ha_L,[48]
US-MOz,gmes_L,[Inf]
US-MOz,rjv_L,[2.6]
US-MOz,Psi_sto_00_H,[-0.7]
US-MOz,Psi_sto_50_H,[-2.5]
US-MOz,PsiL00_H,[0.4]
US-MOz,PsiL50_H,[-6.5]
US-MOz,Kleaf_max_H,10
US-MOz,Cl_H,1200
US-MOz,Axyl_H,15.0
US-MOz,Kx_max_H,80000
US-MOz,PsiX50_H,[-9]
US-MOz,Cx_H,150
US-MOz,Psi_sto_00_L,-0.8
US-MOz,Psi_sto_50_L,-3.0
US-MOz,PsiL00_L,-1.1
US-MOz,PsiL50_L,-4.0
US-MOz,Kleaf_max_L,5
US-MOz,Cl_L,1200
US-MOz,Axyl_L,0.0
US-MOz,Kx_max_L,80000
US-MOz,PsiX50_L,-4.5
US-MOz,Cx_L,150
US-MOz,PsiG50_H,[-0.7]
US-MOz,PsiG99_H,[-6.5]
US-MOz,gcoef_H,3.5
US-MOz,PsiG50_L,-1.45
US-MOz,PsiG99_L,-4.0
US-MOz,gcoef_L,3.5
US-MOz,OM_H,1
US-MOz,OM_L,1
US-MOz,Sllit,2
US-MOz,Sl_H,[0.0148516]
US-MOz,Nl_H,[35]
US-MOz,r_H,[0.02]
US-MOz,gR_H,[0.22]
US-MOz,aSE_H,[1]
US-MOz,dd_max_H,[1/365]
US-MOz,dc_C_H,[0.0274]
US-MOz,Tcold_H,[5]
US-MOz,drn_H,[0.0020]
US-MOz,dsn_H,[0.0027]
US-MOz,age_cr_H,[110]
US-MOz,Bfac_lo_H,[0.9]
US-MOz,Bfac_ls_H,[NaN]
US-MOz,Tlo_H,[4.0]
US-MOz,PAR_th_H,[NaN]
US-MOz,dmg_H,[30]
US-MOz,LAI_min_H,[0.001]
US-MOz,Trr_H,[3.0]
US-MOz,mjDay_H,[230]
US-MOz,LDay_min_H,[11.5]
US-MOz,LtR_H,[1.5]
US-MOz,Mf_H,[0.0125]
US-MOz,Wm_H,[0]
US-MOz,eps_ac_H,[0.3]
US-MOz,LDay_cr_H,[12.0]
US-MOz,Klf_H,[0.025]
US-MOz,fab_H,[0.74]
US-MOz,fbe_H,[0.26]
US-MOz,ff_r_H,[0.1]
US-MOz,Sl_L,[0.028]
US-MOz,Nl_L,[23]
US-MOz,r_L,[0.055]
US-MOz,gR_L,[0.25]
US-MOz,aSE_L,[2]
US-MOz,dd_max_L,[1/360]
US-MOz,dc_C_L,[7/365]
US-MOz,Tcold_L,[0.0]
US-MOz,drn_L,[1/570]
US-MOz,dsn_L,[ 1/365]
US-MOz,age_cr_L,[180]
US-MOz,Bfac_lo_L,[0.99]
US-MOz,Bfac_ls_L,[NaN]
US-MOz,Tlo_L,[6.0]
US-MOz,Tls_L,[NaN]
US-MOz,PAR_th_L,[NaN]
US-MOz,dmg_L,[25]
US-MOz,LAI_min_L,[0.1]
US-MOz,Trr_L,[4.0]
US-MOz,mjDay_L,[220]
US-MOz,LDay_min_L,[NaN]
US-MOz,LtR_L,[0.8]
US-MOz,Mf_L,[NaN]
US-MOz,Wm_L,[NaN]
US-MOz,eps_ac_L,[0.5]
US-MOz,LDay_cr_L,[11.5]
US-MOz,Klf_L,[NaN]
US-MOz,fab_L,NaN
US-MOz,fbe_L,NaN
US-MOz,ff_r_L,[NaN]
US-MOz,Vmax_H,[50]
US-MOz,Vmax_L,[0]
US-MOz,LAI_H,[0.0]
US-MOz,B_H,[0 327 262 350 0 0 0 0]
US-MOz,Rrootl_H,[4200]
US-MOz,PHE_S_H,[1]
US-MOz,dflo_H,[0]
US-MOz,AgeL_H,[0]
US-MOz,e_rel_H,[1]
US-MOz,hc_H,[24.2]
US-MOz,SAI_H,[0.1]
US-MOz,LAI_L,[0.0]
US-MOz,B_L,[0 0 0 0 0 0 0 0]
US-MOz,Rrootl_L,[0]
US-MOz,PHE_S_L,[1]
US-MOz,dflo_L,[0]
US-MOz,AgeL_L,[0]
US-MOz,e_rel_L,[1]
US-MOz,hc_L,[0.0]
US-MOz,SAI_L,[0.0]
US-MOz,BLit,0.0
US-MOz,Nreserve_H,[1000]
US-MOz,Preserve_H,[100]
US-MOz,Kreserve_H,[1000]
US-MOz,FNC_H,1
US-MOz,NupI_H,[0 0 0]
US-MOz,Nreserve_L,[1]
US-MOz,Preserve_L,[1]
US-MOz,Kreserve_L,[1]
US-MOz,FNC_L,1
US-MOz,NupI_L,[0 0 0]
US-MOz,RexmyI,[0 0 0]
US-MOz,TBio_L,0
US-MOz,TBio_H,300
US-MOz,Vx_H,10
US-MOz,Vl_H,10
US-MOz,Vx_L,10
US-MOz,Vl_L,10
US-MOz,SWE,0
US-MOz,SND,0
US-MOz,TdpI_H,2
US-MOz,TdpI_L,2
US-MOz,In_L,0
US-MOz,In_urb,0
US-MOz,In_Litter,0
US-MOz,SP_wc,0
US-MOz,In_SWE,0
US-MOz,ros,0
US-MOz,t_sls,0
US-MOz,e_sno,0.97
US-MOz,tau_sno,0
US-MOz,EK,0
US-MOz,WAT,0
US-MOz,ICE,0
US-MOz,IP_wc,0
US-MOz,ICE_D,0
US-MOz,FROCK,0
US-MOz,Ws_under,1
US-MRf,a_dis,NaN
US-MRf,pow_dis,NaN
US-MRf,fpr,1
US-MRf,SvF,1
US-MRf,SN,0
US-MRf,Slo_top,0
US-MRf,Ared,1
US-MRf,aR,1
US-MRf,cellsize,1
US-MRf,Kbot,0.01
US-MRf,Krock,NaN
US-MRf,zatm,38.3
US-MRf,Cwat,0
US-MRf,Cbare,0
US-MRf,Psan_Zs,"[0.4, 0.4, 0.4, 0.4, 0.4, 0.4, 0.38, 0.38, 0.35, 0.35, 0.35, 0.35, 0.35, 0.4, 0.4]"
US-MRf,Pcla_Zs,"[0.2, 0.2, 0.2, 0.2, 0.2, 0.2, 0.25, 0.25, 0.3, 0.3, 0.3, 0.35, 0.35, 0.25, 0.25]"
US-MRf,Porg_Zs,"[0.08, 0.08, 0.08, 0.08, 0.08, 0.08, 0.06, 0.06, 0.02, 0.02, 0.02, 0.01, 0.01, 0.005, 0.005]"
US-MRf,Color_Class,0
US-MRf,SPAR,2
US-MRf,Kfc,0.2
US-MRf,Phy,10000
US-MRf,Oice,0
US-MRf,Zs,[0 10 20 50 100 150 200 300 400 500 600 700 800 1000 1250 1300]
US-MRf,Zdes,10
US-MRf,Zinf,10
US-MRf,Zbio,250
US-MRf,In_max_urb,5
US-MRf,In_max_rock,0.1
US-MRf,TminS,-0.8
US-MRf,TmaxS,2.8
US-MRf,ros_max1,550
US-MRf,ros_max2,260
US-MRf,Th_Pr_sno,10.0
US-MRf,Ice_wc_sp,0.01
US-MRf,ros_Ice_thr,500
US-MRf,Aice,0.35
US-MRf,WatFreez_Th,-8
US-MRf,dz_ice,0.54
US-MRf,ExEM,1.0
US-MRf,CASE_ROOT,1
US-MRf,ZR95_H,[1300]
US-MRf,ZR95_L,[0]
US-MRf,ZR50_H,NaN
US-MRf,ZR50_L,NaN
US-MRf,ZRmax_H,NaN
US-MRf,ZRmax_L,NaN
US-MRf,Kct,0.75
US-MRf,gcI,3.7
US-MRf,KcI,0.06
US-MRf,Sp_SN_In,5.9
US-MRf,Sp_LAI_L_In,[0.2]
US-MRf,Sp_LAI_H_In,[0.1]
US-MRf,d_leaf_H,[0.25]
US-MRf,d_leaf_L,[0.8]
US-MRf,KnitH,0.35
US-MRf,KnitL,0.0
US-MRf,mSl_H,0.0
US-MRf,mSl_L,0.0
US-MRf,FI_H,[0.081]
US-MRf,Do_H,[700]
US-MRf,a1_H,[5]
US-MRf,go_H,[ 0.01]
US-MRf,CT_H,[3]
US-MRf,DSE_H,[0.649]
US-MRf,Ha_H,[89]
US-MRf,gmes_H,[Inf]
US-MRf,rjv_H,[1.8]
US-MRf,FI_L,[0.081]
US-MRf,Do_L,[2000]
US-MRf,a1_L,[7]
US-MRf,go_L,[0.01]
US-MRf,CT_L,[3]
US-MRf,DSE_L,[0.660]
US-MRf,Ha_L,[48]
US-MRf,gmes_L,[Inf]
US-MRf,rjv_L,[2.6]
US-MRf,Psi_sto_00_H,-0.8
US-MRf,Psi_sto_50_H,-2.5
US-MRf,PsiL00_H,-1.0
US-MRf,PsiL50_H,-3.2
US-MRf,Kleaf_max_H,10
US-MRf,Cl_H,1200
US-MRf,Axyl_H,15.0
US-MRf,Kx_max_H,80000
US-MRf,PsiX50_H,-5.0
US-MRf,Cx_H,150
US-MRf,Psi_sto_00_L,-0.8
US-MRf,Psi_sto_50_L,-3.0
US-MRf,PsiL00_L,-1.1
US-MRf,PsiL50_L,-4.0
US-MRf,Kleaf_max_L,5
US-MRf,Cl_L,1200
US-MRf,Axyl_L,0.0
US-MRf,Kx_max_L,80000
US-MRf,PsiX50_L,-4.5
US-MRf,Cx_L,150
US-MRf,PsiG50_H,-0.8
US-MRf,PsiG99_H,-2.5
US-MRf,gcoef_H,3.5
US-MRf,PsiG50_L,-1.45
US-MRf,PsiG99_L,-4.0
US-MRf,gcoef_L,3.5
US-MRf,OM_H,1
US-MRf,OM_L,1
US-MRf,Sllit,2
US-MRf,Sl_H,[0.0148347]
US-MRf,Nl_H,[62]
US-MRf,r_H,[0.055]
US-MRf,gR_H,[0.25]
US-MRf,aSE_H,[0]
US-MRf,dd_max_H,[1/200]
US-MRf,dc_C_H,78/365
US-MRf,Tcold_H,[-50]
US-MRf,drn_H,[1/800]
US-MRf,dsn_H,[1/600]
US-MRf,age_cr_H,[1220]
US-MRf,Bfac_lo_H,[0.99]
US-MRf,Bfac_ls_H,[NaN]
US-MRf,Tlo_H,[1.5]
US-MRf,PAR_th_H,[NaN]
US-MRf,dmg_H,[30]
US-MRf,LAI_min_H,[0.001]
US-MRf,Trr_H,[0.5]
US-MRf,mjDay_H,[220]
US-MRf,LDay_min_H,[14.1]
US-MRf,LtR_H,[0.8]
US-MRf,Mf_H,[1/50]
US-MRf,Wm_H,[0]
US-MRf,eps_ac_H,[0.8]
US-MRf,LDay_cr_H,[11.8]
US-MRf,Klf_H,[1/30]
US-MRf,fab_H,[0.74]
US-MRf,fbe_H,[0.26]
US-MRf,ff_r_H,[0.1]
US-MRf,Sl_L,[0.028]
US-MRf,Nl_L,[23]
US-MRf,r_L,[0.055]
US-MRf,gR_L,[0.25]
US-MRf,aSE_L,[2]
US-MRf,dd_max_L,[1/360]
US-MRf,dc_C_L,[7/365]
US-MRf,Tcold_L,[0.0]
US-MRf,drn_L,[1/570]
US-MRf,dsn_L,[ 1/365]
US-MRf,age_cr_L,[180]
US-MRf,Bfac_lo_L,[0.99]
US-MRf,Bfac_ls_L,[NaN]
US-MRf,Tlo_L,[6.0]
US-MRf,Tls_L,[NaN]
US-MRf,PAR_th_L,[NaN]
US-MRf,dmg_L,[25]
US-MRf,LAI_min_L,[0.1]
US-MRf,Trr_L,[4.0]
US-MRf,mjDay_L,[220]
US-MRf,LDay_min_L,[NaN]
US-MRf,LtR_L,[0.8]
US-MRf,Mf_L,[NaN]
US-MRf,Wm_L,[NaN]
US-MRf,eps_ac_L,[0.5]
US-MRf,LDay_cr_L,[11.5]
US-MRf,Klf_L,[NaN]
US-MRf,fab_L,NaN
US-MRf,fbe_L,NaN
US-MRf,ff_r_L,[NaN]
US-MRf,Vmax_H,[32]
US-MRf,Vmax_L,[0]
US-MRf,LAI_H,[4.03]
US-MRf,B_H,[215 327 262 244 1 0 5 0]
US-MRf,Rrootl_H,[4200]
US-MRf,PHE_S_H,[4]
US-MRf,dflo_H,[0]
US-MRf,AgeL_H,[1172]
US-MRf,e_rel_H,[1]
US-MRf,hc_H,[33]
US-MRf,SAI_H,[0.1]
US-MRf,LAI_L,[0.0]
US-MRf,B_L,[0 0 0 0 0 0 0 0]
US-MRf,Rrootl_L,[0]
US-MRf,PHE_S_L,[1]
US-MRf,dflo_L,[0]
US-MRf,AgeL_L,[0]
US-MRf,e_rel_L,[1]
US-MRf,hc_L,[0.0]
US-MRf,SAI_L,[0.0]
US-MRf,BLit,0.0
US-MRf,Nreserve_H,[1000]
US-MRf,Preserve_H,[100]
US-MRf,Kreserve_H,[1000]
US-MRf,FNC_H,1
US-MRf,NupI_H,[0 0 0]
US-MRf,Nreserve_L,[1]
US-MRf,Preserve_L,[1]
US-MRf,Kreserve_L,[1]
US-MRf,FNC_L,1
US-MRf,NupI_L,[0 0 0]
US-MRf,RexmyI,[0 0 0]
US-MRf,TBio_L,0
US-MRf,TBio_H,300
US-MRf,Vx_H,10
US-MRf,Vl_H,10
US-MRf,Vx_L,10
US-MRf,Vl_L,10
US-MRf,SWE,0
US-MRf,SND,0
US-MRf,TdpI_H,2
US-MRf,TdpI_L,2
US-MRf,In_L,0
US-MRf,In_urb,0
US-MRf,In_Litter,0
US-MRf,SP_wc,0
US-MRf,In_SWE,0
US-MRf,ros,0
US-MRf,t_sls,0
US-MRf,e_sno,0.97
US-MRf,tau_sno,0
US-MRf,EK,0
US-MRf,WAT,0
US-MRf,ICE,0
US-MRf,IP_wc,0
US-MRf,ICE_D,0
US-MRf,FROCK,0
US-MRf,Ws_under,1
US-Me1,a_dis,NaN
US-Me1,pow_dis,NaN
US-Me1,fpr,1
US-Me1,SvF,1
US-Me1,SN,0
US-Me1,Slo_top,0
US-Me1,Ared,1
US-Me1,aR,1
US-Me1,cellsize,1
US-Me1,Kbot,0.01
US-Me1,Krock,NaN
US-Me1,zatm,10
US-Me1,Cwat,0
US-Me1,Cbare,0
US-Me1,Psan_Zs,"[0.666, 0.666, 0.666, 0.666, 0.666, 0.421, 0.421, 0.335, 0.335, 0.335, 0.335]"
US-Me1,Pcla_Zs,"[0.1, 0.1, 0.1, 0.1, 0.1, 0.2, 0.2, 0.3, 0.3, 0.3, 0.3]"
US-Me1,Porg_Zs,"[0.03, 0.03, 0.03, 0.03, 0.03, 0.015, 0.015, 0.0025, 0.0025, 0.0025, 0.0025]"
US-Me1,Color_Class,0
US-Me1,SPAR,2
US-Me1,Kfc,0.2
US-Me1,Phy,10000
US-Me1,Oice,0
US-Me1,Zs,[0 10 20 50 100 150 200 300 400 500 600 610]
US-Me1,Zdes,10
US-Me1,Zinf,10
US-Me1,Zbio,250
US-Me1,In_max_urb,5
US-Me1,In_max_rock,0.1
US-Me1,TminS,-0.8
US-Me1,TmaxS,2.8
US-Me1,ros_max1,550
US-Me1,ros_max2,260
US-Me1,Th_Pr_sno,10.0
US-Me1,Ice_wc_sp,0.01
US-Me1,ros_Ice_thr,500
US-Me1,Aice,0.35
US-Me1,WatFreez_Th,-8
US-Me1,dz_ice,0.54
US-Me1,ExEM,1.0
US-Me1,CASE_ROOT,1
US-Me1,ZR95_H,[610]
US-Me1,ZR95_L,[0]
US-Me1,ZR50_H,NaN
US-Me1,ZR50_L,NaN
US-Me1,ZRmax_H,NaN
US-Me1,ZRmax_L,NaN
US-Me1,Kct,0.75
US-Me1,gcI,3.7
US-Me1,KcI,0.06
US-Me1,Sp_SN_In,5.9
US-Me1,Sp_LAI_L_In,[0.2]
US-Me1,Sp_LAI_H_In,[0.1]
US-Me1,d_leaf_H,[0.25]
US-Me1,d_leaf_L,[0.8]
US-Me1,KnitH,0.35
US-Me1,KnitL,0.0
US-Me1,mSl_H,0.0
US-Me1,mSl_L,0.0
US-Me1,FI_H,[0.081]
US-Me1,Do_H,[700]
US-Me1,a1_H,[5]
US-Me1,go_H,[ 0.01]
US-Me1,CT_H,[3]
US-Me1,DSE_H,[0.649]
US-Me1,Ha_H,[89]
US-Me1,gmes_H,[Inf]
US-Me1,rjv_H,[1.8]
US-Me1,FI_L,[0.081]
US-Me1,Do_L,[2000]
US-Me1,a1_L,[7]
US-Me1,go_L,[0.01]
US-Me1,CT_L,[3]
US-Me1,DSE_L,[0.660]
US-Me1,Ha_L,[48]
US-Me1,gmes_L,[Inf]
US-Me1,rjv_L,[2.6]
US-Me1,Psi_sto_00_H,-0.8
US-Me1,Psi_sto_50_H,-2.5
US-Me1,PsiL00_H,-1.0
US-Me1,PsiL50_H,-3.2
US-Me1,Kleaf_max_H,10
US-Me1,Cl_H,1200
US-Me1,Axyl_H,15.0
US-Me1,Kx_max_H,80000
US-Me1,PsiX50_H,-5.0
US-Me1,Cx_H,150
US-Me1,Psi_sto_00_L,-0.8
US-Me1,Psi_sto_50_L,-3.0
US-Me1,PsiL00_L,-1.1
US-Me1,PsiL50_L,-4.0
US-Me1,Kleaf_max_L,5
US-Me1,Cl_L,1200
US-Me1,Axyl_L,0.0
US-Me1,Kx_max_L,80000
US-Me1,PsiX50_L,-4.5
US-Me1,Cx_L,150
US-Me1,PsiG50_H,-0.8
US-Me1,PsiG99_H,-2.5
US-Me1,gcoef_H,3.5
US-Me1,PsiG50_L,-1.45
US-Me1,PsiG99_L,-4.0
US-Me1,gcoef_L,3.5
US-Me1,OM_H,1
US-Me1,OM_L,1
US-Me1,Sllit,2
US-Me1,Sl_H,[0.0134108]
US-Me1,Nl_H,[62]
US-Me1,r_H,[0.055]
US-Me1,gR_H,[0.25]
US-Me1,aSE_H,[0]
US-Me1,dd_max_H,[1/200]
US-Me1,dc_C_H,78/365
US-Me1,Tcold_H,[-50]
US-Me1,drn_H,[1/800]
US-Me1,dsn_H,[1/600]
US-Me1,age_cr_H,[1220]
US-Me1,Bfac_lo_H,[0.99]
US-Me1,Bfac_ls_H,[NaN]
US-Me1,Tlo_H,[1.5]
US-Me1,PAR_th_H,[NaN]
US-Me1,dmg_H,[30]
US-Me1,LAI_min_H,[0.001]
US-Me1,Trr_H,[0.5]
US-Me1,mjDay_H,[220]
US-Me1,LDay_min_H,[14.1]
US-Me1,LtR_H,[0.8]
US-Me1,Mf_H,[1/50]
US-Me1,Wm_H,[0]
US-Me1,eps_ac_H,[0.8]
US-Me1,LDay_cr_H,[11.8]
US-Me1,Klf_H,[1/30]
US-Me1,fab_H,[0.74]
US-Me1,fbe_H,[0.26]
US-Me1,ff_r_H,[0.1]
US-Me1,Sl_L,[0.028]
US-Me1,Nl_L,[23]
US-Me1,r_L,[0.055]
US-Me1,gR_L,[0.25]
US-Me1,aSE_L,[2]
US-Me1,dd_max_L,[1/360]
US-Me1,dc_C_L,[7/365]
US-Me1,Tcold_L,[0.0]
US-Me1,drn_L,[1/570]
US-Me1,dsn_L,[ 1/365]
US-Me1,age_cr_L,[180]
US-Me1,Bfac_lo_L,[0.99]
US-Me1,Bfac_ls_L,[NaN]
US-Me1,Tlo_L,[6.0]
US-Me1,Tls_L,[NaN]
US-Me1,PAR_th_L,[NaN]
US-Me1,dmg_L,[25]
US-Me1,LAI_min_L,[0.1]
US-Me1,Trr_L,[4.0]
US-Me1,mjDay_L,[220]
US-Me1,LDay_min_L,[NaN]
US-Me1,LtR_L,[0.8]
US-Me1,Mf_L,[NaN]
US-Me1,Wm_L,[NaN]
US-Me1,eps_ac_L,[0.5]
US-Me1,LDay_cr_L,[11.5]
US-Me1,Klf_L,[NaN]
US-Me1,fab_L,NaN
US-Me1,fbe_L,NaN
US-Me1,ff_r_L,[NaN]
US-Me1,Vmax_H,[32]
US-Me1,Vmax_L,[0]
US-Me1,LAI_H,[4.03]
US-Me1,B_H,[215 327 262 244 1 0 5 0]
US-Me1,Rrootl_H,[4200]
US-Me1,PHE_S_H,[4]
US-Me1,dflo_H,[0]
US-Me1,AgeL_H,[1172]
US-Me1,e_rel_H,[1]
US-Me1,hc_H,[7.2]
US-Me1,SAI_H,[0.1]
US-Me1,LAI_L,[0.0]
US-Me1,B_L,[0 0 0 0 0 0 0 0]
US-Me1,Rrootl_L,[0]
US-Me1,PHE_S_L,[1]
US-Me1,dflo_L,[0]
US-Me1,AgeL_L,[0]
US-Me1,e_rel_L,[1]
US-Me1,hc_L,[0.0]
US-Me1,SAI_L,[0.0]
US-Me1,BLit,0.0
US-Me1,Nreserve_H,[1000]
US-Me1,Preserve_H,[100]
US-Me1,Kreserve_H,[1000]
US-Me1,FNC_H,1
US-Me1,NupI_H,[0 0 0]
US-Me1,Nreserve_L,[1]
US-Me1,Preserve_L,[1]
US-Me1,Kreserve_L,[1]
US-Me1,FNC_L,1
US-Me1,NupI_L,[0 0 0]
US-Me1,RexmyI,[0 0 0]
US-Me1,TBio_L,0
US-Me1,TBio_H,300
US-Me1,Vx_H,10
US-Me1,Vl_H,10
US-Me1,Vx_L,10
US-Me1,Vl_L,10
US-Me1,SWE,0
US-Me1,SND,0
US-Me1,TdpI_H,2
US-Me1,TdpI_L,2
US-Me1,In_L,0
US-Me1,In_urb,0
US-Me1,In_Litter,0
US-Me1,SP_wc,0
US-Me1,In_SWE,0
US-Me1,ros,0
US-Me1,t_sls,0
US-Me1,e_sno,0.97
US-Me1,tau_sno,0
US-Me1,EK,0
US-Me1,WAT,0
US-Me1,ICE,0
US-Me1,IP_wc,0
US-Me1,ICE_D,0
US-Me1,FROCK,0
US-Me1,Ws_under,1
US-Me2,a_dis,NaN
US-Me2,pow_dis,NaN
US-Me2,fpr,1
US-Me2,SvF,1
US-Me2,SN,0
US-Me2,Slo_top,0
US-Me2,Ared,1
US-Me2,aR,1
US-Me2,cellsize,1
US-Me2,Kbot,0.01
US-Me2,Krock,NaN
US-Me2,zatm,33
US-Me2,Cwat,0
US-Me2,Cbare,0
US-Me2,Psan_Zs,"[0.659, 0.659, 0.659, 0.659, 0.659, 0.659, 0.659, 0.659, 0.322, 0.322, 0.322, 0.322, 0.322]"
US-Me2,Pcla_Zs,"[0.15, 0.15, 0.15, 0.15, 0.15, 0.15, 0.15, 0.15, 0.25, 0.25, 0.25, 0.25, 0.25]"
US-Me2,Porg_Zs,"[0.04, 0.04, 0.04, 0.04, 0.04, 0.04, 0.04, 0.04, 0.0025, 0.0025, 0.0025, 0.0025, 0.0025]"
US-Me2,Color_Class,0
US-Me2,SPAR,2
US-Me2,Kfc,0.2
US-Me2,Phy,10000
US-Me2,Oice,0
US-Me2,Zs,[0 10 20 50 100 150 200 300 400 500 600 700 800 910]
US-Me2,Zdes,10
US-Me2,Zinf,10
US-Me2,Zbio,250
US-Me2,In_max_urb,5
US-Me2,In_max_rock,0.1
US-Me2,TminS,-0.8
US-Me2,TmaxS,2.8
US-Me2,ros_max1,550
US-Me2,ros_max2,260
US-Me2,Th_Pr_sno,10.0
US-Me2,Ice_wc_sp,0.01
US-Me2,ros_Ice_thr,500
US-Me2,Aice,0.35
US-Me2,WatFreez_Th,-8
US-Me2,dz_ice,0.54
US-Me2,ExEM,1.0
US-Me2,CASE_ROOT,1
US-Me2,ZR95_H,[910]
US-Me2,ZR95_L,[0]
US-Me2,ZR50_H,NaN
US-Me2,ZR50_L,NaN
US-Me2,ZRmax_H,NaN
US-Me2,ZRmax_L,NaN
US-Me2,Kct,0.75
US-Me2,gcI,3.7
US-Me2,KcI,0.06
US-Me2,Sp_SN_In,5.9
US-Me2,Sp_LAI_L_In,[0.2]
US-Me2,Sp_LAI_H_In,[0.1]
US-Me2,d_leaf_H,[0.25]
US-Me2,d_leaf_L,[0.8]
US-Me2,KnitH,0.35
US-Me2,KnitL,0.0
US-Me2,mSl_H,0.0
US-Me2,mSl_L,0.0
US-Me2,FI_H,[0.081]
US-Me2,Do_H,[700]
US-Me2,a1_H,[5]
US-Me2,go_H,[ 0.01]
US-Me2,CT_H,[3]
US-Me2,DSE_H,[0.649]
US-Me2,Ha_H,[89]
US-Me2,gmes_H,[Inf]
US-Me2,rjv_H,[1.8]
US-Me2,FI_L,[0.081]
US-Me2,Do_L,[2000]
US-Me2,a1_L,[7]
US-Me2,go_L,[0.01]
US-Me2,CT_L,[3]
US-Me2,DSE_L,[0.660]
US-Me2,Ha_L,[48]
US-Me2,gmes_L,[Inf]
US-Me2,rjv_L,[2.6]
US-Me2,Psi_sto_00_H,-0.8
US-Me2,Psi_sto_50_H,-2.5
US-Me2,PsiL00_H,-1.0
US-Me2,PsiL50_H,-3.2
US-Me2,Kleaf_max_H,10
US-Me2,Cl_H,1200
US-Me2,Axyl_H,15.0
US-Me2,Kx_max_H,80000
US-Me2,PsiX50_H,-5.0
US-Me2,Cx_H,150
US-Me2,Psi_sto_00_L,-0.8
US-Me2,Psi_sto_50_L,-3.0
US-Me2,PsiL00_L,-1.1
US-Me2,PsiL50_L,-4.0
US-Me2,Kleaf_max_L,5
US-Me2,Cl_L,1200
US-Me2,Axyl_L,0.0
US-Me2,Kx_max_L,80000
US-Me2,PsiX50_L,-4.5
US-Me2,Cx_L,150
US-Me2,PsiG50_H,-0.8
US-Me2,PsiG99_H,-2.5
US-Me2,gcoef_H,3.5
US-Me2,PsiG50_L,-1.45
US-Me2,PsiG99_L,-4.0
US-Me2,gcoef_L,3.5
US-Me2,OM_H,1
US-Me2,OM_L,1
US-Me2,Sllit,2
US-Me2,Sl_H,[0.0131788]
US-Me2,Nl_H,[62]
US-Me2,r_H,[0.055]
US-Me2,gR_H,[0.25]
US-Me2,aSE_H,[0]
US-Me2,dd_max_H,[1/200]
US-Me2,dc_C_H,78/365
US-Me2,Tcold_H,[-50]
US-Me2,drn_H,[1/800]
US-Me2,dsn_H,[1/600]
US-Me2,age_cr_H,[1220]
US-Me2,Bfac_lo_H,[0.99]
US-Me2,Bfac_ls_H,[NaN]
US-Me2,Tlo_H,[1.5]
US-Me2,PAR_th_H,[NaN]
US-Me2,dmg_H,[30]
US-Me2,LAI_min_H,[0.001]
US-Me2,Trr_H,[0.5]
US-Me2,mjDay_H,[220]
US-Me2,LDay_min_H,[14.1]
US-Me2,LtR_H,[0.8]
US-Me2,Mf_H,[1/50]
US-Me2,Wm_H,[0]
US-Me2,eps_ac_H,[0.8]
US-Me2,LDay_cr_H,[11.8]
US-Me2,Klf_H,[1/30]
US-Me2,fab_H,[0.74]
US-Me2,fbe_H,[0.26]
US-Me2,ff_r_H,[0.1]
US-Me2,Sl_L,[0.028]
US-Me2,Nl_L,[23]
US-Me2,r_L,[0.055]
US-Me2,gR_L,[0.25]
US-Me2,aSE_L,[2]
US-Me2,dd_max_L,[1/360]
US-Me2,dc_C_L,[7/365]
US-Me2,Tcold_L,[0.0]
US-Me2,drn_L,[1/570]
US-Me2,dsn_L,[ 1/365]
US-Me2,age_cr_L,[180]
US-Me2,Bfac_lo_L,[0.99]
US-Me2,Bfac_ls_L,[NaN]
US-Me2,Tlo_L,[6.0]
US-Me2,Tls_L,[NaN]
US-Me2,PAR_th_L,[NaN]
US-Me2,dmg_L,[25]
US-Me2,LAI_min_L,[0.1]
US-Me2,Trr_L,[4.0]
US-Me2,mjDay_L,[220]
US-Me2,LDay_min_L,[NaN]
US-Me2,LtR_L,[0.8]
US-Me2,Mf_L,[NaN]
US-Me2,Wm_L,[NaN]
US-Me2,eps_ac_L,[0.5]
US-Me2,LDay_cr_L,[11.5]
US-Me2,Klf_L,[NaN]
US-Me2,fab_L,NaN
US-Me2,fbe_L,NaN
US-Me2,ff_r_L,[NaN]
US-Me2,Vmax_H,[32]
US-Me2,Vmax_L,[0]
US-Me2,LAI_H,[4.03]
US-Me2,B_H,[215 327 262 244 1 0 5 0]
US-Me2,Rrootl_H,[4200]
US-Me2,PHE_S_H,[4]
US-Me2,dflo_H,[0]
US-Me2,AgeL_H,[1172]
US-Me2,e_rel_H,[1]
US-Me2,hc_H,[16.5]
US-Me2,SAI_H,[0.1]
US-Me2,LAI_L,[0.0]
US-Me2,B_L,[0 0 0 0 0 0 0 0]
US-Me2,Rrootl_L,[0]
US-Me2,PHE_S_L,[1]
US-Me2,dflo_L,[0]
US-Me2,AgeL_L,[0]
US-Me2,e_rel_L,[1]
US-Me2,hc_L,[0.0]
US-Me2,SAI_L,[0.0]
US-Me2,BLit,0.0
US-Me2,Nreserve_H,[1000]
US-Me2,Preserve_H,[100]
US-Me2,Kreserve_H,[1000]
US-Me2,FNC_H,1
US-Me2,NupI_H,[0 0 0]
US-Me2,Nreserve_L,[1]
US-Me2,Preserve_L,[1]
US-Me2,Kreserve_L,[1]
US-Me2,FNC_L,1
US-Me2,NupI_L,[0 0 0]
US-Me2,RexmyI,[0 0 0]
US-Me2,TBio_L,0
US-Me2,TBio_H,300
US-Me2,Vx_H,10
US-Me2,Vl_H,10
US-Me2,Vx_L,10
US-Me2,Vl_L,10
US-Me2,SWE,0
US-Me2,SND,0
US-Me2,TdpI_H,2
US-Me2,TdpI_L,2
US-Me2,In_L,0
US-Me2,In_urb,0
US-Me2,In_Litter,0
US-Me2,SP_wc,0
US-Me2,In_SWE,0
US-Me2,ros,0
US-Me2,t_sls,0
US-Me2,e_sno,0.97
US-Me2,tau_sno,0
US-Me2,EK,0
US-Me2,WAT,0
US-Me2,ICE,0
US-Me2,IP_wc,0
US-Me2,ICE_D,0
US-Me2,FROCK,0
US-Me2,Ws_under,1
US-Me4,a_dis,NaN
US-Me4,pow_dis,NaN
US-Me4,fpr,1
US-Me4,SvF,1
US-Me4,SN,0
US-Me4,Slo_top,0
US-Me4,Ared,1
US-Me4,aR,1
US-Me4,cellsize,1
US-Me4,Kbot,NaN
US-Me4,Krock,NaN
US-Me4,zatm,56
US-Me4,Cwat,0
US-Me4,Cbare,0
US-Me4,Psan_Zs,"[0.666, 0.666, 0.666, 0.666, 0.666, 0.666, 0.666, 0.666, 0.322, 0.322, 0.322, 0.322, 0.322, 0.264, 0.264, 0.264]"
US-Me4,Pcla_Zs,"[0.1, 0.1, 0.1, 0.1, 0.1, 0.1, 0.1, 0.1, 0.25, 0.25, 0.25, 0.25, 0.25, 0.3, 0.3, 0.3]"
US-Me4,Porg_Zs,"[0.025, 0.025, 0.025, 0.025, 0.025, 0.025, 0.025, 0.025, 0.0075, 0.0075, 0.0075, 0.0075, 0.0075, 0.0075, 0.0075, 0.0075]"
US-Me4,Color_Class,0
US-Me4,SPAR,2
US-Me4,Kfc,0.2
US-Me4,Phy,10000
US-Me4,Oice,0
US-Me4,Zs,[0 10 20 50 100 150 200 300 400 500 600 700 800 1000 1250 1500 1600]
US-Me4,Zdes,10
US-Me4,Zinf,10
US-Me4,Zbio,250
US-Me4,In_max_urb,5
US-Me4,In_max_rock,0.1
US-Me4,TminS,-0.8
US-Me4,TmaxS,2.8
US-Me4,ros_max1,550
US-Me4,ros_max2,260
US-Me4,Th_Pr_sno,10.0
US-Me4,Ice_wc_sp,0.01
US-Me4,ros_Ice_thr,500
US-Me4,Aice,0.35
US-Me4,WatFreez_Th,-8
US-Me4,dz_ice,0.54
US-Me4,ExEM,1.0
US-Me4,CASE_ROOT,1
US-Me4,ZR95_H,[1500]
US-Me4,ZR95_L,[0]
US-Me4,ZR50_H,NaN
US-Me4,ZR50_L,NaN
US-Me4,ZRmax_H,NaN
US-Me4,ZRmax_L,NaN
US-Me4,Kct,0.75
US-Me4,gcI,3.7
US-Me4,KcI,0.06
US-Me4,Sp_SN_In,5.9
US-Me4,Sp_LAI_L_In,[0.2]
US-Me4,Sp_LAI_H_In,[0.1]
US-Me4,d_leaf_H,[0.25]
US-Me4,d_leaf_L,[0.8]
US-Me4,KnitH,0.35
US-Me4,KnitL,0.0
US-Me4,mSl_H,0.0
US-Me4,mSl_L,0.0
US-Me4,FI_H,[0.081]
US-Me4,Do_H,[700]
US-Me4,a1_H,[5]
US-Me4,go_H,[ 0.01]
US-Me4,CT_H,[3]
US-Me4,DSE_H,[0.649]
US-Me4,Ha_H,[89]
US-Me4,gmes_H,[Inf]
US-Me4,rjv_H,[1.8]
US-Me4,FI_L,[0.081]
US-Me4,Do_L,[2000]
US-Me4,a1_L,[7]
US-Me4,go_L,[0.01]
US-Me4,CT_L,[3]
US-Me4,DSE_L,[0.660]
US-Me4,Ha_L,[48]
US-Me4,gmes_L,[Inf]
US-Me4,rjv_L,[2.6]
US-Me4,Psi_sto_00_H,-0.8
US-Me4,Psi_sto_50_H,-2.5
US-Me4,PsiL00_H,-1.0
US-Me4,PsiL50_H,-3.2
US-Me4,Kleaf_max_H,10
US-Me4,Cl_H,1200
US-Me4,Axyl_H,15.0
US-Me4,Kx_max_H,80000
US-Me4,PsiX50_H,-5.0
US-Me4,Cx_H,150
US-Me4,Psi_sto_00_L,-0.8
US-Me4,Psi_sto_50_L,-3.0
US-Me4,PsiL00_L,-1.1
US-Me4,PsiL50_L,-4.0
US-Me4,Kleaf_max_L,5
US-Me4,Cl_L,1200
US-Me4,Axyl_L,0.0
US-Me4,Kx_max_L,80000
US-Me4,PsiX50_L,-4.5
US-Me4,Cx_L,150
US-Me4,PsiG50_H,-0.8
US-Me4,PsiG99_H,-2.5
US-Me4,gcoef_H,3.5
US-Me4,PsiG50_L,-1.45
US-Me4,PsiG99_L,-4.0
US-Me4,gcoef_L,3.5
US-Me4,OM_H,1
US-Me4,OM_L,1
US-Me4,Sllit,2
US-Me4,Sl_H,[0.0131788]
US-Me4,Nl_H,[62]
US-Me4,r_H,[0.055]
US-Me4,gR_H,[0.25]
US-Me4,aSE_H,[0]
US-Me4,dd_max_H,[1/200]
US-Me4,dc_C_H,78/365
US-Me4,Tcold_H,[-50]
US-Me4,drn_H,[1/800]
US-Me4,dsn_H,[1/600]
US-Me4,age_cr_H,[1220]
US-Me4,Bfac_lo_H,[0.99]
US-Me4,Bfac_ls_H,[NaN]
US-Me4,Tlo_H,[1.5]
US-Me4,PAR_th_H,[NaN]
US-Me4,dmg_H,[30]
US-Me4,LAI_min_H,[0.001]
US-Me4,Trr_H,[0.5]
US-Me4,mjDay_H,[220]
US-Me4,LDay_min_H,[14.1]
US-Me4,LtR_H,[0.8]
US-Me4,Mf_H,[1/50]
US-Me4,Wm_H,[0]
US-Me4,eps_ac_H,[0.8]
US-Me4,LDay_cr_H,[11.8]
US-Me4,Klf_H,[1/30]
US-Me4,fab_H,[0.74]
US-Me4,fbe_H,[0.26]
US-Me4,ff_r_H,[0.1]
US-Me4,Sl_L,[0.028]
US-Me4,Nl_L,[23]
US-Me4,r_L,[0.055]
US-Me4,gR_L,[0.25]
US-Me4,aSE_L,[2]
US-Me4,dd_max_L,[1/360]
US-Me4,dc_C_L,[7/365]
US-Me4,Tcold_L,[0.0]
US-Me4,drn_L,[1/570]
US-Me4,dsn_L,[ 1/365]
US-Me4,age_cr_L,[180]
US-Me4,Bfac_lo_L,[0.99]
US-Me4,Bfac_ls_L,[NaN]
US-Me4,Tlo_L,[6.0]
US-Me4,Tls_L,[NaN]
US-Me4,PAR_th_L,[NaN]
US-Me4,dmg_L,[25]
US-Me4,LAI_min_L,[0.1]
US-Me4,Trr_L,[4.0]
US-Me4,mjDay_L,[220]
US-Me4,LDay_min_L,[NaN]
US-Me4,LtR_L,[0.8]
US-Me4,Mf_L,[NaN]
US-Me4,Wm_L,[NaN]
US-Me4,eps_ac_L,[0.5]
US-Me4,LDay_cr_L,[11.5]
US-Me4,Klf_L,[NaN]
US-Me4,fab_L,NaN
US-Me4,fbe_L,NaN
US-Me4,ff_r_L,[NaN]
US-Me4,Vmax_H,[32]
US-Me4,Vmax_L,[0]
US-Me4,LAI_H,[4.03]
US-Me4,B_H,[215 327 262 244 1 0 5 0]
US-Me4,Rrootl_H,[4200]
US-Me4,PHE_S_H,[4]
US-Me4,dflo_H,[0]
US-Me4,AgeL_H,[1172]
US-Me4,e_rel_H,[1]
US-Me4,hc_H,[16.5]
US-Me4,SAI_H,[0.1]
US-Me4,LAI_L,[0.0]
US-Me4,B_L,[0 0 0 0 0 0 0 0]
US-Me4,Rrootl_L,[0]
US-Me4,PHE_S_L,[1]
US-Me4,dflo_L,[0]
US-Me4,AgeL_L,[0]
US-Me4,e_rel_L,[1]
US-Me4,hc_L,[0.0]
US-Me4,SAI_L,[0.0]
US-Me4,BLit,0.0
US-Me4,Nreserve_H,[1000]
US-Me4,Preserve_H,[100]
US-Me4,Kreserve_H,[1000]
US-Me4,FNC_H,1
US-Me4,NupI_H,[0 0 0]
US-Me4,Nreserve_L,[1]
US-Me4,Preserve_L,[1]
US-Me4,Kreserve_L,[1]
US-Me4,FNC_L,1
US-Me4,NupI_L,[0 0 0]
US-Me4,RexmyI,[0 0 0]
US-Me4,TBio_L,0
US-Me4,TBio_H,300
US-Me4,Vx_H,10
US-Me4,Vl_H,10
US-Me4,Vx_L,10
US-Me4,Vl_L,10
US-Me4,SWE,0
US-Me4,SND,0
US-Me4,TdpI_H,2
US-Me4,TdpI_L,2
US-Me4,In_L,0
US-Me4,In_urb,0
US-Me4,In_Litter,0
US-Me4,SP_wc,0
US-Me4,In_SWE,0
US-Me4,ros,0
US-Me4,t_sls,0
US-Me4,e_sno,0.97
US-Me4,tau_sno,0
US-Me4,EK,0
US-Me4,WAT,0
US-Me4,ICE,0
US-Me4,IP_wc,0
US-Me4,ICE_D,0
US-Me4,FROCK,0
US-Me4,Ws_under,1
US-Me6,a_dis,NaN
US-Me6,pow_dis,NaN
US-Me6,fpr,1
US-Me6,SvF,1
US-Me6,SN,0
US-Me6,Slo_top,0
US-Me6,Ared,1
US-Me6,aR,1
US-Me6,cellsize,1
US-Me6,Kbot,NaN
US-Me6,Krock,NaN
US-Me6,zatm,14.2
US-Me6,Cwat,0
US-Me6,Cbare,0
US-Me6,Psan_Zs,"[0.75, 0.75, 0.75, 0.75, 0.75, 0.76, 0.76, 0.76, 0.67, 0.67, 0.65, 0.65, 0.65, 0.64, 0.64, 0.64]"
US-Me6,Pcla_Zs,"[0.06, 0.06, 0.06, 0.06, 0.06, 0.06, 0.06, 0.06, 0.09, 0.09, 0.08, 0.08, 0.08, 0.08, 0.08, 0.08]"
US-Me6,Porg_Zs,"[0.0125, 0.0125, 0.0125, 0.0125, 0.0125, 0.0095, 0.0095, 0.0095, 0.0055, 0.0055, 0.0075, 0.0075, 0.0075, 0.005, 0.005, 0.005]"
US-Me6,Color_Class,0
US-Me6,SPAR,2
US-Me6,Kfc,0.2
US-Me6,Phy,10000
US-Me6,Oice,0
US-Me6,Zs,[0 10 20 50 100 150 200 300 400 500 600 700 800 1000 1250 1500 1520]
US-Me6,Zdes,10
US-Me6,Zinf,10
US-Me6,Zbio,250
US-Me6,In_max_urb,5
US-Me6,In_max_rock,0.1
US-Me6,TminS,-0.8
US-Me6,TmaxS,2.8
US-Me6,ros_max1,550
US-Me6,ros_max2,260
US-Me6,Th_Pr_sno,10.0
US-Me6,Ice_wc_sp,0.01
US-Me6,ros_Ice_thr,500
US-Me6,Aice,0.35
US-Me6,WatFreez_Th,-8
US-Me6,dz_ice,0.54
US-Me6,ExEM,1.0
US-Me6,CASE_ROOT,1
US-Me6,ZR95_H,[1500]
US-Me6,ZR95_L,[0]
US-Me6,ZR50_H,NaN
US-Me6,ZR50_L,NaN
US-Me6,ZRmax_H,NaN
US-Me6,ZRmax_L,NaN
US-Me6,Kct,0.75
US-Me6,gcI,3.7
US-Me6,KcI,0.06
US-Me6,Sp_SN_In,5.9
US-Me6,Sp_LAI_L_In,[0.2]
US-Me6,Sp_LAI_H_In,[0.1]
US-Me6,d_leaf_H,[0.25]
US-Me6,d_leaf_L,[0.8]
US-Me6,KnitH,0.35
US-Me6,KnitL,0.0
US-Me6,mSl_H,0.0
US-Me6,mSl_L,0.0
US-Me6,FI_H,[0.081]
US-Me6,Do_H,[700]
US-Me6,a1_H,[5]
US-Me6,go_H,[ 0.01]
US-Me6,CT_H,[3]
US-Me6,DSE_H,[0.649]
US-Me6,Ha_H,[89]
US-Me6,gmes_H,[Inf]
US-Me6,rjv_H,[1.8]
US-Me6,FI_L,[0.081]
US-Me6,Do_L,[2000]
US-Me6,a1_L,[7]
US-Me6,go_L,[0.01]
US-Me6,CT_L,[3]
US-Me6,DSE_L,[0.660]
US-Me6,Ha_L,[48]
US-Me6,gmes_L,[Inf]
US-Me6,rjv_L,[2.6]
US-Me6,Psi_sto_00_H,-0.8
US-Me6,Psi_sto_50_H,-2.5
US-Me6,PsiL00_H,-1.0
US-Me6,PsiL50_H,-3.2
US-Me6,Kleaf_max_H,10
US-Me6,Cl_H,1200
US-Me6,Axyl_H,15.0
US-Me6,Kx_max_H,80000
US-Me6,PsiX50_H,-5.0
US-Me6,Cx_H,150
US-Me6,Psi_sto_00_L,-0.8
US-Me6,Psi_sto_50_L,-3.0
US-Me6,PsiL00_L,-1.1
US-Me6,PsiL50_L,-4.0
US-Me6,Kleaf_max_L,5
US-Me6,Cl_L,1200
US-Me6,Axyl_L,0.0
US-Me6,Kx_max_L,80000
US-Me6,PsiX50_L,-4.5
US-Me6,Cx_L,150
US-Me6,PsiG50_H,-0.8
US-Me6,PsiG99_H,-2.5
US-Me6,gcoef_H,3.5
US-Me6,PsiG50_L,-1.45
US-Me6,PsiG99_L,-4.0
US-Me6,gcoef_L,3.5
US-Me6,OM_H,1
US-Me6,OM_L,1
US-Me6,Sllit,2
US-Me6,Sl_H,[0.013731]
US-Me6,Nl_H,[62]
US-Me6,r_H,[0.055]
US-Me6,gR_H,[0.25]
US-Me6,aSE_H,[0]
US-Me6,dd_max_H,[1/200]
US-Me6,dc_C_H,78/365
US-Me6,Tcold_H,[-50]
US-Me6,drn_H,[1/800]
US-Me6,dsn_H,[1/600]
US-Me6,age_cr_H,[1220]
US-Me6,Bfac_lo_H,[0.99]
US-Me6,Bfac_ls_H,[NaN]
US-Me6,Tlo_H,[1.5]
US-Me6,PAR_th_H,[NaN]
US-Me6,dmg_H,[30]
US-Me6,LAI_min_H,[0.001]
US-Me6,Trr_H,[0.5]
US-Me6,mjDay_H,[220]
US-Me6,LDay_min_H,[14.1]
US-Me6,LtR_H,[0.8]
US-Me6,Mf_H,[1/50]
US-Me6,Wm_H,[0]
US-Me6,eps_ac_H,[0.8]
US-Me6,LDay_cr_H,[11.8]
US-Me6,Klf_H,[1/30]
US-Me6,fab_H,[0.74]
US-Me6,fbe_H,[0.26]
US-Me6,ff_r_H,[0.1]
US-Me6,Sl_L,[0.028]
US-Me6,Nl_L,[23]
US-Me6,r_L,[0.055]
US-Me6,gR_L,[0.25]
US-Me6,aSE_L,[2]
US-Me6,dd_max_L,[1/360]
US-Me6,dc_C_L,[7/365]
US-Me6,Tcold_L,[0.0]
US-Me6,drn_L,[1/570]
US-Me6,dsn_L,[ 1/365]
US-Me6,age_cr_L,[180]
US-Me6,Bfac_lo_L,[0.99]
US-Me6,Bfac_ls_L,[NaN]
US-Me6,Tlo_L,[6.0]
US-Me6,Tls_L,[NaN]
US-Me6,PAR_th_L,[NaN]
US-Me6,dmg_L,[25]
US-Me6,LAI_min_L,[0.1]
US-Me6,Trr_L,[4.0]
US-Me6,mjDay_L,[220]
US-Me6,LDay_min_L,[NaN]
US-Me6,LtR_L,[0.8]
US-Me6,Mf_L,[NaN]
US-Me6,Wm_L,[NaN]
US-Me6,eps_ac_L,[0.5]
US-Me6,LDay_cr_L,[11.5]
US-Me6,Klf_L,[NaN]
US-Me6,fab_L,NaN
US-Me6,fbe_L,NaN
US-Me6,ff_r_L,[NaN]
US-Me6,Vmax_H,[32]
US-Me6,Vmax_L,[0]
US-Me6,LAI_H,[4.03]
US-Me6,B_H,[215 327 262 244 1 0 5 0]
US-Me6,Rrootl_H,[4200]
US-Me6,PHE_S_H,[4]
US-Me6,dflo_H,[0]
US-Me6,AgeL_H,[1172]
US-Me6,e_rel_H,[1]
US-Me6,hc_H,[6.51]
US-Me6,SAI_H,[0.1]
US-Me6,LAI_L,[0.0]
US-Me6,B_L,[0 0 0 0 0 0 0 0]
US-Me6,Rrootl_L,[0]
US-Me6,PHE_S_L,[1]
US-Me6,dflo_L,[0]
US-Me6,AgeL_L,[0]
US-Me6,e_rel_L,[1]
US-Me6,hc_L,[0.0]
US-Me6,SAI_L,[0.0]
US-Me6,BLit,0.0
US-Me6,Nreserve_H,[1000]
US-Me6,Preserve_H,[100]
US-Me6,Kreserve_H,[1000]
US-Me6,FNC_H,1
US-Me6,NupI_H,[0 0 0]
US-Me6,Nreserve_L,[1]
US-Me6,Preserve_L,[1]
US-Me6,Kreserve_L,[1]
US-Me6,FNC_L,1
US-Me6,NupI_L,[0 0 0]
US-Me6,RexmyI,[0 0 0]
US-Me6,TBio_L,0
US-Me6,TBio_H,300
US-Me6,Vx_H,10
US-Me6,Vl_H,10
US-Me6,Vx_L,10
US-Me6,Vl_L,10
US-Me6,SWE,0
US-Me6,SND,0
US-Me6,TdpI_H,2
US-Me6,TdpI_L,2
US-Me6,In_L,0
US-Me6,In_urb,0
US-Me6,In_Litter,0
US-Me6,SP_wc,0
US-Me6,In_SWE,0
US-Me6,ros,0
US-Me6,t_sls,0
US-Me6,e_sno,0.97
US-Me6,tau_sno,0
US-Me6,EK,0
US-Me6,WAT,0
US-Me6,ICE,0
US-Me6,IP_wc,0
US-Me6,ICE_D,0
US-Me6,FROCK,0
US-Me6,Ws_under,1
US-Me7,a_dis,NaN
US-Me7,pow_dis,NaN
US-Me7,fpr,1
US-Me7,SvF,1
US-Me7,SN,0
US-Me7,Slo_top,0
US-Me7,Ared,1
US-Me7,aR,1
US-Me7,cellsize,1
US-Me7,Kbot,0.01
US-Me7,Krock,NaN
US-Me7,zatm,2.56
US-Me7,Cwat,0
US-Me7,Cbare,0
US-Me7,Psan_Zs,"[0.659, 0.659, 0.659, 0.659, 0.659, 0.659, 0.659, 0.659, 0.322, 0.322, 0.322, 0.322, 0.322]"
US-Me7,Pcla_Zs,"[0.15, 0.15, 0.15, 0.15, 0.15, 0.15, 0.15, 0.15, 0.25, 0.25, 0.25, 0.25, 0.25]"
US-Me7,Porg_Zs,"[0.04, 0.04, 0.04, 0.04, 0.04, 0.04, 0.04, 0.04, 0.0025, 0.0025, 0.0025, 0.0025, 0.0025]"
US-Me7,Color_Class,0
US-Me7,SPAR,2
US-Me7,Kfc,0.2
US-Me7,Phy,10000
US-Me7,Oice,0
US-Me7,Zs,[0 10 20 50 100 150 200 300 400 500 600 700 800 910]
US-Me7,Zdes,10
US-Me7,Zinf,10
US-Me7,Zbio,250
US-Me7,In_max_urb,5
US-Me7,In_max_rock,0.1
US-Me7,TminS,-0.8
US-Me7,TmaxS,2.8
US-Me7,ros_max1,550
US-Me7,ros_max2,260
US-Me7,Th_Pr_sno,10.0
US-Me7,Ice_wc_sp,0.01
US-Me7,ros_Ice_thr,500
US-Me7,Aice,0.35
US-Me7,WatFreez_Th,-8
US-Me7,dz_ice,0.54
US-Me7,ExEM,1.0
US-Me7,CASE_ROOT,1
US-Me7,ZR95_H,[910]
US-Me7,ZR95_L,[0]
US-Me7,ZR50_H,NaN
US-Me7,ZR50_L,NaN
US-Me7,ZRmax_H,NaN
US-Me7,ZRmax_L,NaN
US-Me7,Kct,0.75
US-Me7,gcI,3.7
US-Me7,KcI,0.06
US-Me7,Sp_SN_In,5.9
US-Me7,Sp_LAI_L_In,[0.2]
US-Me7,Sp_LAI_H_In,[0.1]
US-Me7,d_leaf_H,[0.25]
US-Me7,d_leaf_L,[0.8]
US-Me7,KnitH,0.35
US-Me7,KnitL,0.0
US-Me7,mSl_H,0.0
US-Me7,mSl_L,0.0
US-Me7,FI_H,[0.081]
US-Me7,Do_H,[700]
US-Me7,a1_H,[5]
US-Me7,go_H,[ 0.01]
US-Me7,CT_H,[3]
US-Me7,DSE_H,[0.649]
US-Me7,Ha_H,[89]
US-Me7,gmes_H,[Inf]
US-Me7,rjv_H,[1.8]
US-Me7,FI_L,[0.081]
US-Me7,Do_L,[2000]
US-Me7,a1_L,[7]
US-Me7,go_L,[0.01]
US-Me7,CT_L,[3]
US-Me7,DSE_L,[0.660]
US-Me7,Ha_L,[48]
US-Me7,gmes_L,[Inf]
US-Me7,rjv_L,[2.6]
US-Me7,Psi_sto_00_H,-0.8
US-Me7,Psi_sto_50_H,-2.5
US-Me7,PsiL00_H,-1.0
US-Me7,PsiL50_H,-3.2
US-Me7,Kleaf_max_H,10
US-Me7,Cl_H,1200
US-Me7,Axyl_H,15.0
US-Me7,Kx_max_H,80000
US-Me7,PsiX50_H,-5.0
US-Me7,Cx_H,150
US-Me7,Psi_sto_00_L,-0.8
US-Me7,Psi_sto_50_L,-3.0
US-Me7,PsiL00_L,-1.1
US-Me7,PsiL50_L,-4.0
US-Me7,Kleaf_max_L,5
US-Me7,Cl_L,1200
US-Me7,Axyl_L,0.0
US-Me7,Kx_max_L,80000
US-Me7,PsiX50_L,-4.5
US-Me7,Cx_L,150
US-Me7,PsiG50_H,-0.8
US-Me7,PsiG99_H,-2.5
US-Me7,gcoef_H,3.5
US-Me7,PsiG50_L,-1.45
US-Me7,PsiG99_L,-4.0
US-Me7,gcoef_L,3.5
US-Me7,OM_H,1
US-Me7,OM_L,1
US-Me7,Sllit,2
US-Me7,Sl_H,[0.0131788]
US-Me7,Nl_H,[62]
US-Me7,r_H,[0.055]
US-Me7,gR_H,[0.25]
US-Me7,aSE_H,[0]
US-Me7,dd_max_H,[1/200]
US-Me7,dc_C_H,78/365
US-Me7,Tcold_H,[-50]
US-Me7,drn_H,[1/800]
US-Me7,dsn_H,[1/600]
US-Me7,age_cr_H,[1220]
US-Me7,Bfac_lo_H,[0.99]
US-Me7,Bfac_ls_H,[NaN]
US-Me7,Tlo_H,[1.5]
US-Me7,PAR_th_H,[NaN]
US-Me7,dmg_H,[30]
US-Me7,LAI_min_H,[0.001]
US-Me7,Trr_H,[0.5]
US-Me7,mjDay_H,[220]
US-Me7,LDay_min_H,[14.1]
US-Me7,LtR_H,[0.8]
US-Me7,Mf_H,[1/50]
US-Me7,Wm_H,[0]
US-Me7,eps_ac_H,[0.8]
US-Me7,LDay_cr_H,[11.8]
US-Me7,Klf_H,[1/30]
US-Me7,fab_H,[0.74]
US-Me7,fbe_H,[0.26]
US-Me7,ff_r_H,[0.1]
US-Me7,Sl_L,[0.028]
US-Me7,Nl_L,[23]
US-Me7,r_L,[0.055]
US-Me7,gR_L,[0.25]
US-Me7,aSE_L,[2]
US-Me7,dd_max_L,[1/360]
US-Me7,dc_C_L,[7/365]
US-Me7,Tcold_L,[0.0]
US-Me7,drn_L,[1/570]
US-Me7,dsn_L,[ 1/365]
US-Me7,age_cr_L,[180]
US-Me7,Bfac_lo_L,[0.99]
US-Me7,Bfac_ls_L,[NaN]
US-Me7,Tlo_L,[6.0]
US-Me7,Tls_L,[NaN]
US-Me7,PAR_th_L,[NaN]
US-Me7,dmg_L,[25]
US-Me7,LAI_min_L,[0.1]
US-Me7,Trr_L,[4.0]
US-Me7,mjDay_L,[220]
US-Me7,LDay_min_L,[NaN]
US-Me7,LtR_L,[0.8]
US-Me7,Mf_L,[NaN]
US-Me7,Wm_L,[NaN]
US-Me7,eps_ac_L,[0.5]
US-Me7,LDay_cr_L,[11.5]
US-Me7,Klf_L,[NaN]
US-Me7,fab_L,NaN
US-Me7,fbe_L,NaN
US-Me7,ff_r_L,[NaN]
US-Me7,Vmax_H,[32]
US-Me7,Vmax_L,[0]
US-Me7,LAI_H,[4.03]
US-Me7,B_H,[215 327 262 244 1 0 5 0]
US-Me7,Rrootl_H,[4200]
US-Me7,PHE_S_H,[4]
US-Me7,dflo_H,[0]
US-Me7,AgeL_H,[1172]
US-Me7,e_rel_H,[1]
US-Me7,hc_H,[18]
US-Me7,SAI_H,[0.1]
US-Me7,LAI_L,[0.0]
US-Me7,B_L,[0 0 0 0 0 0 0 0]
US-Me7,Rrootl_L,[0]
US-Me7,PHE_S_L,[1]
US-Me7,dflo_L,[0]
US-Me7,AgeL_L,[0]
US-Me7,e_rel_L,[1]
US-Me7,hc_L,[0.0]
US-Me7,SAI_L,[0.0]
US-Me7,BLit,0.0
US-Me7,Nreserve_H,[1000]
US-Me7,Preserve_H,[100]
US-Me7,Kreserve_H,[1000]
US-Me7,FNC_H,1
US-Me7,NupI_H,[0 0 0]
US-Me7,Nreserve_L,[1]
US-Me7,Preserve_L,[1]
US-Me7,Kreserve_L,[1]
US-Me7,FNC_L,1
US-Me7,NupI_L,[0 0 0]
US-Me7,RexmyI,[0 0 0]
US-Me7,TBio_L,0
US-Me7,TBio_H,300
US-Me7,Vx_H,10
US-Me7,Vl_H,10
US-Me7,Vx_L,10
US-Me7,Vl_L,10
US-Me7,SWE,0
US-Me7,SND,0
US-Me7,TdpI_H,2
US-Me7,TdpI_L,2
US-Me7,In_L,0
US-Me7,In_urb,0
US-Me7,In_Litter,0
US-Me7,SP_wc,0
US-Me7,In_SWE,0
US-Me7,ros,0
US-Me7,t_sls,0
US-Me7,e_sno,0.97
US-Me7,tau_sno,0
US-Me7,EK,0
US-Me7,WAT,0
US-Me7,ICE,0
US-Me7,IP_wc,0
US-Me7,ICE_D,0
US-Me7,FROCK,0
US-Me7,Ws_under,1
US-MtB,a_dis,NaN
US-MtB,pow_dis,NaN
US-MtB,fpr,1
US-MtB,SvF,1
US-MtB,SN,0
US-MtB,Slo_top,0
US-MtB,Ared,1
US-MtB,aR,1
US-MtB,cellsize,1
US-MtB,Kbot,0.01
US-MtB,Krock,NaN
US-MtB,zatm,31
US-MtB,Cwat,0
US-MtB,Cbare,0
US-MtB,Psan_Zs,"[0.398, 0.398, 0.398, 0.398, 0.34, 0.34, 0.34, 0.34]"
US-MtB,Pcla_Zs,"[0.225, 0.225, 0.225, 0.225, 0.3, 0.3, 0.3, 0.3]"
US-MtB,Porg_Zs,"[0.03, 0.03, 0.03, 0.03, 0.025, 0.025, 0.015, 0.015]"
US-MtB,Color_Class,0
US-MtB,SPAR,2
US-MtB,Kfc,0.2
US-MtB,Phy,10000
US-MtB,Oice,0
US-MtB,Zs,[0 10 20 50 100 150 200 300 330]
US-MtB,Zdes,10
US-MtB,Zinf,10
US-MtB,Zbio,250
US-MtB,In_max_urb,5
US-MtB,In_max_rock,0.1
US-MtB,TminS,-0.8
US-MtB,TmaxS,2.8
US-MtB,ros_max1,550
US-MtB,ros_max2,260
US-MtB,Th_Pr_sno,10.0
US-MtB,Ice_wc_sp,0.01
US-MtB,ros_Ice_thr,500
US-MtB,Aice,0.35
US-MtB,WatFreez_Th,-8
US-MtB,dz_ice,0.54
US-MtB,ExEM,1.0
US-MtB,CASE_ROOT,1
US-MtB,ZR95_H,[330]
US-MtB,ZR95_L,[0]
US-MtB,ZR50_H,NaN
US-MtB,ZR50_L,NaN
US-MtB,ZRmax_H,NaN
US-MtB,ZRmax_L,NaN
US-MtB,Kct,0.75
US-MtB,gcI,3.7
US-MtB,KcI,0.06
US-MtB,Sp_SN_In,5.9
US-MtB,Sp_LAI_L_In,[0.2]
US-MtB,Sp_LAI_H_In,[0.1]
US-MtB,d_leaf_H,[0.25]
US-MtB,d_leaf_L,[0.8]
US-MtB,KnitH,0.35
US-MtB,KnitL,0.0
US-MtB,mSl_H,0.0
US-MtB,mSl_L,0.0
US-MtB,FI_H,[0.081]
US-MtB,Do_H,[700]
US-MtB,a1_H,[5]
US-MtB,go_H,[ 0.01]
US-MtB,CT_H,[3]
US-MtB,DSE_H,[0.649]
US-MtB,Ha_H,[89]
US-MtB,gmes_H,[Inf]
US-MtB,rjv_H,[1.8]
US-MtB,FI_L,[0.081]
US-MtB,Do_L,[2000]
US-MtB,a1_L,[7]
US-MtB,go_L,[0.01]
US-MtB,CT_L,[3]
US-MtB,DSE_L,[0.660]
US-MtB,Ha_L,[48]
US-MtB,gmes_L,[Inf]
US-MtB,rjv_L,[2.6]
US-MtB,Psi_sto_00_H,-0.8
US-MtB,Psi_sto_50_H,-2.5
US-MtB,PsiL00_H,-1.0
US-MtB,PsiL50_H,-3.2
US-MtB,Kleaf_max_H,10
US-MtB,Cl_H,1200
US-MtB,Axyl_H,15.0
US-MtB,Kx_max_H,80000
US-MtB,PsiX50_H,-5.0
US-MtB,Cx_H,150
US-MtB,Psi_sto_00_L,-0.8
US-MtB,Psi_sto_50_L,-3.0
US-MtB,PsiL00_L,-1.1
US-MtB,PsiL50_L,-4.0
US-MtB,Kleaf_max_L,5
US-MtB,Cl_L,1200
US-MtB,Axyl_L,0.0
US-MtB,Kx_max_L,80000
US-MtB,PsiX50_L,-4.5
US-MtB,Cx_L,150
US-MtB,PsiG50_H,-0.8
US-MtB,PsiG99_H,-2.5
US-MtB,gcoef_H,3.5
US-MtB,PsiG50_L,-1.45
US-MtB,PsiG99_L,-4.0
US-MtB,gcoef_L,3.5
US-MtB,OM_H,1
US-MtB,OM_L,1
US-MtB,Sllit,2
US-MtB,Sl_H,[0.0187855]
US-MtB,Nl_H,[62]
US-MtB,r_H,[0.055]
US-MtB,gR_H,[0.25]
US-MtB,aSE_H,[0]
US-MtB,dd_max_H,[1/200]
US-MtB,dc_C_H,78/365
US-MtB,Tcold_H,[-50]
US-MtB,drn_H,[1/800]
US-MtB,dsn_H,[1/600]
US-MtB,age_cr_H,[1220]
US-MtB,Bfac_lo_H,[0.99]
US-MtB,Bfac_ls_H,[NaN]
US-MtB,Tlo_H,[1.5]
US-MtB,PAR_th_H,[NaN]
US-MtB,dmg_H,[30]
US-MtB,LAI_min_H,[0.001]
US-MtB,Trr_H,[0.5]
US-MtB,mjDay_H,[220]
US-MtB,LDay_min_H,[14.1]
US-MtB,LtR_H,[0.8]
US-MtB,Mf_H,[1/50]
US-MtB,Wm_H,[0]
US-MtB,eps_ac_H,[0.8]
US-MtB,LDay_cr_H,[11.8]
US-MtB,Klf_H,[1/30]
US-MtB,fab_H,[0.74]
US-MtB,fbe_H,[0.26]
US-MtB,ff_r_H,[0.1]
US-MtB,Sl_L,[0.028]
US-MtB,Nl_L,[23]
US-MtB,r_L,[0.055]
US-MtB,gR_L,[0.25]
US-MtB,aSE_L,[2]
US-MtB,dd_max_L,[1/360]
US-MtB,dc_C_L,[7/365]
US-MtB,Tcold_L,[0.0]
US-MtB,drn_L,[1/570]
US-MtB,dsn_L,[ 1/365]
US-MtB,age_cr_L,[180]
US-MtB,Bfac_lo_L,[0.99]
US-MtB,Bfac_ls_L,[NaN]
US-MtB,Tlo_L,[6.0]
US-MtB,Tls_L,[NaN]
US-MtB,PAR_th_L,[NaN]
US-MtB,dmg_L,[25]
US-MtB,LAI_min_L,[0.1]
US-MtB,Trr_L,[4.0]
US-MtB,mjDay_L,[220]
US-MtB,LDay_min_L,[NaN]
US-MtB,LtR_L,[0.8]
US-MtB,Mf_L,[NaN]
US-MtB,Wm_L,[NaN]
US-MtB,eps_ac_L,[0.5]
US-MtB,LDay_cr_L,[11.5]
US-MtB,Klf_L,[NaN]
US-MtB,fab_L,NaN
US-MtB,fbe_L,NaN
US-MtB,ff_r_L,[NaN]
US-MtB,Vmax_H,[32]
US-MtB,Vmax_L,[0]
US-MtB,LAI_H,[4.03]
US-MtB,B_H,[215 327 262 244 1 0 5 0]
US-MtB,Rrootl_H,[4200]
US-MtB,PHE_S_H,[4]
US-MtB,dflo_H,[0]
US-MtB,AgeL_H,[1172]
US-MtB,e_rel_H,[1]
US-MtB,hc_H,[19]
US-MtB,SAI_H,[0.1]
US-MtB,LAI_L,[0.0]
US-MtB,B_L,[0 0 0 0 0 0 0 0]
US-MtB,Rrootl_L,[0]
US-MtB,PHE_S_L,[1]
US-MtB,dflo_L,[0]
US-MtB,AgeL_L,[0]
US-MtB,e_rel_L,[1]
US-MtB,hc_L,[0.0]
US-MtB,SAI_L,[0.0]
US-MtB,BLit,0.0
US-MtB,Nreserve_H,[1000]
US-MtB,Preserve_H,[100]
US-MtB,Kreserve_H,[1000]
US-MtB,FNC_H,1
US-MtB,NupI_H,[0 0 0]
US-MtB,Nreserve_L,[1]
US-MtB,Preserve_L,[1]
US-MtB,Kreserve_L,[1]
US-MtB,FNC_L,1
US-MtB,NupI_L,[0 0 0]
US-MtB,RexmyI,[0 0 0]
US-MtB,TBio_L,0
US-MtB,TBio_H,300
US-MtB,Vx_H,10
US-MtB,Vl_H,10
US-MtB,Vx_L,10
US-MtB,Vl_L,10
US-MtB,SWE,0
US-MtB,SND,0
US-MtB,TdpI_H,2
US-MtB,TdpI_L,2
US-MtB,In_L,0
US-MtB,In_urb,0
US-MtB,In_Litter,0
US-MtB,SP_wc,0
US-MtB,In_SWE,0
US-MtB,ros,0
US-MtB,t_sls,0
US-MtB,e_sno,0.97
US-MtB,tau_sno,0
US-MtB,EK,0
US-MtB,WAT,0
US-MtB,ICE,0
US-MtB,IP_wc,0
US-MtB,ICE_D,0
US-MtB,FROCK,0
US-MtB,Ws_under,1
US-NC2,a_dis,NaN
US-NC2,pow_dis,NaN
US-NC2,fpr,1
US-NC2,SvF,1
US-NC2,SN,0
US-NC2,Slo_top,0
US-NC2,Ared,1
US-NC2,aR,1
US-NC2,cellsize,1
US-NC2,Kbot,NaN
US-NC2,Krock,NaN
US-NC2,zatm,27
US-NC2,Cwat,0
US-NC2,Cbare,0
US-NC2,Psan_Zs,"[0.57, 0.57, 0.57, 0.57, 0.57, 0.45, 0.45, 0.45, 0.45, 0.88, 0.88, 0.88, 0.88, 0.88]"
US-NC2,Pcla_Zs,"[0.1, 0.1, 0.1, 0.1, 0.1, 0.28, 0.28, 0.28, 0.28, 0.05, 0.05, 0.05, 0.05, 0.05]"
US-NC2,Porg_Zs,"[0.08, 0.08, 0.08, 0.08, 0.08, 0.02, 0.02, 0.02, 0.02, 0.005, 0.005, 0.005, 0.005, 0.005]"
US-NC2,Color_Class,0
US-NC2,SPAR,2
US-NC2,Kfc,0.2
US-NC2,Phy,10000
US-NC2,Oice,0
US-NC2,Zs,[0 10 20 50 100 150 200 300 400 500 600 700 800 1000 1170]
US-NC2,Zdes,10
US-NC2,Zinf,10
US-NC2,Zbio,250
US-NC2,In_max_urb,5
US-NC2,In_max_rock,0.1
US-NC2,TminS,-0.8
US-NC2,TmaxS,2.8
US-NC2,ros_max1,550
US-NC2,ros_max2,260
US-NC2,Th_Pr_sno,10.0
US-NC2,Ice_wc_sp,0.01
US-NC2,ros_Ice_thr,500
US-NC2,Aice,0.35
US-NC2,WatFreez_Th,-8
US-NC2,dz_ice,0.54
US-NC2,ExEM,1.0
US-NC2,CASE_ROOT,1
US-NC2,ZR95_H,[1100]
US-NC2,ZR95_L,[0]
US-NC2,ZR50_H,NaN
US-NC2,ZR50_L,NaN
US-NC2,ZRmax_H,NaN
US-NC2,ZRmax_L,NaN
US-NC2,Kct,0.75
US-NC2,gcI,3.7
US-NC2,KcI,0.06
US-NC2,Sp_SN_In,5.9
US-NC2,Sp_LAI_L_In,[0.2]
US-NC2,Sp_LAI_H_In,[0.1]
US-NC2,d_leaf_H,[0.25]
US-NC2,d_leaf_L,[0.8]
US-NC2,KnitH,0.35
US-NC2,KnitL,0.0
US-NC2,mSl_H,0.0
US-NC2,mSl_L,0.0
US-NC2,FI_H,[0.081]
US-NC2,Do_H,[700]
US-NC2,a1_H,[5]
US-NC2,go_H,[ 0.01]
US-NC2,CT_H,[3]
US-NC2,DSE_H,[0.649]
US-NC2,Ha_H,[89]
US-NC2,gmes_H,[Inf]
US-NC2,rjv_H,[1.8]
US-NC2,FI_L,[0.081]
US-NC2,Do_L,[2000]
US-NC2,a1_L,[7]
US-NC2,go_L,[0.01]
US-NC2,CT_L,[3]
US-NC2,DSE_L,[0.660]
US-NC2,Ha_L,[48]
US-NC2,gmes_L,[Inf]
US-NC2,rjv_L,[2.6]
US-NC2,Psi_sto_00_H,-0.8
US-NC2,Psi_sto_50_H,-2.5
US-NC2,PsiL00_H,-1.0
US-NC2,PsiL50_H,-3.2
US-NC2,Kleaf_max_H,10
US-NC2,Cl_H,1200
US-NC2,Axyl_H,15.0
US-NC2,Kx_max_H,80000
US-NC2,PsiX50_H,-5.0
US-NC2,Cx_H,150
US-NC2,Psi_sto_00_L,-0.8
US-NC2,Psi_sto_50_L,-3.0
US-NC2,PsiL00_L,-1.1
US-NC2,PsiL50_L,-4.0
US-NC2,Kleaf_max_L,5
US-NC2,Cl_L,1200
US-NC2,Axyl_L,0.0
US-NC2,Kx_max_L,80000
US-NC2,PsiX50_L,-4.5
US-NC2,Cx_L,150
US-NC2,PsiG50_H,-0.8
US-NC2,PsiG99_H,-2.5
US-NC2,gcoef_H,3.5
US-NC2,PsiG50_L,-1.45
US-NC2,PsiG99_L,-4.0
US-NC2,gcoef_L,3.5
US-NC2,OM_H,1
US-NC2,OM_L,1
US-NC2,Sllit,2
US-NC2,Sl_H,[0.0271841]
US-NC2,Nl_H,[62]
US-NC2,r_H,[0.055]
US-NC2,gR_H,[0.25]
US-NC2,aSE_H,[0]
US-NC2,dd_max_H,[1/200]
US-NC2,dc_C_H,78/365
US-NC2,Tcold_H,[-50]
US-NC2,drn_H,[1/800]
US-NC2,dsn_H,[1/600]
US-NC2,age_cr_H,[1220]
US-NC2,Bfac_lo_H,[0.99]
US-NC2,Bfac_ls_H,[NaN]
US-NC2,Tlo_H,[1.5]
US-NC2,PAR_th_H,[NaN]
US-NC2,dmg_H,[30]
US-NC2,LAI_min_H,[0.001]
US-NC2,Trr_H,[0.5]
US-NC2,mjDay_H,[220]
US-NC2,LDay_min_H,[14.1]
US-NC2,LtR_H,[0.8]
US-NC2,Mf_H,[1/50]
US-NC2,Wm_H,[0]
US-NC2,eps_ac_H,[0.8]
US-NC2,LDay_cr_H,[11.8]
US-NC2,Klf_H,[1/30]
US-NC2,fab_H,[0.74]
US-NC2,fbe_H,[0.26]
US-NC2,ff_r_H,[0.1]
US-NC2,Sl_L,[0.028]
US-NC2,Nl_L,[23]
US-NC2,r_L,[0.055]
US-NC2,gR_L,[0.25]
US-NC2,aSE_L,[2]
US-NC2,dd_max_L,[1/360]
US-NC2,dc_C_L,[7/365]
US-NC2,Tcold_L,[0.0]
US-NC2,drn_L,[1/570]
US-NC2,dsn_L,[ 1/365]
US-NC2,age_cr_L,[180]
US-NC2,Bfac_lo_L,[0.99]
US-NC2,Bfac_ls_L,[NaN]
US-NC2,Tlo_L,[6.0]
US-NC2,Tls_L,[NaN]
US-NC2,PAR_th_L,[NaN]
US-NC2,dmg_L,[25]
US-NC2,LAI_min_L,[0.1]
US-NC2,Trr_L,[4.0]
US-NC2,mjDay_L,[220]
US-NC2,LDay_min_L,[NaN]
US-NC2,LtR_L,[0.8]
US-NC2,Mf_L,[NaN]
US-NC2,Wm_L,[NaN]
US-NC2,eps_ac_L,[0.5]
US-NC2,LDay_cr_L,[11.5]
US-NC2,Klf_L,[NaN]
US-NC2,fab_L,NaN
US-NC2,fbe_L,NaN
US-NC2,ff_r_L,[NaN]
US-NC2,Vmax_H,[32]
US-NC2,Vmax_L,[0]
US-NC2,LAI_H,[4.03]
US-NC2,B_H,[215 327 262 244 1 0 5 0]
US-NC2,Rrootl_H,[4200]
US-NC2,PHE_S_H,[4]
US-NC2,dflo_H,[0]
US-NC2,AgeL_H,[1172]
US-NC2,e_rel_H,[1]
US-NC2,hc_H,[14]
US-NC2,SAI_H,[0.1]
US-NC2,LAI_L,[0.0]
US-NC2,B_L,[0 0 0 0 0 0 0 0]
US-NC2,Rrootl_L,[0]
US-NC2,PHE_S_L,[1]
US-NC2,dflo_L,[0]
US-NC2,AgeL_L,[0]
US-NC2,e_rel_L,[1]
US-NC2,hc_L,[0.0]
US-NC2,SAI_L,[0.0]
US-NC2,BLit,0.0
US-NC2,Nreserve_H,[1000]
US-NC2,Preserve_H,[100]
US-NC2,Kreserve_H,[1000]
US-NC2,FNC_H,1
US-NC2,NupI_H,[0 0 0]
US-NC2,Nreserve_L,[1]
US-NC2,Preserve_L,[1]
US-NC2,Kreserve_L,[1]
US-NC2,FNC_L,1
US-NC2,NupI_L,[0 0 0]
US-NC2,RexmyI,[0 0 0]
US-NC2,TBio_L,0
US-NC2,TBio_H,300
US-NC2,Vx_H,10
US-NC2,Vl_H,10
US-NC2,Vx_L,10
US-NC2,Vl_L,10
US-NC2,SWE,0
US-NC2,SND,0
US-NC2,TdpI_H,2
US-NC2,TdpI_L,2
US-NC2,In_L,0
US-NC2,In_urb,0
US-NC2,In_Litter,0
US-NC2,SP_wc,0
US-NC2,In_SWE,0
US-NC2,ros,0
US-NC2,t_sls,0
US-NC2,e_sno,0.97
US-NC2,tau_sno,0
US-NC2,EK,0
US-NC2,WAT,0
US-NC2,ICE,0
US-NC2,IP_wc,0
US-NC2,ICE_D,0
US-NC2,FROCK,0
US-NC2,Ws_under,1
US-NC3,a_dis,NaN
US-NC3,pow_dis,NaN
US-NC3,fpr,1
US-NC3,SvF,1
US-NC3,SN,0
US-NC3,Slo_top,0
US-NC3,Ared,1
US-NC3,aR,1
US-NC3,cellsize,1
US-NC3,Kbot,NaN
US-NC3,Krock,NaN
US-NC3,zatm,9
US-NC3,Cwat,0
US-NC3,Cbare,0
US-NC3,Psan_Zs,"[0.57, 0.57, 0.57, 0.57, 0.57, 0.45, 0.45, 0.45, 0.45, 0.88, 0.88, 0.88, 0.88, 0.88]"
US-NC3,Pcla_Zs,"[0.1, 0.1, 0.1, 0.1, 0.1, 0.28, 0.28, 0.28, 0.28, 0.05, 0.05, 0.05, 0.05, 0.05]"
US-NC3,Porg_Zs,"[0.08, 0.08, 0.08, 0.08, 0.08, 0.02, 0.02, 0.02, 0.02, 0.005, 0.005, 0.005, 0.005, 0.005]"
US-NC3,Color_Class,0
US-NC3,SPAR,2
US-NC3,Kfc,0.2
US-NC3,Phy,10000
US-NC3,Oice,0
US-NC3,Zs,[0 10 20 50 100 150 200 300 400 500 600 700 800 1000 1170]
US-NC3,Zdes,10
US-NC3,Zinf,10
US-NC3,Zbio,250
US-NC3,In_max_urb,5
US-NC3,In_max_rock,0.1
US-NC3,TminS,-0.8
US-NC3,TmaxS,2.8
US-NC3,ros_max1,550
US-NC3,ros_max2,260
US-NC3,Th_Pr_sno,10.0
US-NC3,Ice_wc_sp,0.01
US-NC3,ros_Ice_thr,500
US-NC3,Aice,0.35
US-NC3,WatFreez_Th,-8
US-NC3,dz_ice,0.54
US-NC3,ExEM,1.0
US-NC3,CASE_ROOT,1
US-NC3,ZR95_H,[1100]
US-NC3,ZR95_L,[0]
US-NC3,ZR50_H,NaN
US-NC3,ZR50_L,NaN
US-NC3,ZRmax_H,NaN
US-NC3,ZRmax_L,NaN
US-NC3,Kct,0.75
US-NC3,gcI,3.7
US-NC3,KcI,0.06
US-NC3,Sp_SN_In,5.9
US-NC3,Sp_LAI_L_In,[0.2]
US-NC3,Sp_LAI_H_In,[0.1]
US-NC3,d_leaf_H,[0.25]
US-NC3,d_leaf_L,[0.8]
US-NC3,KnitH,0.35
US-NC3,KnitL,0.0
US-NC3,mSl_H,0.0
US-NC3,mSl_L,0.0
US-NC3,FI_H,[0.081]
US-NC3,Do_H,[700]
US-NC3,a1_H,[5]
US-NC3,go_H,[ 0.01]
US-NC3,CT_H,[3]
US-NC3,DSE_H,[0.649]
US-NC3,Ha_H,[89]
US-NC3,gmes_H,[Inf]
US-NC3,rjv_H,[1.8]
US-NC3,FI_L,[0.081]
US-NC3,Do_L,[2000]
US-NC3,a1_L,[7]
US-NC3,go_L,[0.01]
US-NC3,CT_L,[3]
US-NC3,DSE_L,[0.660]
US-NC3,Ha_L,[48]
US-NC3,gmes_L,[Inf]
US-NC3,rjv_L,[2.6]
US-NC3,Psi_sto_00_H,-0.8
US-NC3,Psi_sto_50_H,-2.5
US-NC3,PsiL00_H,-1.0
US-NC3,PsiL50_H,-3.2
US-NC3,Kleaf_max_H,10
US-NC3,Cl_H,1200
US-NC3,Axyl_H,15.0
US-NC3,Kx_max_H,80000
US-NC3,PsiX50_H,-5.0
US-NC3,Cx_H,150
US-NC3,Psi_sto_00_L,-0.8
US-NC3,Psi_sto_50_L,-3.0
US-NC3,PsiL00_L,-1.1
US-NC3,PsiL50_L,-4.0
US-NC3,Kleaf_max_L,5
US-NC3,Cl_L,1200
US-NC3,Axyl_L,0.0
US-NC3,Kx_max_L,80000
US-NC3,PsiX50_L,-4.5
US-NC3,Cx_L,150
US-NC3,PsiG50_H,-0.8
US-NC3,PsiG99_H,-2.5
US-NC3,gcoef_H,3.5
US-NC3,PsiG50_L,-1.45
US-NC3,PsiG99_L,-4.0
US-NC3,gcoef_L,3.5
US-NC3,OM_H,1
US-NC3,OM_L,1
US-NC3,Sllit,2
US-NC3,Sl_H,[0.0271841]
US-NC3,Nl_H,[62]
US-NC3,r_H,[0.055]
US-NC3,gR_H,[0.25]
US-NC3,aSE_H,[0]
US-NC3,dd_max_H,[1/200]
US-NC3,dc_C_H,78/365
US-NC3,Tcold_H,[-50]
US-NC3,drn_H,[1/800]
US-NC3,dsn_H,[1/600]
US-NC3,age_cr_H,[1220]
US-NC3,Bfac_lo_H,[0.99]
US-NC3,Bfac_ls_H,[NaN]
US-NC3,Tlo_H,[1.5]
US-NC3,PAR_th_H,[NaN]
US-NC3,dmg_H,[30]
US-NC3,LAI_min_H,[0.001]
US-NC3,Trr_H,[0.5]
US-NC3,mjDay_H,[220]
US-NC3,LDay_min_H,[14.1]
US-NC3,LtR_H,[0.8]
US-NC3,Mf_H,[1/50]
US-NC3,Wm_H,[0]
US-NC3,eps_ac_H,[0.8]
US-NC3,LDay_cr_H,[11.8]
US-NC3,Klf_H,[1/30]
US-NC3,fab_H,[0.74]
US-NC3,fbe_H,[0.26]
US-NC3,ff_r_H,[0.1]
US-NC3,Sl_L,[0.028]
US-NC3,Nl_L,[23]
US-NC3,r_L,[0.055]
US-NC3,gR_L,[0.25]
US-NC3,aSE_L,[2]
US-NC3,dd_max_L,[1/360]
US-NC3,dc_C_L,[7/365]
US-NC3,Tcold_L,[0.0]
US-NC3,drn_L,[1/570]
US-NC3,dsn_L,[ 1/365]
US-NC3,age_cr_L,[180]
US-NC3,Bfac_lo_L,[0.99]
US-NC3,Bfac_ls_L,[NaN]
US-NC3,Tlo_L,[6.0]
US-NC3,Tls_L,[NaN]
US-NC3,PAR_th_L,[NaN]
US-NC3,dmg_L,[25]
US-NC3,LAI_min_L,[0.1]
US-NC3,Trr_L,[4.0]
US-NC3,mjDay_L,[220]
US-NC3,LDay_min_L,[NaN]
US-NC3,LtR_L,[0.8]
US-NC3,Mf_L,[NaN]
US-NC3,Wm_L,[NaN]
US-NC3,eps_ac_L,[0.5]
US-NC3,LDay_cr_L,[11.5]
US-NC3,Klf_L,[NaN]
US-NC3,fab_L,NaN
US-NC3,fbe_L,NaN
US-NC3,ff_r_L,[NaN]
US-NC3,Vmax_H,[32]
US-NC3,Vmax_L,[0]
US-NC3,LAI_H,[4.03]
US-NC3,B_H,[215 327 262 244 1 0 5 0]
US-NC3,Rrootl_H,[4200]
US-NC3,PHE_S_H,[4]
US-NC3,dflo_H,[0]
US-NC3,AgeL_H,[1172]
US-NC3,e_rel_H,[1]
US-NC3,hc_H,[21]
US-NC3,SAI_H,[0.1]
US-NC3,LAI_L,[0.0]
US-NC3,B_L,[0 0 0 0 0 0 0 0]
US-NC3,Rrootl_L,[0]
US-NC3,PHE_S_L,[1]
US-NC3,dflo_L,[0]
US-NC3,AgeL_L,[0]
US-NC3,e_rel_L,[1]
US-NC3,hc_L,[0.0]
US-NC3,SAI_L,[0.0]
US-NC3,BLit,0.0
US-NC3,Nreserve_H,[1000]
US-NC3,Preserve_H,[100]
US-NC3,Kreserve_H,[1000]
US-NC3,FNC_H,1
US-NC3,NupI_H,[0 0 0]
US-NC3,Nreserve_L,[1]
US-NC3,Preserve_L,[1]
US-NC3,Kreserve_L,[1]
US-NC3,FNC_L,1
US-NC3,NupI_L,[0 0 0]
US-NC3,RexmyI,[0 0 0]
US-NC3,TBio_L,0
US-NC3,TBio_H,300
US-NC3,Vx_H,10
US-NC3,Vl_H,10
US-NC3,Vx_L,10
US-NC3,Vl_L,10
US-NC3,SWE,0
US-NC3,SND,0
US-NC3,TdpI_H,2
US-NC3,TdpI_L,2
US-NC3,In_L,0
US-NC3,In_urb,0
US-NC3,In_Litter,0
US-NC3,SP_wc,0
US-NC3,In_SWE,0
US-NC3,ros,0
US-NC3,t_sls,0
US-NC3,e_sno,0.97
US-NC3,tau_sno,0
US-NC3,EK,0
US-NC3,WAT,0
US-NC3,ICE,0
US-NC3,IP_wc,0
US-NC3,ICE_D,0
US-NC3,FROCK,0
US-NC3,Ws_under,1
US-NC5,a_dis,NaN
US-NC5,pow_dis,NaN
US-NC5,fpr,1
US-NC5,SvF,1
US-NC5,SN,0
US-NC5,Slo_top,0
US-NC5,Ared,1
US-NC5,aR,1
US-NC5,cellsize,1
US-NC5,Kbot,NaN
US-NC5,Krock,NaN
US-NC5,zatm,33
US-NC5,Cwat,0
US-NC5,Cbare,0
US-NC5,Psan_Zs,"[0.25, 0.25, 0.25, 0.25, 0.25, 0.25, 0.25, 0.25, 0.13, 0.19, 0.19, 0.11, 0.11, 0.11, 0.12, 0.25]"
US-NC5,Pcla_Zs,"[0.15, 0.15, 0.15, 0.15, 0.15, 0.15, 0.15, 0.15, 0.32, 0.49, 0.49, 0.43, 0.43, 0.43, 0.33, 0.17]"
US-NC5,Porg_Zs,"[0.01, 0.01, 0.01, 0.01, 0.01, 0.01, 0.0025, 0.0025, 0.0025, 0.0025, 0.0025, 0.0025, 0.0025, 0.0025, 0.0025, 0.0025]"
US-NC5,Color_Class,0
US-NC5,SPAR,2
US-NC5,Kfc,0.2
US-NC5,Phy,10000
US-NC5,Oice,0
US-NC5,Zs,[0 10 20 50 100 150 200 300 400 500 600 700 800 1000 1250 1500 1570]
US-NC5,Zdes,10
US-NC5,Zinf,10
US-NC5,Zbio,250
US-NC5,In_max_urb,5
US-NC5,In_max_rock,0.1
US-NC5,TminS,-0.8
US-NC5,TmaxS,2.8
US-NC5,ros_max1,550
US-NC5,ros_max2,260
US-NC5,Th_Pr_sno,10.0
US-NC5,Ice_wc_sp,0.01
US-NC5,ros_Ice_thr,500
US-NC5,Aice,0.35
US-NC5,WatFreez_Th,-8
US-NC5,dz_ice,0.54
US-NC5,ExEM,1.0
US-NC5,CASE_ROOT,1
US-NC5,ZR95_H,[1100]
US-NC5,ZR95_L,[0]
US-NC5,ZR50_H,NaN
US-NC5,ZR50_L,NaN
US-NC5,ZRmax_H,NaN
US-NC5,ZRmax_L,NaN
US-NC5,Kct,0.75
US-NC5,gcI,3.7
US-NC5,KcI,0.06
US-NC5,Sp_SN_In,5.9
US-NC5,Sp_LAI_L_In,[0.2]
US-NC5,Sp_LAI_H_In,[0.1]
US-NC5,d_leaf_H,[0.25]
US-NC5,d_leaf_L,[0.8]
US-NC5,KnitH,0.35
US-NC5,KnitL,0.0
US-NC5,mSl_H,0.0
US-NC5,mSl_L,0.0
US-NC5,FI_H,[0.081]
US-NC5,Do_H,[700]
US-NC5,a1_H,[5]
US-NC5,go_H,[ 0.01]
US-NC5,CT_H,[3]
US-NC5,DSE_H,[0.649]
US-NC5,Ha_H,[89]
US-NC5,gmes_H,[Inf]
US-NC5,rjv_H,[1.8]
US-NC5,FI_L,[0.081]
US-NC5,Do_L,[2000]
US-NC5,a1_L,[7]
US-NC5,go_L,[0.01]
US-NC5,CT_L,[3]
US-NC5,DSE_L,[0.660]
US-NC5,Ha_L,[48]
US-NC5,gmes_L,[Inf]
US-NC5,rjv_L,[2.6]
US-NC5,Psi_sto_00_H,-0.8
US-NC5,Psi_sto_50_H,-2.5
US-NC5,PsiL00_H,-1.0
US-NC5,PsiL50_H,-3.2
US-NC5,Kleaf_max_H,10
US-NC5,Cl_H,1200
US-NC5,Axyl_H,15.0
US-NC5,Kx_max_H,80000
US-NC5,PsiX50_H,-5.0
US-NC5,Cx_H,150
US-NC5,Psi_sto_00_L,-0.8
US-NC5,Psi_sto_50_L,-3.0
US-NC5,PsiL00_L,-1.1
US-NC5,PsiL50_L,-4.0
US-NC5,Kleaf_max_L,5
US-NC5,Cl_L,1200
US-NC5,Axyl_L,0.0
US-NC5,Kx_max_L,80000
US-NC5,PsiX50_L,-4.5
US-NC5,Cx_L,150
US-NC5,PsiG50_H,-0.8
US-NC5,PsiG99_H,-2.5
US-NC5,gcoef_H,3.5
US-NC5,PsiG50_L,-1.45
US-NC5,PsiG99_L,-4.0
US-NC5,gcoef_L,3.5
US-NC5,OM_H,1
US-NC5,OM_L,1
US-NC5,Sllit,2
US-NC5,Sl_H,[0.0209572]
US-NC5,Nl_H,[62]
US-NC5,r_H,[0.055]
US-NC5,gR_H,[0.25]
US-NC5,aSE_H,[0]
US-NC5,dd_max_H,[1/200]
US-NC5,dc_C_H,78/365
US-NC5,Tcold_H,[-50]
US-NC5,drn_H,[1/800]
US-NC5,dsn_H,[1/600]
US-NC5,age_cr_H,[1220]
US-NC5,Bfac_lo_H,[0.99]
US-NC5,Bfac_ls_H,[NaN]
US-NC5,Tlo_H,[1.5]
US-NC5,PAR_th_H,[NaN]
US-NC5,dmg_H,[30]
US-NC5,LAI_min_H,[0.001]
US-NC5,Trr_H,[0.5]
US-NC5,mjDay_H,[220]
US-NC5,LDay_min_H,[14.1]
US-NC5,LtR_H,[0.8]
US-NC5,Mf_H,[1/50]
US-NC5,Wm_H,[0]
US-NC5,eps_ac_H,[0.8]
US-NC5,LDay_cr_H,[11.8]
US-NC5,Klf_H,[1/30]
US-NC5,fab_H,[0.74]
US-NC5,fbe_H,[0.26]
US-NC5,ff_r_H,[0.1]
US-NC5,Sl_L,[0.028]
US-NC5,Nl_L,[23]
US-NC5,r_L,[0.055]
US-NC5,gR_L,[0.25]
US-NC5,aSE_L,[2]
US-NC5,dd_max_L,[1/360]
US-NC5,dc_C_L,[7/365]
US-NC5,Tcold_L,[0.0]
US-NC5,drn_L,[1/570]
US-NC5,dsn_L,[ 1/365]
US-NC5,age_cr_L,[180]
US-NC5,Bfac_lo_L,[0.99]
US-NC5,Bfac_ls_L,[NaN]
US-NC5,Tlo_L,[6.0]
US-NC5,Tls_L,[NaN]
US-NC5,PAR_th_L,[NaN]
US-NC5,dmg_L,[25]
US-NC5,LAI_min_L,[0.1]
US-NC5,Trr_L,[4.0]
US-NC5,mjDay_L,[220]
US-NC5,LDay_min_L,[NaN]
US-NC5,LtR_L,[0.8]
US-NC5,Mf_L,[NaN]
US-NC5,Wm_L,[NaN]
US-NC5,eps_ac_L,[0.5]
US-NC5,LDay_cr_L,[11.5]
US-NC5,Klf_L,[NaN]
US-NC5,fab_L,NaN
US-NC5,fbe_L,NaN
US-NC5,ff_r_L,[NaN]
US-NC5,Vmax_H,[32]
US-NC5,Vmax_L,[0]
US-NC5,LAI_H,[4.03]
US-NC5,B_H,[215 327 262 244 1 0 5 0]
US-NC5,Rrootl_H,[4200]
US-NC5,PHE_S_H,[4]
US-NC5,dflo_H,[0]
US-NC5,AgeL_H,[1172]
US-NC5,e_rel_H,[1]
US-NC5,hc_H,[20]
US-NC5,SAI_H,[0.1]
US-NC5,LAI_L,[0.0]
US-NC5,B_L,[0 0 0 0 0 0 0 0]
US-NC5,Rrootl_L,[0]
US-NC5,PHE_S_L,[1]
US-NC5,dflo_L,[0]
US-NC5,AgeL_L,[0]
US-NC5,e_rel_L,[1]
US-NC5,hc_L,[0.0]
US-NC5,SAI_L,[0.0]
US-NC5,BLit,0.0
US-NC5,Nreserve_H,[1000]
US-NC5,Preserve_H,[100]
US-NC5,Kreserve_H,[1000]
US-NC5,FNC_H,1
US-NC5,NupI_H,[0 0 0]
US-NC5,Nreserve_L,[1]
US-NC5,Preserve_L,[1]
US-NC5,Kreserve_L,[1]
US-NC5,FNC_L,1
US-NC5,NupI_L,[0 0 0]
US-NC5,RexmyI,[0 0 0]
US-NC5,TBio_L,0
US-NC5,TBio_H,300
US-NC5,Vx_H,10
US-NC5,Vl_H,10
US-NC5,Vx_L,10
US-NC5,Vl_L,10
US-NC5,SWE,0
US-NC5,SND,0
US-NC5,TdpI_H,2
US-NC5,TdpI_L,2
US-NC5,In_L,0
US-NC5,In_urb,0
US-NC5,In_Litter,0
US-NC5,SP_wc,0
US-NC5,In_SWE,0
US-NC5,ros,0
US-NC5,t_sls,0
US-NC5,e_sno,0.97
US-NC5,tau_sno,0
US-NC5,EK,0
US-NC5,WAT,0
US-NC5,ICE,0
US-NC5,IP_wc,0
US-NC5,ICE_D,0
US-NC5,FROCK,0
US-NC5,Ws_under,1
US-NR1,a_dis,NaN
US-NR1,pow_dis,NaN
US-NR1,fpr,1
US-NR1,SvF,1
US-NR1,SN,0
US-NR1,Slo_top,0
US-NR1,Ared,1
US-NR1,aR,1
US-NR1,cellsize,1
US-NR1,Kbot,NaN
US-NR1,Krock,NaN
US-NR1,zatm,21.5
US-NR1,Cwat,0
US-NR1,Cbare,0
US-NR1,Psan_Zs,"[0.15, 0.15, 0.15, 0.15, 0.15, 0.15, 0.7, 0.7, 0.7, 0.7, 0.7, 0.78, 0.78, 0.78, 0.78, 0.78]"
US-NR1,Pcla_Zs,"[0.18, 0.18, 0.18, 0.18, 0.18, 0.18, 0.06, 0.06, 0.06, 0.06, 0.06, 0.02, 0.02, 0.02, 0.02, 0.02]"
US-NR1,Porg_Zs,"[0.01, 0.01, 0.01, 0.01, 0.01, 0.01, 0.005, 0.005, 0.005, 0.005, 0.005, 0.005, 0.005, 0.005, 0, 0]"
US-NR1,Color_Class,0
US-NR1,SPAR,2
US-NR1,Kfc,0.2
US-NR1,Phy,10000
US-NR1,Oice,0
US-NR1,Zs,[0 10 20 50 100 150 200 300 400 500 600 700 800 1000 1250 1500 1520]
US-NR1,Zdes,10
US-NR1,Zinf,10
US-NR1,Zbio,250
US-NR1,In_max_urb,5
US-NR1,In_max_rock,0.1
US-NR1,TminS,-0.8
US-NR1,TmaxS,2.8
US-NR1,ros_max1,550
US-NR1,ros_max2,260
US-NR1,Th_Pr_sno,10.0
US-NR1,Ice_wc_sp,0.01
US-NR1,ros_Ice_thr,500
US-NR1,Aice,0.35
US-NR1,WatFreez_Th,-8
US-NR1,dz_ice,0.54
US-NR1,ExEM,1.0
US-NR1,CASE_ROOT,1
US-NR1,ZR95_H,[1100]
US-NR1,ZR95_L,[0]
US-NR1,ZR50_H,NaN
US-NR1,ZR50_L,NaN
US-NR1,ZRmax_H,NaN
US-NR1,ZRmax_L,NaN
US-NR1,Kct,0.75
US-NR1,gcI,3.7
US-NR1,KcI,0.06
US-NR1,Sp_SN_In,5.9
US-NR1,Sp_LAI_L_In,[0.2]
US-NR1,Sp_LAI_H_In,[0.1]
US-NR1,d_leaf_H,[0.25]
US-NR1,d_leaf_L,[0.8]
US-NR1,KnitH,0.35
US-NR1,KnitL,0.0
US-NR1,mSl_H,0.0
US-NR1,mSl_L,0.0
US-NR1,FI_H,[0.081]
US-NR1,Do_H,[700]
US-NR1,a1_H,[5]
US-NR1,go_H,[ 0.01]
US-NR1,CT_H,[3]
US-NR1,DSE_H,[0.649]
US-NR1,Ha_H,[89]
US-NR1,gmes_H,[Inf]
US-NR1,rjv_H,[1.8]
US-NR1,FI_L,[0.081]
US-NR1,Do_L,[2000]
US-NR1,a1_L,[7]
US-NR1,go_L,[0.01]
US-NR1,CT_L,[3]
US-NR1,DSE_L,[0.660]
US-NR1,Ha_L,[48]
US-NR1,gmes_L,[Inf]
US-NR1,rjv_L,[2.6]
US-NR1,Psi_sto_00_H,-0.8
US-NR1,Psi_sto_50_H,-2.5
US-NR1,PsiL00_H,-1.0
US-NR1,PsiL50_H,-3.2
US-NR1,Kleaf_max_H,10
US-NR1,Cl_H,1200
US-NR1,Axyl_H,15.0
US-NR1,Kx_max_H,80000
US-NR1,PsiX50_H,-5.0
US-NR1,Cx_H,150
US-NR1,Psi_sto_00_L,-0.8
US-NR1,Psi_sto_50_L,-3.0
US-NR1,PsiL00_L,-1.1
US-NR1,PsiL50_L,-4.0
US-NR1,Kleaf_max_L,5
US-NR1,Cl_L,1200
US-NR1,Axyl_L,0.0
US-NR1,Kx_max_L,80000
US-NR1,PsiX50_L,-4.5
US-NR1,Cx_L,150
US-NR1,PsiG50_H,-0.8
US-NR1,PsiG99_H,-2.5
US-NR1,gcoef_H,3.5
US-NR1,PsiG50_L,-1.45
US-NR1,PsiG99_L,-4.0
US-NR1,gcoef_L,3.5
US-NR1,OM_H,1
US-NR1,OM_L,1
US-NR1,Sllit,2
US-NR1,Sl_H,[0.0124789]
US-NR1,Nl_H,[62]
US-NR1,r_H,[0.055]
US-NR1,gR_H,[0.25]
US-NR1,aSE_H,[0]
US-NR1,dd_max_H,[1/200]
US-NR1,dc_C_H,78/365
US-NR1,Tcold_H,[-50]
US-NR1,drn_H,[1/800]
US-NR1,dsn_H,[1/600]
US-NR1,age_cr_H,[1220]
US-NR1,Bfac_lo_H,[0.99]
US-NR1,Bfac_ls_H,[NaN]
US-NR1,Tlo_H,[1.5]
US-NR1,PAR_th_H,[NaN]
US-NR1,dmg_H,[30]
US-NR1,LAI_min_H,[0.001]
US-NR1,Trr_H,[0.5]
US-NR1,mjDay_H,[220]
US-NR1,LDay_min_H,[14.1]
US-NR1,LtR_H,[0.8]
US-NR1,Mf_H,[1/50]
US-NR1,Wm_H,[0]
US-NR1,eps_ac_H,[0.8]
US-NR1,LDay_cr_H,[11.8]
US-NR1,Klf_H,[1/30]
US-NR1,fab_H,[0.74]
US-NR1,fbe_H,[0.26]
US-NR1,ff_r_H,[0.1]
US-NR1,Sl_L,[0.028]
US-NR1,Nl_L,[23]
US-NR1,r_L,[0.055]
US-NR1,gR_L,[0.25]
US-NR1,aSE_L,[2]
US-NR1,dd_max_L,[1/360]
US-NR1,dc_C_L,[7/365]
US-NR1,Tcold_L,[0.0]
US-NR1,drn_L,[1/570]
US-NR1,dsn_L,[ 1/365]
US-NR1,age_cr_L,[180]
US-NR1,Bfac_lo_L,[0.99]
US-NR1,Bfac_ls_L,[NaN]
US-NR1,Tlo_L,[6.0]
US-NR1,Tls_L,[NaN]
US-NR1,PAR_th_L,[NaN]
US-NR1,dmg_L,[25]
US-NR1,LAI_min_L,[0.1]
US-NR1,Trr_L,[4.0]
US-NR1,mjDay_L,[220]
US-NR1,LDay_min_L,[NaN]
US-NR1,LtR_L,[0.8]
US-NR1,Mf_L,[NaN]
US-NR1,Wm_L,[NaN]
US-NR1,eps_ac_L,[0.5]
US-NR1,LDay_cr_L,[11.5]
US-NR1,Klf_L,[NaN]
US-NR1,fab_L,NaN
US-NR1,fbe_L,NaN
US-NR1,ff_r_L,[NaN]
US-NR1,Vmax_H,[32]
US-NR1,Vmax_L,[0]
US-NR1,LAI_H,[4.03]
US-NR1,B_H,[215 327 262 244 1 0 5 0]
US-NR1,Rrootl_H,[4200]
US-NR1,PHE_S_H,[4]
US-NR1,dflo_H,[0]
US-NR1,AgeL_H,[1172]
US-NR1,e_rel_H,[1]
US-NR1,hc_H,[15.9]
US-NR1,SAI_H,[0.1]
US-NR1,LAI_L,[0.0]
US-NR1,B_L,[0 0 0 0 0 0 0 0]
US-NR1,Rrootl_L,[0]
US-NR1,PHE_S_L,[1]
US-NR1,dflo_L,[0]
US-NR1,AgeL_L,[0]
US-NR1,e_rel_L,[1]
US-NR1,hc_L,[0.0]
US-NR1,SAI_L,[0.0]
US-NR1,BLit,0.0
US-NR1,Nreserve_H,[1000]
US-NR1,Preserve_H,[100]
US-NR1,Kreserve_H,[1000]
US-NR1,FNC_H,1
US-NR1,NupI_H,[0 0 0]
US-NR1,Nreserve_L,[1]
US-NR1,Preserve_L,[1]
US-NR1,Kreserve_L,[1]
US-NR1,FNC_L,1
US-NR1,NupI_L,[0 0 0]
US-NR1,RexmyI,[0 0 0]
US-NR1,TBio_L,0
US-NR1,TBio_H,300
US-NR1,Vx_H,10
US-NR1,Vl_H,10
US-NR1,Vx_L,10
US-NR1,Vl_L,10
US-NR1,SWE,0
US-NR1,SND,0
US-NR1,TdpI_H,2
US-NR1,TdpI_L,2
US-NR1,In_L,0
US-NR1,In_urb,0
US-NR1,In_Litter,0
US-NR1,SP_wc,0
US-NR1,In_SWE,0
US-NR1,ros,0
US-NR1,t_sls,0
US-NR1,e_sno,0.97
US-NR1,tau_sno,0
US-NR1,EK,0
US-NR1,WAT,0
US-NR1,ICE,0
US-NR1,IP_wc,0
US-NR1,ICE_D,0
US-NR1,FROCK,0
US-NR1,Ws_under,1
US-Oho,a_dis,NaN
US-Oho,pow_dis,NaN
US-Oho,fpr,1
US-Oho,SvF,1
US-Oho,SN,0
US-Oho,Slo_top,0
US-Oho,Ared,1
US-Oho,aR,1
US-Oho,cellsize,1
US-Oho,Kbot,NaN
US-Oho,Krock,NaN
US-Oho,zatm,34
US-Oho,Cwat,0
US-Oho,Cbare,0
US-Oho,Psan_Zs,"[0.927, 0.927, 0.927, 0.927, 0.927, 0.927, 0.922, 0.922, 0.922, 0.922, 0.922, 0.922, 0.922, 0.922, 0.922, 0.922, 0.922]"
US-Oho,Pcla_Zs,"[0.06, 0.06, 0.06, 0.06, 0.06, 0.06, 0.065, 0.065, 0.065, 0.065, 0.065, 0.065, 0.065, 0.065, 0.065, 0.065, 0.065]"
US-Oho,Porg_Zs,"[0.0125, 0.0125, 0.0125, 0.0125, 0.0125, 0.0125, 0.0065, 0.0065, 0.0065, 0.0065, 0.0065, 0.0065, 0.0065, 0.0065, 0.0065, 0.0065, 0.0065]"
US-Oho,Color_Class,0
US-Oho,SPAR,2
US-Oho,Kfc,0.2
US-Oho,Phy,10000
US-Oho,Oice,0
US-Oho,Zs,[0 10 20 50 100 150 200 300 400 500 600 700 800 1000 1250 1500 1750 1880]
US-Oho,Zdes,10
US-Oho,Zinf,10
US-Oho,Zbio,250
US-Oho,In_max_urb,5
US-Oho,In_max_rock,0.1
US-Oho,TminS,-0.8
US-Oho,TmaxS,2.8
US-Oho,ros_max1,550
US-Oho,ros_max2,260
US-Oho,Th_Pr_sno,10.0
US-Oho,Ice_wc_sp,0.01
US-Oho,ros_Ice_thr,500
US-Oho,Aice,0.35
US-Oho,WatFreez_Th,-8
US-Oho,dz_ice,0.54
US-Oho,ExEM,1.0
US-Oho,CASE_ROOT,1
US-Oho,ZR95_H,[900]
US-Oho,ZR95_L,[0]
US-Oho,ZR50_H,NaN
US-Oho,ZR50_L,NaN
US-Oho,ZRmax_H,NaN
US-Oho,ZRmax_L,NaN
US-Oho,Kct,0.75
US-Oho,gcI,3.7
US-Oho,KcI,0.06
US-Oho,Sp_SN_In,5.9
US-Oho,Sp_LAI_L_In,[0.2]
US-Oho,Sp_LAI_H_In,[0.1]
US-Oho,d_leaf_H,[7]
US-Oho,d_leaf_L,[0.8]
US-Oho,KnitH,[0.4]
US-Oho,KnitL,0.0
US-Oho,mSl_H,0.0
US-Oho,mSl_L,0.0
US-Oho,FI_H,[0.081]
US-Oho,Do_H,[600]
US-Oho,a1_H,[6]
US-Oho,go_H,[0.01]
US-Oho,CT_H,[3]
US-Oho,DSE_H,[0.649]
US-Oho,Ha_H,[72]
US-Oho,gmes_H,[Inf]
US-Oho,rjv_H,[2.1]
US-Oho,FI_L,[0.081]
US-Oho,Do_L,[2000]
US-Oho,a1_L,[7]
US-Oho,go_L,[0.01]
US-Oho,CT_L,[3]
US-Oho,DSE_L,[0.660]
US-Oho,Ha_L,[48]
US-Oho,gmes_L,[Inf]
US-Oho,rjv_L,[2.6]
US-Oho,Psi_sto_00_H,[-0.7]
US-Oho,Psi_sto_50_H,[-2.5]
US-Oho,PsiL00_H,[0.4]
US-Oho,PsiL50_H,[-6.5]
US-Oho,Kleaf_max_H,10
US-Oho,Cl_H,1200
US-Oho,Axyl_H,15.0
US-Oho,Kx_max_H,80000
US-Oho,PsiX50_H,[-9]
US-Oho,Cx_H,150
US-Oho,Psi_sto_00_L,-0.8
US-Oho,Psi_sto_50_L,-3.0
US-Oho,PsiL00_L,-1.1
US-Oho,PsiL50_L,-4.0
US-Oho,Kleaf_max_L,5
US-Oho,Cl_L,1200
US-Oho,Axyl_L,0.0
US-Oho,Kx_max_L,80000
US-Oho,PsiX50_L,-4.5
US-Oho,Cx_L,150
US-Oho,PsiG50_H,[-0.7]
US-Oho,PsiG99_H,[-6.5]
US-Oho,gcoef_H,3.5
US-Oho,PsiG50_L,-1.45
US-Oho,PsiG99_L,-4.0
US-Oho,gcoef_L,3.5
US-Oho,OM_H,1
US-Oho,OM_L,1
US-Oho,Sllit,2
US-Oho,Sl_H,[0.0245198]
US-Oho,Nl_H,[35]
US-Oho,r_H,[0.02]
US-Oho,gR_H,[0.22]
US-Oho,aSE_H,[1]
US-Oho,dd_max_H,[1/365]
US-Oho,dc_C_H,[0.0274]
US-Oho,Tcold_H,[5]
US-Oho,drn_H,[0.0020]
US-Oho,dsn_H,[0.0027]
US-Oho,age_cr_H,[110]
US-Oho,Bfac_lo_H,[0.9]
US-Oho,Bfac_ls_H,[NaN]
US-Oho,Tlo_H,[4.0]
US-Oho,PAR_th_H,[NaN]
US-Oho,dmg_H,[30]
US-Oho,LAI_min_H,[0.001]
US-Oho,Trr_H,[3.0]
US-Oho,mjDay_H,[230]
US-Oho,LDay_min_H,[11.5]
US-Oho,LtR_H,[1.5]
US-Oho,Mf_H,[0.0125]
US-Oho,Wm_H,[0]
US-Oho,eps_ac_H,[0.3]
US-Oho,LDay_cr_H,[12.0]
US-Oho,Klf_H,[0.025]
US-Oho,fab_H,[0.74]
US-Oho,fbe_H,[0.26]
US-Oho,ff_r_H,[0.1]
US-Oho,Sl_L,[0.028]
US-Oho,Nl_L,[23]
US-Oho,r_L,[0.055]
US-Oho,gR_L,[0.25]
US-Oho,aSE_L,[2]
US-Oho,dd_max_L,[1/360]
US-Oho,dc_C_L,[7/365]
US-Oho,Tcold_L,[0.0]
US-Oho,drn_L,[1/570]
US-Oho,dsn_L,[ 1/365]
US-Oho,age_cr_L,[180]
US-Oho,Bfac_lo_L,[0.99]
US-Oho,Bfac_ls_L,[NaN]
US-Oho,Tlo_L,[6.0]
US-Oho,Tls_L,[NaN]
US-Oho,PAR_th_L,[NaN]
US-Oho,dmg_L,[25]
US-Oho,LAI_min_L,[0.1]
US-Oho,Trr_L,[4.0]
US-Oho,mjDay_L,[220]
US-Oho,LDay_min_L,[NaN]
US-Oho,LtR_L,[0.8]
US-Oho,Mf_L,[NaN]
US-Oho,Wm_L,[NaN]
US-Oho,eps_ac_L,[0.5]
US-Oho,LDay_cr_L,[11.5]
US-Oho,Klf_L,[NaN]
US-Oho,fab_L,NaN
US-Oho,fbe_L,NaN
US-Oho,ff_r_L,[NaN]
US-Oho,Vmax_H,[50]
US-Oho,Vmax_L,[0]
US-Oho,LAI_H,[0.0]
US-Oho,B_H,[0 327 262 350 0 0 0 0]
US-Oho,Rrootl_H,[4200]
US-Oho,PHE_S_H,[1]
US-Oho,dflo_H,[0]
US-Oho,AgeL_H,[0]
US-Oho,e_rel_H,[1]
US-Oho,hc_H,[24.5]
US-Oho,SAI_H,[0.1]
US-Oho,LAI_L,[0.0]
US-Oho,B_L,[0 0 0 0 0 0 0 0]
US-Oho,Rrootl_L,[0]
US-Oho,PHE_S_L,[1]
US-Oho,dflo_L,[0]
US-Oho,AgeL_L,[0]
US-Oho,e_rel_L,[1]
US-Oho,hc_L,[0.0]
US-Oho,SAI_L,[0.0]
US-Oho,BLit,0.0
US-Oho,Nreserve_H,[1000]
US-Oho,Preserve_H,[100]
US-Oho,Kreserve_H,[1000]
US-Oho,FNC_H,1
US-Oho,NupI_H,[0 0 0]
US-Oho,Nreserve_L,[1]
US-Oho,Preserve_L,[1]
US-Oho,Kreserve_L,[1]
US-Oho,FNC_L,1
US-Oho,NupI_L,[0 0 0]
US-Oho,RexmyI,[0 0 0]
US-Oho,TBio_L,0
US-Oho,TBio_H,300
US-Oho,Vx_H,10
US-Oho,Vl_H,10
US-Oho,Vx_L,10
US-Oho,Vl_L,10
US-Oho,SWE,0
US-Oho,SND,0
US-Oho,TdpI_H,2
US-Oho,TdpI_L,2
US-Oho,In_L,0
US-Oho,In_urb,0
US-Oho,In_Litter,0
US-Oho,SP_wc,0
US-Oho,In_SWE,0
US-Oho,ros,0
US-Oho,t_sls,0
US-Oho,e_sno,0.97
US-Oho,tau_sno,0
US-Oho,EK,0
US-Oho,WAT,0
US-Oho,ICE,0
US-Oho,IP_wc,0
US-Oho,ICE_D,0
US-Oho,FROCK,0
US-Oho,Ws_under,1
US-PFL,a_dis,NaN
US-PFL,pow_dis,NaN
US-PFL,fpr,1
US-PFL,SvF,1
US-PFL,SN,0
US-PFL,Slo_top,0
US-PFL,Ared,1
US-PFL,aR,1
US-PFL,cellsize,1
US-PFL,Kbot,NaN
US-PFL,Krock,NaN
US-PFL,zatm,29
US-PFL,Cwat,0
US-PFL,Cbare,0
US-PFL,Psan_Zs,"[0.849, 0.849, 0.849, 0.8, 0.8, 0.8, 0.94504, 0.94504, 0.946, 0.946, 0.9, 0.9, 0.9, 0.9, 0.9, 0.9]"
US-PFL,Pcla_Zs,"[0.06, 0.06, 0.06, 0.04, 0.04, 0.04, 0.03996, 0.03996, 0.04, 0.04, 0.02, 0.02, 0.02, 0.02, 0.02, 0.02]"
US-PFL,Porg_Zs,"[0.02, 0.02, 0.02, 0.0075, 0.015, 0.015, 0.015, 0.015, 0.0025, 0.0025, 0.0025, 0.0025, 0.0025, 0.0025, 0.0025, 0.0025]"
US-PFL,Color_Class,0
US-PFL,SPAR,2
US-PFL,Kfc,0.2
US-PFL,Phy,10000
US-PFL,Oice,0
US-PFL,Zs,[0 10 20 50 100 150 200 300 400 500 600 700 800 1000 1250 1500 1520]
US-PFL,Zdes,10
US-PFL,Zinf,10
US-PFL,Zbio,250
US-PFL,In_max_urb,5
US-PFL,In_max_rock,0.1
US-PFL,TminS,-0.8
US-PFL,TmaxS,2.8
US-PFL,ros_max1,550
US-PFL,ros_max2,260
US-PFL,Th_Pr_sno,10.0
US-PFL,Ice_wc_sp,0.01
US-PFL,ros_Ice_thr,500
US-PFL,Aice,0.35
US-PFL,WatFreez_Th,-8
US-PFL,dz_ice,0.54
US-PFL,ExEM,1.0
US-PFL,CASE_ROOT,1
US-PFL,ZR95_H,[1100]
US-PFL,ZR95_L,[0]
US-PFL,ZR50_H,NaN
US-PFL,ZR50_L,NaN
US-PFL,ZRmax_H,NaN
US-PFL,ZRmax_L,NaN
US-PFL,Kct,0.75
US-PFL,gcI,3.7
US-PFL,KcI,0.06
US-PFL,Sp_SN_In,5.9
US-PFL,Sp_LAI_L_In,[0.2]
US-PFL,Sp_LAI_H_In,[0.1]
US-PFL,d_leaf_H,[7]
US-PFL,d_leaf_L,[0.8]
US-PFL,KnitH,[0.4]
US-PFL,KnitL,0.0
US-PFL,mSl_H,0.0
US-PFL,mSl_L,0.0
US-PFL,FI_H,[0.081]
US-PFL,Do_H,[600]
US-PFL,a1_H,[6]
US-PFL,go_H,[0.01]
US-PFL,CT_H,[3]
US-PFL,DSE_H,[0.649]
US-PFL,Ha_H,[72]
US-PFL,gmes_H,[Inf]
US-PFL,rjv_H,[2.1]
US-PFL,FI_L,[0.081]
US-PFL,Do_L,[2000]
US-PFL,a1_L,[7]
US-PFL,go_L,[0.01]
US-PFL,CT_L,[3]
US-PFL,DSE_L,[0.660]
US-PFL,Ha_L,[48]
US-PFL,gmes_L,[Inf]
US-PFL,rjv_L,[2.6]
US-PFL,Psi_sto_00_H,[-0.7]
US-PFL,Psi_sto_50_H,[-2.5]
US-PFL,PsiL00_H,[0.4]
US-PFL,PsiL50_H,[-6.5]
US-PFL,Kleaf_max_H,10
US-PFL,Cl_H,1200
US-PFL,Axyl_H,15.0
US-PFL,Kx_max_H,80000
US-PFL,PsiX50_H,[-9]
US-PFL,Cx_H,150
US-PFL,Psi_sto_00_L,-0.8
US-PFL,Psi_sto_50_L,-3.0
US-PFL,PsiL00_L,-1.1
US-PFL,PsiL50_L,-4.0
US-PFL,Kleaf_max_L,5
US-PFL,Cl_L,1200
US-PFL,Axyl_L,0.0
US-PFL,Kx_max_L,80000
US-PFL,PsiX50_L,-4.5
US-PFL,Cx_L,150
US-PFL,PsiG50_H,[-0.7]
US-PFL,PsiG99_H,[-6.5]
US-PFL,gcoef_H,3.5
US-PFL,PsiG50_L,-1.45
US-PFL,PsiG99_L,-4.0
US-PFL,gcoef_L,3.5
US-PFL,OM_H,1
US-PFL,OM_L,1
US-PFL,Sllit,2
US-PFL,Sl_H,[0.0207653]
US-PFL,Nl_H,[35]
US-PFL,r_H,[0.02]
US-PFL,gR_H,[0.22]
US-PFL,aSE_H,[1]
US-PFL,dd_max_H,[1/365]
US-PFL,dc_C_H,[0.0274]
US-PFL,Tcold_H,[5]
US-PFL,drn_H,[0.0020]
US-PFL,dsn_H,[0.0027]
US-PFL,age_cr_H,[110]
US-PFL,Bfac_lo_H,[0.9]
US-PFL,Bfac_ls_H,[NaN]
US-PFL,Tlo_H,[4.0]
US-PFL,PAR_th_H,[NaN]
US-PFL,dmg_H,[30]
US-PFL,LAI_min_H,[0.001]
US-PFL,Trr_H,[3.0]
US-PFL,mjDay_H,[230]
US-PFL,LDay_min_H,[11.5]
US-PFL,LtR_H,[1.5]
US-PFL,Mf_H,[0.0125]
US-PFL,Wm_H,[0]
US-PFL,eps_ac_H,[0.3]
US-PFL,LDay_cr_H,[12.0]
US-PFL,Klf_H,[0.025]
US-PFL,fab_H,[0.74]
US-PFL,fbe_H,[0.26]
US-PFL,ff_r_H,[0.1]
US-PFL,Sl_L,[0.028]
US-PFL,Nl_L,[23]
US-PFL,r_L,[0.055]
US-PFL,gR_L,[0.25]
US-PFL,aSE_L,[2]
US-PFL,dd_max_L,[1/360]
US-PFL,dc_C_L,[7/365]
US-PFL,Tcold_L,[0.0]
US-PFL,drn_L,[1/570]
US-PFL,dsn_L,[ 1/365]
US-PFL,age_cr_L,[180]
US-PFL,Bfac_lo_L,[0.99]
US-PFL,Bfac_ls_L,[NaN]
US-PFL,Tlo_L,[6.0]
US-PFL,Tls_L,[NaN]
US-PFL,PAR_th_L,[NaN]
US-PFL,dmg_L,[25]
US-PFL,LAI_min_L,[0.1]
US-PFL,Trr_L,[4.0]
US-PFL,mjDay_L,[220]
US-PFL,LDay_min_L,[NaN]
US-PFL,LtR_L,[0.8]
US-PFL,Mf_L,[NaN]
US-PFL,Wm_L,[NaN]
US-PFL,eps_ac_L,[0.5]
US-PFL,LDay_cr_L,[11.5]
US-PFL,Klf_L,[NaN]
US-PFL,fab_L,NaN
US-PFL,fbe_L,NaN
US-PFL,ff_r_L,[NaN]
US-PFL,Vmax_H,[50]
US-PFL,Vmax_L,[0]
US-PFL,LAI_H,[0.0]
US-PFL,B_H,[0 327 262 350 0 0 0 0]
US-PFL,Rrootl_H,[4200]
US-PFL,PHE_S_H,[1]
US-PFL,dflo_H,[0]
US-PFL,AgeL_H,[0]
US-PFL,e_rel_H,[1]
US-PFL,hc_H,[18]
US-PFL,SAI_H,[0.1]
US-PFL,LAI_L,[0.0]
US-PFL,B_L,[0 0 0 0 0 0 0 0]
US-PFL,Rrootl_L,[0]
US-PFL,PHE_S_L,[1]
US-PFL,dflo_L,[0]
US-PFL,AgeL_L,[0]
US-PFL,e_rel_L,[1]
US-PFL,hc_L,[0.0]
US-PFL,SAI_L,[0.0]
US-PFL,BLit,0.0
US-PFL,Nreserve_H,[1000]
US-PFL,Preserve_H,[100]
US-PFL,Kreserve_H,[1000]
US-PFL,FNC_H,1
US-PFL,NupI_H,[0 0 0]
US-PFL,Nreserve_L,[1]
US-PFL,Preserve_L,[1]
US-PFL,Kreserve_L,[1]
US-PFL,FNC_L,1
US-PFL,NupI_L,[0 0 0]
US-PFL,RexmyI,[0 0 0]
US-PFL,TBio_L,0
US-PFL,TBio_H,300
US-PFL,Vx_H,10
US-PFL,Vl_H,10
US-PFL,Vx_L,10
US-PFL,Vl_L,10
US-PFL,SWE,0
US-PFL,SND,0
US-PFL,TdpI_H,2
US-PFL,TdpI_L,2
US-PFL,In_L,0
US-PFL,In_urb,0
US-PFL,In_Litter,0
US-PFL,SP_wc,0
US-PFL,In_SWE,0
US-PFL,ros,0
US-PFL,t_sls,0
US-PFL,e_sno,0.97
US-PFL,tau_sno,0
US-PFL,EK,0
US-PFL,WAT,0
US-PFL,ICE,0
US-PFL,IP_wc,0
US-PFL,ICE_D,0
US-PFL,FROCK,0
US-PFL,Ws_under,1
US-PFb,a_dis,NaN
US-PFb,pow_dis,NaN
US-PFb,fpr,1
US-PFb,SvF,1
US-PFb,SN,0
US-PFb,Slo_top,0
US-PFb,Ared,1
US-PFb,aR,1
US-PFb,cellsize,1
US-PFb,Kbot,NaN
US-PFb,Krock,NaN
US-PFb,zatm,33
US-PFb,Cwat,0
US-PFb,Cbare,0
US-PFb,Psan_Zs,"[0.685, 0.685, 0.685, 0.685, 0.697, 0.685, 0.685, 0.685, 0.685, 0.685, 0.685, 0.685, 0.674, 0.68, 0.68, 0.68]"
US-PFb,Pcla_Zs,"[0.1, 0.1, 0.1, 0.1, 0.085, 0.1, 0.1, 0.1, 0.1, 0.1, 0.1, 0.1, 0.13, 0.1, 0.1, 0.1]"
US-PFb,Porg_Zs,"[0.02, 0.02, 0.02, 0.02, 0.0075, 0.0075, 0.0075, 0.0075, 0.0025, 0.0025, 0.0025, 0.0025, 0.0025, 0.0025, 0.0025, 0.0025]"
US-PFb,Color_Class,0
US-PFb,SPAR,2
US-PFb,Kfc,0.2
US-PFb,Phy,10000
US-PFb,Oice,0
US-PFb,Zs,[0 10 20 50 100 150 200 300 400 500 600 700 800 1000 1250 1500 1520]
US-PFb,Zdes,10
US-PFb,Zinf,10
US-PFb,Zbio,250
US-PFb,In_max_urb,5
US-PFb,In_max_rock,0.1
US-PFb,TminS,-0.8
US-PFb,TmaxS,2.8
US-PFb,ros_max1,550
US-PFb,ros_max2,260
US-PFb,Th_Pr_sno,10.0
US-PFb,Ice_wc_sp,0.01
US-PFb,ros_Ice_thr,500
US-PFb,Aice,0.35
US-PFb,WatFreez_Th,-8
US-PFb,dz_ice,0.54
US-PFb,ExEM,1.0
US-PFb,CASE_ROOT,1
US-PFb,ZR95_H,[1100]
US-PFb,ZR95_L,[0]
US-PFb,ZR50_H,NaN
US-PFb,ZR50_L,NaN
US-PFb,ZRmax_H,NaN
US-PFb,ZRmax_L,NaN
US-PFb,Kct,0.75
US-PFb,gcI,3.7
US-PFb,KcI,0.06
US-PFb,Sp_SN_In,5.9
US-PFb,Sp_LAI_L_In,[0.2]
US-PFb,Sp_LAI_H_In,[0.1]
US-PFb,d_leaf_H,[0.25]
US-PFb,d_leaf_L,[0.8]
US-PFb,KnitH,0.35
US-PFb,KnitL,0.0
US-PFb,mSl_H,0.0
US-PFb,mSl_L,0.0
US-PFb,FI_H,[0.081]
US-PFb,Do_H,[700]
US-PFb,a1_H,[5]
US-PFb,go_H,[ 0.01]
US-PFb,CT_H,[3]
US-PFb,DSE_H,[0.649]
US-PFb,Ha_H,[89]
US-PFb,gmes_H,[Inf]
US-PFb,rjv_H,[1.8]
US-PFb,FI_L,[0.081]
US-PFb,Do_L,[2000]
US-PFb,a1_L,[7]
US-PFb,go_L,[0.01]
US-PFb,CT_L,[3]
US-PFb,DSE_L,[0.660]
US-PFb,Ha_L,[48]
US-PFb,gmes_L,[Inf]
US-PFb,rjv_L,[2.6]
US-PFb,Psi_sto_00_H,-0.8
US-PFb,Psi_sto_50_H,-2.5
US-PFb,PsiL00_H,-1.0
US-PFb,PsiL50_H,-3.2
US-PFb,Kleaf_max_H,10
US-PFb,Cl_H,1200
US-PFb,Axyl_H,15.0
US-PFb,Kx_max_H,80000
US-PFb,PsiX50_H,-5.0
US-PFb,Cx_H,150
US-PFb,Psi_sto_00_L,-0.8
US-PFb,Psi_sto_50_L,-3.0
US-PFb,PsiL00_L,-1.1
US-PFb,PsiL50_L,-4.0
US-PFb,Kleaf_max_L,5
US-PFb,Cl_L,1200
US-PFb,Axyl_L,0.0
US-PFb,Kx_max_L,80000
US-PFb,PsiX50_L,-4.5
US-PFb,Cx_L,150
US-PFb,PsiG50_H,-0.8
US-PFb,PsiG99_H,-2.5
US-PFb,gcoef_H,3.5
US-PFb,PsiG50_L,-1.45
US-PFb,PsiG99_L,-4.0
US-PFb,gcoef_L,3.5
US-PFb,OM_H,1
US-PFb,OM_L,1
US-PFb,Sllit,2
US-PFb,Sl_H,[0.0198813]
US-PFb,Nl_H,[62]
US-PFb,r_H,[0.055]
US-PFb,gR_H,[0.25]
US-PFb,aSE_H,[0]
US-PFb,dd_max_H,[1/200]
US-PFb,dc_C_H,78/365
US-PFb,Tcold_H,[-50]
US-PFb,drn_H,[1/800]
US-PFb,dsn_H,[1/600]
US-PFb,age_cr_H,[1220]
US-PFb,Bfac_lo_H,[0.99]
US-PFb,Bfac_ls_H,[NaN]
US-PFb,Tlo_H,[1.5]
US-PFb,PAR_th_H,[NaN]
US-PFb,dmg_H,[30]
US-PFb,LAI_min_H,[0.001]
US-PFb,Trr_H,[0.5]
US-PFb,mjDay_H,[220]
US-PFb,LDay_min_H,[14.1]
US-PFb,LtR_H,[0.8]
US-PFb,Mf_H,[1/50]
US-PFb,Wm_H,[0]
US-PFb,eps_ac_H,[0.8]
US-PFb,LDay_cr_H,[11.8]
US-PFb,Klf_H,[1/30]
US-PFb,fab_H,[0.74]
US-PFb,fbe_H,[0.26]
US-PFb,ff_r_H,[0.1]
US-PFb,Sl_L,[0.028]
US-PFb,Nl_L,[23]
US-PFb,r_L,[0.055]
US-PFb,gR_L,[0.25]
US-PFb,aSE_L,[2]
US-PFb,dd_max_L,[1/360]
US-PFb,dc_C_L,[7/365]
US-PFb,Tcold_L,[0.0]
US-PFb,drn_L,[1/570]
US-PFb,dsn_L,[ 1/365]
US-PFb,age_cr_L,[180]
US-PFb,Bfac_lo_L,[0.99]
US-PFb,Bfac_ls_L,[NaN]
US-PFb,Tlo_L,[6.0]
US-PFb,Tls_L,[NaN]
US-PFb,PAR_th_L,[NaN]
US-PFb,dmg_L,[25]
US-PFb,LAI_min_L,[0.1]
US-PFb,Trr_L,[4.0]
US-PFb,mjDay_L,[220]
US-PFb,LDay_min_L,[NaN]
US-PFb,LtR_L,[0.8]
US-PFb,Mf_L,[NaN]
US-PFb,Wm_L,[NaN]
US-PFb,eps_ac_L,[0.5]
US-PFb,LDay_cr_L,[11.5]
US-PFb,Klf_L,[NaN]
US-PFb,fab_L,NaN
US-PFb,fbe_L,NaN
US-PFb,ff_r_L,[NaN]
US-PFb,Vmax_H,[32]
US-PFb,Vmax_L,[0]
US-PFb,LAI_H,[4.03]
US-PFb,B_H,[215 327 262 244 1 0 5 0]
US-PFb,Rrootl_H,[4200]
US-PFb,PHE_S_H,[4]
US-PFb,dflo_H,[0]
US-PFb,AgeL_H,[1172]
US-PFb,e_rel_H,[1]
US-PFb,hc_H,[15]
US-PFb,SAI_H,[0.1]
US-PFb,LAI_L,[0.0]
US-PFb,B_L,[0 0 0 0 0 0 0 0]
US-PFb,Rrootl_L,[0]
US-PFb,PHE_S_L,[1]
US-PFb,dflo_L,[0]
US-PFb,AgeL_L,[0]
US-PFb,e_rel_L,[1]
US-PFb,hc_L,[0.0]
US-PFb,SAI_L,[0.0]
US-PFb,BLit,0.0
US-PFb,Nreserve_H,[1000]
US-PFb,Preserve_H,[100]
US-PFb,Kreserve_H,[1000]
US-PFb,FNC_H,1
US-PFb,NupI_H,[0 0 0]
US-PFb,Nreserve_L,[1]
US-PFb,Preserve_L,[1]
US-PFb,Kreserve_L,[1]
US-PFb,FNC_L,1
US-PFb,NupI_L,[0 0 0]
US-PFb,RexmyI,[0 0 0]
US-PFb,TBio_L,0
US-PFb,TBio_H,300
US-PFb,Vx_H,10
US-PFb,Vl_H,10
US-PFb,Vx_L,10
US-PFb,Vl_L,10
US-PFb,SWE,0
US-PFb,SND,0
US-PFb,TdpI_H,2
US-PFb,TdpI_L,2
US-PFb,In_L,0
US-PFb,In_urb,0
US-PFb,In_Litter,0
US-PFb,SP_wc,0
US-PFb,In_SWE,0
US-PFb,ros,0
US-PFb,t_sls,0
US-PFb,e_sno,0.97
US-PFb,tau_sno,0
US-PFb,EK,0
US-PFb,WAT,0
US-PFb,ICE,0
US-PFb,IP_wc,0
US-PFb,ICE_D,0
US-PFb,FROCK,0
US-PFb,Ws_under,1
US-PFc,a_dis,NaN
US-PFc,pow_dis,NaN
US-PFc,fpr,1
US-PFc,SvF,1
US-PFc,SN,0
US-PFc,Slo_top,0
US-PFc,Ared,1
US-PFc,aR,1
US-PFc,cellsize,1
US-PFc,Kbot,NaN
US-PFc,Krock,NaN
US-PFc,zatm,11
US-PFc,Cwat,0
US-PFc,Cbare,0
US-PFc,Psan_Zs,"[0.566, 0.566, 0.566, 0.566, 0.55, 0.55, 0.604, 0.604, 0.634, 0.634, 0.713, 0.713, 0.778, 0.778, 0.778, 0.774, 0.774, 0.774]"
US-PFc,Pcla_Zs,"[0.094, 0.094, 0.094, 0.094, 0.07, 0.07, 0.055, 0.055, 0.049, 0.049, 0.047, 0.047, 0.033, 0.033, 0.033, 0.024, 0.024, 0.024]"
US-PFc,Porg_Zs,"[0.0315, 0.0315, 0.0315, 0.0315, 0.012, 0.012, 0.008, 0.008, 0.004, 0.004, 0.002, 0.002, 0.001, 0.001, 0.001, 0.0005, 0.0005, 0.0005]"
US-PFc,Color_Class,0
US-PFc,SPAR,2
US-PFc,Kfc,0.2
US-PFc,Phy,10000
US-PFc,Oice,0
US-PFc,Zs,[0 10 20 50 100 150 200 300 400 500 600 700 800 1000 1250 1500 1750 2000 2030]
US-PFc,Zdes,10
US-PFc,Zinf,10
US-PFc,Zbio,250
US-PFc,In_max_urb,5
US-PFc,In_max_rock,0.1
US-PFc,TminS,-0.8
US-PFc,TmaxS,2.8
US-PFc,ros_max1,550
US-PFc,ros_max2,260
US-PFc,Th_Pr_sno,10.0
US-PFc,Ice_wc_sp,0.01
US-PFc,ros_Ice_thr,500
US-PFc,Aice,0.35
US-PFc,WatFreez_Th,-8
US-PFc,dz_ice,0.54
US-PFc,ExEM,1.0
US-PFc,CASE_ROOT,1
US-PFc,ZR95_H,[1100]
US-PFc,ZR95_L,[0]
US-PFc,ZR50_H,NaN
US-PFc,ZR50_L,NaN
US-PFc,ZRmax_H,NaN
US-PFc,ZRmax_L,NaN
US-PFc,Kct,0.75
US-PFc,gcI,3.7
US-PFc,KcI,0.06
US-PFc,Sp_SN_In,5.9
US-PFc,Sp_LAI_L_In,[0.2]
US-PFc,Sp_LAI_H_In,[0.1]
US-PFc,d_leaf_H,[7]
US-PFc,d_leaf_L,[0.8]
US-PFc,KnitH,[0.4]
US-PFc,KnitL,0.0
US-PFc,mSl_H,0.0
US-PFc,mSl_L,0.0
US-PFc,FI_H,[0.081]
US-PFc,Do_H,[600]
US-PFc,a1_H,[6]
US-PFc,go_H,[0.01]
US-PFc,CT_H,[3]
US-PFc,DSE_H,[0.649]
US-PFc,Ha_H,[72]
US-PFc,gmes_H,[Inf]
US-PFc,rjv_H,[2.1]
US-PFc,FI_L,[0.081]
US-PFc,Do_L,[2000]
US-PFc,a1_L,[7]
US-PFc,go_L,[0.01]
US-PFc,CT_L,[3]
US-PFc,DSE_L,[0.660]
US-PFc,Ha_L,[48]
US-PFc,gmes_L,[Inf]
US-PFc,rjv_L,[2.6]
US-PFc,Psi_sto_00_H,[-0.7]
US-PFc,Psi_sto_50_H,[-2.5]
US-PFc,PsiL00_H,[0.4]
US-PFc,PsiL50_H,[-6.5]
US-PFc,Kleaf_max_H,10
US-PFc,Cl_H,1200
US-PFc,Axyl_H,15.0
US-PFc,Kx_max_H,80000
US-PFc,PsiX50_H,[-9]
US-PFc,Cx_H,150
US-PFc,Psi_sto_00_L,-0.8
US-PFc,Psi_sto_50_L,-3.0
US-PFc,PsiL00_L,-1.1
US-PFc,PsiL50_L,-4.0
US-PFc,Kleaf_max_L,5
US-PFc,Cl_L,1200
US-PFc,Axyl_L,0.0
US-PFc,Kx_max_L,80000
US-PFc,PsiX50_L,-4.5
US-PFc,Cx_L,150
US-PFc,PsiG50_H,[-0.7]
US-PFc,PsiG99_H,[-6.5]
US-PFc,gcoef_H,3.5
US-PFc,PsiG50_L,-1.45
US-PFc,PsiG99_L,-4.0
US-PFc,gcoef_L,3.5
US-PFc,OM_H,1
US-PFc,OM_L,1
US-PFc,Sllit,2
US-PFc,Sl_H,[0.0207653]
US-PFc,Nl_H,[35]
US-PFc,r_H,[0.02]
US-PFc,gR_H,[0.22]
US-PFc,aSE_H,[1]
US-PFc,dd_max_H,[1/365]
US-PFc,dc_C_H,[0.0274]
US-PFc,Tcold_H,[5]
US-PFc,drn_H,[0.0020]
US-PFc,dsn_H,[0.0027]
US-PFc,age_cr_H,[110]
US-PFc,Bfac_lo_H,[0.9]
US-PFc,Bfac_ls_H,[NaN]
US-PFc,Tlo_H,[4.0]
US-PFc,PAR_th_H,[NaN]
US-PFc,dmg_H,[30]
US-PFc,LAI_min_H,[0.001]
US-PFc,Trr_H,[3.0]
US-PFc,mjDay_H,[230]
US-PFc,LDay_min_H,[11.5]
US-PFc,LtR_H,[1.5]
US-PFc,Mf_H,[0.0125]
US-PFc,Wm_H,[0]
US-PFc,eps_ac_H,[0.3]
US-PFc,LDay_cr_H,[12.0]
US-PFc,Klf_H,[0.025]
US-PFc,fab_H,[0.74]
US-PFc,fbe_H,[0.26]
US-PFc,ff_r_H,[0.1]
US-PFc,Sl_L,[0.028]
US-PFc,Nl_L,[23]
US-PFc,r_L,[0.055]
US-PFc,gR_L,[0.25]
US-PFc,aSE_L,[2]
US-PFc,dd_max_L,[1/360]
US-PFc,dc_C_L,[7/365]
US-PFc,Tcold_L,[0.0]
US-PFc,drn_L,[1/570]
US-PFc,dsn_L,[ 1/365]
US-PFc,age_cr_L,[180]
US-PFc,Bfac_lo_L,[0.99]
US-PFc,Bfac_ls_L,[NaN]
US-PFc,Tlo_L,[6.0]
US-PFc,Tls_L,[NaN]
US-PFc,PAR_th_L,[NaN]
US-PFc,dmg_L,[25]
US-PFc,LAI_min_L,[0.1]
US-PFc,Trr_L,[4.0]
US-PFc,mjDay_L,[220]
US-PFc,LDay_min_L,[NaN]
US-PFc,LtR_L,[0.8]
US-PFc,Mf_L,[NaN]
US-PFc,Wm_L,[NaN]
US-PFc,eps_ac_L,[0.5]
US-PFc,LDay_cr_L,[11.5]
US-PFc,Klf_L,[NaN]
US-PFc,fab_L,NaN
US-PFc,fbe_L,NaN
US-PFc,ff_r_L,[NaN]
US-PFc,Vmax_H,[50]
US-PFc,Vmax_L,[0]
US-PFc,LAI_H,[0.0]
US-PFc,B_H,[0 327 262 350 0 0 0 0]
US-PFc,Rrootl_H,[4200]
US-PFc,PHE_S_H,[1]
US-PFc,dflo_H,[0]
US-PFc,AgeL_H,[0]
US-PFc,e_rel_H,[1]
US-PFc,hc_H,[15]
US-PFc,SAI_H,[0.1]
US-PFc,LAI_L,[0.0]
US-PFc,B_L,[0 0 0 0 0 0 0 0]
US-PFc,Rrootl_L,[0]
US-PFc,PHE_S_L,[1]
US-PFc,dflo_L,[0]
US-PFc,AgeL_L,[0]
US-PFc,e_rel_L,[1]
US-PFc,hc_L,[0.0]
US-PFc,SAI_L,[0.0]
US-PFc,BLit,0.0
US-PFc,Nreserve_H,[1000]
US-PFc,Preserve_H,[100]
US-PFc,Kreserve_H,[1000]
US-PFc,FNC_H,1
US-PFc,NupI_H,[0 0 0]
US-PFc,Nreserve_L,[1]
US-PFc,Preserve_L,[1]
US-PFc,Kreserve_L,[1]
US-PFc,FNC_L,1
US-PFc,NupI_L,[0 0 0]
US-PFc,RexmyI,[0 0 0]
US-PFc,TBio_L,0
US-PFc,TBio_H,300
US-PFc,Vx_H,10
US-PFc,Vl_H,10
US-PFc,Vx_L,10
US-PFc,Vl_L,10
US-PFc,SWE,0
US-PFc,SND,0
US-PFc,TdpI_H,2
US-PFc,TdpI_L,2
US-PFc,In_L,0
US-PFc,In_urb,0
US-PFc,In_Litter,0
US-PFc,SP_wc,0
US-PFc,In_SWE,0
US-PFc,ros,0
US-PFc,t_sls,0
US-PFc,e_sno,0.97
US-PFc,tau_sno,0
US-PFc,EK,0
US-PFc,WAT,0
US-PFc,ICE,0
US-PFc,IP_wc,0
US-PFc,ICE_D,0
US-PFc,FROCK,0
US-PFc,Ws_under,1
US-PFg,a_dis,NaN
US-PFg,pow_dis,NaN
US-PFg,fpr,1
US-PFg,SvF,1
US-PFg,SN,0
US-PFg,Slo_top,0
US-PFg,Ared,1
US-PFg,aR,1
US-PFg,cellsize,1
US-PFg,Kbot,NaN
US-PFg,Krock,NaN
US-PFg,zatm,33
US-PFg,Cwat,0
US-PFg,Cbare,0
US-PFg,Psan_Zs,"[0.57, 0.57, 0.57, 0.57, 0.57, 0.56, 0.64, 0.64, 0.65, 0.65, 0.65, 0.65, 0.7, 0.7, 0.75, 0.75, 0.75, 0.75]"
US-PFg,Pcla_Zs,"[0.08, 0.08, 0.08, 0.08, 0.08, 0.08, 0.05, 0.05, 0.05, 0.05, 0.05, 0.05, 0.047, 0.047, 0.035, 0.035, 0.035, 0.035]"
US-PFg,Porg_Zs,"[0.03, 0.03, 0.03, 0.03, 0.03, 0.01, 0.02, 0.02, 0.0025, 0.0025, 0.0025, 0.0025, 0.0025, 0.0025, 0.0025, 0.0025, 0.0025, 0.0025]"
US-PFg,Color_Class,0
US-PFg,SPAR,2
US-PFg,Kfc,0.2
US-PFg,Phy,10000
US-PFg,Oice,0
US-PFg,Zs,[0 10 20 50 100 150 200 300 400 500 600 700 800 1000 1250 1500 1750 2000 2030]
US-PFg,Zdes,10
US-PFg,Zinf,10
US-PFg,Zbio,250
US-PFg,In_max_urb,5
US-PFg,In_max_rock,0.1
US-PFg,TminS,-0.8
US-PFg,TmaxS,2.8
US-PFg,ros_max1,550
US-PFg,ros_max2,260
US-PFg,Th_Pr_sno,10.0
US-PFg,Ice_wc_sp,0.01
US-PFg,ros_Ice_thr,500
US-PFg,Aice,0.35
US-PFg,WatFreez_Th,-8
US-PFg,dz_ice,0.54
US-PFg,ExEM,1.0
US-PFg,CASE_ROOT,1
US-PFg,ZR95_H,[1100]
US-PFg,ZR95_L,[0]
US-PFg,ZR50_H,NaN
US-PFg,ZR50_L,NaN
US-PFg,ZRmax_H,NaN
US-PFg,ZRmax_L,NaN
US-PFg,Kct,0.75
US-PFg,gcI,3.7
US-PFg,KcI,0.06
US-PFg,Sp_SN_In,5.9
US-PFg,Sp_LAI_L_In,[0.2]
US-PFg,Sp_LAI_H_In,[0.1]
US-PFg,d_leaf_H,[0.25]
US-PFg,d_leaf_L,[0.8]
US-PFg,KnitH,0.35
US-PFg,KnitL,0.0
US-PFg,mSl_H,0.0
US-PFg,mSl_L,0.0
US-PFg,FI_H,[0.081]
US-PFg,Do_H,[700]
US-PFg,a1_H,[5]
US-PFg,go_H,[ 0.01]
US-PFg,CT_H,[3]
US-PFg,DSE_H,[0.649]
US-PFg,Ha_H,[89]
US-PFg,gmes_H,[Inf]
US-PFg,rjv_H,[1.8]
US-PFg,FI_L,[0.081]
US-PFg,Do_L,[2000]
US-PFg,a1_L,[7]
US-PFg,go_L,[0.01]
US-PFg,CT_L,[3]
US-PFg,DSE_L,[0.660]
US-PFg,Ha_L,[48]
US-PFg,gmes_L,[Inf]
US-PFg,rjv_L,[2.6]
US-PFg,Psi_sto_00_H,-0.8
US-PFg,Psi_sto_50_H,-2.5
US-PFg,PsiL00_H,-1.0
US-PFg,PsiL50_H,-3.2
US-PFg,Kleaf_max_H,10
US-PFg,Cl_H,1200
US-PFg,Axyl_H,15.0
US-PFg,Kx_max_H,80000
US-PFg,PsiX50_H,-5.0
US-PFg,Cx_H,150
US-PFg,Psi_sto_00_L,-0.8
US-PFg,Psi_sto_50_L,-3.0
US-PFg,PsiL00_L,-1.1
US-PFg,PsiL50_L,-4.0
US-PFg,Kleaf_max_L,5
US-PFg,Cl_L,1200
US-PFg,Axyl_L,0.0
US-PFg,Kx_max_L,80000
US-PFg,PsiX50_L,-4.5
US-PFg,Cx_L,150
US-PFg,PsiG50_H,-0.8
US-PFg,PsiG99_H,-2.5
US-PFg,gcoef_H,3.5
US-PFg,PsiG50_L,-1.45
US-PFg,PsiG99_L,-4.0
US-PFg,gcoef_L,3.5
US-PFg,OM_H,1
US-PFg,OM_L,1
US-PFg,Sllit,2
US-PFg,Sl_H,[0.0198813]
US-PFg,Nl_H,[62]
US-PFg,r_H,[0.055]
US-PFg,gR_H,[0.25]
US-PFg,aSE_H,[0]
US-PFg,dd_max_H,[1/200]
US-PFg,dc_C_H,78/365
US-PFg,Tcold_H,[-50]
US-PFg,drn_H,[1/800]
US-PFg,dsn_H,[1/600]
US-PFg,age_cr_H,[1220]
US-PFg,Bfac_lo_H,[0.99]
US-PFg,Bfac_ls_H,[NaN]
US-PFg,Tlo_H,[1.5]
US-PFg,PAR_th_H,[NaN]
US-PFg,dmg_H,[30]
US-PFg,LAI_min_H,[0.001]
US-PFg,Trr_H,[0.5]
US-PFg,mjDay_H,[220]
US-PFg,LDay_min_H,[14.1]
US-PFg,LtR_H,[0.8]
US-PFg,Mf_H,[1/50]
US-PFg,Wm_H,[0]
US-PFg,eps_ac_H,[0.8]
US-PFg,LDay_cr_H,[11.8]
US-PFg,Klf_H,[1/30]
US-PFg,fab_H,[0.74]
US-PFg,fbe_H,[0.26]
US-PFg,ff_r_H,[0.1]
US-PFg,Sl_L,[0.028]
US-PFg,Nl_L,[23]
US-PFg,r_L,[0.055]
US-PFg,gR_L,[0.25]
US-PFg,aSE_L,[2]
US-PFg,dd_max_L,[1/360]
US-PFg,dc_C_L,[7/365]
US-PFg,Tcold_L,[0.0]
US-PFg,drn_L,[1/570]
US-PFg,dsn_L,[ 1/365]
US-PFg,age_cr_L,[180]
US-PFg,Bfac_lo_L,[0.99]
US-PFg,Bfac_ls_L,[NaN]
US-PFg,Tlo_L,[6.0]
US-PFg,Tls_L,[NaN]
US-PFg,PAR_th_L,[NaN]
US-PFg,dmg_L,[25]
US-PFg,LAI_min_L,[0.1]
US-PFg,Trr_L,[4.0]
US-PFg,mjDay_L,[220]
US-PFg,LDay_min_L,[NaN]
US-PFg,LtR_L,[0.8]
US-PFg,Mf_L,[NaN]
US-PFg,Wm_L,[NaN]
US-PFg,eps_ac_L,[0.5]
US-PFg,LDay_cr_L,[11.5]
US-PFg,Klf_L,[NaN]
US-PFg,fab_L,NaN
US-PFg,fbe_L,NaN
US-PFg,ff_r_L,[NaN]
US-PFg,Vmax_H,[32]
US-PFg,Vmax_L,[0]
US-PFg,LAI_H,[4.03]
US-PFg,B_H,[215 327 262 244 1 0 5 0]
US-PFg,Rrootl_H,[4200]
US-PFg,PHE_S_H,[4]
US-PFg,dflo_H,[0]
US-PFg,AgeL_H,[1172]
US-PFg,e_rel_H,[1]
US-PFg,hc_H,[17]
US-PFg,SAI_H,[0.1]
US-PFg,LAI_L,[0.0]
US-PFg,B_L,[0 0 0 0 0 0 0 0]
US-PFg,Rrootl_L,[0]
US-PFg,PHE_S_L,[1]
US-PFg,dflo_L,[0]
US-PFg,AgeL_L,[0]
US-PFg,e_rel_L,[1]
US-PFg,hc_L,[0.0]
US-PFg,SAI_L,[0.0]
US-PFg,BLit,0.0
US-PFg,Nreserve_H,[1000]
US-PFg,Preserve_H,[100]
US-PFg,Kreserve_H,[1000]
US-PFg,FNC_H,1
US-PFg,NupI_H,[0 0 0]
US-PFg,Nreserve_L,[1]
US-PFg,Preserve_L,[1]
US-PFg,Kreserve_L,[1]
US-PFg,FNC_L,1
US-PFg,NupI_L,[0 0 0]
US-PFg,RexmyI,[0 0 0]
US-PFg,TBio_L,0
US-PFg,TBio_H,300
US-PFg,Vx_H,10
US-PFg,Vl_H,10
US-PFg,Vx_L,10
US-PFg,Vl_L,10
US-PFg,SWE,0
US-PFg,SND,0
US-PFg,TdpI_H,2
US-PFg,TdpI_L,2
US-PFg,In_L,0
US-PFg,In_urb,0
US-PFg,In_Litter,0
US-PFg,SP_wc,0
US-PFg,In_SWE,0
US-PFg,ros,0
US-PFg,t_sls,0
US-PFg,e_sno,0.97
US-PFg,tau_sno,0
US-PFg,EK,0
US-PFg,WAT,0
US-PFg,ICE,0
US-PFg,IP_wc,0
US-PFg,ICE_D,0
US-PFg,FROCK,0
US-PFg,Ws_under,1
US-PFh,a_dis,NaN
US-PFh,pow_dis,NaN
US-PFh,fpr,1
US-PFh,SvF,1
US-PFh,SN,0
US-PFh,Slo_top,0
US-PFh,Ared,1
US-PFh,aR,1
US-PFh,cellsize,1
US-PFh,Kbot,NaN
US-PFh,Krock,NaN
US-PFh,zatm,33
US-PFh,Cwat,0
US-PFh,Cbare,0
US-PFh,Psan_Zs,"[0.849, 0.849, 0.849, 0.849, 0.849, 0.849, 0.849, 0.946, 0.946, 0.946, 0.965, 0.965, 0.965, 0.965, 0.965, 0.965, 0.965, 0.965]"
US-PFh,Pcla_Zs,"[0.06, 0.06, 0.06, 0.06, 0.06, 0.06, 0.06, 0.04, 0.04, 0.04, 0.02, 0.02, 0.02, 0.02, 0.02, 0.02, 0.02, 0.02]"
US-PFh,Porg_Zs,"[0.02, 0.02, 0.02, 0.0075, 0.015, 0.015, 0.015, 0.0025, 0.0025, 0.0025, 0.0025, 0.0025, 0.0025, 0.0025, 0.0025, 0.0025, 0.0025, 0.0025]"
US-PFh,Color_Class,0
US-PFh,SPAR,2
US-PFh,Kfc,0.2
US-PFh,Phy,10000
US-PFh,Oice,0
US-PFh,Zs,[0 10 20 50 100 150 200 300 400 500 600 700 800 1000 1250 1500 1750 2000 2030]
US-PFh,Zdes,10
US-PFh,Zinf,10
US-PFh,Zbio,250
US-PFh,In_max_urb,5
US-PFh,In_max_rock,0.1
US-PFh,TminS,-0.8
US-PFh,TmaxS,2.8
US-PFh,ros_max1,550
US-PFh,ros_max2,260
US-PFh,Th_Pr_sno,10.0
US-PFh,Ice_wc_sp,0.01
US-PFh,ros_Ice_thr,500
US-PFh,Aice,0.35
US-PFh,WatFreez_Th,-8
US-PFh,dz_ice,0.54
US-PFh,ExEM,1.0
US-PFh,CASE_ROOT,1
US-PFh,ZR95_H,[1100]
US-PFh,ZR95_L,[0]
US-PFh,ZR50_H,NaN
US-PFh,ZR50_L,NaN
US-PFh,ZRmax_H,NaN
US-PFh,ZRmax_L,NaN
US-PFh,Kct,0.75
US-PFh,gcI,3.7
US-PFh,KcI,0.06
US-PFh,Sp_SN_In,5.9
US-PFh,Sp_LAI_L_In,[0.2]
US-PFh,Sp_LAI_H_In,[0.1]
US-PFh,d_leaf_H,[0.25]
US-PFh,d_leaf_L,[0.8]
US-PFh,KnitH,0.35
US-PFh,KnitL,0.0
US-PFh,mSl_H,0.0
US-PFh,mSl_L,0.0
US-PFh,FI_H,[0.081]
US-PFh,Do_H,[700]
US-PFh,a1_H,[5]
US-PFh,go_H,[ 0.01]
US-PFh,CT_H,[3]
US-PFh,DSE_H,[0.649]
US-PFh,Ha_H,[89]
US-PFh,gmes_H,[Inf]
US-PFh,rjv_H,[1.8]
US-PFh,FI_L,[0.081]
US-PFh,Do_L,[2000]
US-PFh,a1_L,[7]
US-PFh,go_L,[0.01]
US-PFh,CT_L,[3]
US-PFh,DSE_L,[0.660]
US-PFh,Ha_L,[48]
US-PFh,gmes_L,[Inf]
US-PFh,rjv_L,[2.6]
US-PFh,Psi_sto_00_H,-0.8
US-PFh,Psi_sto_50_H,-2.5
US-PFh,PsiL00_H,-1.0
US-PFh,PsiL50_H,-3.2
US-PFh,Kleaf_max_H,10
US-PFh,Cl_H,1200
US-PFh,Axyl_H,15.0
US-PFh,Kx_max_H,80000
US-PFh,PsiX50_H,-5.0
US-PFh,Cx_H,150
US-PFh,Psi_sto_00_L,-0.8
US-PFh,Psi_sto_50_L,-3.0
US-PFh,PsiL00_L,-1.1
US-PFh,PsiL50_L,-4.0
US-PFh,Kleaf_max_L,5
US-PFh,Cl_L,1200
US-PFh,Axyl_L,0.0
US-PFh,Kx_max_L,80000
US-PFh,PsiX50_L,-4.5
US-PFh,Cx_L,150
US-PFh,PsiG50_H,-0.8
US-PFh,PsiG99_H,-2.5
US-PFh,gcoef_H,3.5
US-PFh,PsiG50_L,-1.45
US-PFh,PsiG99_L,-4.0
US-PFh,gcoef_L,3.5
US-PFh,OM_H,1
US-PFh,OM_L,1
US-PFh,Sllit,2
US-PFh,Sl_H,[0.0198813]
US-PFh,Nl_H,[62]
US-PFh,r_H,[0.055]
US-PFh,gR_H,[0.25]
US-PFh,aSE_H,[0]
US-PFh,dd_max_H,[1/200]
US-PFh,dc_C_H,78/365
US-PFh,Tcold_H,[-50]
US-PFh,drn_H,[1/800]
US-PFh,dsn_H,[1/600]
US-PFh,age_cr_H,[1220]
US-PFh,Bfac_lo_H,[0.99]
US-PFh,Bfac_ls_H,[NaN]
US-PFh,Tlo_H,[1.5]
US-PFh,PAR_th_H,[NaN]
US-PFh,dmg_H,[30]
US-PFh,LAI_min_H,[0.001]
US-PFh,Trr_H,[0.5]
US-PFh,mjDay_H,[220]
US-PFh,LDay_min_H,[14.1]
US-PFh,LtR_H,[0.8]
US-PFh,Mf_H,[1/50]
US-PFh,Wm_H,[0]
US-PFh,eps_ac_H,[0.8]
US-PFh,LDay_cr_H,[11.8]
US-PFh,Klf_H,[1/30]
US-PFh,fab_H,[0.74]
US-PFh,fbe_H,[0.26]
US-PFh,ff_r_H,[0.1]
US-PFh,Sl_L,[0.028]
US-PFh,Nl_L,[23]
US-PFh,r_L,[0.055]
US-PFh,gR_L,[0.25]
US-PFh,aSE_L,[2]
US-PFh,dd_max_L,[1/360]
US-PFh,dc_C_L,[7/365]
US-PFh,Tcold_L,[0.0]
US-PFh,drn_L,[1/570]
US-PFh,dsn_L,[ 1/365]
US-PFh,age_cr_L,[180]
US-PFh,Bfac_lo_L,[0.99]
US-PFh,Bfac_ls_L,[NaN]
US-PFh,Tlo_L,[6.0]
US-PFh,Tls_L,[NaN]
US-PFh,PAR_th_L,[NaN]
US-PFh,dmg_L,[25]
US-PFh,LAI_min_L,[0.1]
US-PFh,Trr_L,[4.0]
US-PFh,mjDay_L,[220]
US-PFh,LDay_min_L,[NaN]
US-PFh,LtR_L,[0.8]
US-PFh,Mf_L,[NaN]
US-PFh,Wm_L,[NaN]
US-PFh,eps_ac_L,[0.5]
US-PFh,LDay_cr_L,[11.5]
US-PFh,Klf_L,[NaN]
US-PFh,fab_L,NaN
US-PFh,fbe_L,NaN
US-PFh,ff_r_L,[NaN]
US-PFh,Vmax_H,[32]
US-PFh,Vmax_L,[0]
US-PFh,LAI_H,[4.03]
US-PFh,B_H,[215 327 262 244 1 0 5 0]
US-PFh,Rrootl_H,[4200]
US-PFh,PHE_S_H,[4]
US-PFh,dflo_H,[0]
US-PFh,AgeL_H,[1172]
US-PFh,e_rel_H,[1]
US-PFh,hc_H,[15]
US-PFh,SAI_H,[0.1]
US-PFh,LAI_L,[0.0]
US-PFh,B_L,[0 0 0 0 0 0 0 0]
US-PFh,Rrootl_L,[0]
US-PFh,PHE_S_L,[1]
US-PFh,dflo_L,[0]
US-PFh,AgeL_L,[0]
US-PFh,e_rel_L,[1]
US-PFh,hc_L,[0.0]
US-PFh,SAI_L,[0.0]
US-PFh,BLit,0.0
US-PFh,Nreserve_H,[1000]
US-PFh,Preserve_H,[100]
US-PFh,Kreserve_H,[1000]
US-PFh,FNC_H,1
US-PFh,NupI_H,[0 0 0]
US-PFh,Nreserve_L,[1]
US-PFh,Preserve_L,[1]
US-PFh,Kreserve_L,[1]
US-PFh,FNC_L,1
US-PFh,NupI_L,[0 0 0]
US-PFh,RexmyI,[0 0 0]
US-PFh,TBio_L,0
US-PFh,TBio_H,300
US-PFh,Vx_H,10
US-PFh,Vl_H,10
US-PFh,Vx_L,10
US-PFh,Vl_L,10
US-PFh,SWE,0
US-PFh,SND,0
US-PFh,TdpI_H,2
US-PFh,TdpI_L,2
US-PFh,In_L,0
US-PFh,In_urb,0
US-PFh,In_Litter,0
US-PFh,SP_wc,0
US-PFh,In_SWE,0
US-PFh,ros,0
US-PFh,t_sls,0
US-PFh,e_sno,0.97
US-PFh,tau_sno,0
US-PFh,EK,0
US-PFh,WAT,0
US-PFh,ICE,0
US-PFh,IP_wc,0
US-PFh,ICE_D,0
US-PFh,FROCK,0
US-PFh,Ws_under,1
US-PFi,a_dis,NaN
US-PFi,pow_dis,NaN
US-PFi,fpr,1
US-PFi,SvF,1
US-PFi,SN,0
US-PFi,Slo_top,0
US-PFi,Ared,1
US-PFi,aR,1
US-PFi,cellsize,1
US-PFi,Kbot,NaN
US-PFi,Krock,NaN
US-PFi,zatm,33
US-PFi,Cwat,0
US-PFi,Cbare,0
US-PFi,Psan_Zs,"[0.566, 0.566, 0.566, 0.566, 0.55, 0.55, 0.604, 0.604, 0.634, 0.634, 0.713, 0.713, 0.778, 0.778, 0.778, 0.774, 0.774, 0.774]"
US-PFi,Pcla_Zs,"[0.094, 0.094, 0.094, 0.094, 0.07, 0.07, 0.055, 0.055, 0.049, 0.049, 0.047, 0.047, 0.033, 0.033, 0.033, 0.024, 0.024, 0.024]"
US-PFi,Porg_Zs,"[0.0315, 0.0315, 0.0315, 0.0315, 0.012, 0.012, 0.008, 0.008, 0.004, 0.004, 0.002, 0.002, 0.001, 0.001, 0.001, 0.0005, 0.0005, 0.0005]"
US-PFi,Color_Class,0
US-PFi,SPAR,2
US-PFi,Kfc,0.2
US-PFi,Phy,10000
US-PFi,Oice,0
US-PFi,Zs,[0 10 20 50 100 150 200 300 400 500 600 700 800 1000 1250 1500 1750 2000 2030]
US-PFi,Zdes,10
US-PFi,Zinf,10
US-PFi,Zbio,250
US-PFi,In_max_urb,5
US-PFi,In_max_rock,0.1
US-PFi,TminS,-0.8
US-PFi,TmaxS,2.8
US-PFi,ros_max1,550
US-PFi,ros_max2,260
US-PFi,Th_Pr_sno,10.0
US-PFi,Ice_wc_sp,0.01
US-PFi,ros_Ice_thr,500
US-PFi,Aice,0.35
US-PFi,WatFreez_Th,-8
US-PFi,dz_ice,0.54
US-PFi,ExEM,1.0
US-PFi,CASE_ROOT,1
US-PFi,ZR95_H,[1100]
US-PFi,ZR95_L,[0]
US-PFi,ZR50_H,NaN
US-PFi,ZR50_L,NaN
US-PFi,ZRmax_H,NaN
US-PFi,ZRmax_L,NaN
US-PFi,Kct,0.75
US-PFi,gcI,3.7
US-PFi,KcI,0.06
US-PFi,Sp_SN_In,5.9
US-PFi,Sp_LAI_L_In,[0.2]
US-PFi,Sp_LAI_H_In,[0.1]
US-PFi,d_leaf_H,[7]
US-PFi,d_leaf_L,[0.8]
US-PFi,KnitH,[0.4]
US-PFi,KnitL,0.0
US-PFi,mSl_H,0.0
US-PFi,mSl_L,0.0
US-PFi,FI_H,[0.081]
US-PFi,Do_H,[600]
US-PFi,a1_H,[6]
US-PFi,go_H,[0.01]
US-PFi,CT_H,[3]
US-PFi,DSE_H,[0.649]
US-PFi,Ha_H,[72]
US-PFi,gmes_H,[Inf]
US-PFi,rjv_H,[2.1]
US-PFi,FI_L,[0.081]
US-PFi,Do_L,[2000]
US-PFi,a1_L,[7]
US-PFi,go_L,[0.01]
US-PFi,CT_L,[3]
US-PFi,DSE_L,[0.660]
US-PFi,Ha_L,[48]
US-PFi,gmes_L,[Inf]
US-PFi,rjv_L,[2.6]
US-PFi,Psi_sto_00_H,[-0.7]
US-PFi,Psi_sto_50_H,[-2.5]
US-PFi,PsiL00_H,[0.4]
US-PFi,PsiL50_H,[-6.5]
US-PFi,Kleaf_max_H,10
US-PFi,Cl_H,1200
US-PFi,Axyl_H,15.0
US-PFi,Kx_max_H,80000
US-PFi,PsiX50_H,[-9]
US-PFi,Cx_H,150
US-PFi,Psi_sto_00_L,-0.8
US-PFi,Psi_sto_50_L,-3.0
US-PFi,PsiL00_L,-1.1
US-PFi,PsiL50_L,-4.0
US-PFi,Kleaf_max_L,5
US-PFi,Cl_L,1200
US-PFi,Axyl_L,0.0
US-PFi,Kx_max_L,80000
US-PFi,PsiX50_L,-4.5
US-PFi,Cx_L,150
US-PFi,PsiG50_H,[-0.7]
US-PFi,PsiG99_H,[-6.5]
US-PFi,gcoef_H,3.5
US-PFi,PsiG50_L,-1.45
US-PFi,PsiG99_L,-4.0
US-PFi,gcoef_L,3.5
US-PFi,OM_H,1
US-PFi,OM_L,1
US-PFi,Sllit,2
US-PFi,Sl_H,[0.0207653]
US-PFi,Nl_H,[35]
US-PFi,r_H,[0.02]
US-PFi,gR_H,[0.22]
US-PFi,aSE_H,[1]
US-PFi,dd_max_H,[1/365]
US-PFi,dc_C_H,[0.0274]
US-PFi,Tcold_H,[5]
US-PFi,drn_H,[0.0020]
US-PFi,dsn_H,[0.0027]
US-PFi,age_cr_H,[110]
US-PFi,Bfac_lo_H,[0.9]
US-PFi,Bfac_ls_H,[NaN]
US-PFi,Tlo_H,[4.0]
US-PFi,PAR_th_H,[NaN]
US-PFi,dmg_H,[30]
US-PFi,LAI_min_H,[0.001]
US-PFi,Trr_H,[3.0]
US-PFi,mjDay_H,[230]
US-PFi,LDay_min_H,[11.5]
US-PFi,LtR_H,[1.5]
US-PFi,Mf_H,[0.0125]
US-PFi,Wm_H,[0]
US-PFi,eps_ac_H,[0.3]
US-PFi,LDay_cr_H,[12.0]
US-PFi,Klf_H,[0.025]
US-PFi,fab_H,[0.74]
US-PFi,fbe_H,[0.26]
US-PFi,ff_r_H,[0.1]
US-PFi,Sl_L,[0.028]
US-PFi,Nl_L,[23]
US-PFi,r_L,[0.055]
US-PFi,gR_L,[0.25]
US-PFi,aSE_L,[2]
US-PFi,dd_max_L,[1/360]
US-PFi,dc_C_L,[7/365]
US-PFi,Tcold_L,[0.0]
US-PFi,drn_L,[1/570]
US-PFi,dsn_L,[ 1/365]
US-PFi,age_cr_L,[180]
US-PFi,Bfac_lo_L,[0.99]
US-PFi,Bfac_ls_L,[NaN]
US-PFi,Tlo_L,[6.0]
US-PFi,Tls_L,[NaN]
US-PFi,PAR_th_L,[NaN]
US-PFi,dmg_L,[25]
US-PFi,LAI_min_L,[0.1]
US-PFi,Trr_L,[4.0]
US-PFi,mjDay_L,[220]
US-PFi,LDay_min_L,[NaN]
US-PFi,LtR_L,[0.8]
US-PFi,Mf_L,[NaN]
US-PFi,Wm_L,[NaN]
US-PFi,eps_ac_L,[0.5]
US-PFi,LDay_cr_L,[11.5]
US-PFi,Klf_L,[NaN]
US-PFi,fab_L,NaN
US-PFi,fbe_L,NaN
US-PFi,ff_r_L,[NaN]
US-PFi,Vmax_H,[50]
US-PFi,Vmax_L,[0]
US-PFi,LAI_H,[0.0]
US-PFi,B_H,[0 327 262 350 0 0 0 0]
US-PFi,Rrootl_H,[4200]
US-PFi,PHE_S_H,[1]
US-PFi,dflo_H,[0]
US-PFi,AgeL_H,[0]
US-PFi,e_rel_H,[1]
US-PFi,hc_H,[20]
US-PFi,SAI_H,[0.1]
US-PFi,LAI_L,[0.0]
US-PFi,B_L,[0 0 0 0 0 0 0 0]
US-PFi,Rrootl_L,[0]
US-PFi,PHE_S_L,[1]
US-PFi,dflo_L,[0]
US-PFi,AgeL_L,[0]
US-PFi,e_rel_L,[1]
US-PFi,hc_L,[0.0]
US-PFi,SAI_L,[0.0]
US-PFi,BLit,0.0
US-PFi,Nreserve_H,[1000]
US-PFi,Preserve_H,[100]
US-PFi,Kreserve_H,[1000]
US-PFi,FNC_H,1
US-PFi,NupI_H,[0 0 0]
US-PFi,Nreserve_L,[1]
US-PFi,Preserve_L,[1]
US-PFi,Kreserve_L,[1]
US-PFi,FNC_L,1
US-PFi,NupI_L,[0 0 0]
US-PFi,RexmyI,[0 0 0]
US-PFi,TBio_L,0
US-PFi,TBio_H,300
US-PFi,Vx_H,10
US-PFi,Vl_H,10
US-PFi,Vx_L,10
US-PFi,Vl_L,10
US-PFi,SWE,0
US-PFi,SND,0
US-PFi,TdpI_H,2
US-PFi,TdpI_L,2
US-PFi,In_L,0
US-PFi,In_urb,0
US-PFi,In_Litter,0
US-PFi,SP_wc,0
US-PFi,In_SWE,0
US-PFi,ros,0
US-PFi,t_sls,0
US-PFi,e_sno,0.97
US-PFi,tau_sno,0
US-PFi,EK,0
US-PFi,WAT,0
US-PFi,ICE,0
US-PFi,IP_wc,0
US-PFi,ICE_D,0
US-PFi,FROCK,0
US-PFi,Ws_under,1
US-PFj,a_dis,NaN
US-PFj,pow_dis,NaN
US-PFj,fpr,1
US-PFj,SvF,1
US-PFj,SN,0
US-PFj,Slo_top,0
US-PFj,Ared,1
US-PFj,aR,1
US-PFj,cellsize,1
US-PFj,Kbot,NaN
US-PFj,Krock,NaN
US-PFj,zatm,33
US-PFj,Cwat,0
US-PFj,Cbare,0
US-PFj,Psan_Zs,"[0.566, 0.566, 0.566, 0.566, 0.55, 0.55, 0.604, 0.604, 0.634, 0.634, 0.713, 0.713, 0.778, 0.778, 0.778, 0.774, 0.774, 0.774]"
US-PFj,Pcla_Zs,"[0.094, 0.094, 0.094, 0.094, 0.07, 0.07, 0.055, 0.055, 0.049, 0.049, 0.047, 0.047, 0.033, 0.033, 0.033, 0.024, 0.024, 0.024]"
US-PFj,Porg_Zs,"[0.0315, 0.0315, 0.0315, 0.0315, 0.012, 0.012, 0.008, 0.008, 0.004, 0.004, 0.002, 0.002, 0.001, 0.001, 0.001, 0.0005, 0.0005, 0.0005]"
US-PFj,Color_Class,0
US-PFj,SPAR,2
US-PFj,Kfc,0.2
US-PFj,Phy,10000
US-PFj,Oice,0
US-PFj,Zs,[0 10 20 50 100 150 200 300 400 500 600 700 800 1000 1250 1500 1750 2000 2030]
US-PFj,Zdes,10
US-PFj,Zinf,10
US-PFj,Zbio,250
US-PFj,In_max_urb,5
US-PFj,In_max_rock,0.1
US-PFj,TminS,-0.8
US-PFj,TmaxS,2.8
US-PFj,ros_max1,550
US-PFj,ros_max2,260
US-PFj,Th_Pr_sno,10.0
US-PFj,Ice_wc_sp,0.01
US-PFj,ros_Ice_thr,500
US-PFj,Aice,0.35
US-PFj,WatFreez_Th,-8
US-PFj,dz_ice,0.54
US-PFj,ExEM,1.0
US-PFj,CASE_ROOT,1
US-PFj,ZR95_H,[1100]
US-PFj,ZR95_L,[0]
US-PFj,ZR50_H,NaN
US-PFj,ZR50_L,NaN
US-PFj,ZRmax_H,NaN
US-PFj,ZRmax_L,NaN
US-PFj,Kct,0.75
US-PFj,gcI,3.7
US-PFj,KcI,0.06
US-PFj,Sp_SN_In,5.9
US-PFj,Sp_LAI_L_In,[0.2]
US-PFj,Sp_LAI_H_In,[0.1]
US-PFj,d_leaf_H,[7]
US-PFj,d_leaf_L,[0.8]
US-PFj,KnitH,[0.4]
US-PFj,KnitL,0.0
US-PFj,mSl_H,0.0
US-PFj,mSl_L,0.0
US-PFj,FI_H,[0.081]
US-PFj,Do_H,[600]
US-PFj,a1_H,[6]
US-PFj,go_H,[0.01]
US-PFj,CT_H,[3]
US-PFj,DSE_H,[0.649]
US-PFj,Ha_H,[72]
US-PFj,gmes_H,[Inf]
US-PFj,rjv_H,[2.1]
US-PFj,FI_L,[0.081]
US-PFj,Do_L,[2000]
US-PFj,a1_L,[7]
US-PFj,go_L,[0.01]
US-PFj,CT_L,[3]
US-PFj,DSE_L,[0.660]
US-PFj,Ha_L,[48]
US-PFj,gmes_L,[Inf]
US-PFj,rjv_L,[2.6]
US-PFj,Psi_sto_00_H,[-0.7]
US-PFj,Psi_sto_50_H,[-2.5]
US-PFj,PsiL00_H,[0.4]
US-PFj,PsiL50_H,[-6.5]
US-PFj,Kleaf_max_H,10
US-PFj,Cl_H,1200
US-PFj,Axyl_H,15.0
US-PFj,Kx_max_H,80000
US-PFj,PsiX50_H,[-9]
US-PFj,Cx_H,150
US-PFj,Psi_sto_00_L,-0.8
US-PFj,Psi_sto_50_L,-3.0
US-PFj,PsiL00_L,-1.1
US-PFj,PsiL50_L,-4.0
US-PFj,Kleaf_max_L,5
US-PFj,Cl_L,1200
US-PFj,Axyl_L,0.0
US-PFj,Kx_max_L,80000
US-PFj,PsiX50_L,-4.5
US-PFj,Cx_L,150
US-PFj,PsiG50_H,[-0.7]
US-PFj,PsiG99_H,[-6.5]
US-PFj,gcoef_H,3.5
US-PFj,PsiG50_L,-1.45
US-PFj,PsiG99_L,-4.0
US-PFj,gcoef_L,3.5
US-PFj,OM_H,1
US-PFj,OM_L,1
US-PFj,Sllit,2
US-PFj,Sl_H,[0.0207653]
US-PFj,Nl_H,[35]
US-PFj,r_H,[0.02]
US-PFj,gR_H,[0.22]
US-PFj,aSE_H,[1]
US-PFj,dd_max_H,[1/365]
US-PFj,dc_C_H,[0.0274]
US-PFj,Tcold_H,[5]
US-PFj,drn_H,[0.0020]
US-PFj,dsn_H,[0.0027]
US-PFj,age_cr_H,[110]
US-PFj,Bfac_lo_H,[0.9]
US-PFj,Bfac_ls_H,[NaN]
US-PFj,Tlo_H,[4.0]
US-PFj,PAR_th_H,[NaN]
US-PFj,dmg_H,[30]
US-PFj,LAI_min_H,[0.001]
US-PFj,Trr_H,[3.0]
US-PFj,mjDay_H,[230]
US-PFj,LDay_min_H,[11.5]
US-PFj,LtR_H,[1.5]
US-PFj,Mf_H,[0.0125]
US-PFj,Wm_H,[0]
US-PFj,eps_ac_H,[0.3]
US-PFj,LDay_cr_H,[12.0]
US-PFj,Klf_H,[0.025]
US-PFj,fab_H,[0.74]
US-PFj,fbe_H,[0.26]
US-PFj,ff_r_H,[0.1]
US-PFj,Sl_L,[0.028]
US-PFj,Nl_L,[23]
US-PFj,r_L,[0.055]
US-PFj,gR_L,[0.25]
US-PFj,aSE_L,[2]
US-PFj,dd_max_L,[1/360]
US-PFj,dc_C_L,[7/365]
US-PFj,Tcold_L,[0.0]
US-PFj,drn_L,[1/570]
US-PFj,dsn_L,[ 1/365]
US-PFj,age_cr_L,[180]
US-PFj,Bfac_lo_L,[0.99]
US-PFj,Bfac_ls_L,[NaN]
US-PFj,Tlo_L,[6.0]
US-PFj,Tls_L,[NaN]
US-PFj,PAR_th_L,[NaN]
US-PFj,dmg_L,[25]
US-PFj,LAI_min_L,[0.1]
US-PFj,Trr_L,[4.0]
US-PFj,mjDay_L,[220]
US-PFj,LDay_min_L,[NaN]
US-PFj,LtR_L,[0.8]
US-PFj,Mf_L,[NaN]
US-PFj,Wm_L,[NaN]
US-PFj,eps_ac_L,[0.5]
US-PFj,LDay_cr_L,[11.5]
US-PFj,Klf_L,[NaN]
US-PFj,fab_L,NaN
US-PFj,fbe_L,NaN
US-PFj,ff_r_L,[NaN]
US-PFj,Vmax_H,[50]
US-PFj,Vmax_L,[0]
US-PFj,LAI_H,[0.0]
US-PFj,B_H,[0 327 262 350 0 0 0 0]
US-PFj,Rrootl_H,[4200]
US-PFj,PHE_S_H,[1]
US-PFj,dflo_H,[0]
US-PFj,AgeL_H,[0]
US-PFj,e_rel_H,[1]
US-PFj,hc_H,[15]
US-PFj,SAI_H,[0.1]
US-PFj,LAI_L,[0.0]
US-PFj,B_L,[0 0 0 0 0 0 0 0]
US-PFj,Rrootl_L,[0]
US-PFj,PHE_S_L,[1]
US-PFj,dflo_L,[0]
US-PFj,AgeL_L,[0]
US-PFj,e_rel_L,[1]
US-PFj,hc_L,[0.0]
US-PFj,SAI_L,[0.0]
US-PFj,BLit,0.0
US-PFj,Nreserve_H,[1000]
US-PFj,Preserve_H,[100]
US-PFj,Kreserve_H,[1000]
US-PFj,FNC_H,1
US-PFj,NupI_H,[0 0 0]
US-PFj,Nreserve_L,[1]
US-PFj,Preserve_L,[1]
US-PFj,Kreserve_L,[1]
US-PFj,FNC_L,1
US-PFj,NupI_L,[0 0 0]
US-PFj,RexmyI,[0 0 0]
US-PFj,TBio_L,0
US-PFj,TBio_H,300
US-PFj,Vx_H,10
US-PFj,Vl_H,10
US-PFj,Vx_L,10
US-PFj,Vl_L,10
US-PFj,SWE,0
US-PFj,SND,0
US-PFj,TdpI_H,2
US-PFj,TdpI_L,2
US-PFj,In_L,0
US-PFj,In_urb,0
US-PFj,In_Litter,0
US-PFj,SP_wc,0
US-PFj,In_SWE,0
US-PFj,ros,0
US-PFj,t_sls,0
US-PFj,e_sno,0.97
US-PFj,tau_sno,0
US-PFj,EK,0
US-PFj,WAT,0
US-PFj,ICE,0
US-PFj,IP_wc,0
US-PFj,ICE_D,0
US-PFj,FROCK,0
US-PFj,Ws_under,1
US-PFk,a_dis,NaN
US-PFk,pow_dis,NaN
US-PFk,fpr,1
US-PFk,SvF,1
US-PFk,SN,0
US-PFk,Slo_top,0
US-PFk,Ared,1
US-PFk,aR,1
US-PFk,cellsize,1
US-PFk,Kbot,NaN
US-PFk,Krock,NaN
US-PFk,zatm,33
US-PFk,Cwat,0
US-PFk,Cbare,0
US-PFk,Psan_Zs,"[0.566, 0.566, 0.566, 0.566, 0.55, 0.55, 0.604, 0.604, 0.634, 0.634, 0.713, 0.713, 0.778, 0.778, 0.778, 0.774, 0.774, 0.774]"
US-PFk,Pcla_Zs,"[0.094, 0.094, 0.094, 0.094, 0.07, 0.07, 0.055, 0.055, 0.049, 0.049, 0.047, 0.047, 0.033, 0.033, 0.033, 0.024, 0.024, 0.024]"
US-PFk,Porg_Zs,"[0.0315, 0.0315, 0.0315, 0.0315, 0.012, 0.012, 0.008, 0.008, 0.004, 0.004, 0.002, 0.002, 0.001, 0.001, 0.001, 0.0005, 0.0005, 0.0005]"
US-PFk,Color_Class,0
US-PFk,SPAR,2
US-PFk,Kfc,0.2
US-PFk,Phy,10000
US-PFk,Oice,0
US-PFk,Zs,[0 10 20 50 100 150 200 300 400 500 600 700 800 1000 1250 1500 1750 2000 2030]
US-PFk,Zdes,10
US-PFk,Zinf,10
US-PFk,Zbio,250
US-PFk,In_max_urb,5
US-PFk,In_max_rock,0.1
US-PFk,TminS,-0.8
US-PFk,TmaxS,2.8
US-PFk,ros_max1,550
US-PFk,ros_max2,260
US-PFk,Th_Pr_sno,10.0
US-PFk,Ice_wc_sp,0.01
US-PFk,ros_Ice_thr,500
US-PFk,Aice,0.35
US-PFk,WatFreez_Th,-8
US-PFk,dz_ice,0.54
US-PFk,ExEM,1.0
US-PFk,CASE_ROOT,1
US-PFk,ZR95_H,[1100]
US-PFk,ZR95_L,[0]
US-PFk,ZR50_H,NaN
US-PFk,ZR50_L,NaN
US-PFk,ZRmax_H,NaN
US-PFk,ZRmax_L,NaN
US-PFk,Kct,0.75
US-PFk,gcI,3.7
US-PFk,KcI,0.06
US-PFk,Sp_SN_In,5.9
US-PFk,Sp_LAI_L_In,[0.2]
US-PFk,Sp_LAI_H_In,[0.1]
US-PFk,d_leaf_H,[7]
US-PFk,d_leaf_L,[0.8]
US-PFk,KnitH,[0.4]
US-PFk,KnitL,0.0
US-PFk,mSl_H,0.0
US-PFk,mSl_L,0.0
US-PFk,FI_H,[0.081]
US-PFk,Do_H,[600]
US-PFk,a1_H,[6]
US-PFk,go_H,[0.01]
US-PFk,CT_H,[3]
US-PFk,DSE_H,[0.649]
US-PFk,Ha_H,[72]
US-PFk,gmes_H,[Inf]
US-PFk,rjv_H,[2.1]
US-PFk,FI_L,[0.081]
US-PFk,Do_L,[2000]
US-PFk,a1_L,[7]
US-PFk,go_L,[0.01]
US-PFk,CT_L,[3]
US-PFk,DSE_L,[0.660]
US-PFk,Ha_L,[48]
US-PFk,gmes_L,[Inf]
US-PFk,rjv_L,[2.6]
US-PFk,Psi_sto_00_H,[-0.7]
US-PFk,Psi_sto_50_H,[-2.5]
US-PFk,PsiL00_H,[0.4]
US-PFk,PsiL50_H,[-6.5]
US-PFk,Kleaf_max_H,10
US-PFk,Cl_H,1200
US-PFk,Axyl_H,15.0
US-PFk,Kx_max_H,80000
US-PFk,PsiX50_H,[-9]
US-PFk,Cx_H,150
US-PFk,Psi_sto_00_L,-0.8
US-PFk,Psi_sto_50_L,-3.0
US-PFk,PsiL00_L,-1.1
US-PFk,PsiL50_L,-4.0
US-PFk,Kleaf_max_L,5
US-PFk,Cl_L,1200
US-PFk,Axyl_L,0.0
US-PFk,Kx_max_L,80000
US-PFk,PsiX50_L,-4.5
US-PFk,Cx_L,150
US-PFk,PsiG50_H,[-0.7]
US-PFk,PsiG99_H,[-6.5]
US-PFk,gcoef_H,3.5
US-PFk,PsiG50_L,-1.45
US-PFk,PsiG99_L,-4.0
US-PFk,gcoef_L,3.5
US-PFk,OM_H,1
US-PFk,OM_L,1
US-PFk,Sllit,2
US-PFk,Sl_H,[0.0198594]
US-PFk,Nl_H,[35]
US-PFk,r_H,[0.02]
US-PFk,gR_H,[0.22]
US-PFk,aSE_H,[1]
US-PFk,dd_max_H,[1/365]
US-PFk,dc_C_H,[0.0274]
US-PFk,Tcold_H,[5]
US-PFk,drn_H,[0.0020]
US-PFk,dsn_H,[0.0027]
US-PFk,age_cr_H,[110]
US-PFk,Bfac_lo_H,[0.9]
US-PFk,Bfac_ls_H,[NaN]
US-PFk,Tlo_H,[4.0]
US-PFk,PAR_th_H,[NaN]
US-PFk,dmg_H,[30]
US-PFk,LAI_min_H,[0.001]
US-PFk,Trr_H,[3.0]
US-PFk,mjDay_H,[230]
US-PFk,LDay_min_H,[11.5]
US-PFk,LtR_H,[1.5]
US-PFk,Mf_H,[0.0125]
US-PFk,Wm_H,[0]
US-PFk,eps_ac_H,[0.3]
US-PFk,LDay_cr_H,[12.0]
US-PFk,Klf_H,[0.025]
US-PFk,fab_H,[0.74]
US-PFk,fbe_H,[0.26]
US-PFk,ff_r_H,[0.1]
US-PFk,Sl_L,[0.028]
US-PFk,Nl_L,[23]
US-PFk,r_L,[0.055]
US-PFk,gR_L,[0.25]
US-PFk,aSE_L,[2]
US-PFk,dd_max_L,[1/360]
US-PFk,dc_C_L,[7/365]
US-PFk,Tcold_L,[0.0]
US-PFk,drn_L,[1/570]
US-PFk,dsn_L,[ 1/365]
US-PFk,age_cr_L,[180]
US-PFk,Bfac_lo_L,[0.99]
US-PFk,Bfac_ls_L,[NaN]
US-PFk,Tlo_L,[6.0]
US-PFk,Tls_L,[NaN]
US-PFk,PAR_th_L,[NaN]
US-PFk,dmg_L,[25]
US-PFk,LAI_min_L,[0.1]
US-PFk,Trr_L,[4.0]
US-PFk,mjDay_L,[220]
US-PFk,LDay_min_L,[NaN]
US-PFk,LtR_L,[0.8]
US-PFk,Mf_L,[NaN]
US-PFk,Wm_L,[NaN]
US-PFk,eps_ac_L,[0.5]
US-PFk,LDay_cr_L,[11.5]
US-PFk,Klf_L,[NaN]
US-PFk,fab_L,NaN
US-PFk,fbe_L,NaN
US-PFk,ff_r_L,[NaN]
US-PFk,Vmax_H,[50]
US-PFk,Vmax_L,[0]
US-PFk,LAI_H,[0.0]
US-PFk,B_H,[0 327 262 350 0 0 0 0]
US-PFk,Rrootl_H,[4200]
US-PFk,PHE_S_H,[1]
US-PFk,dflo_H,[0]
US-PFk,AgeL_H,[0]
US-PFk,e_rel_H,[1]
US-PFk,hc_H,[14]
US-PFk,SAI_H,[0.1]
US-PFk,LAI_L,[0.0]
US-PFk,B_L,[0 0 0 0 0 0 0 0]
US-PFk,Rrootl_L,[0]
US-PFk,PHE_S_L,[1]
US-PFk,dflo_L,[0]
US-PFk,AgeL_L,[0]
US-PFk,e_rel_L,[1]
US-PFk,hc_L,[0.0]
US-PFk,SAI_L,[0.0]
US-PFk,BLit,0.0
US-PFk,Nreserve_H,[1000]
US-PFk,Preserve_H,[100]
US-PFk,Kreserve_H,[1000]
US-PFk,FNC_H,1
US-PFk,NupI_H,[0 0 0]
US-PFk,Nreserve_L,[1]
US-PFk,Preserve_L,[1]
US-PFk,Kreserve_L,[1]
US-PFk,FNC_L,1
US-PFk,NupI_L,[0 0 0]
US-PFk,RexmyI,[0 0 0]
US-PFk,TBio_L,0
US-PFk,TBio_H,300
US-PFk,Vx_H,10
US-PFk,Vl_H,10
US-PFk,Vx_L,10
US-PFk,Vl_L,10
US-PFk,SWE,0
US-PFk,SND,0
US-PFk,TdpI_H,2
US-PFk,TdpI_L,2
US-PFk,In_L,0
US-PFk,In_urb,0
US-PFk,In_Litter,0
US-PFk,SP_wc,0
US-PFk,In_SWE,0
US-PFk,ros,0
US-PFk,t_sls,0
US-PFk,e_sno,0.97
US-PFk,tau_sno,0
US-PFk,EK,0
US-PFk,WAT,0
US-PFk,ICE,0
US-PFk,IP_wc,0
US-PFk,ICE_D,0
US-PFk,FROCK,0
US-PFk,Ws_under,1
US-PFm,a_dis,NaN
US-PFm,pow_dis,NaN
US-PFm,fpr,1
US-PFm,SvF,1
US-PFm,SN,0
US-PFm,Slo_top,0
US-PFm,Ared,1
US-PFm,aR,1
US-PFm,cellsize,1
US-PFm,Kbot,NaN
US-PFm,Krock,NaN
US-PFm,zatm,32
US-PFm,Cwat,0
US-PFm,Cbare,0
US-PFm,Psan_Zs,"[0.566, 0.566, 0.566, 0.566, 0.55, 0.55, 0.604, 0.604, 0.634, 0.634, 0.713, 0.713, 0.778, 0.778, 0.778, 0.774, 0.774, 0.774]"
US-PFm,Pcla_Zs,"[0.094, 0.094, 0.094, 0.094, 0.07, 0.07, 0.055, 0.055, 0.049, 0.049, 0.047, 0.047, 0.033, 0.033, 0.033, 0.024, 0.024, 0.024]"
US-PFm,Porg_Zs,"[0.0315, 0.0315, 0.0315, 0.0315, 0.012, 0.012, 0.008, 0.008, 0.004, 0.004, 0.002, 0.002, 0.001, 0.001, 0.001, 0.0005, 0.0005, 0.0005]"
US-PFm,Color_Class,0
US-PFm,SPAR,2
US-PFm,Kfc,0.2
US-PFm,Phy,10000
US-PFm,Oice,0
US-PFm,Zs,[0 10 20 50 100 150 200 300 400 500 600 700 800 1000 1250 1500 1750 2000 2030]
US-PFm,Zdes,10
US-PFm,Zinf,10
US-PFm,Zbio,250
US-PFm,In_max_urb,5
US-PFm,In_max_rock,0.1
US-PFm,TminS,-0.8
US-PFm,TmaxS,2.8
US-PFm,ros_max1,550
US-PFm,ros_max2,260
US-PFm,Th_Pr_sno,10.0
US-PFm,Ice_wc_sp,0.01
US-PFm,ros_Ice_thr,500
US-PFm,Aice,0.35
US-PFm,WatFreez_Th,-8
US-PFm,dz_ice,0.54
US-PFm,ExEM,1.0
US-PFm,CASE_ROOT,1
US-PFm,ZR95_H,[1100]
US-PFm,ZR95_L,[0]
US-PFm,ZR50_H,NaN
US-PFm,ZR50_L,NaN
US-PFm,ZRmax_H,NaN
US-PFm,ZRmax_L,NaN
US-PFm,Kct,0.75
US-PFm,gcI,3.7
US-PFm,KcI,0.06
US-PFm,Sp_SN_In,5.9
US-PFm,Sp_LAI_L_In,[0.2]
US-PFm,Sp_LAI_H_In,[0.1]
US-PFm,d_leaf_H,[7]
US-PFm,d_leaf_L,[0.8]
US-PFm,KnitH,[0.4]
US-PFm,KnitL,0.0
US-PFm,mSl_H,0.0
US-PFm,mSl_L,0.0
US-PFm,FI_H,[0.081]
US-PFm,Do_H,[600]
US-PFm,a1_H,[6]
US-PFm,go_H,[0.01]
US-PFm,CT_H,[3]
US-PFm,DSE_H,[0.649]
US-PFm,Ha_H,[72]
US-PFm,gmes_H,[Inf]
US-PFm,rjv_H,[2.1]
US-PFm,FI_L,[0.081]
US-PFm,Do_L,[2000]
US-PFm,a1_L,[7]
US-PFm,go_L,[0.01]
US-PFm,CT_L,[3]
US-PFm,DSE_L,[0.660]
US-PFm,Ha_L,[48]
US-PFm,gmes_L,[Inf]
US-PFm,rjv_L,[2.6]
US-PFm,Psi_sto_00_H,[-0.7]
US-PFm,Psi_sto_50_H,[-2.5]
US-PFm,PsiL00_H,[0.4]
US-PFm,PsiL50_H,[-6.5]
US-PFm,Kleaf_max_H,10
US-PFm,Cl_H,1200
US-PFm,Axyl_H,15.0
US-PFm,Kx_max_H,80000
US-PFm,PsiX50_H,[-9]
US-PFm,Cx_H,150
US-PFm,Psi_sto_00_L,-0.8
US-PFm,Psi_sto_50_L,-3.0
US-PFm,PsiL00_L,-1.1
US-PFm,PsiL50_L,-4.0
US-PFm,Kleaf_max_L,5
US-PFm,Cl_L,1200
US-PFm,Axyl_L,0.0
US-PFm,Kx_max_L,80000
US-PFm,PsiX50_L,-4.5
US-PFm,Cx_L,150
US-PFm,PsiG50_H,[-0.7]
US-PFm,PsiG99_H,[-6.5]
US-PFm,gcoef_H,3.5
US-PFm,PsiG50_L,-1.45
US-PFm,PsiG99_L,-4.0
US-PFm,gcoef_L,3.5
US-PFm,OM_H,1
US-PFm,OM_L,1
US-PFm,Sllit,2
US-PFm,Sl_H,[0.0192474]
US-PFm,Nl_H,[35]
US-PFm,r_H,[0.02]
US-PFm,gR_H,[0.22]
US-PFm,aSE_H,[1]
US-PFm,dd_max_H,[1/365]
US-PFm,dc_C_H,[0.0274]
US-PFm,Tcold_H,[5]
US-PFm,drn_H,[0.0020]
US-PFm,dsn_H,[0.0027]
US-PFm,age_cr_H,[110]
US-PFm,Bfac_lo_H,[0.9]
US-PFm,Bfac_ls_H,[NaN]
US-PFm,Tlo_H,[4.0]
US-PFm,PAR_th_H,[NaN]
US-PFm,dmg_H,[30]
US-PFm,LAI_min_H,[0.001]
US-PFm,Trr_H,[3.0]
US-PFm,mjDay_H,[230]
US-PFm,LDay_min_H,[11.5]
US-PFm,LtR_H,[1.5]
US-PFm,Mf_H,[0.0125]
US-PFm,Wm_H,[0]
US-PFm,eps_ac_H,[0.3]
US-PFm,LDay_cr_H,[12.0]
US-PFm,Klf_H,[0.025]
US-PFm,fab_H,[0.74]
US-PFm,fbe_H,[0.26]
US-PFm,ff_r_H,[0.1]
US-PFm,Sl_L,[0.028]
US-PFm,Nl_L,[23]
US-PFm,r_L,[0.055]
US-PFm,gR_L,[0.25]
US-PFm,aSE_L,[2]
US-PFm,dd_max_L,[1/360]
US-PFm,dc_C_L,[7/365]
US-PFm,Tcold_L,[0.0]
US-PFm,drn_L,[1/570]
US-PFm,dsn_L,[ 1/365]
US-PFm,age_cr_L,[180]
US-PFm,Bfac_lo_L,[0.99]
US-PFm,Bfac_ls_L,[NaN]
US-PFm,Tlo_L,[6.0]
US-PFm,Tls_L,[NaN]
US-PFm,PAR_th_L,[NaN]
US-PFm,dmg_L,[25]
US-PFm,LAI_min_L,[0.1]
US-PFm,Trr_L,[4.0]
US-PFm,mjDay_L,[220]
US-PFm,LDay_min_L,[NaN]
US-PFm,LtR_L,[0.8]
US-PFm,Mf_L,[NaN]
US-PFm,Wm_L,[NaN]
US-PFm,eps_ac_L,[0.5]
US-PFm,LDay_cr_L,[11.5]
US-PFm,Klf_L,[NaN]
US-PFm,fab_L,NaN
US-PFm,fbe_L,NaN
US-PFm,ff_r_L,[NaN]
US-PFm,Vmax_H,[50]
US-PFm,Vmax_L,[0]
US-PFm,LAI_H,[0.0]
US-PFm,B_H,[0 327 262 350 0 0 0 0]
US-PFm,Rrootl_H,[4200]
US-PFm,PHE_S_H,[1]
US-PFm,dflo_H,[0]
US-PFm,AgeL_H,[0]
US-PFm,e_rel_H,[1]
US-PFm,hc_H,[17]
US-PFm,SAI_H,[0.1]
US-PFm,LAI_L,[0.0]
US-PFm,B_L,[0 0 0 0 0 0 0 0]
US-PFm,Rrootl_L,[0]
US-PFm,PHE_S_L,[1]
US-PFm,dflo_L,[0]
US-PFm,AgeL_L,[0]
US-PFm,e_rel_L,[1]
US-PFm,hc_L,[0.0]
US-PFm,SAI_L,[0.0]
US-PFm,BLit,0.0
US-PFm,Nreserve_H,[1000]
US-PFm,Preserve_H,[100]
US-PFm,Kreserve_H,[1000]
US-PFm,FNC_H,1
US-PFm,NupI_H,[0 0 0]
US-PFm,Nreserve_L,[1]
US-PFm,Preserve_L,[1]
US-PFm,Kreserve_L,[1]
US-PFm,FNC_L,1
US-PFm,NupI_L,[0 0 0]
US-PFm,RexmyI,[0 0 0]
US-PFm,TBio_L,0
US-PFm,TBio_H,300
US-PFm,Vx_H,10
US-PFm,Vl_H,10
US-PFm,Vx_L,10
US-PFm,Vl_L,10
US-PFm,SWE,0
US-PFm,SND,0
US-PFm,TdpI_H,2
US-PFm,TdpI_L,2
US-PFm,In_L,0
US-PFm,In_urb,0
US-PFm,In_Litter,0
US-PFm,SP_wc,0
US-PFm,In_SWE,0
US-PFm,ros,0
US-PFm,t_sls,0
US-PFm,e_sno,0.97
US-PFm,tau_sno,0
US-PFm,EK,0
US-PFm,WAT,0
US-PFm,ICE,0
US-PFm,IP_wc,0
US-PFm,ICE_D,0
US-PFm,FROCK,0
US-PFm,Ws_under,1
US-PFn,a_dis,NaN
US-PFn,pow_dis,NaN
US-PFn,fpr,1
US-PFn,SvF,1
US-PFn,SN,0
US-PFn,Slo_top,0
US-PFn,Ared,1
US-PFn,aR,1
US-PFn,cellsize,1
US-PFn,Kbot,NaN
US-PFn,Krock,NaN
US-PFn,zatm,32
US-PFn,Cwat,0
US-PFn,Cbare,0
US-PFn,Psan_Zs,"[0.566, 0.566, 0.566, 0.566, 0.55, 0.55, 0.604, 0.604, 0.634, 0.634, 0.713, 0.713, 0.778, 0.778, 0.778, 0.774, 0.774, 0.774]"
US-PFn,Pcla_Zs,"[0.094, 0.094, 0.094, 0.094, 0.07, 0.07, 0.055, 0.055, 0.049, 0.049, 0.047, 0.047, 0.033, 0.033, 0.033, 0.024, 0.024, 0.024]"
US-PFn,Porg_Zs,"[0.0315, 0.0315, 0.0315, 0.0315, 0.012, 0.012, 0.008, 0.008, 0.004, 0.004, 0.002, 0.002, 0.001, 0.001, 0.001, 0.0005, 0.0005, 0.0005]"
US-PFn,Color_Class,0
US-PFn,SPAR,2
US-PFn,Kfc,0.2
US-PFn,Phy,10000
US-PFn,Oice,0
US-PFn,Zs,[0 10 20 50 100 150 200 300 400 500 600 700 800 1000 1250 1500 1750 2000 2030]
US-PFn,Zdes,10
US-PFn,Zinf,10
US-PFn,Zbio,250
US-PFn,In_max_urb,5
US-PFn,In_max_rock,0.1
US-PFn,TminS,-0.8
US-PFn,TmaxS,2.8
US-PFn,ros_max1,550
US-PFn,ros_max2,260
US-PFn,Th_Pr_sno,10.0
US-PFn,Ice_wc_sp,0.01
US-PFn,ros_Ice_thr,500
US-PFn,Aice,0.35
US-PFn,WatFreez_Th,-8
US-PFn,dz_ice,0.54
US-PFn,ExEM,1.0
US-PFn,CASE_ROOT,1
US-PFn,ZR95_H,[1100]
US-PFn,ZR95_L,[0]
US-PFn,ZR50_H,NaN
US-PFn,ZR50_L,NaN
US-PFn,ZRmax_H,NaN
US-PFn,ZRmax_L,NaN
US-PFn,Kct,0.75
US-PFn,gcI,3.7
US-PFn,KcI,0.06
US-PFn,Sp_SN_In,5.9
US-PFn,Sp_LAI_L_In,[0.2]
US-PFn,Sp_LAI_H_In,[0.1]
US-PFn,d_leaf_H,[7]
US-PFn,d_leaf_L,[0.8]
US-PFn,KnitH,[0.4]
US-PFn,KnitL,0.0
US-PFn,mSl_H,0.0
US-PFn,mSl_L,0.0
US-PFn,FI_H,[0.081]
US-PFn,Do_H,[600]
US-PFn,a1_H,[6]
US-PFn,go_H,[0.01]
US-PFn,CT_H,[3]
US-PFn,DSE_H,[0.649]
US-PFn,Ha_H,[72]
US-PFn,gmes_H,[Inf]
US-PFn,rjv_H,[2.1]
US-PFn,FI_L,[0.081]
US-PFn,Do_L,[2000]
US-PFn,a1_L,[7]
US-PFn,go_L,[0.01]
US-PFn,CT_L,[3]
US-PFn,DSE_L,[0.660]
US-PFn,Ha_L,[48]
US-PFn,gmes_L,[Inf]
US-PFn,rjv_L,[2.6]
US-PFn,Psi_sto_00_H,[-0.7]
US-PFn,Psi_sto_50_H,[-2.5]
US-PFn,PsiL00_H,[0.4]
US-PFn,PsiL50_H,[-6.5]
US-PFn,Kleaf_max_H,10
US-PFn,Cl_H,1200
US-PFn,Axyl_H,15.0
US-PFn,Kx_max_H,80000
US-PFn,PsiX50_H,[-9]
US-PFn,Cx_H,150
US-PFn,Psi_sto_00_L,-0.8
US-PFn,Psi_sto_50_L,-3.0
US-PFn,PsiL00_L,-1.1
US-PFn,PsiL50_L,-4.0
US-PFn,Kleaf_max_L,5
US-PFn,Cl_L,1200
US-PFn,Axyl_L,0.0
US-PFn,Kx_max_L,80000
US-PFn,PsiX50_L,-4.5
US-PFn,Cx_L,150
US-PFn,PsiG50_H,[-0.7]
US-PFn,PsiG99_H,[-6.5]
US-PFn,gcoef_H,3.5
US-PFn,PsiG50_L,-1.45
US-PFn,PsiG99_L,-4.0
US-PFn,gcoef_L,3.5
US-PFn,OM_H,1
US-PFn,OM_L,1
US-PFn,Sllit,2
US-PFn,Sl_H,[0.0207653]
US-PFn,Nl_H,[35]
US-PFn,r_H,[0.02]
US-PFn,gR_H,[0.22]
US-PFn,aSE_H,[1]
US-PFn,dd_max_H,[1/365]
US-PFn,dc_C_H,[0.0274]
US-PFn,Tcold_H,[5]
US-PFn,drn_H,[0.0020]
US-PFn,dsn_H,[0.0027]
US-PFn,age_cr_H,[110]
US-PFn,Bfac_lo_H,[0.9]
US-PFn,Bfac_ls_H,[NaN]
US-PFn,Tlo_H,[4.0]
US-PFn,PAR_th_H,[NaN]
US-PFn,dmg_H,[30]
US-PFn,LAI_min_H,[0.001]
US-PFn,Trr_H,[3.0]
US-PFn,mjDay_H,[230]
US-PFn,LDay_min_H,[11.5]
US-PFn,LtR_H,[1.5]
US-PFn,Mf_H,[0.0125]
US-PFn,Wm_H,[0]
US-PFn,eps_ac_H,[0.3]
US-PFn,LDay_cr_H,[12.0]
US-PFn,Klf_H,[0.025]
US-PFn,fab_H,[0.74]
US-PFn,fbe_H,[0.26]
US-PFn,ff_r_H,[0.1]
US-PFn,Sl_L,[0.028]
US-PFn,Nl_L,[23]
US-PFn,r_L,[0.055]
US-PFn,gR_L,[0.25]
US-PFn,aSE_L,[2]
US-PFn,dd_max_L,[1/360]
US-PFn,dc_C_L,[7/365]
US-PFn,Tcold_L,[0.0]
US-PFn,drn_L,[1/570]
US-PFn,dsn_L,[ 1/365]
US-PFn,age_cr_L,[180]
US-PFn,Bfac_lo_L,[0.99]
US-PFn,Bfac_ls_L,[NaN]
US-PFn,Tlo_L,[6.0]
US-PFn,Tls_L,[NaN]
US-PFn,PAR_th_L,[NaN]
US-PFn,dmg_L,[25]
US-PFn,LAI_min_L,[0.1]
US-PFn,Trr_L,[4.0]
US-PFn,mjDay_L,[220]
US-PFn,LDay_min_L,[NaN]
US-PFn,LtR_L,[0.8]
US-PFn,Mf_L,[NaN]
US-PFn,Wm_L,[NaN]
US-PFn,eps_ac_L,[0.5]
US-PFn,LDay_cr_L,[11.5]
US-PFn,Klf_L,[NaN]
US-PFn,fab_L,NaN
US-PFn,fbe_L,NaN
US-PFn,ff_r_L,[NaN]
US-PFn,Vmax_H,[50]
US-PFn,Vmax_L,[0]
US-PFn,LAI_H,[0.0]
US-PFn,B_H,[0 327 262 350 0 0 0 0]
US-PFn,Rrootl_H,[4200]
US-PFn,PHE_S_H,[1]
US-PFn,dflo_H,[0]
US-PFn,AgeL_H,[0]
US-PFn,e_rel_H,[1]
US-PFn,hc_H,[17]
US-PFn,SAI_H,[0.1]
US-PFn,LAI_L,[0.0]
US-PFn,B_L,[0 0 0 0 0 0 0 0]
US-PFn,Rrootl_L,[0]
US-PFn,PHE_S_L,[1]
US-PFn,dflo_L,[0]
US-PFn,AgeL_L,[0]
US-PFn,e_rel_L,[1]
US-PFn,hc_L,[0.0]
US-PFn,SAI_L,[0.0]
US-PFn,BLit,0.0
US-PFn,Nreserve_H,[1000]
US-PFn,Preserve_H,[100]
US-PFn,Kreserve_H,[1000]
US-PFn,FNC_H,1
US-PFn,NupI_H,[0 0 0]
US-PFn,Nreserve_L,[1]
US-PFn,Preserve_L,[1]
US-PFn,Kreserve_L,[1]
US-PFn,FNC_L,1
US-PFn,NupI_L,[0 0 0]
US-PFn,RexmyI,[0 0 0]
US-PFn,TBio_L,0
US-PFn,TBio_H,300
US-PFn,Vx_H,10
US-PFn,Vl_H,10
US-PFn,Vx_L,10
US-PFn,Vl_L,10
US-PFn,SWE,0
US-PFn,SND,0
US-PFn,TdpI_H,2
US-PFn,TdpI_L,2
US-PFn,In_L,0
US-PFn,In_urb,0
US-PFn,In_Litter,0
US-PFn,SP_wc,0
US-PFn,In_SWE,0
US-PFn,ros,0
US-PFn,t_sls,0
US-PFn,e_sno,0.97
US-PFn,tau_sno,0
US-PFn,EK,0
US-PFn,WAT,0
US-PFn,ICE,0
US-PFn,IP_wc,0
US-PFn,ICE_D,0
US-PFn,FROCK,0
US-PFn,Ws_under,1
US-PFp,a_dis,NaN
US-PFp,pow_dis,NaN
US-PFp,fpr,1
US-PFp,SvF,1
US-PFp,SN,0
US-PFp,Slo_top,0
US-PFp,Ared,1
US-PFp,aR,1
US-PFp,cellsize,1
US-PFp,Kbot,NaN
US-PFp,Krock,NaN
US-PFp,zatm,33
US-PFp,Cwat,0
US-PFp,Cbare,0
US-PFp,Psan_Zs,"[0.305, 0.305, 0.305, 0.305, 0.305, 0.305, 0.305, 0.45, 0.45, 0.45, 0.9, 0.9, 0.9, 0.9, 0.9]"
US-PFp,Pcla_Zs,"[0.135, 0.135, 0.135, 0.135, 0.135, 0.135, 0.135, 0.12, 0.12, 0.12, 0.02, 0.02, 0.02, 0.02, 0.02]"
US-PFp,Porg_Zs,"[0.01, 0.01, 0.01, 0.01, 0.01, 0.01, 0.01, 0.0025, 0.0025, 0.0025, 0.0025, 0.0025, 0.0025, 0.0025, 0.0025]"
US-PFp,Color_Class,0
US-PFp,SPAR,2
US-PFp,Kfc,0.2
US-PFp,Phy,10000
US-PFp,Oice,0
US-PFp,Zs,[0 10 20 50 100 150 200 300 400 500 600 700 800 1000 1250 1420]
US-PFp,Zdes,10
US-PFp,Zinf,10
US-PFp,Zbio,250
US-PFp,In_max_urb,5
US-PFp,In_max_rock,0.1
US-PFp,TminS,-0.8
US-PFp,TmaxS,2.8
US-PFp,ros_max1,550
US-PFp,ros_max2,260
US-PFp,Th_Pr_sno,10.0
US-PFp,Ice_wc_sp,0.01
US-PFp,ros_Ice_thr,500
US-PFp,Aice,0.35
US-PFp,WatFreez_Th,-8
US-PFp,dz_ice,0.54
US-PFp,ExEM,1.0
US-PFp,CASE_ROOT,1
US-PFp,ZR95_H,[1100]
US-PFp,ZR95_L,[0]
US-PFp,ZR50_H,NaN
US-PFp,ZR50_L,NaN
US-PFp,ZRmax_H,NaN
US-PFp,ZRmax_L,NaN
US-PFp,Kct,0.75
US-PFp,gcI,3.7
US-PFp,KcI,0.06
US-PFp,Sp_SN_In,5.9
US-PFp,Sp_LAI_L_In,[0.2]
US-PFp,Sp_LAI_H_In,[0.1]
US-PFp,d_leaf_H,[7]
US-PFp,d_leaf_L,[0.8]
US-PFp,KnitH,[0.4]
US-PFp,KnitL,0.0
US-PFp,mSl_H,0.0
US-PFp,mSl_L,0.0
US-PFp,FI_H,[0.081]
US-PFp,Do_H,[600]
US-PFp,a1_H,[6]
US-PFp,go_H,[0.01]
US-PFp,CT_H,[3]
US-PFp,DSE_H,[0.649]
US-PFp,Ha_H,[72]
US-PFp,gmes_H,[Inf]
US-PFp,rjv_H,[2.1]
US-PFp,FI_L,[0.081]
US-PFp,Do_L,[2000]
US-PFp,a1_L,[7]
US-PFp,go_L,[0.01]
US-PFp,CT_L,[3]
US-PFp,DSE_L,[0.660]
US-PFp,Ha_L,[48]
US-PFp,gmes_L,[Inf]
US-PFp,rjv_L,[2.6]
US-PFp,Psi_sto_00_H,[-0.7]
US-PFp,Psi_sto_50_H,[-2.5]
US-PFp,PsiL00_H,[0.4]
US-PFp,PsiL50_H,[-6.5]
US-PFp,Kleaf_max_H,10
US-PFp,Cl_H,1200
US-PFp,Axyl_H,15.0
US-PFp,Kx_max_H,80000
US-PFp,PsiX50_H,[-9]
US-PFp,Cx_H,150
US-PFp,Psi_sto_00_L,-0.8
US-PFp,Psi_sto_50_L,-3.0
US-PFp,PsiL00_L,-1.1
US-PFp,PsiL50_L,-4.0
US-PFp,Kleaf_max_L,5
US-PFp,Cl_L,1200
US-PFp,Axyl_L,0.0
US-PFp,Kx_max_L,80000
US-PFp,PsiX50_L,-4.5
US-PFp,Cx_L,150
US-PFp,PsiG50_H,[-0.7]
US-PFp,PsiG99_H,[-6.5]
US-PFp,gcoef_H,3.5
US-PFp,PsiG50_L,-1.45
US-PFp,PsiG99_L,-4.0
US-PFp,gcoef_L,3.5
US-PFp,OM_H,1
US-PFp,OM_L,1
US-PFp,Sllit,2
US-PFp,Sl_H,[0.0192474]
US-PFp,Nl_H,[35]
US-PFp,r_H,[0.02]
US-PFp,gR_H,[0.22]
US-PFp,aSE_H,[1]
US-PFp,dd_max_H,[1/365]
US-PFp,dc_C_H,[0.0274]
US-PFp,Tcold_H,[5]
US-PFp,drn_H,[0.0020]
US-PFp,dsn_H,[0.0027]
US-PFp,age_cr_H,[110]
US-PFp,Bfac_lo_H,[0.9]
US-PFp,Bfac_ls_H,[NaN]
US-PFp,Tlo_H,[4.0]
US-PFp,PAR_th_H,[NaN]
US-PFp,dmg_H,[30]
US-PFp,LAI_min_H,[0.001]
US-PFp,Trr_H,[3.0]
US-PFp,mjDay_H,[230]
US-PFp,LDay_min_H,[11.5]
US-PFp,LtR_H,[1.5]
US-PFp,Mf_H,[0.0125]
US-PFp,Wm_H,[0]
US-PFp,eps_ac_H,[0.3]
US-PFp,LDay_cr_H,[12.0]
US-PFp,Klf_H,[0.025]
US-PFp,fab_H,[0.74]
US-PFp,fbe_H,[0.26]
US-PFp,ff_r_H,[0.1]
US-PFp,Sl_L,[0.028]
US-PFp,Nl_L,[23]
US-PFp,r_L,[0.055]
US-PFp,gR_L,[0.25]
US-PFp,aSE_L,[2]
US-PFp,dd_max_L,[1/360]
US-PFp,dc_C_L,[7/365]
US-PFp,Tcold_L,[0.0]
US-PFp,drn_L,[1/570]
US-PFp,dsn_L,[ 1/365]
US-PFp,age_cr_L,[180]
US-PFp,Bfac_lo_L,[0.99]
US-PFp,Bfac_ls_L,[NaN]
US-PFp,Tlo_L,[6.0]
US-PFp,Tls_L,[NaN]
US-PFp,PAR_th_L,[NaN]
US-PFp,dmg_L,[25]
US-PFp,LAI_min_L,[0.1]
US-PFp,Trr_L,[4.0]
US-PFp,mjDay_L,[220]
US-PFp,LDay_min_L,[NaN]
US-PFp,LtR_L,[0.8]
US-PFp,Mf_L,[NaN]
US-PFp,Wm_L,[NaN]
US-PFp,eps_ac_L,[0.5]
US-PFp,LDay_cr_L,[11.5]
US-PFp,Klf_L,[NaN]
US-PFp,fab_L,NaN
US-PFp,fbe_L,NaN
US-PFp,ff_r_L,[NaN]
US-PFp,Vmax_H,[50]
US-PFp,Vmax_L,[0]
US-PFp,LAI_H,[0.0]
US-PFp,B_H,[0 327 262 350 0 0 0 0]
US-PFp,Rrootl_H,[4200]
US-PFp,PHE_S_H,[1]
US-PFp,dflo_H,[0]
US-PFp,AgeL_H,[0]
US-PFp,e_rel_H,[1]
US-PFp,hc_H,[18]
US-PFp,SAI_H,[0.1]
US-PFp,LAI_L,[0.0]
US-PFp,B_L,[0 0 0 0 0 0 0 0]
US-PFp,Rrootl_L,[0]
US-PFp,PHE_S_L,[1]
US-PFp,dflo_L,[0]
US-PFp,AgeL_L,[0]
US-PFp,e_rel_L,[1]
US-PFp,hc_L,[0.0]
US-PFp,SAI_L,[0.0]
US-PFp,BLit,0.0
US-PFp,Nreserve_H,[1000]
US-PFp,Preserve_H,[100]
US-PFp,Kreserve_H,[1000]
US-PFp,FNC_H,1
US-PFp,NupI_H,[0 0 0]
US-PFp,Nreserve_L,[1]
US-PFp,Preserve_L,[1]
US-PFp,Kreserve_L,[1]
US-PFp,FNC_L,1
US-PFp,NupI_L,[0 0 0]
US-PFp,RexmyI,[0 0 0]
US-PFp,TBio_L,0
US-PFp,TBio_H,300
US-PFp,Vx_H,10
US-PFp,Vl_H,10
US-PFp,Vx_L,10
US-PFp,Vl_L,10
US-PFp,SWE,0
US-PFp,SND,0
US-PFp,TdpI_H,2
US-PFp,TdpI_L,2
US-PFp,In_L,0
US-PFp,In_urb,0
US-PFp,In_Litter,0
US-PFp,SP_wc,0
US-PFp,In_SWE,0
US-PFp,ros,0
US-PFp,t_sls,0
US-PFp,e_sno,0.97
US-PFp,tau_sno,0
US-PFp,EK,0
US-PFp,WAT,0
US-PFp,ICE,0
US-PFp,IP_wc,0
US-PFp,ICE_D,0
US-PFp,FROCK,0
US-PFp,Ws_under,1
US-PFq,a_dis,NaN
US-PFq,pow_dis,NaN
US-PFq,fpr,1
US-PFq,SvF,1
US-PFq,SN,0
US-PFq,Slo_top,0
US-PFq,Ared,1
US-PFq,aR,1
US-PFq,cellsize,1
US-PFq,Kbot,NaN
US-PFq,Krock,NaN
US-PFq,zatm,33
US-PFq,Cwat,0
US-PFq,Cbare,0
US-PFq,Psan_Zs,"[0.679, 0.679, 0.679, 0.669, 0.669, 0.669, 0.669, 0.669, 0.849, 0.849, 0.849, 0.897, 0.897, 0.833, 0.833, 0.833, 0.833, 0.849]"
US-PFq,Pcla_Zs,"[0.125, 0.125, 0.125, 0.1, 0.1, 0.1, 0.1, 0.1, 0.06, 0.06, 0.06, 0.085, 0.085, 0.125, 0.125, 0.125, 0.125, 0.06]"
US-PFq,Porg_Zs,"[0.015, 0.015, 0.015, 0.0075, 0.0025, 0.0025, 0.0025, 0.0025, 0.0025, 0.0025, 0.0025, 0.0025, 0.0025, 0.0025, 0.0025, 0.0025, 0.0025, 0.0025]"
US-PFq,Color_Class,0
US-PFq,SPAR,2
US-PFq,Kfc,0.2
US-PFq,Phy,10000
US-PFq,Oice,0
US-PFq,Zs,[0 10 20 50 100 150 200 300 400 500 600 700 800 1000 1250 1500 1750 2000 2030]
US-PFq,Zdes,10
US-PFq,Zinf,10
US-PFq,Zbio,250
US-PFq,In_max_urb,5
US-PFq,In_max_rock,0.1
US-PFq,TminS,-0.8
US-PFq,TmaxS,2.8
US-PFq,ros_max1,550
US-PFq,ros_max2,260
US-PFq,Th_Pr_sno,10.0
US-PFq,Ice_wc_sp,0.01
US-PFq,ros_Ice_thr,500
US-PFq,Aice,0.35
US-PFq,WatFreez_Th,-8
US-PFq,dz_ice,0.54
US-PFq,ExEM,1.0
US-PFq,CASE_ROOT,1
US-PFq,ZR95_H,[1100]
US-PFq,ZR95_L,[0]
US-PFq,ZR50_H,NaN
US-PFq,ZR50_L,NaN
US-PFq,ZRmax_H,NaN
US-PFq,ZRmax_L,NaN
US-PFq,Kct,0.75
US-PFq,gcI,3.7
US-PFq,KcI,0.06
US-PFq,Sp_SN_In,5.9
US-PFq,Sp_LAI_L_In,[0.2]
US-PFq,Sp_LAI_H_In,[0.1]
US-PFq,d_leaf_H,[7]
US-PFq,d_leaf_L,[0.8]
US-PFq,KnitH,[0.4]
US-PFq,KnitL,0.0
US-PFq,mSl_H,0.0
US-PFq,mSl_L,0.0
US-PFq,FI_H,[0.081]
US-PFq,Do_H,[600]
US-PFq,a1_H,[6]
US-PFq,go_H,[0.01]
US-PFq,CT_H,[3]
US-PFq,DSE_H,[0.649]
US-PFq,Ha_H,[72]
US-PFq,gmes_H,[Inf]
US-PFq,rjv_H,[2.1]
US-PFq,FI_L,[0.081]
US-PFq,Do_L,[2000]
US-PFq,a1_L,[7]
US-PFq,go_L,[0.01]
US-PFq,CT_L,[3]
US-PFq,DSE_L,[0.660]
US-PFq,Ha_L,[48]
US-PFq,gmes_L,[Inf]
US-PFq,rjv_L,[2.6]
US-PFq,Psi_sto_00_H,[-0.7]
US-PFq,Psi_sto_50_H,[-2.5]
US-PFq,PsiL00_H,[0.4]
US-PFq,PsiL50_H,[-6.5]
US-PFq,Kleaf_max_H,10
US-PFq,Cl_H,1200
US-PFq,Axyl_H,15.0
US-PFq,Kx_max_H,80000
US-PFq,PsiX50_H,[-9]
US-PFq,Cx_H,150
US-PFq,Psi_sto_00_L,-0.8
US-PFq,Psi_sto_50_L,-3.0
US-PFq,PsiL00_L,-1.1
US-PFq,PsiL50_L,-4.0
US-PFq,Kleaf_max_L,5
US-PFq,Cl_L,1200
US-PFq,Axyl_L,0.0
US-PFq,Kx_max_L,80000
US-PFq,PsiX50_L,-4.5
US-PFq,Cx_L,150
US-PFq,PsiG50_H,[-0.7]
US-PFq,PsiG99_H,[-6.5]
US-PFq,gcoef_H,3.5
US-PFq,PsiG50_L,-1.45
US-PFq,PsiG99_L,-4.0
US-PFq,gcoef_L,3.5
US-PFq,OM_H,1
US-PFq,OM_L,1
US-PFq,Sllit,2
US-PFq,Sl_H,[0.0192474]
US-PFq,Nl_H,[35]
US-PFq,r_H,[0.02]
US-PFq,gR_H,[0.22]
US-PFq,aSE_H,[1]
US-PFq,dd_max_H,[1/365]
US-PFq,dc_C_H,[0.0274]
US-PFq,Tcold_H,[5]
US-PFq,drn_H,[0.0020]
US-PFq,dsn_H,[0.0027]
US-PFq,age_cr_H,[110]
US-PFq,Bfac_lo_H,[0.9]
US-PFq,Bfac_ls_H,[NaN]
US-PFq,Tlo_H,[4.0]
US-PFq,PAR_th_H,[NaN]
US-PFq,dmg_H,[30]
US-PFq,LAI_min_H,[0.001]
US-PFq,Trr_H,[3.0]
US-PFq,mjDay_H,[230]
US-PFq,LDay_min_H,[11.5]
US-PFq,LtR_H,[1.5]
US-PFq,Mf_H,[0.0125]
US-PFq,Wm_H,[0]
US-PFq,eps_ac_H,[0.3]
US-PFq,LDay_cr_H,[12.0]
US-PFq,Klf_H,[0.025]
US-PFq,fab_H,[0.74]
US-PFq,fbe_H,[0.26]
US-PFq,ff_r_H,[0.1]
US-PFq,Sl_L,[0.028]
US-PFq,Nl_L,[23]
US-PFq,r_L,[0.055]
US-PFq,gR_L,[0.25]
US-PFq,aSE_L,[2]
US-PFq,dd_max_L,[1/360]
US-PFq,dc_C_L,[7/365]
US-PFq,Tcold_L,[0.0]
US-PFq,drn_L,[1/570]
US-PFq,dsn_L,[ 1/365]
US-PFq,age_cr_L,[180]
US-PFq,Bfac_lo_L,[0.99]
US-PFq,Bfac_ls_L,[NaN]
US-PFq,Tlo_L,[6.0]
US-PFq,Tls_L,[NaN]
US-PFq,PAR_th_L,[NaN]
US-PFq,dmg_L,[25]
US-PFq,LAI_min_L,[0.1]
US-PFq,Trr_L,[4.0]
US-PFq,mjDay_L,[220]
US-PFq,LDay_min_L,[NaN]
US-PFq,LtR_L,[0.8]
US-PFq,Mf_L,[NaN]
US-PFq,Wm_L,[NaN]
US-PFq,eps_ac_L,[0.5]
US-PFq,LDay_cr_L,[11.5]
US-PFq,Klf_L,[NaN]
US-PFq,fab_L,NaN
US-PFq,fbe_L,NaN
US-PFq,ff_r_L,[NaN]
US-PFq,Vmax_H,[50]
US-PFq,Vmax_L,[0]
US-PFq,LAI_H,[0.0]
US-PFq,B_H,[0 327 262 350 0 0 0 0]
US-PFq,Rrootl_H,[4200]
US-PFq,PHE_S_H,[1]
US-PFq,dflo_H,[0]
US-PFq,AgeL_H,[0]
US-PFq,e_rel_H,[1]
US-PFq,hc_H,[17]
US-PFq,SAI_H,[0.1]
US-PFq,LAI_L,[0.0]
US-PFq,B_L,[0 0 0 0 0 0 0 0]
US-PFq,Rrootl_L,[0]
US-PFq,PHE_S_L,[1]
US-PFq,dflo_L,[0]
US-PFq,AgeL_L,[0]
US-PFq,e_rel_L,[1]
US-PFq,hc_L,[0.0]
US-PFq,SAI_L,[0.0]
US-PFq,BLit,0.0
US-PFq,Nreserve_H,[1000]
US-PFq,Preserve_H,[100]
US-PFq,Kreserve_H,[1000]
US-PFq,FNC_H,1
US-PFq,NupI_H,[0 0 0]
US-PFq,Nreserve_L,[1]
US-PFq,Preserve_L,[1]
US-PFq,Kreserve_L,[1]
US-PFq,FNC_L,1
US-PFq,NupI_L,[0 0 0]
US-PFq,RexmyI,[0 0 0]
US-PFq,TBio_L,0
US-PFq,TBio_H,300
US-PFq,Vx_H,10
US-PFq,Vl_H,10
US-PFq,Vx_L,10
US-PFq,Vl_L,10
US-PFq,SWE,0
US-PFq,SND,0
US-PFq,TdpI_H,2
US-PFq,TdpI_L,2
US-PFq,In_L,0
US-PFq,In_urb,0
US-PFq,In_Litter,0
US-PFq,SP_wc,0
US-PFq,In_SWE,0
US-PFq,ros,0
US-PFq,t_sls,0
US-PFq,e_sno,0.97
US-PFq,tau_sno,0
US-PFq,EK,0
US-PFq,WAT,0
US-PFq,ICE,0
US-PFq,IP_wc,0
US-PFq,ICE_D,0
US-PFq,FROCK,0
US-PFq,Ws_under,1
US-PFs,a_dis,NaN
US-PFs,pow_dis,NaN
US-PFs,fpr,1
US-PFs,SvF,1
US-PFs,SN,0
US-PFs,Slo_top,0
US-PFs,Ared,1
US-PFs,aR,1
US-PFs,cellsize,1
US-PFs,Kbot,NaN
US-PFs,Krock,NaN
US-PFs,zatm,11
US-PFs,Cwat,0
US-PFs,Cbare,0
US-PFs,Psan_Zs,"[0.849, 0.849, 0.849, 0.8, 0.8, 0.8, 0.94504, 0.94504, 0.946, 0.946, 0.9, 0.9, 0.9, 0.9, 0.9, 0.9]"
US-PFs,Pcla_Zs,"[0.06, 0.06, 0.06, 0.04, 0.04, 0.04, 0.03996, 0.03996, 0.04, 0.04, 0.02, 0.02, 0.02, 0.02, 0.02, 0.02]"
US-PFs,Porg_Zs,"[0.02, 0.02, 0.02, 0.0075, 0.015, 0.015, 0.015, 0.015, 0.0025, 0.0025, 0.0025, 0.0025, 0.0025, 0.0025, 0.0025, 0.0025]"
US-PFs,Color_Class,0
US-PFs,SPAR,2
US-PFs,Kfc,0.2
US-PFs,Phy,10000
US-PFs,Oice,0
US-PFs,Zs,[0 10 20 50 100 150 200 300 400 500 600 700 800 1000 1250 1500 1520]
US-PFs,Zdes,10
US-PFs,Zinf,10
US-PFs,Zbio,250
US-PFs,In_max_urb,5
US-PFs,In_max_rock,0.1
US-PFs,TminS,-0.8
US-PFs,TmaxS,2.8
US-PFs,ros_max1,550
US-PFs,ros_max2,260
US-PFs,Th_Pr_sno,10.0
US-PFs,Ice_wc_sp,0.01
US-PFs,ros_Ice_thr,500
US-PFs,Aice,0.35
US-PFs,WatFreez_Th,-8
US-PFs,dz_ice,0.54
US-PFs,ExEM,1.0
US-PFs,CASE_ROOT,1
US-PFs,ZR95_H,[1100]
US-PFs,ZR95_L,[0]
US-PFs,ZR50_H,NaN
US-PFs,ZR50_L,NaN
US-PFs,ZRmax_H,NaN
US-PFs,ZRmax_L,NaN
US-PFs,Kct,0.75
US-PFs,gcI,3.7
US-PFs,KcI,0.06
US-PFs,Sp_SN_In,5.9
US-PFs,Sp_LAI_L_In,[0.2]
US-PFs,Sp_LAI_H_In,[0.1]
US-PFs,d_leaf_H,[7]
US-PFs,d_leaf_L,[0.8]
US-PFs,KnitH,[0.4]
US-PFs,KnitL,0.0
US-PFs,mSl_H,0.0
US-PFs,mSl_L,0.0
US-PFs,FI_H,[0.081]
US-PFs,Do_H,[600]
US-PFs,a1_H,[6]
US-PFs,go_H,[0.01]
US-PFs,CT_H,[3]
US-PFs,DSE_H,[0.649]
US-PFs,Ha_H,[72]
US-PFs,gmes_H,[Inf]
US-PFs,rjv_H,[2.1]
US-PFs,FI_L,[0.081]
US-PFs,Do_L,[2000]
US-PFs,a1_L,[7]
US-PFs,go_L,[0.01]
US-PFs,CT_L,[3]
US-PFs,DSE_L,[0.660]
US-PFs,Ha_L,[48]
US-PFs,gmes_L,[Inf]
US-PFs,rjv_L,[2.6]
US-PFs,Psi_sto_00_H,[-0.7]
US-PFs,Psi_sto_50_H,[-2.5]
US-PFs,PsiL00_H,[0.4]
US-PFs,PsiL50_H,[-6.5]
US-PFs,Kleaf_max_H,10
US-PFs,Cl_H,1200
US-PFs,Axyl_H,15.0
US-PFs,Kx_max_H,80000
US-PFs,PsiX50_H,[-9]
US-PFs,Cx_H,150
US-PFs,Psi_sto_00_L,-0.8
US-PFs,Psi_sto_50_L,-3.0
US-PFs,PsiL00_L,-1.1
US-PFs,PsiL50_L,-4.0
US-PFs,Kleaf_max_L,5
US-PFs,Cl_L,1200
US-PFs,Axyl_L,0.0
US-PFs,Kx_max_L,80000
US-PFs,PsiX50_L,-4.5
US-PFs,Cx_L,150
US-PFs,PsiG50_H,[-0.7]
US-PFs,PsiG99_H,[-6.5]
US-PFs,gcoef_H,3.5
US-PFs,PsiG50_L,-1.45
US-PFs,PsiG99_L,-4.0
US-PFs,gcoef_L,3.5
US-PFs,OM_H,1
US-PFs,OM_L,1
US-PFs,Sllit,2
US-PFs,Sl_H,[0.0192474]
US-PFs,Nl_H,[35]
US-PFs,r_H,[0.02]
US-PFs,gR_H,[0.22]
US-PFs,aSE_H,[1]
US-PFs,dd_max_H,[1/365]
US-PFs,dc_C_H,[0.0274]
US-PFs,Tcold_H,[5]
US-PFs,drn_H,[0.0020]
US-PFs,dsn_H,[0.0027]
US-PFs,age_cr_H,[110]
US-PFs,Bfac_lo_H,[0.9]
US-PFs,Bfac_ls_H,[NaN]
US-PFs,Tlo_H,[4.0]
US-PFs,PAR_th_H,[NaN]
US-PFs,dmg_H,[30]
US-PFs,LAI_min_H,[0.001]
US-PFs,Trr_H,[3.0]
US-PFs,mjDay_H,[230]
US-PFs,LDay_min_H,[11.5]
US-PFs,LtR_H,[1.5]
US-PFs,Mf_H,[0.0125]
US-PFs,Wm_H,[0]
US-PFs,eps_ac_H,[0.3]
US-PFs,LDay_cr_H,[12.0]
US-PFs,Klf_H,[0.025]
US-PFs,fab_H,[0.74]
US-PFs,fbe_H,[0.26]
US-PFs,ff_r_H,[0.1]
US-PFs,Sl_L,[0.028]
US-PFs,Nl_L,[23]
US-PFs,r_L,[0.055]
US-PFs,gR_L,[0.25]
US-PFs,aSE_L,[2]
US-PFs,dd_max_L,[1/360]
US-PFs,dc_C_L,[7/365]
US-PFs,Tcold_L,[0.0]
US-PFs,drn_L,[1/570]
US-PFs,dsn_L,[ 1/365]
US-PFs,age_cr_L,[180]
US-PFs,Bfac_lo_L,[0.99]
US-PFs,Bfac_ls_L,[NaN]
US-PFs,Tlo_L,[6.0]
US-PFs,Tls_L,[NaN]
US-PFs,PAR_th_L,[NaN]
US-PFs,dmg_L,[25]
US-PFs,LAI_min_L,[0.1]
US-PFs,Trr_L,[4.0]
US-PFs,mjDay_L,[220]
US-PFs,LDay_min_L,[NaN]
US-PFs,LtR_L,[0.8]
US-PFs,Mf_L,[NaN]
US-PFs,Wm_L,[NaN]
US-PFs,eps_ac_L,[0.5]
US-PFs,LDay_cr_L,[11.5]
US-PFs,Klf_L,[NaN]
US-PFs,fab_L,NaN
US-PFs,fbe_L,NaN
US-PFs,ff_r_L,[NaN]
US-PFs,Vmax_H,[50]
US-PFs,Vmax_L,[0]
US-PFs,LAI_H,[0.0]
US-PFs,B_H,[0 327 262 350 0 0 0 0]
US-PFs,Rrootl_H,[4200]
US-PFs,PHE_S_H,[1]
US-PFs,dflo_H,[0]
US-PFs,AgeL_H,[0]
US-PFs,e_rel_H,[1]
US-PFs,hc_H,[10]
US-PFs,SAI_H,[0.1]
US-PFs,LAI_L,[0.0]
US-PFs,B_L,[0 0 0 0 0 0 0 0]
US-PFs,Rrootl_L,[0]
US-PFs,PHE_S_L,[1]
US-PFs,dflo_L,[0]
US-PFs,AgeL_L,[0]
US-PFs,e_rel_L,[1]
US-PFs,hc_L,[0.0]
US-PFs,SAI_L,[0.0]
US-PFs,BLit,0.0
US-PFs,Nreserve_H,[1000]
US-PFs,Preserve_H,[100]
US-PFs,Kreserve_H,[1000]
US-PFs,FNC_H,1
US-PFs,NupI_H,[0 0 0]
US-PFs,Nreserve_L,[1]
US-PFs,Preserve_L,[1]
US-PFs,Kreserve_L,[1]
US-PFs,FNC_L,1
US-PFs,NupI_L,[0 0 0]
US-PFs,RexmyI,[0 0 0]
US-PFs,TBio_L,0
US-PFs,TBio_H,300
US-PFs,Vx_H,10
US-PFs,Vl_H,10
US-PFs,Vx_L,10
US-PFs,Vl_L,10
US-PFs,SWE,0
US-PFs,SND,0
US-PFs,TdpI_H,2
US-PFs,TdpI_L,2
US-PFs,In_L,0
US-PFs,In_urb,0
US-PFs,In_Litter,0
US-PFs,SP_wc,0
US-PFs,In_SWE,0
US-PFs,ros,0
US-PFs,t_sls,0
US-PFs,e_sno,0.97
US-PFs,tau_sno,0
US-PFs,EK,0
US-PFs,WAT,0
US-PFs,ICE,0
US-PFs,IP_wc,0
US-PFs,ICE_D,0
US-PFs,FROCK,0
US-PFs,Ws_under,1
US-PFt,a_dis,NaN
US-PFt,pow_dis,NaN
US-PFt,fpr,1
US-PFt,SvF,1
US-PFt,SN,0
US-PFt,Slo_top,0
US-PFt,Ared,1
US-PFt,aR,1
US-PFt,cellsize,1
US-PFt,Kbot,NaN
US-PFt,Krock,NaN
US-PFt,zatm,30
US-PFt,Cwat,0
US-PFt,Cbare,0
US-PFt,Psan_Zs,"[0.849, 0.849, 0.849, 0.8, 0.8, 0.8, 0.94504, 0.94504, 0.946, 0.946, 0.9, 0.9, 0.9, 0.9, 0.9, 0.9]"
US-PFt,Pcla_Zs,"[0.06, 0.06, 0.06, 0.04, 0.04, 0.04, 0.03996, 0.03996, 0.04, 0.04, 0.02, 0.02, 0.02, 0.02, 0.02, 0.02]"
US-PFt,Porg_Zs,"[0.02, 0.02, 0.02, 0.0075, 0.015, 0.015, 0.015, 0.015, 0.0025, 0.0025, 0.0025, 0.0025, 0.0025, 0.0025, 0.0025, 0.0025]"
US-PFt,Color_Class,0
US-PFt,SPAR,2
US-PFt,Kfc,0.2
US-PFt,Phy,10000
US-PFt,Oice,0
US-PFt,Zs,[0 10 20 50 100 150 200 300 400 500 600 700 800 1000 1250 1500 1520]
US-PFt,Zdes,10
US-PFt,Zinf,10
US-PFt,Zbio,250
US-PFt,In_max_urb,5
US-PFt,In_max_rock,0.1
US-PFt,TminS,-0.8
US-PFt,TmaxS,2.8
US-PFt,ros_max1,550
US-PFt,ros_max2,260
US-PFt,Th_Pr_sno,10.0
US-PFt,Ice_wc_sp,0.01
US-PFt,ros_Ice_thr,500
US-PFt,Aice,0.35
US-PFt,WatFreez_Th,-8
US-PFt,dz_ice,0.54
US-PFt,ExEM,1.0
US-PFt,CASE_ROOT,1
US-PFt,ZR95_H,[1100]
US-PFt,ZR95_L,[0]
US-PFt,ZR50_H,NaN
US-PFt,ZR50_L,NaN
US-PFt,ZRmax_H,NaN
US-PFt,ZRmax_L,NaN
US-PFt,Kct,0.75
US-PFt,gcI,3.7
US-PFt,KcI,0.06
US-PFt,Sp_SN_In,5.9
US-PFt,Sp_LAI_L_In,[0.2]
US-PFt,Sp_LAI_H_In,[0.1]
US-PFt,d_leaf_H,[0.25]
US-PFt,d_leaf_L,[0.8]
US-PFt,KnitH,0.35
US-PFt,KnitL,0.0
US-PFt,mSl_H,0.0
US-PFt,mSl_L,0.0
US-PFt,FI_H,[0.081]
US-PFt,Do_H,[700]
US-PFt,a1_H,[5]
US-PFt,go_H,[ 0.01]
US-PFt,CT_H,[3]
US-PFt,DSE_H,[0.649]
US-PFt,Ha_H,[89]
US-PFt,gmes_H,[Inf]
US-PFt,rjv_H,[1.8]
US-PFt,FI_L,[0.081]
US-PFt,Do_L,[2000]
US-PFt,a1_L,[7]
US-PFt,go_L,[0.01]
US-PFt,CT_L,[3]
US-PFt,DSE_L,[0.660]
US-PFt,Ha_L,[48]
US-PFt,gmes_L,[Inf]
US-PFt,rjv_L,[2.6]
US-PFt,Psi_sto_00_H,-0.8
US-PFt,Psi_sto_50_H,-2.5
US-PFt,PsiL00_H,-1.0
US-PFt,PsiL50_H,-3.2
US-PFt,Kleaf_max_H,10
US-PFt,Cl_H,1200
US-PFt,Axyl_H,15.0
US-PFt,Kx_max_H,80000
US-PFt,PsiX50_H,-5.0
US-PFt,Cx_H,150
US-PFt,Psi_sto_00_L,-0.8
US-PFt,Psi_sto_50_L,-3.0
US-PFt,PsiL00_L,-1.1
US-PFt,PsiL50_L,-4.0
US-PFt,Kleaf_max_L,5
US-PFt,Cl_L,1200
US-PFt,Axyl_L,0.0
US-PFt,Kx_max_L,80000
US-PFt,PsiX50_L,-4.5
US-PFt,Cx_L,150
US-PFt,PsiG50_H,-0.8
US-PFt,PsiG99_H,-2.5
US-PFt,gcoef_H,3.5
US-PFt,PsiG50_L,-1.45
US-PFt,PsiG99_L,-4.0
US-PFt,gcoef_L,3.5
US-PFt,OM_H,1
US-PFt,OM_L,1
US-PFt,Sllit,2
US-PFt,Sl_H,[0.0196818]
US-PFt,Nl_H,[62]
US-PFt,r_H,[0.055]
US-PFt,gR_H,[0.25]
US-PFt,aSE_H,[0]
US-PFt,dd_max_H,[1/200]
US-PFt,dc_C_H,78/365
US-PFt,Tcold_H,[-50]
US-PFt,drn_H,[1/800]
US-PFt,dsn_H,[1/600]
US-PFt,age_cr_H,[1220]
US-PFt,Bfac_lo_H,[0.99]
US-PFt,Bfac_ls_H,[NaN]
US-PFt,Tlo_H,[1.5]
US-PFt,PAR_th_H,[NaN]
US-PFt,dmg_H,[30]
US-PFt,LAI_min_H,[0.001]
US-PFt,Trr_H,[0.5]
US-PFt,mjDay_H,[220]
US-PFt,LDay_min_H,[14.1]
US-PFt,LtR_H,[0.8]
US-PFt,Mf_H,[1/50]
US-PFt,Wm_H,[0]
US-PFt,eps_ac_H,[0.8]
US-PFt,LDay_cr_H,[11.8]
US-PFt,Klf_H,[1/30]
US-PFt,fab_H,[0.74]
US-PFt,fbe_H,[0.26]
US-PFt,ff_r_H,[0.1]
US-PFt,Sl_L,[0.028]
US-PFt,Nl_L,[23]
US-PFt,r_L,[0.055]
US-PFt,gR_L,[0.25]
US-PFt,aSE_L,[2]
US-PFt,dd_max_L,[1/360]
US-PFt,dc_C_L,[7/365]
US-PFt,Tcold_L,[0.0]
US-PFt,drn_L,[1/570]
US-PFt,dsn_L,[ 1/365]
US-PFt,age_cr_L,[180]
US-PFt,Bfac_lo_L,[0.99]
US-PFt,Bfac_ls_L,[NaN]
US-PFt,Tlo_L,[6.0]
US-PFt,Tls_L,[NaN]
US-PFt,PAR_th_L,[NaN]
US-PFt,dmg_L,[25]
US-PFt,LAI_min_L,[0.1]
US-PFt,Trr_L,[4.0]
US-PFt,mjDay_L,[220]
US-PFt,LDay_min_L,[NaN]
US-PFt,LtR_L,[0.8]
US-PFt,Mf_L,[NaN]
US-PFt,Wm_L,[NaN]
US-PFt,eps_ac_L,[0.5]
US-PFt,LDay_cr_L,[11.5]
US-PFt,Klf_L,[NaN]
US-PFt,fab_L,NaN
US-PFt,fbe_L,NaN
US-PFt,ff_r_L,[NaN]
US-PFt,Vmax_H,[32]
US-PFt,Vmax_L,[0]
US-PFt,LAI_H,[4.03]
US-PFt,B_H,[215 327 262 244 1 0 5 0]
US-PFt,Rrootl_H,[4200]
US-PFt,PHE_S_H,[4]
US-PFt,dflo_H,[0]
US-PFt,AgeL_H,[1172]
US-PFt,e_rel_H,[1]
US-PFt,hc_H,[15]
US-PFt,SAI_H,[0.1]
US-PFt,LAI_L,[0.0]
US-PFt,B_L,[0 0 0 0 0 0 0 0]
US-PFt,Rrootl_L,[0]
US-PFt,PHE_S_L,[1]
US-PFt,dflo_L,[0]
US-PFt,AgeL_L,[0]
US-PFt,e_rel_L,[1]
US-PFt,hc_L,[0.0]
US-PFt,SAI_L,[0.0]
US-PFt,BLit,0.0
US-PFt,Nreserve_H,[1000]
US-PFt,Preserve_H,[100]
US-PFt,Kreserve_H,[1000]
US-PFt,FNC_H,1
US-PFt,NupI_H,[0 0 0]
US-PFt,Nreserve_L,[1]
US-PFt,Preserve_L,[1]
US-PFt,Kreserve_L,[1]
US-PFt,FNC_L,1
US-PFt,NupI_L,[0 0 0]
US-PFt,RexmyI,[0 0 0]
US-PFt,TBio_L,0
US-PFt,TBio_H,300
US-PFt,Vx_H,10
US-PFt,Vl_H,10
US-PFt,Vx_L,10
US-PFt,Vl_L,10
US-PFt,SWE,0
US-PFt,SND,0
US-PFt,TdpI_H,2
US-PFt,TdpI_L,2
US-PFt,In_L,0
US-PFt,In_urb,0
US-PFt,In_Litter,0
US-PFt,SP_wc,0
US-PFt,In_SWE,0
US-PFt,ros,0
US-PFt,t_sls,0
US-PFt,e_sno,0.97
US-PFt,tau_sno,0
US-PFt,EK,0
US-PFt,WAT,0
US-PFt,ICE,0
US-PFt,IP_wc,0
US-PFt,ICE_D,0
US-PFt,FROCK,0
US-PFt,Ws_under,1
US-SB1,a_dis,NaN
US-SB1,pow_dis,NaN
US-SB1,fpr,1
US-SB1,SvF,1
US-SB1,SN,0
US-SB1,Slo_top,0
US-SB1,Ared,1
US-SB1,aR,1
US-SB1,cellsize,1
US-SB1,Kbot,NaN
US-SB1,Krock,NaN
US-SB1,zatm,33
US-SB1,Cwat,0
US-SB1,Cbare,0
US-SB1,Psan_Zs,"[0.45, 0.45, 0.45, 0.45, 0.45, 0.45, 0.171, 0.171, 0.171, 0.171, 0.171, 0.171, 0.171, 0.171, 0.276, 0.276, 0.276]"
US-SB1,Pcla_Zs,"[0.12, 0.12, 0.12, 0.12, 0.12, 0.12, 0.55, 0.55, 0.55, 0.55, 0.55, 0.55, 0.55, 0.55, 0.43, 0.43, 0.43]"
US-SB1,Porg_Zs,"[0.0075, 0.0075, 0.0075, 0.0075, 0.0075, 0.0075, 0.0025, 0.0025, 0.0025, 0.0025, 0.0025, 0.0025, 0.0025, 0.0025, 0.0025, 0.0025, 0.0025]"
US-SB1,Color_Class,0
US-SB1,SPAR,2
US-SB1,Kfc,0.2
US-SB1,Phy,10000
US-SB1,Oice,0
US-SB1,Zs,[0 10 20 50 100 150 200 300 400 500 600 700 800 1000 1250 1500 1750 1830]
US-SB1,Zdes,10
US-SB1,Zinf,10
US-SB1,Zbio,250
US-SB1,In_max_urb,5
US-SB1,In_max_rock,0.1
US-SB1,TminS,-0.8
US-SB1,TmaxS,2.8
US-SB1,ros_max1,550
US-SB1,ros_max2,260
US-SB1,Th_Pr_sno,10.0
US-SB1,Ice_wc_sp,0.01
US-SB1,ros_Ice_thr,500
US-SB1,Aice,0.35
US-SB1,WatFreez_Th,-8
US-SB1,dz_ice,0.54
US-SB1,ExEM,1.0
US-SB1,CASE_ROOT,1
US-SB1,ZR95_H,[1100]
US-SB1,ZR95_L,[0]
US-SB1,ZR50_H,NaN
US-SB1,ZR50_L,NaN
US-SB1,ZRmax_H,NaN
US-SB1,ZRmax_L,NaN
US-SB1,Kct,0.75
US-SB1,gcI,3.7
US-SB1,KcI,0.06
US-SB1,Sp_SN_In,5.9
US-SB1,Sp_LAI_L_In,[0.2]
US-SB1,Sp_LAI_H_In,[0.1]
US-SB1,d_leaf_H,[0.25]
US-SB1,d_leaf_L,[0.8]
US-SB1,KnitH,0.35
US-SB1,KnitL,0.0
US-SB1,mSl_H,0.0
US-SB1,mSl_L,0.0
US-SB1,FI_H,[0.081]
US-SB1,Do_H,[700]
US-SB1,a1_H,[5]
US-SB1,go_H,[ 0.01]
US-SB1,CT_H,[3]
US-SB1,DSE_H,[0.649]
US-SB1,Ha_H,[89]
US-SB1,gmes_H,[Inf]
US-SB1,rjv_H,[1.8]
US-SB1,FI_L,[0.081]
US-SB1,Do_L,[2000]
US-SB1,a1_L,[7]
US-SB1,go_L,[0.01]
US-SB1,CT_L,[3]
US-SB1,DSE_L,[0.660]
US-SB1,Ha_L,[48]
US-SB1,gmes_L,[Inf]
US-SB1,rjv_L,[2.6]
US-SB1,Psi_sto_00_H,-0.8
US-SB1,Psi_sto_50_H,-2.5
US-SB1,PsiL00_H,-1.0
US-SB1,PsiL50_H,-3.2
US-SB1,Kleaf_max_H,10
US-SB1,Cl_H,1200
US-SB1,Axyl_H,15.0
US-SB1,Kx_max_H,80000
US-SB1,PsiX50_H,-5.0
US-SB1,Cx_H,150
US-SB1,Psi_sto_00_L,-0.8
US-SB1,Psi_sto_50_L,-3.0
US-SB1,PsiL00_L,-1.1
US-SB1,PsiL50_L,-4.0
US-SB1,Kleaf_max_L,5
US-SB1,Cl_L,1200
US-SB1,Axyl_L,0.0
US-SB1,Kx_max_L,80000
US-SB1,PsiX50_L,-4.5
US-SB1,Cx_L,150
US-SB1,PsiG50_H,-0.8
US-SB1,PsiG99_H,-2.5
US-SB1,gcoef_H,3.5
US-SB1,PsiG50_L,-1.45
US-SB1,PsiG99_L,-4.0
US-SB1,gcoef_L,3.5
US-SB1,OM_H,1
US-SB1,OM_L,1
US-SB1,Sllit,2
US-SB1,Sl_H,[0.0205695]
US-SB1,Nl_H,[62]
US-SB1,r_H,[0.055]
US-SB1,gR_H,[0.25]
US-SB1,aSE_H,[0]
US-SB1,dd_max_H,[1/200]
US-SB1,dc_C_H,78/365
US-SB1,Tcold_H,[-50]
US-SB1,drn_H,[1/800]
US-SB1,dsn_H,[1/600]
US-SB1,age_cr_H,[1220]
US-SB1,Bfac_lo_H,[0.99]
US-SB1,Bfac_ls_H,[NaN]
US-SB1,Tlo_H,[1.5]
US-SB1,PAR_th_H,[NaN]
US-SB1,dmg_H,[30]
US-SB1,LAI_min_H,[0.001]
US-SB1,Trr_H,[0.5]
US-SB1,mjDay_H,[220]
US-SB1,LDay_min_H,[14.1]
US-SB1,LtR_H,[0.8]
US-SB1,Mf_H,[1/50]
US-SB1,Wm_H,[0]
US-SB1,eps_ac_H,[0.8]
US-SB1,LDay_cr_H,[11.8]
US-SB1,Klf_H,[1/30]
US-SB1,fab_H,[0.74]
US-SB1,fbe_H,[0.26]
US-SB1,ff_r_H,[0.1]
US-SB1,Sl_L,[0.028]
US-SB1,Nl_L,[23]
US-SB1,r_L,[0.055]
US-SB1,gR_L,[0.25]
US-SB1,aSE_L,[2]
US-SB1,dd_max_L,[1/360]
US-SB1,dc_C_L,[7/365]
US-SB1,Tcold_L,[0.0]
US-SB1,drn_L,[1/570]
US-SB1,dsn_L,[ 1/365]
US-SB1,age_cr_L,[180]
US-SB1,Bfac_lo_L,[0.99]
US-SB1,Bfac_ls_L,[NaN]
US-SB1,Tlo_L,[6.0]
US-SB1,Tls_L,[NaN]
US-SB1,PAR_th_L,[NaN]
US-SB1,dmg_L,[25]
US-SB1,LAI_min_L,[0.1]
US-SB1,Trr_L,[4.0]
US-SB1,mjDay_L,[220]
US-SB1,LDay_min_L,[NaN]
US-SB1,LtR_L,[0.8]
US-SB1,Mf_L,[NaN]
US-SB1,Wm_L,[NaN]
US-SB1,eps_ac_L,[0.5]
US-SB1,LDay_cr_L,[11.5]
US-SB1,Klf_L,[NaN]
US-SB1,fab_L,NaN
US-SB1,fbe_L,NaN
US-SB1,ff_r_L,[NaN]
US-SB1,Vmax_H,[32]
US-SB1,Vmax_L,[0]
US-SB1,LAI_H,[4.03]
US-SB1,B_H,[215 327 262 244 1 0 5 0]
US-SB1,Rrootl_H,[4200]
US-SB1,PHE_S_H,[4]
US-SB1,dflo_H,[0]
US-SB1,AgeL_H,[1172]
US-SB1,e_rel_H,[1]
US-SB1,hc_H,[19]
US-SB1,SAI_H,[0.1]
US-SB1,LAI_L,[0.0]
US-SB1,B_L,[0 0 0 0 0 0 0 0]
US-SB1,Rrootl_L,[0]
US-SB1,PHE_S_L,[1]
US-SB1,dflo_L,[0]
US-SB1,AgeL_L,[0]
US-SB1,e_rel_L,[1]
US-SB1,hc_L,[0.0]
US-SB1,SAI_L,[0.0]
US-SB1,BLit,0.0
US-SB1,Nreserve_H,[1000]
US-SB1,Preserve_H,[100]
US-SB1,Kreserve_H,[1000]
US-SB1,FNC_H,1
US-SB1,NupI_H,[0 0 0]
US-SB1,Nreserve_L,[1]
US-SB1,Preserve_L,[1]
US-SB1,Kreserve_L,[1]
US-SB1,FNC_L,1
US-SB1,NupI_L,[0 0 0]
US-SB1,RexmyI,[0 0 0]
US-SB1,TBio_L,0
US-SB1,TBio_H,300
US-SB1,Vx_H,10
US-SB1,Vl_H,10
US-SB1,Vx_L,10
US-SB1,Vl_L,10
US-SB1,SWE,0
US-SB1,SND,0
US-SB1,TdpI_H,2
US-SB1,TdpI_L,2
US-SB1,In_L,0
US-SB1,In_urb,0
US-SB1,In_Litter,0
US-SB1,SP_wc,0
US-SB1,In_SWE,0
US-SB1,ros,0
US-SB1,t_sls,0
US-SB1,e_sno,0.97
US-SB1,tau_sno,0
US-SB1,EK,0
US-SB1,WAT,0
US-SB1,ICE,0
US-SB1,IP_wc,0
US-SB1,ICE_D,0
US-SB1,FROCK,0
US-SB1,Ws_under,1
US-SHC,a_dis,NaN
US-SHC,pow_dis,NaN
US-SHC,fpr,1
US-SHC,SvF,1
US-SHC,SN,0
US-SHC,Slo_top,0
US-SHC,Ared,1
US-SHC,aR,1
US-SHC,cellsize,1
US-SHC,Kbot,NaN
US-SHC,Krock,NaN
US-SHC,zatm,30
US-SHC,Cwat,0
US-SHC,Cbare,0
US-SHC,Psan_Zs,"[0.50885, 0.50885, 0.50885, 0.54713, 0.54713, 0.52812, 0.52812, 0.45563, 0.45563, 0.45563, 0.42902, 0.42902, 0.42902, 0.48237, 0.48237, 0.48237, 0.48237, 0.48237]"
US-SHC,Pcla_Zs,"[0.13549, 0.13549, 0.13549, 0.13283, 0.13283, 0.16192, 0.16192, 0.21676, 0.21676, 0.21676, 0.2576, 0.2576, 0.2576, 0.19098, 0.19098, 0.19098, 0.19098, 0.19098]"
US-SHC,Porg_Zs,"[0.08, 0.08, 0.08, 0.0355, 0.0355, 0.01339, 0.01339, 0.00922, 0.00922, 0.00922, 0.00446, 0.00446, 0.00446, 0.00147, 0.00147, 0.00147, 0.00147, 0.00147]"
US-SHC,Color_Class,0
US-SHC,SPAR,2
US-SHC,Kfc,0.2
US-SHC,Phy,10000
US-SHC,Oice,0
US-SHC,Zs,[0 10 20 50 100 150 200 300 400 500 600 700 800 1000 1250 1500 1750 2000 2300]
US-SHC,Zdes,10
US-SHC,Zinf,10
US-SHC,Zbio,250
US-SHC,In_max_urb,5
US-SHC,In_max_rock,0.1
US-SHC,TminS,-0.8
US-SHC,TmaxS,2.8
US-SHC,ros_max1,550
US-SHC,ros_max2,260
US-SHC,Th_Pr_sno,10.0
US-SHC,Ice_wc_sp,0.01
US-SHC,ros_Ice_thr,500
US-SHC,Aice,0.35
US-SHC,WatFreez_Th,-8
US-SHC,dz_ice,0.54
US-SHC,ExEM,1.0
US-SHC,CASE_ROOT,1
US-SHC,ZR95_H,[2300]
US-SHC,ZR95_L,[0]
US-SHC,ZR50_H,NaN
US-SHC,ZR50_L,NaN
US-SHC,ZRmax_H,NaN
US-SHC,ZRmax_L,NaN
US-SHC,Kct,0.75
US-SHC,gcI,3.7
US-SHC,KcI,0.06
US-SHC,Sp_SN_In,5.9
US-SHC,Sp_LAI_L_In,[0.2]
US-SHC,Sp_LAI_H_In,[0.1]
US-SHC,d_leaf_H,[0.25]
US-SHC,d_leaf_L,[0.8]
US-SHC,KnitH,0.35
US-SHC,KnitL,0.0
US-SHC,mSl_H,0.0
US-SHC,mSl_L,0.0
US-SHC,FI_H,[0.081]
US-SHC,Do_H,[700]
US-SHC,a1_H,[5]
US-SHC,go_H,[ 0.01]
US-SHC,CT_H,[3]
US-SHC,DSE_H,[0.649]
US-SHC,Ha_H,[89]
US-SHC,gmes_H,[Inf]
US-SHC,rjv_H,[1.8]
US-SHC,FI_L,[0.081]
US-SHC,Do_L,[2000]
US-SHC,a1_L,[7]
US-SHC,go_L,[0.01]
US-SHC,CT_L,[3]
US-SHC,DSE_L,[0.660]
US-SHC,Ha_L,[48]
US-SHC,gmes_L,[Inf]
US-SHC,rjv_L,[2.6]
US-SHC,Psi_sto_00_H,-0.8
US-SHC,Psi_sto_50_H,-2.5
US-SHC,PsiL00_H,-1.0
US-SHC,PsiL50_H,-3.2
US-SHC,Kleaf_max_H,10
US-SHC,Cl_H,1200
US-SHC,Axyl_H,15.0
US-SHC,Kx_max_H,80000
US-SHC,PsiX50_H,-5.0
US-SHC,Cx_H,150
US-SHC,Psi_sto_00_L,-0.8
US-SHC,Psi_sto_50_L,-3.0
US-SHC,PsiL00_L,-1.1
US-SHC,PsiL50_L,-4.0
US-SHC,Kleaf_max_L,5
US-SHC,Cl_L,1200
US-SHC,Axyl_L,0.0
US-SHC,Kx_max_L,80000
US-SHC,PsiX50_L,-4.5
US-SHC,Cx_L,150
US-SHC,PsiG50_H,-0.8
US-SHC,PsiG99_H,-2.5
US-SHC,gcoef_H,3.5
US-SHC,PsiG50_L,-1.45
US-SHC,PsiG99_L,-4.0
US-SHC,gcoef_L,3.5
US-SHC,OM_H,1
US-SHC,OM_L,1
US-SHC,Sllit,2
US-SHC,Sl_H,[0.0134426]
US-SHC,Nl_H,[62]
US-SHC,r_H,[0.055]
US-SHC,gR_H,[0.25]
US-SHC,aSE_H,[0]
US-SHC,dd_max_H,[1/200]
US-SHC,dc_C_H,78/365
US-SHC,Tcold_H,[-50]
US-SHC,drn_H,[1/800]
US-SHC,dsn_H,[1/600]
US-SHC,age_cr_H,[1220]
US-SHC,Bfac_lo_H,[0.99]
US-SHC,Bfac_ls_H,[NaN]
US-SHC,Tlo_H,[1.5]
US-SHC,PAR_th_H,[NaN]
US-SHC,dmg_H,[30]
US-SHC,LAI_min_H,[0.001]
US-SHC,Trr_H,[0.5]
US-SHC,mjDay_H,[220]
US-SHC,LDay_min_H,[14.1]
US-SHC,LtR_H,[0.8]
US-SHC,Mf_H,[1/50]
US-SHC,Wm_H,[0]
US-SHC,eps_ac_H,[0.8]
US-SHC,LDay_cr_H,[11.8]
US-SHC,Klf_H,[1/30]
US-SHC,fab_H,[0.74]
US-SHC,fbe_H,[0.26]
US-SHC,ff_r_H,[0.1]
US-SHC,Sl_L,[0.028]
US-SHC,Nl_L,[23]
US-SHC,r_L,[0.055]
US-SHC,gR_L,[0.25]
US-SHC,aSE_L,[2]
US-SHC,dd_max_L,[1/360]
US-SHC,dc_C_L,[7/365]
US-SHC,Tcold_L,[0.0]
US-SHC,drn_L,[1/570]
US-SHC,dsn_L,[ 1/365]
US-SHC,age_cr_L,[180]
US-SHC,Bfac_lo_L,[0.99]
US-SHC,Bfac_ls_L,[NaN]
US-SHC,Tlo_L,[6.0]
US-SHC,Tls_L,[NaN]
US-SHC,PAR_th_L,[NaN]
US-SHC,dmg_L,[25]
US-SHC,LAI_min_L,[0.1]
US-SHC,Trr_L,[4.0]
US-SHC,mjDay_L,[220]
US-SHC,LDay_min_L,[NaN]
US-SHC,LtR_L,[0.8]
US-SHC,Mf_L,[NaN]
US-SHC,Wm_L,[NaN]
US-SHC,eps_ac_L,[0.5]
US-SHC,LDay_cr_L,[11.5]
US-SHC,Klf_L,[NaN]
US-SHC,fab_L,NaN
US-SHC,fbe_L,NaN
US-SHC,ff_r_L,[NaN]
US-SHC,Vmax_H,[32]
US-SHC,Vmax_L,[0]
US-SHC,LAI_H,[4.03]
US-SHC,B_H,[215 327 262 244 1 0 5 0]
US-SHC,Rrootl_H,[4200]
US-SHC,PHE_S_H,[4]
US-SHC,dflo_H,[0]
US-SHC,AgeL_H,[1172]
US-SHC,e_rel_H,[1]
US-SHC,hc_H,[12]
US-SHC,SAI_H,[0.1]
US-SHC,LAI_L,[0.0]
US-SHC,B_L,[0 0 0 0 0 0 0 0]
US-SHC,Rrootl_L,[0]
US-SHC,PHE_S_L,[1]
US-SHC,dflo_L,[0]
US-SHC,AgeL_L,[0]
US-SHC,e_rel_L,[1]
US-SHC,hc_L,[0.0]
US-SHC,SAI_L,[0.0]
US-SHC,BLit,0.0
US-SHC,Nreserve_H,[1000]
US-SHC,Preserve_H,[100]
US-SHC,Kreserve_H,[1000]
US-SHC,FNC_H,1
US-SHC,NupI_H,[0 0 0]
US-SHC,Nreserve_L,[1]
US-SHC,Preserve_L,[1]
US-SHC,Kreserve_L,[1]
US-SHC,FNC_L,1
US-SHC,NupI_L,[0 0 0]
US-SHC,RexmyI,[0 0 0]
US-SHC,TBio_L,0
US-SHC,TBio_H,300
US-SHC,Vx_H,10
US-SHC,Vl_H,10
US-SHC,Vx_L,10
US-SHC,Vl_L,10
US-SHC,SWE,0
US-SHC,SND,0
US-SHC,TdpI_H,2
US-SHC,TdpI_L,2
US-SHC,In_L,0
US-SHC,In_urb,0
US-SHC,In_Litter,0
US-SHC,SP_wc,0
US-SHC,In_SWE,0
US-SHC,ros,0
US-SHC,t_sls,0
US-SHC,e_sno,0.97
US-SHC,tau_sno,0
US-SHC,EK,0
US-SHC,WAT,0
US-SHC,ICE,0
US-SHC,IP_wc,0
US-SHC,ICE_D,0
US-SHC,FROCK,0
US-SHC,Ws_under,1
US-SP1,a_dis,NaN
US-SP1,pow_dis,NaN
US-SP1,fpr,1
US-SP1,SvF,1
US-SP1,SN,0
US-SP1,Slo_top,0
US-SP1,Ared,1
US-SP1,aR,1
US-SP1,cellsize,1
US-SP1,Kbot,NaN
US-SP1,Krock,NaN
US-SP1,zatm,32
US-SP1,Cwat,0
US-SP1,Cbare,0
US-SP1,Psan_Zs,"[0.94036, 0.94036, 0.94036, 0.94036, 0.94036, 0.95, 0.95, 0.95, 0.9305, 0.9305, 0.95, 0.95, 0.95, 0.579, 0.579, 0.579, 0.579, 0.579]"
US-SP1,Pcla_Zs,"[0.03464, 0.03464, 0.03464, 0.03464, 0.03464, 0.035, 0.035, 0.035, 0.0445, 0.0445, 0.035, 0.035, 0.035, 0.245, 0.245, 0.245, 0.245, 0.245]"
US-SP1,Porg_Zs,"[0.025, 0.025, 0.025, 0.025, 0.025, 0.0025, 0.0025, 0.0025, 0.025, 0.025, 0.0025, 0.0025, 0.0025, 0.0025, 0.0025, 0.0025, 0.0025, 0.0025]"
US-SP1,Color_Class,0
US-SP1,SPAR,2
US-SP1,Kfc,0.2
US-SP1,Phy,10000
US-SP1,Oice,0
US-SP1,Zs,[0 10 20 50 100 150 200 300 400 500 600 700 800 1000 1250 1500 1750 2000 2130]
US-SP1,Zdes,10
US-SP1,Zinf,10
US-SP1,Zbio,250
US-SP1,In_max_urb,5
US-SP1,In_max_rock,0.1
US-SP1,TminS,-0.8
US-SP1,TmaxS,2.8
US-SP1,ros_max1,550
US-SP1,ros_max2,260
US-SP1,Th_Pr_sno,10.0
US-SP1,Ice_wc_sp,0.01
US-SP1,ros_Ice_thr,500
US-SP1,Aice,0.35
US-SP1,WatFreez_Th,-8
US-SP1,dz_ice,0.54
US-SP1,ExEM,1.0
US-SP1,CASE_ROOT,1
US-SP1,ZR95_H,[1600]
US-SP1,ZR95_L,[0]
US-SP1,ZR50_H,NaN
US-SP1,ZR50_L,NaN
US-SP1,ZRmax_H,NaN
US-SP1,ZRmax_L,NaN
US-SP1,Kct,0.75
US-SP1,gcI,3.7
US-SP1,KcI,0.06
US-SP1,Sp_SN_In,5.9
US-SP1,Sp_LAI_L_In,[0.2]
US-SP1,Sp_LAI_H_In,[0.1]
US-SP1,d_leaf_H,[0.25]
US-SP1,d_leaf_L,[0.8]
US-SP1,KnitH,0.35
US-SP1,KnitL,0.0
US-SP1,mSl_H,0.0
US-SP1,mSl_L,0.0
US-SP1,FI_H,[0.081]
US-SP1,Do_H,[700]
US-SP1,a1_H,[5]
US-SP1,go_H,[ 0.01]
US-SP1,CT_H,[3]
US-SP1,DSE_H,[0.649]
US-SP1,Ha_H,[89]
US-SP1,gmes_H,[Inf]
US-SP1,rjv_H,[1.8]
US-SP1,FI_L,[0.081]
US-SP1,Do_L,[2000]
US-SP1,a1_L,[7]
US-SP1,go_L,[0.01]
US-SP1,CT_L,[3]
US-SP1,DSE_L,[0.660]
US-SP1,Ha_L,[48]
US-SP1,gmes_L,[Inf]
US-SP1,rjv_L,[2.6]
US-SP1,Psi_sto_00_H,-0.8
US-SP1,Psi_sto_50_H,-2.5
US-SP1,PsiL00_H,-1.0
US-SP1,PsiL50_H,-3.2
US-SP1,Kleaf_max_H,10
US-SP1,Cl_H,1200
US-SP1,Axyl_H,15.0
US-SP1,Kx_max_H,80000
US-SP1,PsiX50_H,-5.0
US-SP1,Cx_H,150
US-SP1,Psi_sto_00_L,-0.8
US-SP1,Psi_sto_50_L,-3.0
US-SP1,PsiL00_L,-1.1
US-SP1,PsiL50_L,-4.0
US-SP1,Kleaf_max_L,5
US-SP1,Cl_L,1200
US-SP1,Axyl_L,0.0
US-SP1,Kx_max_L,80000
US-SP1,PsiX50_L,-4.5
US-SP1,Cx_L,150
US-SP1,PsiG50_H,-0.8
US-SP1,PsiG99_H,-2.5
US-SP1,gcoef_H,3.5
US-SP1,PsiG50_L,-1.45
US-SP1,PsiG99_L,-4.0
US-SP1,gcoef_L,3.5
US-SP1,OM_H,1
US-SP1,OM_L,1
US-SP1,Sllit,2
US-SP1,Sl_H,[0.0188828]
US-SP1,Nl_H,[62]
US-SP1,r_H,[0.055]
US-SP1,gR_H,[0.25]
US-SP1,aSE_H,[0]
US-SP1,dd_max_H,[1/200]
US-SP1,dc_C_H,78/365
US-SP1,Tcold_H,[-50]
US-SP1,drn_H,[1/800]
US-SP1,dsn_H,[1/600]
US-SP1,age_cr_H,[1220]
US-SP1,Bfac_lo_H,[0.99]
US-SP1,Bfac_ls_H,[NaN]
US-SP1,Tlo_H,[1.5]
US-SP1,PAR_th_H,[NaN]
US-SP1,dmg_H,[30]
US-SP1,LAI_min_H,[0.001]
US-SP1,Trr_H,[0.5]
US-SP1,mjDay_H,[220]
US-SP1,LDay_min_H,[14.1]
US-SP1,LtR_H,[0.8]
US-SP1,Mf_H,[1/50]
US-SP1,Wm_H,[0]
US-SP1,eps_ac_H,[0.8]
US-SP1,LDay_cr_H,[11.8]
US-SP1,Klf_H,[1/30]
US-SP1,fab_H,[0.74]
US-SP1,fbe_H,[0.26]
US-SP1,ff_r_H,[0.1]
US-SP1,Sl_L,[0.028]
US-SP1,Nl_L,[23]
US-SP1,r_L,[0.055]
US-SP1,gR_L,[0.25]
US-SP1,aSE_L,[2]
US-SP1,dd_max_L,[1/360]
US-SP1,dc_C_L,[7/365]
US-SP1,Tcold_L,[0.0]
US-SP1,drn_L,[1/570]
US-SP1,dsn_L,[ 1/365]
US-SP1,age_cr_L,[180]
US-SP1,Bfac_lo_L,[0.99]
US-SP1,Bfac_ls_L,[NaN]
US-SP1,Tlo_L,[6.0]
US-SP1,Tls_L,[NaN]
US-SP1,PAR_th_L,[NaN]
US-SP1,dmg_L,[25]
US-SP1,LAI_min_L,[0.1]
US-SP1,Trr_L,[4.0]
US-SP1,mjDay_L,[220]
US-SP1,LDay_min_L,[NaN]
US-SP1,LtR_L,[0.8]
US-SP1,Mf_L,[NaN]
US-SP1,Wm_L,[NaN]
US-SP1,eps_ac_L,[0.5]
US-SP1,LDay_cr_L,[11.5]
US-SP1,Klf_L,[NaN]
US-SP1,fab_L,NaN
US-SP1,fbe_L,NaN
US-SP1,ff_r_L,[NaN]
US-SP1,Vmax_H,[32]
US-SP1,Vmax_L,[0]
US-SP1,LAI_H,[4.03]
US-SP1,B_H,[215 327 262 244 1 0 5 0]
US-SP1,Rrootl_H,[4200]
US-SP1,PHE_S_H,[4]
US-SP1,dflo_H,[0]
US-SP1,AgeL_H,[1172]
US-SP1,e_rel_H,[1]
US-SP1,hc_H,[24.2]
US-SP1,SAI_H,[0.1]
US-SP1,LAI_L,[0.0]
US-SP1,B_L,[0 0 0 0 0 0 0 0]
US-SP1,Rrootl_L,[0]
US-SP1,PHE_S_L,[1]
US-SP1,dflo_L,[0]
US-SP1,AgeL_L,[0]
US-SP1,e_rel_L,[1]
US-SP1,hc_L,[0.0]
US-SP1,SAI_L,[0.0]
US-SP1,BLit,0.0
US-SP1,Nreserve_H,[1000]
US-SP1,Preserve_H,[100]
US-SP1,Kreserve_H,[1000]
US-SP1,FNC_H,1
US-SP1,NupI_H,[0 0 0]
US-SP1,Nreserve_L,[1]
US-SP1,Preserve_L,[1]
US-SP1,Kreserve_L,[1]
US-SP1,FNC_L,1
US-SP1,NupI_L,[0 0 0]
US-SP1,RexmyI,[0 0 0]
US-SP1,TBio_L,0
US-SP1,TBio_H,300
US-SP1,Vx_H,10
US-SP1,Vl_H,10
US-SP1,Vx_L,10
US-SP1,Vl_L,10
US-SP1,SWE,0
US-SP1,SND,0
US-SP1,TdpI_H,2
US-SP1,TdpI_L,2
US-SP1,In_L,0
US-SP1,In_urb,0
US-SP1,In_Litter,0
US-SP1,SP_wc,0
US-SP1,In_SWE,0
US-SP1,ros,0
US-SP1,t_sls,0
US-SP1,e_sno,0.97
US-SP1,tau_sno,0
US-SP1,EK,0
US-SP1,WAT,0
US-SP1,ICE,0
US-SP1,IP_wc,0
US-SP1,ICE_D,0
US-SP1,FROCK,0
US-SP1,Ws_under,1
US-SP2,a_dis,NaN
US-SP2,pow_dis,NaN
US-SP2,fpr,1
US-SP2,SvF,1
US-SP2,SN,0
US-SP2,Slo_top,0
US-SP2,Ared,1
US-SP2,aR,1
US-SP2,cellsize,1
US-SP2,Kbot,NaN
US-SP2,Krock,NaN
US-SP2,zatm,30
US-SP2,Cwat,0
US-SP2,Cbare,0
US-SP2,Psan_Zs,"[0.94003, 0.94003, 0.94003, 0.94003, 0.94003, 0.94003, 0.941, 0.941, 0.941, 0.941, 0.941, 0.596, 0.596, 0.596, 0.596, 0.596, 0.589, 0.589]"
US-SP2,Pcla_Zs,"[0.044949, 0.044949, 0.044949, 0.044949, 0.044949, 0.044949, 0.045, 0.045, 0.045, 0.045, 0.045, 0.225, 0.225, 0.225, 0.225, 0.225, 0.195, 0.195]"
US-SP2,Porg_Zs,"[0.015, 0.015, 0.015, 0.015, 0.015, 0.015, 0.005, 0.005, 0.005, 0.005, 0.005, 0.0025, 0.0025, 0.0025, 0.0025, 0.0025, 0.001, 0.001]"
US-SP2,Color_Class,0
US-SP2,SPAR,2
US-SP2,Kfc,0.2
US-SP2,Phy,10000
US-SP2,Oice,0
US-SP2,Zs,[0 10 20 50 100 150 200 300 400 500 600 700 800 1000 1250 1500 1750 2000 2030]
US-SP2,Zdes,10
US-SP2,Zinf,10
US-SP2,Zbio,250
US-SP2,In_max_urb,5
US-SP2,In_max_rock,0.1
US-SP2,TminS,-0.8
US-SP2,TmaxS,2.8
US-SP2,ros_max1,550
US-SP2,ros_max2,260
US-SP2,Th_Pr_sno,10.0
US-SP2,Ice_wc_sp,0.01
US-SP2,ros_Ice_thr,500
US-SP2,Aice,0.35
US-SP2,WatFreez_Th,-8
US-SP2,dz_ice,0.54
US-SP2,ExEM,1.0
US-SP2,CASE_ROOT,1
US-SP2,ZR95_H,[1600]
US-SP2,ZR95_L,[0]
US-SP2,ZR50_H,NaN
US-SP2,ZR50_L,NaN
US-SP2,ZRmax_H,NaN
US-SP2,ZRmax_L,NaN
US-SP2,Kct,0.75
US-SP2,gcI,3.7
US-SP2,KcI,0.06
US-SP2,Sp_SN_In,5.9
US-SP2,Sp_LAI_L_In,[0.2]
US-SP2,Sp_LAI_H_In,[0.1]
US-SP2,d_leaf_H,[0.25]
US-SP2,d_leaf_L,[0.8]
US-SP2,KnitH,0.35
US-SP2,KnitL,0.0
US-SP2,mSl_H,0.0
US-SP2,mSl_L,0.0
US-SP2,FI_H,[0.081]
US-SP2,Do_H,[700]
US-SP2,a1_H,[5]
US-SP2,go_H,[ 0.01]
US-SP2,CT_H,[3]
US-SP2,DSE_H,[0.649]
US-SP2,Ha_H,[89]
US-SP2,gmes_H,[Inf]
US-SP2,rjv_H,[1.8]
US-SP2,FI_L,[0.081]
US-SP2,Do_L,[2000]
US-SP2,a1_L,[7]
US-SP2,go_L,[0.01]
US-SP2,CT_L,[3]
US-SP2,DSE_L,[0.660]
US-SP2,Ha_L,[48]
US-SP2,gmes_L,[Inf]
US-SP2,rjv_L,[2.6]
US-SP2,Psi_sto_00_H,-0.8
US-SP2,Psi_sto_50_H,-2.5
US-SP2,PsiL00_H,-1.0
US-SP2,PsiL50_H,-3.2
US-SP2,Kleaf_max_H,10
US-SP2,Cl_H,1200
US-SP2,Axyl_H,15.0
US-SP2,Kx_max_H,80000
US-SP2,PsiX50_H,-5.0
US-SP2,Cx_H,150
US-SP2,Psi_sto_00_L,-0.8
US-SP2,Psi_sto_50_L,-3.0
US-SP2,PsiL00_L,-1.1
US-SP2,PsiL50_L,-4.0
US-SP2,Kleaf_max_L,5
US-SP2,Cl_L,1200
US-SP2,Axyl_L,0.0
US-SP2,Kx_max_L,80000
US-SP2,PsiX50_L,-4.5
US-SP2,Cx_L,150
US-SP2,PsiG50_H,-0.8
US-SP2,PsiG99_H,-2.5
US-SP2,gcoef_H,3.5
US-SP2,PsiG50_L,-1.45
US-SP2,PsiG99_L,-4.0
US-SP2,gcoef_L,3.5
US-SP2,OM_H,1
US-SP2,OM_L,1
US-SP2,Sllit,2
US-SP2,Sl_H,[0.0165079]
US-SP2,Nl_H,[62]
US-SP2,r_H,[0.055]
US-SP2,gR_H,[0.25]
US-SP2,aSE_H,[0]
US-SP2,dd_max_H,[1/200]
US-SP2,dc_C_H,78/365
US-SP2,Tcold_H,[-50]
US-SP2,drn_H,[1/800]
US-SP2,dsn_H,[1/600]
US-SP2,age_cr_H,[1220]
US-SP2,Bfac_lo_H,[0.99]
US-SP2,Bfac_ls_H,[NaN]
US-SP2,Tlo_H,[1.5]
US-SP2,PAR_th_H,[NaN]
US-SP2,dmg_H,[30]
US-SP2,LAI_min_H,[0.001]
US-SP2,Trr_H,[0.5]
US-SP2,mjDay_H,[220]
US-SP2,LDay_min_H,[14.1]
US-SP2,LtR_H,[0.8]
US-SP2,Mf_H,[1/50]
US-SP2,Wm_H,[0]
US-SP2,eps_ac_H,[0.8]
US-SP2,LDay_cr_H,[11.8]
US-SP2,Klf_H,[1/30]
US-SP2,fab_H,[0.74]
US-SP2,fbe_H,[0.26]
US-SP2,ff_r_H,[0.1]
US-SP2,Sl_L,[0.028]
US-SP2,Nl_L,[23]
US-SP2,r_L,[0.055]
US-SP2,gR_L,[0.25]
US-SP2,aSE_L,[2]
US-SP2,dd_max_L,[1/360]
US-SP2,dc_C_L,[7/365]
US-SP2,Tcold_L,[0.0]
US-SP2,drn_L,[1/570]
US-SP2,dsn_L,[ 1/365]
US-SP2,age_cr_L,[180]
US-SP2,Bfac_lo_L,[0.99]
US-SP2,Bfac_ls_L,[NaN]
US-SP2,Tlo_L,[6.0]
US-SP2,Tls_L,[NaN]
US-SP2,PAR_th_L,[NaN]
US-SP2,dmg_L,[25]
US-SP2,LAI_min_L,[0.1]
US-SP2,Trr_L,[4.0]
US-SP2,mjDay_L,[220]
US-SP2,LDay_min_L,[NaN]
US-SP2,LtR_L,[0.8]
US-SP2,Mf_L,[NaN]
US-SP2,Wm_L,[NaN]
US-SP2,eps_ac_L,[0.5]
US-SP2,LDay_cr_L,[11.5]
US-SP2,Klf_L,[NaN]
US-SP2,fab_L,NaN
US-SP2,fbe_L,NaN
US-SP2,ff_r_L,[NaN]
US-SP2,Vmax_H,[32]
US-SP2,Vmax_L,[0]
US-SP2,LAI_H,[4.03]
US-SP2,B_H,[215 327 262 244 1 0 5 0]
US-SP2,Rrootl_H,[4200]
US-SP2,PHE_S_H,[4]
US-SP2,dflo_H,[0]
US-SP2,AgeL_H,[1172]
US-SP2,e_rel_H,[1]
US-SP2,hc_H,[10.1]
US-SP2,SAI_H,[0.1]
US-SP2,LAI_L,[0.0]
US-SP2,B_L,[0 0 0 0 0 0 0 0]
US-SP2,Rrootl_L,[0]
US-SP2,PHE_S_L,[1]
US-SP2,dflo_L,[0]
US-SP2,AgeL_L,[0]
US-SP2,e_rel_L,[1]
US-SP2,hc_L,[0.0]
US-SP2,SAI_L,[0.0]
US-SP2,BLit,0.0
US-SP2,Nreserve_H,[1000]
US-SP2,Preserve_H,[100]
US-SP2,Kreserve_H,[1000]
US-SP2,FNC_H,1
US-SP2,NupI_H,[0 0 0]
US-SP2,Nreserve_L,[1]
US-SP2,Preserve_L,[1]
US-SP2,Kreserve_L,[1]
US-SP2,FNC_L,1
US-SP2,NupI_L,[0 0 0]
US-SP2,RexmyI,[0 0 0]
US-SP2,TBio_L,0
US-SP2,TBio_H,300
US-SP2,Vx_H,10
US-SP2,Vl_H,10
US-SP2,Vx_L,10
US-SP2,Vl_L,10
US-SP2,SWE,0
US-SP2,SND,0
US-SP2,TdpI_H,2
US-SP2,TdpI_L,2
US-SP2,In_L,0
US-SP2,In_urb,0
US-SP2,In_Litter,0
US-SP2,SP_wc,0
US-SP2,In_SWE,0
US-SP2,ros,0
US-SP2,t_sls,0
US-SP2,e_sno,0.97
US-SP2,tau_sno,0
US-SP2,EK,0
US-SP2,WAT,0
US-SP2,ICE,0
US-SP2,IP_wc,0
US-SP2,ICE_D,0
US-SP2,FROCK,0
US-SP2,Ws_under,1
US-SP3,a_dis,NaN
US-SP3,pow_dis,NaN
US-SP3,fpr,1
US-SP3,SvF,1
US-SP3,SN,0
US-SP3,Slo_top,0
US-SP3,Ared,1
US-SP3,aR,1
US-SP3,cellsize,1
US-SP3,Kbot,NaN
US-SP3,Krock,NaN
US-SP3,zatm,30
US-SP3,Cwat,0
US-SP3,Cbare,0
US-SP3,Psan_Zs,"[0.96009, 0.96009, 0.96009, 0.96009, 0.96009, 0.96009, 0.955, 0.955, 0.955, 0.955, 0.955, 0.955, 0.955, 0.955, 0.847, 0.631, 0.631, 0.631]"
US-SP3,Pcla_Zs,"[0.02991, 0.02991, 0.02991, 0.02991, 0.02991, 0.02991, 0.03, 0.03, 0.03, 0.03, 0.03, 0.03, 0.03, 0.03, 0.11, 0.195, 0.195, 0.195]"
US-SP3,Porg_Zs,"[0.01, 0.01, 0.01, 0.01, 0.01, 0.01, 0.0015, 0.0015, 0.0015, 0.0015, 0.0015, 0.0015, 0.0015, 0.0015, 0, 0.001, 0.001, 0.001]"
US-SP3,Color_Class,0
US-SP3,SPAR,2
US-SP3,Kfc,0.2
US-SP3,Phy,10000
US-SP3,Oice,0
US-SP3,Zs,[0 10 20 50 100 150 200 300 400 500 600 700 800 1000 1250 1500 1750 2000 2130]
US-SP3,Zdes,10
US-SP3,Zinf,10
US-SP3,Zbio,250
US-SP3,In_max_urb,5
US-SP3,In_max_rock,0.1
US-SP3,TminS,-0.8
US-SP3,TmaxS,2.8
US-SP3,ros_max1,550
US-SP3,ros_max2,260
US-SP3,Th_Pr_sno,10.0
US-SP3,Ice_wc_sp,0.01
US-SP3,ros_Ice_thr,500
US-SP3,Aice,0.35
US-SP3,WatFreez_Th,-8
US-SP3,dz_ice,0.54
US-SP3,ExEM,1.0
US-SP3,CASE_ROOT,1
US-SP3,ZR95_H,[1600]
US-SP3,ZR95_L,[0]
US-SP3,ZR50_H,NaN
US-SP3,ZR50_L,NaN
US-SP3,ZRmax_H,NaN
US-SP3,ZRmax_L,NaN
US-SP3,Kct,0.75
US-SP3,gcI,3.7
US-SP3,KcI,0.06
US-SP3,Sp_SN_In,5.9
US-SP3,Sp_LAI_L_In,[0.2]
US-SP3,Sp_LAI_H_In,[0.1]
US-SP3,d_leaf_H,[0.25]
US-SP3,d_leaf_L,[0.8]
US-SP3,KnitH,0.35
US-SP3,KnitL,0.0
US-SP3,mSl_H,0.0
US-SP3,mSl_L,0.0
US-SP3,FI_H,[0.081]
US-SP3,Do_H,[700]
US-SP3,a1_H,[5]
US-SP3,go_H,[ 0.01]
US-SP3,CT_H,[3]
US-SP3,DSE_H,[0.649]
US-SP3,Ha_H,[89]
US-SP3,gmes_H,[Inf]
US-SP3,rjv_H,[1.8]
US-SP3,FI_L,[0.081]
US-SP3,Do_L,[2000]
US-SP3,a1_L,[7]
US-SP3,go_L,[0.01]
US-SP3,CT_L,[3]
US-SP3,DSE_L,[0.660]
US-SP3,Ha_L,[48]
US-SP3,gmes_L,[Inf]
US-SP3,rjv_L,[2.6]
US-SP3,Psi_sto_00_H,-0.8
US-SP3,Psi_sto_50_H,-2.5
US-SP3,PsiL00_H,-1.0
US-SP3,PsiL50_H,-3.2
US-SP3,Kleaf_max_H,10
US-SP3,Cl_H,1200
US-SP3,Axyl_H,15.0
US-SP3,Kx_max_H,80000
US-SP3,PsiX50_H,-5.0
US-SP3,Cx_H,150
US-SP3,Psi_sto_00_L,-0.8
US-SP3,Psi_sto_50_L,-3.0
US-SP3,PsiL00_L,-1.1
US-SP3,PsiL50_L,-4.0
US-SP3,Kleaf_max_L,5
US-SP3,Cl_L,1200
US-SP3,Axyl_L,0.0
US-SP3,Kx_max_L,80000
US-SP3,PsiX50_L,-4.5
US-SP3,Cx_L,150
US-SP3,PsiG50_H,-0.8
US-SP3,PsiG99_H,-2.5
US-SP3,gcoef_H,3.5
US-SP3,PsiG50_L,-1.45
US-SP3,PsiG99_L,-4.0
US-SP3,gcoef_L,3.5
US-SP3,OM_H,1
US-SP3,OM_L,1
US-SP3,Sllit,2
US-SP3,Sl_H,[0.0165079]
US-SP3,Nl_H,[62]
US-SP3,r_H,[0.055]
US-SP3,gR_H,[0.25]
US-SP3,aSE_H,[0]
US-SP3,dd_max_H,[1/200]
US-SP3,dc_C_H,78/365
US-SP3,Tcold_H,[-50]
US-SP3,drn_H,[1/800]
US-SP3,dsn_H,[1/600]
US-SP3,age_cr_H,[1220]
US-SP3,Bfac_lo_H,[0.99]
US-SP3,Bfac_ls_H,[NaN]
US-SP3,Tlo_H,[1.5]
US-SP3,PAR_th_H,[NaN]
US-SP3,dmg_H,[30]
US-SP3,LAI_min_H,[0.001]
US-SP3,Trr_H,[0.5]
US-SP3,mjDay_H,[220]
US-SP3,LDay_min_H,[14.1]
US-SP3,LtR_H,[0.8]
US-SP3,Mf_H,[1/50]
US-SP3,Wm_H,[0]
US-SP3,eps_ac_H,[0.8]
US-SP3,LDay_cr_H,[11.8]
US-SP3,Klf_H,[1/30]
US-SP3,fab_H,[0.74]
US-SP3,fbe_H,[0.26]
US-SP3,ff_r_H,[0.1]
US-SP3,Sl_L,[0.028]
US-SP3,Nl_L,[23]
US-SP3,r_L,[0.055]
US-SP3,gR_L,[0.25]
US-SP3,aSE_L,[2]
US-SP3,dd_max_L,[1/360]
US-SP3,dc_C_L,[7/365]
US-SP3,Tcold_L,[0.0]
US-SP3,drn_L,[1/570]
US-SP3,dsn_L,[ 1/365]
US-SP3,age_cr_L,[180]
US-SP3,Bfac_lo_L,[0.99]
US-SP3,Bfac_ls_L,[NaN]
US-SP3,Tlo_L,[6.0]
US-SP3,Tls_L,[NaN]
US-SP3,PAR_th_L,[NaN]
US-SP3,dmg_L,[25]
US-SP3,LAI_min_L,[0.1]
US-SP3,Trr_L,[4.0]
US-SP3,mjDay_L,[220]
US-SP3,LDay_min_L,[NaN]
US-SP3,LtR_L,[0.8]
US-SP3,Mf_L,[NaN]
US-SP3,Wm_L,[NaN]
US-SP3,eps_ac_L,[0.5]
US-SP3,LDay_cr_L,[11.5]
US-SP3,Klf_L,[NaN]
US-SP3,fab_L,NaN
US-SP3,fbe_L,NaN
US-SP3,ff_r_L,[NaN]
US-SP3,Vmax_H,[32]
US-SP3,Vmax_L,[0]
US-SP3,LAI_H,[4.03]
US-SP3,B_H,[215 327 262 244 1 0 5 0]
US-SP3,Rrootl_H,[4200]
US-SP3,PHE_S_H,[4]
US-SP3,dflo_H,[0]
US-SP3,AgeL_H,[1172]
US-SP3,e_rel_H,[1]
US-SP3,hc_H,[14]
US-SP3,SAI_H,[0.1]
US-SP3,LAI_L,[0.0]
US-SP3,B_L,[0 0 0 0 0 0 0 0]
US-SP3,Rrootl_L,[0]
US-SP3,PHE_S_L,[1]
US-SP3,dflo_L,[0]
US-SP3,AgeL_L,[0]
US-SP3,e_rel_L,[1]
US-SP3,hc_L,[0.0]
US-SP3,SAI_L,[0.0]
US-SP3,BLit,0.0
US-SP3,Nreserve_H,[1000]
US-SP3,Preserve_H,[100]
US-SP3,Kreserve_H,[1000]
US-SP3,FNC_H,1
US-SP3,NupI_H,[0 0 0]
US-SP3,Nreserve_L,[1]
US-SP3,Preserve_L,[1]
US-SP3,Kreserve_L,[1]
US-SP3,FNC_L,1
US-SP3,NupI_L,[0 0 0]
US-SP3,RexmyI,[0 0 0]
US-SP3,TBio_L,0
US-SP3,TBio_H,300
US-SP3,Vx_H,10
US-SP3,Vl_H,10
US-SP3,Vx_L,10
US-SP3,Vl_L,10
US-SP3,SWE,0
US-SP3,SND,0
US-SP3,TdpI_H,2
US-SP3,TdpI_L,2
US-SP3,In_L,0
US-SP3,In_urb,0
US-SP3,In_Litter,0
US-SP3,SP_wc,0
US-SP3,In_SWE,0
US-SP3,ros,0
US-SP3,t_sls,0
US-SP3,e_sno,0.97
US-SP3,tau_sno,0
US-SP3,EK,0
US-SP3,WAT,0
US-SP3,ICE,0
US-SP3,IP_wc,0
US-SP3,ICE_D,0
US-SP3,FROCK,0
US-SP3,Ws_under,1
US-SP4,a_dis,NaN
US-SP4,pow_dis,NaN
US-SP4,fpr,1
US-SP4,SvF,1
US-SP4,SN,0
US-SP4,Slo_top,0
US-SP4,Ared,1
US-SP4,aR,1
US-SP4,cellsize,1
US-SP4,Kbot,NaN
US-SP4,Krock,NaN
US-SP4,zatm,30
US-SP4,Cwat,0
US-SP4,Cbare,0
US-SP4,Psan_Zs,"[0.96, 0.96, 0.96, 0.96, 0.96, 0.96, 0.96, 0.93408, 0.93408, 0.96, 0.96, 0.96, 0.96, 0.96, 0.96, 0.651, 0.651, 0.651]"
US-SP4,Pcla_Zs,"[0.025, 0.025, 0.025, 0.025, 0.025, 0.025, 0.025, 0.049899, 0.049899, 0.025, 0.025, 0.025, 0.025, 0.025, 0.025, 0.195, 0.195, 0.195]"
US-SP4,Porg_Zs,"[0.011, 0.011, 0.011, 0.011, 0.011, 0.005, 0.005, 0.016, 0.016, 0.0025, 0.0025, 0.0025, 0.0025, 0.0025, 0.0025, 0.001, 0.001, 0.001]"
US-SP4,Color_Class,0
US-SP4,SPAR,2
US-SP4,Kfc,0.2
US-SP4,Phy,10000
US-SP4,Oice,0
US-SP4,Zs,[0 10 20 50 100 150 200 300 400 500 600 700 800 1000 1250 1500 1750 2000 2080]
US-SP4,Zdes,10
US-SP4,Zinf,10
US-SP4,Zbio,250
US-SP4,In_max_urb,5
US-SP4,In_max_rock,0.1
US-SP4,TminS,-0.8
US-SP4,TmaxS,2.8
US-SP4,ros_max1,550
US-SP4,ros_max2,260
US-SP4,Th_Pr_sno,10.0
US-SP4,Ice_wc_sp,0.01
US-SP4,ros_Ice_thr,500
US-SP4,Aice,0.35
US-SP4,WatFreez_Th,-8
US-SP4,dz_ice,0.54
US-SP4,ExEM,1.0
US-SP4,CASE_ROOT,1
US-SP4,ZR95_H,[1600]
US-SP4,ZR95_L,[0]
US-SP4,ZR50_H,NaN
US-SP4,ZR50_L,NaN
US-SP4,ZRmax_H,NaN
US-SP4,ZRmax_L,NaN
US-SP4,Kct,0.75
US-SP4,gcI,3.7
US-SP4,KcI,0.06
US-SP4,Sp_SN_In,5.9
US-SP4,Sp_LAI_L_In,[0.2]
US-SP4,Sp_LAI_H_In,[0.1]
US-SP4,d_leaf_H,[0.25]
US-SP4,d_leaf_L,[0.8]
US-SP4,KnitH,0.35
US-SP4,KnitL,0.0
US-SP4,mSl_H,0.0
US-SP4,mSl_L,0.0
US-SP4,FI_H,[0.081]
US-SP4,Do_H,[700]
US-SP4,a1_H,[5]
US-SP4,go_H,[ 0.01]
US-SP4,CT_H,[3]
US-SP4,DSE_H,[0.649]
US-SP4,Ha_H,[89]
US-SP4,gmes_H,[Inf]
US-SP4,rjv_H,[1.8]
US-SP4,FI_L,[0.081]
US-SP4,Do_L,[2000]
US-SP4,a1_L,[7]
US-SP4,go_L,[0.01]
US-SP4,CT_L,[3]
US-SP4,DSE_L,[0.660]
US-SP4,Ha_L,[48]
US-SP4,gmes_L,[Inf]
US-SP4,rjv_L,[2.6]
US-SP4,Psi_sto_00_H,-0.8
US-SP4,Psi_sto_50_H,-2.5
US-SP4,PsiL00_H,-1.0
US-SP4,PsiL50_H,-3.2
US-SP4,Kleaf_max_H,10
US-SP4,Cl_H,1200
US-SP4,Axyl_H,15.0
US-SP4,Kx_max_H,80000
US-SP4,PsiX50_H,-5.0
US-SP4,Cx_H,150
US-SP4,Psi_sto_00_L,-0.8
US-SP4,Psi_sto_50_L,-3.0
US-SP4,PsiL00_L,-1.1
US-SP4,PsiL50_L,-4.0
US-SP4,Kleaf_max_L,5
US-SP4,Cl_L,1200
US-SP4,Axyl_L,0.0
US-SP4,Kx_max_L,80000
US-SP4,PsiX50_L,-4.5
US-SP4,Cx_L,150
US-SP4,PsiG50_H,-0.8
US-SP4,PsiG99_H,-2.5
US-SP4,gcoef_H,3.5
US-SP4,PsiG50_L,-1.45
US-SP4,PsiG99_L,-4.0
US-SP4,gcoef_L,3.5
US-SP4,OM_H,1
US-SP4,OM_L,1
US-SP4,Sllit,2
US-SP4,Sl_H,[0.0165079]
US-SP4,Nl_H,[62]
US-SP4,r_H,[0.055]
US-SP4,gR_H,[0.25]
US-SP4,aSE_H,[0]
US-SP4,dd_max_H,[1/200]
US-SP4,dc_C_H,78/365
US-SP4,Tcold_H,[-50]
US-SP4,drn_H,[1/800]
US-SP4,dsn_H,[1/600]
US-SP4,age_cr_H,[1220]
US-SP4,Bfac_lo_H,[0.99]
US-SP4,Bfac_ls_H,[NaN]
US-SP4,Tlo_H,[1.5]
US-SP4,PAR_th_H,[NaN]
US-SP4,dmg_H,[30]
US-SP4,LAI_min_H,[0.001]
US-SP4,Trr_H,[0.5]
US-SP4,mjDay_H,[220]
US-SP4,LDay_min_H,[14.1]
US-SP4,LtR_H,[0.8]
US-SP4,Mf_H,[1/50]
US-SP4,Wm_H,[0]
US-SP4,eps_ac_H,[0.8]
US-SP4,LDay_cr_H,[11.8]
US-SP4,Klf_H,[1/30]
US-SP4,fab_H,[0.74]
US-SP4,fbe_H,[0.26]
US-SP4,ff_r_H,[0.1]
US-SP4,Sl_L,[0.028]
US-SP4,Nl_L,[23]
US-SP4,r_L,[0.055]
US-SP4,gR_L,[0.25]
US-SP4,aSE_L,[2]
US-SP4,dd_max_L,[1/360]
US-SP4,dc_C_L,[7/365]
US-SP4,Tcold_L,[0.0]
US-SP4,drn_L,[1/570]
US-SP4,dsn_L,[ 1/365]
US-SP4,age_cr_L,[180]
US-SP4,Bfac_lo_L,[0.99]
US-SP4,Bfac_ls_L,[NaN]
US-SP4,Tlo_L,[6.0]
US-SP4,Tls_L,[NaN]
US-SP4,PAR_th_L,[NaN]
US-SP4,dmg_L,[25]
US-SP4,LAI_min_L,[0.1]
US-SP4,Trr_L,[4.0]
US-SP4,mjDay_L,[220]
US-SP4,LDay_min_L,[NaN]
US-SP4,LtR_L,[0.8]
US-SP4,Mf_L,[NaN]
US-SP4,Wm_L,[NaN]
US-SP4,eps_ac_L,[0.5]
US-SP4,LDay_cr_L,[11.5]
US-SP4,Klf_L,[NaN]
US-SP4,fab_L,NaN
US-SP4,fbe_L,NaN
US-SP4,ff_r_L,[NaN]
US-SP4,Vmax_H,[32]
US-SP4,Vmax_L,[0]
US-SP4,LAI_H,[4.03]
US-SP4,B_H,[215 327 262 244 1 0 5 0]
US-SP4,Rrootl_H,[4200]
US-SP4,PHE_S_H,[4]
US-SP4,dflo_H,[0]
US-SP4,AgeL_H,[1172]
US-SP4,e_rel_H,[1]
US-SP4,hc_H,[17]
US-SP4,SAI_H,[0.1]
US-SP4,LAI_L,[0.0]
US-SP4,B_L,[0 0 0 0 0 0 0 0]
US-SP4,Rrootl_L,[0]
US-SP4,PHE_S_L,[1]
US-SP4,dflo_L,[0]
US-SP4,AgeL_L,[0]
US-SP4,e_rel_L,[1]
US-SP4,hc_L,[0.0]
US-SP4,SAI_L,[0.0]
US-SP4,BLit,0.0
US-SP4,Nreserve_H,[1000]
US-SP4,Preserve_H,[100]
US-SP4,Kreserve_H,[1000]
US-SP4,FNC_H,1
US-SP4,NupI_H,[0 0 0]
US-SP4,Nreserve_L,[1]
US-SP4,Preserve_L,[1]
US-SP4,Kreserve_L,[1]
US-SP4,FNC_L,1
US-SP4,NupI_L,[0 0 0]
US-SP4,RexmyI,[0 0 0]
US-SP4,TBio_L,0
US-SP4,TBio_H,300
US-SP4,Vx_H,10
US-SP4,Vl_H,10
US-SP4,Vx_L,10
US-SP4,Vl_L,10
US-SP4,SWE,0
US-SP4,SND,0
US-SP4,TdpI_H,2
US-SP4,TdpI_L,2
US-SP4,In_L,0
US-SP4,In_urb,0
US-SP4,In_Litter,0
US-SP4,SP_wc,0
US-SP4,In_SWE,0
US-SP4,ros,0
US-SP4,t_sls,0
US-SP4,e_sno,0.97
US-SP4,tau_sno,0
US-SP4,EK,0
US-SP4,WAT,0
US-SP4,ICE,0
US-SP4,IP_wc,0
US-SP4,ICE_D,0
US-SP4,FROCK,0
US-SP4,Ws_under,1
US-SSH,a_dis,NaN
US-SSH,pow_dis,NaN
US-SSH,fpr,1
US-SSH,SvF,1
US-SSH,SN,0
US-SSH,Slo_top,0
US-SSH,Ared,1
US-SSH,aR,1
US-SSH,cellsize,1
US-SSH,Kbot,0.01
US-SSH,Krock,NaN
US-SSH,zatm,30
US-SSH,Cwat,0
US-SSH,Cbare,0
US-SSH,Psan_Zs,"[0.29, 0.29, 0.29, 0.28, 0.28, 0.28, 0.28, 0.3, 0.3, 0.37, 0.37, 0.37, 0.37]"
US-SSH,Pcla_Zs,"[0.14, 0.14, 0.14, 0.18, 0.18, 0.18, 0.18, 0.18, 0.18, 0.12, 0.12, 0.12, 0.12]"
US-SSH,Porg_Zs,"[0.022, 0.022, 0.022, 0.0036, 0.0036, 0.0036, 0.0036, 0.0031, 0.0031, 0.0023, 0.0023, 0.0023, 0.0023]"
US-SSH,Color_Class,0
US-SSH,SPAR,2
US-SSH,Kfc,0.2
US-SSH,Phy,10000
US-SSH,Oice,0
US-SSH,Zs,[0 10 20 50 100 150 200 300 400 500 600 700 800 870]
US-SSH,Zdes,10
US-SSH,Zinf,10
US-SSH,Zbio,250
US-SSH,In_max_urb,5
US-SSH,In_max_rock,0.1
US-SSH,TminS,-0.8
US-SSH,TmaxS,2.8
US-SSH,ros_max1,550
US-SSH,ros_max2,260
US-SSH,Th_Pr_sno,10.0
US-SSH,Ice_wc_sp,0.01
US-SSH,ros_Ice_thr,500
US-SSH,Aice,0.35
US-SSH,WatFreez_Th,-8
US-SSH,dz_ice,0.54
US-SSH,ExEM,1.0
US-SSH,CASE_ROOT,1
US-SSH,ZR95_H,[870]
US-SSH,ZR95_L,[0]
US-SSH,ZR50_H,NaN
US-SSH,ZR50_L,NaN
US-SSH,ZRmax_H,NaN
US-SSH,ZRmax_L,NaN
US-SSH,Kct,0.75
US-SSH,gcI,3.7
US-SSH,KcI,0.06
US-SSH,Sp_SN_In,5.9
US-SSH,Sp_LAI_L_In,[0.2]
US-SSH,Sp_LAI_H_In,[0.1]
US-SSH,d_leaf_H,[7]
US-SSH,d_leaf_L,[0.8]
US-SSH,KnitH,[0.4]
US-SSH,KnitL,0.0
US-SSH,mSl_H,0.0
US-SSH,mSl_L,0.0
US-SSH,FI_H,[0.081]
US-SSH,Do_H,[600]
US-SSH,a1_H,[6]
US-SSH,go_H,[0.01]
US-SSH,CT_H,[3]
US-SSH,DSE_H,[0.649]
US-SSH,Ha_H,[72]
US-SSH,gmes_H,[Inf]
US-SSH,rjv_H,[2.1]
US-SSH,FI_L,[0.081]
US-SSH,Do_L,[2000]
US-SSH,a1_L,[7]
US-SSH,go_L,[0.01]
US-SSH,CT_L,[3]
US-SSH,DSE_L,[0.660]
US-SSH,Ha_L,[48]
US-SSH,gmes_L,[Inf]
US-SSH,rjv_L,[2.6]
US-SSH,Psi_sto_00_H,[-0.7]
US-SSH,Psi_sto_50_H,[-2.5]
US-SSH,PsiL00_H,[0.4]
US-SSH,PsiL50_H,[-6.5]
US-SSH,Kleaf_max_H,10
US-SSH,Cl_H,1200
US-SSH,Axyl_H,15.0
US-SSH,Kx_max_H,80000
US-SSH,PsiX50_H,[-9]
US-SSH,Cx_H,150
US-SSH,Psi_sto_00_L,-0.8
US-SSH,Psi_sto_50_L,-3.0
US-SSH,PsiL00_L,-1.1
US-SSH,PsiL50_L,-4.0
US-SSH,Kleaf_max_L,5
US-SSH,Cl_L,1200
US-SSH,Axyl_L,0.0
US-SSH,Kx_max_L,80000
US-SSH,PsiX50_L,-4.5
US-SSH,Cx_L,150
US-SSH,PsiG50_H,[-0.7]
US-SSH,PsiG99_H,[-6.5]
US-SSH,gcoef_H,3.5
US-SSH,PsiG50_L,-1.45
US-SSH,PsiG99_L,-4.0
US-SSH,gcoef_L,3.5
US-SSH,OM_H,1
US-SSH,OM_L,1
US-SSH,Sllit,2
US-SSH,Sl_H,[0.0274389]
US-SSH,Nl_H,[35]
US-SSH,r_H,[0.02]
US-SSH,gR_H,[0.22]
US-SSH,aSE_H,[1]
US-SSH,dd_max_H,[1/365]
US-SSH,dc_C_H,[0.0274]
US-SSH,Tcold_H,[5]
US-SSH,drn_H,[0.0020]
US-SSH,dsn_H,[0.0027]
US-SSH,age_cr_H,[110]
US-SSH,Bfac_lo_H,[0.9]
US-SSH,Bfac_ls_H,[NaN]
US-SSH,Tlo_H,[4.0]
US-SSH,PAR_th_H,[NaN]
US-SSH,dmg_H,[30]
US-SSH,LAI_min_H,[0.001]
US-SSH,Trr_H,[3.0]
US-SSH,mjDay_H,[230]
US-SSH,LDay_min_H,[11.5]
US-SSH,LtR_H,[1.5]
US-SSH,Mf_H,[0.0125]
US-SSH,Wm_H,[0]
US-SSH,eps_ac_H,[0.3]
US-SSH,LDay_cr_H,[12.0]
US-SSH,Klf_H,[0.025]
US-SSH,fab_H,[0.74]
US-SSH,fbe_H,[0.26]
US-SSH,ff_r_H,[0.1]
US-SSH,Sl_L,[0.028]
US-SSH,Nl_L,[23]
US-SSH,r_L,[0.055]
US-SSH,gR_L,[0.25]
US-SSH,aSE_L,[2]
US-SSH,dd_max_L,[1/360]
US-SSH,dc_C_L,[7/365]
US-SSH,Tcold_L,[0.0]
US-SSH,drn_L,[1/570]
US-SSH,dsn_L,[ 1/365]
US-SSH,age_cr_L,[180]
US-SSH,Bfac_lo_L,[0.99]
US-SSH,Bfac_ls_L,[NaN]
US-SSH,Tlo_L,[6.0]
US-SSH,Tls_L,[NaN]
US-SSH,PAR_th_L,[NaN]
US-SSH,dmg_L,[25]
US-SSH,LAI_min_L,[0.1]
US-SSH,Trr_L,[4.0]
US-SSH,mjDay_L,[220]
US-SSH,LDay_min_L,[NaN]
US-SSH,LtR_L,[0.8]
US-SSH,Mf_L,[NaN]
US-SSH,Wm_L,[NaN]
US-SSH,eps_ac_L,[0.5]
US-SSH,LDay_cr_L,[11.5]
US-SSH,Klf_L,[NaN]
US-SSH,fab_L,NaN
US-SSH,fbe_L,NaN
US-SSH,ff_r_L,[NaN]
US-SSH,Vmax_H,[50]
US-SSH,Vmax_L,[0]
US-SSH,LAI_H,[0.0]
US-SSH,B_H,[0 327 262 350 0 0 0 0]
US-SSH,Rrootl_H,[4200]
US-SSH,PHE_S_H,[1]
US-SSH,dflo_H,[0]
US-SSH,AgeL_H,[0]
US-SSH,e_rel_H,[1]
US-SSH,hc_H,[22]
US-SSH,SAI_H,[0.1]
US-SSH,LAI_L,[0.0]
US-SSH,B_L,[0 0 0 0 0 0 0 0]
US-SSH,Rrootl_L,[0]
US-SSH,PHE_S_L,[1]
US-SSH,dflo_L,[0]
US-SSH,AgeL_L,[0]
US-SSH,e_rel_L,[1]
US-SSH,hc_L,[0.0]
US-SSH,SAI_L,[0.0]
US-SSH,BLit,0.0
US-SSH,Nreserve_H,[1000]
US-SSH,Preserve_H,[100]
US-SSH,Kreserve_H,[1000]
US-SSH,FNC_H,1
US-SSH,NupI_H,[0 0 0]
US-SSH,Nreserve_L,[1]
US-SSH,Preserve_L,[1]
US-SSH,Kreserve_L,[1]
US-SSH,FNC_L,1
US-SSH,NupI_L,[0 0 0]
US-SSH,RexmyI,[0 0 0]
US-SSH,TBio_L,0
US-SSH,TBio_H,300
US-SSH,Vx_H,10
US-SSH,Vl_H,10
US-SSH,Vx_L,10
US-SSH,Vl_L,10
US-SSH,SWE,0
US-SSH,SND,0
US-SSH,TdpI_H,2
US-SSH,TdpI_L,2
US-SSH,In_L,0
US-SSH,In_urb,0
US-SSH,In_Litter,0
US-SSH,SP_wc,0
US-SSH,In_SWE,0
US-SSH,ros,0
US-SSH,t_sls,0
US-SSH,e_sno,0.97
US-SSH,tau_sno,0
US-SSH,EK,0
US-SSH,WAT,0
US-SSH,ICE,0
US-SSH,IP_wc,0
US-SSH,ICE_D,0
US-SSH,FROCK,0
US-SSH,Ws_under,1
US-Slt,a_dis,NaN
US-Slt,pow_dis,NaN
US-Slt,fpr,1
US-Slt,SvF,1
US-Slt,SN,0
US-Slt,Slo_top,0
US-Slt,Ared,1
US-Slt,aR,1
US-Slt,cellsize,1
US-Slt,Kbot,NaN
US-Slt,Krock,NaN
US-Slt,zatm,19
US-Slt,Cwat,0
US-Slt,Cbare,0
US-Slt,Psan_Zs,"[0.915, 0.915, 0.915, 0.915, 0.915, 0.915, 0.915, 0.915, 0.915, 0.915, 0.915, 0.915, 0.838, 0.838, 0.838, 0.838, 0.838, 0.838]"
US-Slt,Pcla_Zs,"[0.035, 0.035, 0.035, 0.035, 0.035, 0.035, 0.035, 0.035, 0.035, 0.035, 0.035, 0.035, 0.07, 0.07, 0.07, 0.07, 0.07, 0.07]"
US-Slt,Porg_Zs,"[0.0075, 0.0075, 0.0075, 0.0075, 0, 0, 0, 0, 0, 0, 0, 0, 0, 0, 0, 0, 0, 0]"
US-Slt,Color_Class,0
US-Slt,SPAR,2
US-Slt,Kfc,0.2
US-Slt,Phy,10000
US-Slt,Oice,0
US-Slt,Zs,[0 10 20 50 100 150 200 300 400 500 600 700 800 1000 1250 1500 1750 2000 2030]
US-Slt,Zdes,10
US-Slt,Zinf,10
US-Slt,Zbio,250
US-Slt,In_max_urb,5
US-Slt,In_max_rock,0.1
US-Slt,TminS,-0.8
US-Slt,TmaxS,2.8
US-Slt,ros_max1,550
US-Slt,ros_max2,260
US-Slt,Th_Pr_sno,10.0
US-Slt,Ice_wc_sp,0.01
US-Slt,ros_Ice_thr,500
US-Slt,Aice,0.35
US-Slt,WatFreez_Th,-8
US-Slt,dz_ice,0.54
US-Slt,ExEM,1.0
US-Slt,CASE_ROOT,1
US-Slt,ZR95_H,[1000]
US-Slt,ZR95_L,[0]
US-Slt,ZR50_H,NaN
US-Slt,ZR50_L,NaN
US-Slt,ZRmax_H,NaN
US-Slt,ZRmax_L,NaN
US-Slt,Kct,0.75
US-Slt,gcI,3.7
US-Slt,KcI,0.06
US-Slt,Sp_SN_In,5.9
US-Slt,Sp_LAI_L_In,[0.2]
US-Slt,Sp_LAI_H_In,[0.1]
US-Slt,d_leaf_H,[7]
US-Slt,d_leaf_L,[0.8]
US-Slt,KnitH,[0.4]
US-Slt,KnitL,0.0
US-Slt,mSl_H,0.0
US-Slt,mSl_L,0.0
US-Slt,FI_H,[0.081]
US-Slt,Do_H,[600]
US-Slt,a1_H,[6]
US-Slt,go_H,[0.01]
US-Slt,CT_H,[3]
US-Slt,DSE_H,[0.649]
US-Slt,Ha_H,[72]
US-Slt,gmes_H,[Inf]
US-Slt,rjv_H,[2.1]
US-Slt,FI_L,[0.081]
US-Slt,Do_L,[2000]
US-Slt,a1_L,[7]
US-Slt,go_L,[0.01]
US-Slt,CT_L,[3]
US-Slt,DSE_L,[0.660]
US-Slt,Ha_L,[48]
US-Slt,gmes_L,[Inf]
US-Slt,rjv_L,[2.6]
US-Slt,Psi_sto_00_H,[-0.7]
US-Slt,Psi_sto_50_H,[-2.5]
US-Slt,PsiL00_H,[0.4]
US-Slt,PsiL50_H,[-6.5]
US-Slt,Kleaf_max_H,10
US-Slt,Cl_H,1200
US-Slt,Axyl_H,15.0
US-Slt,Kx_max_H,80000
US-Slt,PsiX50_H,[-9]
US-Slt,Cx_H,150
US-Slt,Psi_sto_00_L,-0.8
US-Slt,Psi_sto_50_L,-3.0
US-Slt,PsiL00_L,-1.1
US-Slt,PsiL50_L,-4.0
US-Slt,Kleaf_max_L,5
US-Slt,Cl_L,1200
US-Slt,Axyl_L,0.0
US-Slt,Kx_max_L,80000
US-Slt,PsiX50_L,-4.5
US-Slt,Cx_L,150
US-Slt,PsiG50_H,[-0.7]
US-Slt,PsiG99_H,[-6.5]
US-Slt,gcoef_H,3.5
US-Slt,PsiG50_L,-1.45
US-Slt,PsiG99_L,-4.0
US-Slt,gcoef_L,3.5
US-Slt,OM_H,1
US-Slt,OM_L,1
US-Slt,Sllit,2
US-Slt,Sl_H,[0.0249809]
US-Slt,Nl_H,[35]
US-Slt,r_H,[0.02]
US-Slt,gR_H,[0.22]
US-Slt,aSE_H,[1]
US-Slt,dd_max_H,[1/365]
US-Slt,dc_C_H,[0.0274]
US-Slt,Tcold_H,[5]
US-Slt,drn_H,[0.0020]
US-Slt,dsn_H,[0.0027]
US-Slt,age_cr_H,[110]
US-Slt,Bfac_lo_H,[0.9]
US-Slt,Bfac_ls_H,[NaN]
US-Slt,Tlo_H,[4.0]
US-Slt,PAR_th_H,[NaN]
US-Slt,dmg_H,[30]
US-Slt,LAI_min_H,[0.001]
US-Slt,Trr_H,[3.0]
US-Slt,mjDay_H,[230]
US-Slt,LDay_min_H,[11.5]
US-Slt,LtR_H,[1.5]
US-Slt,Mf_H,[0.0125]
US-Slt,Wm_H,[0]
US-Slt,eps_ac_H,[0.3]
US-Slt,LDay_cr_H,[12.0]
US-Slt,Klf_H,[0.025]
US-Slt,fab_H,[0.74]
US-Slt,fbe_H,[0.26]
US-Slt,ff_r_H,[0.1]
US-Slt,Sl_L,[0.028]
US-Slt,Nl_L,[23]
US-Slt,r_L,[0.055]
US-Slt,gR_L,[0.25]
US-Slt,aSE_L,[2]
US-Slt,dd_max_L,[1/360]
US-Slt,dc_C_L,[7/365]
US-Slt,Tcold_L,[0.0]
US-Slt,drn_L,[1/570]
US-Slt,dsn_L,[ 1/365]
US-Slt,age_cr_L,[180]
US-Slt,Bfac_lo_L,[0.99]
US-Slt,Bfac_ls_L,[NaN]
US-Slt,Tlo_L,[6.0]
US-Slt,Tls_L,[NaN]
US-Slt,PAR_th_L,[NaN]
US-Slt,dmg_L,[25]
US-Slt,LAI_min_L,[0.1]
US-Slt,Trr_L,[4.0]
US-Slt,mjDay_L,[220]
US-Slt,LDay_min_L,[NaN]
US-Slt,LtR_L,[0.8]
US-Slt,Mf_L,[NaN]
US-Slt,Wm_L,[NaN]
US-Slt,eps_ac_L,[0.5]
US-Slt,LDay_cr_L,[11.5]
US-Slt,Klf_L,[NaN]
US-Slt,fab_L,NaN
US-Slt,fbe_L,NaN
US-Slt,ff_r_L,[NaN]
US-Slt,Vmax_H,[50]
US-Slt,Vmax_L,[0]
US-Slt,LAI_H,[0.0]
US-Slt,B_H,[0 327 262 350 0 0 0 0]
US-Slt,Rrootl_H,[4200]
US-Slt,PHE_S_H,[1]
US-Slt,dflo_H,[0]
US-Slt,AgeL_H,[0]
US-Slt,e_rel_H,[1]
US-Slt,hc_H,[9.52]
US-Slt,SAI_H,[0.1]
US-Slt,LAI_L,[0.0]
US-Slt,B_L,[0 0 0 0 0 0 0 0]
US-Slt,Rrootl_L,[0]
US-Slt,PHE_S_L,[1]
US-Slt,dflo_L,[0]
US-Slt,AgeL_L,[0]
US-Slt,e_rel_L,[1]
US-Slt,hc_L,[0.0]
US-Slt,SAI_L,[0.0]
US-Slt,BLit,0.0
US-Slt,Nreserve_H,[1000]
US-Slt,Preserve_H,[100]
US-Slt,Kreserve_H,[1000]
US-Slt,FNC_H,1
US-Slt,NupI_H,[0 0 0]
US-Slt,Nreserve_L,[1]
US-Slt,Preserve_L,[1]
US-Slt,Kreserve_L,[1]
US-Slt,FNC_L,1
US-Slt,NupI_L,[0 0 0]
US-Slt,RexmyI,[0 0 0]
US-Slt,TBio_L,0
US-Slt,TBio_H,300
US-Slt,Vx_H,10
US-Slt,Vl_H,10
US-Slt,Vx_L,10
US-Slt,Vl_L,10
US-Slt,SWE,0
US-Slt,SND,0
US-Slt,TdpI_H,2
US-Slt,TdpI_L,2
US-Slt,In_L,0
US-Slt,In_urb,0
US-Slt,In_Litter,0
US-Slt,SP_wc,0
US-Slt,In_SWE,0
US-Slt,ros,0
US-Slt,t_sls,0
US-Slt,e_sno,0.97
US-Slt,tau_sno,0
US-Slt,EK,0
US-Slt,WAT,0
US-Slt,ICE,0
US-Slt,IP_wc,0
US-Slt,ICE_D,0
US-Slt,FROCK,0
US-Slt,Ws_under,1
US-TEF,a_dis,NaN
US-TEF,pow_dis,NaN
US-TEF,fpr,1
US-TEF,SvF,1
US-TEF,SN,0
US-TEF,Slo_top,0
US-TEF,Ared,1
US-TEF,aR,1
US-TEF,cellsize,1
US-TEF,Kbot,NaN
US-TEF,Krock,NaN
US-TEF,zatm,27
US-TEF,Cwat,0
US-TEF,Cbare,0
US-TEF,Psan_Zs,"[0.39, 0.39, 0.39, 0.39, 0.39, 0.34, 0.34, 0.34, 0.34, 0.38, 0.38, 0.38, 0.38, 0.38, 0.38]"
US-TEF,Pcla_Zs,"[0.24, 0.24, 0.24, 0.24, 0.24, 0.3, 0.3, 0.3, 0.3, 0.26, 0.26, 0.26, 0.26, 0.26, 0.26]"
US-TEF,Porg_Zs,"[0.01, 0.01, 0.01, 0.01, 0.01, 0.02, 0.02, 0.02, 0.02, 0.005, 0.005, 0.005, 0.005, 0.005, 0.005]"
US-TEF,Color_Class,0
US-TEF,SPAR,2
US-TEF,Kfc,0.2
US-TEF,Phy,10000
US-TEF,Oice,0
US-TEF,Zs,[0 10 20 50 100 150 200 300 400 500 600 700 800 1000 1250 1430]
US-TEF,Zdes,10
US-TEF,Zinf,10
US-TEF,Zbio,250
US-TEF,In_max_urb,5
US-TEF,In_max_rock,0.1
US-TEF,TminS,-0.8
US-TEF,TmaxS,2.8
US-TEF,ros_max1,550
US-TEF,ros_max2,260
US-TEF,Th_Pr_sno,10.0
US-TEF,Ice_wc_sp,0.01
US-TEF,ros_Ice_thr,500
US-TEF,Aice,0.35
US-TEF,WatFreez_Th,-8
US-TEF,dz_ice,0.54
US-TEF,ExEM,1.0
US-TEF,CASE_ROOT,1
US-TEF,ZR95_H,[900]
US-TEF,ZR95_L,[0]
US-TEF,ZR50_H,NaN
US-TEF,ZR50_L,NaN
US-TEF,ZRmax_H,NaN
US-TEF,ZRmax_L,NaN
US-TEF,Kct,0.75
US-TEF,gcI,3.7
US-TEF,KcI,0.06
US-TEF,Sp_SN_In,5.9
US-TEF,Sp_LAI_L_In,[0.2]
US-TEF,Sp_LAI_H_In,[0.1]
US-TEF,d_leaf_H,[0.25]
US-TEF,d_leaf_L,[0.8]
US-TEF,KnitH,0.35
US-TEF,KnitL,0.0
US-TEF,mSl_H,0.0
US-TEF,mSl_L,0.0
US-TEF,FI_H,[0.081]
US-TEF,Do_H,[700]
US-TEF,a1_H,[5]
US-TEF,go_H,[ 0.01]
US-TEF,CT_H,[3]
US-TEF,DSE_H,[0.649]
US-TEF,Ha_H,[89]
US-TEF,gmes_H,[Inf]
US-TEF,rjv_H,[1.8]
US-TEF,FI_L,[0.081]
US-TEF,Do_L,[2000]
US-TEF,a1_L,[7]
US-TEF,go_L,[0.01]
US-TEF,CT_L,[3]
US-TEF,DSE_L,[0.660]
US-TEF,Ha_L,[48]
US-TEF,gmes_L,[Inf]
US-TEF,rjv_L,[2.6]
US-TEF,Psi_sto_00_H,-0.8
US-TEF,Psi_sto_50_H,-2.5
US-TEF,PsiL00_H,-1.0
US-TEF,PsiL50_H,-3.2
US-TEF,Kleaf_max_H,10
US-TEF,Cl_H,1200
US-TEF,Axyl_H,15.0
US-TEF,Kx_max_H,80000
US-TEF,PsiX50_H,-5.0
US-TEF,Cx_H,150
US-TEF,Psi_sto_00_L,-0.8
US-TEF,Psi_sto_50_L,-3.0
US-TEF,PsiL00_L,-1.1
US-TEF,PsiL50_L,-4.0
US-TEF,Kleaf_max_L,5
US-TEF,Cl_L,1200
US-TEF,Axyl_L,0.0
US-TEF,Kx_max_L,80000
US-TEF,PsiX50_L,-4.5
US-TEF,Cx_L,150
US-TEF,PsiG50_H,-0.8
US-TEF,PsiG99_H,-2.5
US-TEF,gcoef_H,3.5
US-TEF,PsiG50_L,-1.45
US-TEF,PsiG99_L,-4.0
US-TEF,gcoef_L,3.5
US-TEF,OM_H,1
US-TEF,OM_L,1
US-TEF,Sllit,2
US-TEF,Sl_H,[0.0184142]
US-TEF,Nl_H,[62]
US-TEF,r_H,[0.055]
US-TEF,gR_H,[0.25]
US-TEF,aSE_H,[0]
US-TEF,dd_max_H,[1/200]
US-TEF,dc_C_H,78/365
US-TEF,Tcold_H,[-50]
US-TEF,drn_H,[1/800]
US-TEF,dsn_H,[1/600]
US-TEF,age_cr_H,[1220]
US-TEF,Bfac_lo_H,[0.99]
US-TEF,Bfac_ls_H,[NaN]
US-TEF,Tlo_H,[1.5]
US-TEF,PAR_th_H,[NaN]
US-TEF,dmg_H,[30]
US-TEF,LAI_min_H,[0.001]
US-TEF,Trr_H,[0.5]
US-TEF,mjDay_H,[220]
US-TEF,LDay_min_H,[14.1]
US-TEF,LtR_H,[0.8]
US-TEF,Mf_H,[1/50]
US-TEF,Wm_H,[0]
US-TEF,eps_ac_H,[0.8]
US-TEF,LDay_cr_H,[11.8]
US-TEF,Klf_H,[1/30]
US-TEF,fab_H,[0.74]
US-TEF,fbe_H,[0.26]
US-TEF,ff_r_H,[0.1]
US-TEF,Sl_L,[0.028]
US-TEF,Nl_L,[23]
US-TEF,r_L,[0.055]
US-TEF,gR_L,[0.25]
US-TEF,aSE_L,[2]
US-TEF,dd_max_L,[1/360]
US-TEF,dc_C_L,[7/365]
US-TEF,Tcold_L,[0.0]
US-TEF,drn_L,[1/570]
US-TEF,dsn_L,[ 1/365]
US-TEF,age_cr_L,[180]
US-TEF,Bfac_lo_L,[0.99]
US-TEF,Bfac_ls_L,[NaN]
US-TEF,Tlo_L,[6.0]
US-TEF,Tls_L,[NaN]
US-TEF,PAR_th_L,[NaN]
US-TEF,dmg_L,[25]
US-TEF,LAI_min_L,[0.1]
US-TEF,Trr_L,[4.0]
US-TEF,mjDay_L,[220]
US-TEF,LDay_min_L,[NaN]
US-TEF,LtR_L,[0.8]
US-TEF,Mf_L,[NaN]
US-TEF,Wm_L,[NaN]
US-TEF,eps_ac_L,[0.5]
US-TEF,LDay_cr_L,[11.5]
US-TEF,Klf_L,[NaN]
US-TEF,fab_L,NaN
US-TEF,fbe_L,NaN
US-TEF,ff_r_L,[NaN]
US-TEF,Vmax_H,[32]
US-TEF,Vmax_L,[0]
US-TEF,LAI_H,[4.03]
US-TEF,B_H,[215 327 262 244 1 0 5 0]
US-TEF,Rrootl_H,[4200]
US-TEF,PHE_S_H,[4]
US-TEF,dflo_H,[0]
US-TEF,AgeL_H,[1172]
US-TEF,e_rel_H,[1]
US-TEF,hc_H,[15]
US-TEF,SAI_H,[0.1]
US-TEF,LAI_L,[0.0]
US-TEF,B_L,[0 0 0 0 0 0 0 0]
US-TEF,Rrootl_L,[0]
US-TEF,PHE_S_L,[1]
US-TEF,dflo_L,[0]
US-TEF,AgeL_L,[0]
US-TEF,e_rel_L,[1]
US-TEF,hc_L,[0.0]
US-TEF,SAI_L,[0.0]
US-TEF,BLit,0.0
US-TEF,Nreserve_H,[1000]
US-TEF,Preserve_H,[100]
US-TEF,Kreserve_H,[1000]
US-TEF,FNC_H,1
US-TEF,NupI_H,[0 0 0]
US-TEF,Nreserve_L,[1]
US-TEF,Preserve_L,[1]
US-TEF,Kreserve_L,[1]
US-TEF,FNC_L,1
US-TEF,NupI_L,[0 0 0]
US-TEF,RexmyI,[0 0 0]
US-TEF,TBio_L,0
US-TEF,TBio_H,300
US-TEF,Vx_H,10
US-TEF,Vl_H,10
US-TEF,Vx_L,10
US-TEF,Vl_L,10
US-TEF,SWE,0
US-TEF,SND,0
US-TEF,TdpI_H,2
US-TEF,TdpI_L,2
US-TEF,In_L,0
US-TEF,In_urb,0
US-TEF,In_Litter,0
US-TEF,SP_wc,0
US-TEF,In_SWE,0
US-TEF,ros,0
US-TEF,t_sls,0
US-TEF,e_sno,0.97
US-TEF,tau_sno,0
US-TEF,EK,0
US-TEF,WAT,0
US-TEF,ICE,0
US-TEF,IP_wc,0
US-TEF,ICE_D,0
US-TEF,FROCK,0
US-TEF,Ws_under,1
US-UMB,a_dis,NaN
US-UMB,pow_dis,NaN
US-UMB,fpr,1
US-UMB,SvF,1
US-UMB,SN,0
US-UMB,Slo_top,0
US-UMB,Ared,1
US-UMB,aR,1
US-UMB,cellsize,1
US-UMB,Kbot,NaN
US-UMB,Krock,NaN
US-UMB,zatm,48
US-UMB,Cwat,0
US-UMB,Cbare,0
US-UMB,Psan_Zs,"[0.91, 0.91, 0.91, 0.93, 0.93, 0.93, 0.91, 0.91, 0.97, 0.97, 0.97, 0.97, 0.97, 0.97, 0.97, 0.97, 0.97]"
US-UMB,Pcla_Zs,"[0.02, 0.02, 0.02, 0.02, 0.02, 0.02, 0.03, 0.03, 0.01, 0.01, 0.01, 0.01, 0.01, 0.01, 0.01, 0.01, 0.01]"
US-UMB,Porg_Zs,"[0.0467, 0.0467, 0.0467, 0.0142, 0.0142, 0.0142, 0.0148, 0.0148, 0.005, 0.005, 0.005, 0.005, 0.005, 0.005, 0.005, 0.005, 0.005]"
US-UMB,Color_Class,0
US-UMB,SPAR,2
US-UMB,Kfc,0.2
US-UMB,Phy,10000
US-UMB,Oice,0
US-UMB,Zs,[0 10 20 50 100 150 200 300 400 500 600 700 800 1000 1250 1500 1750 1980]
US-UMB,Zdes,10
US-UMB,Zinf,10
US-UMB,Zbio,250
US-UMB,In_max_urb,5
US-UMB,In_max_rock,0.1
US-UMB,TminS,-0.8
US-UMB,TmaxS,2.8
US-UMB,ros_max1,550
US-UMB,ros_max2,260
US-UMB,Th_Pr_sno,10.0
US-UMB,Ice_wc_sp,0.01
US-UMB,ros_Ice_thr,500
US-UMB,Aice,0.35
US-UMB,WatFreez_Th,-8
US-UMB,dz_ice,0.54
US-UMB,ExEM,1.0
US-UMB,CASE_ROOT,1
US-UMB,ZR95_H,[800]
US-UMB,ZR95_L,[0]
US-UMB,ZR50_H,NaN
US-UMB,ZR50_L,NaN
US-UMB,ZRmax_H,NaN
US-UMB,ZRmax_L,NaN
US-UMB,Kct,0.75
US-UMB,gcI,3.7
US-UMB,KcI,0.06
US-UMB,Sp_SN_In,5.9
US-UMB,Sp_LAI_L_In,[0.2]
US-UMB,Sp_LAI_H_In,[0.1]
US-UMB,d_leaf_H,[7]
US-UMB,d_leaf_L,[0.8]
US-UMB,KnitH,[0.4]
US-UMB,KnitL,0.0
US-UMB,mSl_H,0.0
US-UMB,mSl_L,0.0
US-UMB,FI_H,[0.081]
US-UMB,Do_H,[600]
US-UMB,a1_H,[6]
US-UMB,go_H,[0.01]
US-UMB,CT_H,[3]
US-UMB,DSE_H,[0.649]
US-UMB,Ha_H,[72]
US-UMB,gmes_H,[Inf]
US-UMB,rjv_H,[2.1]
US-UMB,FI_L,[0.081]
US-UMB,Do_L,[2000]
US-UMB,a1_L,[7]
US-UMB,go_L,[0.01]
US-UMB,CT_L,[3]
US-UMB,DSE_L,[0.660]
US-UMB,Ha_L,[48]
US-UMB,gmes_L,[Inf]
US-UMB,rjv_L,[2.6]
US-UMB,Psi_sto_00_H,[-0.7]
US-UMB,Psi_sto_50_H,[-2.5]
US-UMB,PsiL00_H,[0.4]
US-UMB,PsiL50_H,[-6.5]
US-UMB,Kleaf_max_H,10
US-UMB,Cl_H,1200
US-UMB,Axyl_H,15.0
US-UMB,Kx_max_H,80000
US-UMB,PsiX50_H,[-9]
US-UMB,Cx_H,150
US-UMB,Psi_sto_00_L,-0.8
US-UMB,Psi_sto_50_L,-3.0
US-UMB,PsiL00_L,-1.1
US-UMB,PsiL50_L,-4.0
US-UMB,Kleaf_max_L,5
US-UMB,Cl_L,1200
US-UMB,Axyl_L,0.0
US-UMB,Kx_max_L,80000
US-UMB,PsiX50_L,-4.5
US-UMB,Cx_L,150
US-UMB,PsiG50_H,[-0.7]
US-UMB,PsiG99_H,[-6.5]
US-UMB,gcoef_H,3.5
US-UMB,PsiG50_L,-1.45
US-UMB,PsiG99_L,-4.0
US-UMB,gcoef_L,3.5
US-UMB,OM_H,1
US-UMB,OM_L,1
US-UMB,Sllit,2
US-UMB,Sl_H,[0.0200937]
US-UMB,Nl_H,[35]
US-UMB,r_H,[0.02]
US-UMB,gR_H,[0.22]
US-UMB,aSE_H,[1]
US-UMB,dd_max_H,[1/365]
US-UMB,dc_C_H,[0.0274]
US-UMB,Tcold_H,[5]
US-UMB,drn_H,[0.0020]
US-UMB,dsn_H,[0.0027]
US-UMB,age_cr_H,[110]
US-UMB,Bfac_lo_H,[0.9]
US-UMB,Bfac_ls_H,[NaN]
US-UMB,Tlo_H,[4.0]
US-UMB,PAR_th_H,[NaN]
US-UMB,dmg_H,[30]
US-UMB,LAI_min_H,[0.001]
US-UMB,Trr_H,[3.0]
US-UMB,mjDay_H,[230]
US-UMB,LDay_min_H,[11.5]
US-UMB,LtR_H,[1.5]
US-UMB,Mf_H,[0.0125]
US-UMB,Wm_H,[0]
US-UMB,eps_ac_H,[0.3]
US-UMB,LDay_cr_H,[12.0]
US-UMB,Klf_H,[0.025]
US-UMB,fab_H,[0.74]
US-UMB,fbe_H,[0.26]
US-UMB,ff_r_H,[0.1]
US-UMB,Sl_L,[0.028]
US-UMB,Nl_L,[23]
US-UMB,r_L,[0.055]
US-UMB,gR_L,[0.25]
US-UMB,aSE_L,[2]
US-UMB,dd_max_L,[1/360]
US-UMB,dc_C_L,[7/365]
US-UMB,Tcold_L,[0.0]
US-UMB,drn_L,[1/570]
US-UMB,dsn_L,[ 1/365]
US-UMB,age_cr_L,[180]
US-UMB,Bfac_lo_L,[0.99]
US-UMB,Bfac_ls_L,[NaN]
US-UMB,Tlo_L,[6.0]
US-UMB,Tls_L,[NaN]
US-UMB,PAR_th_L,[NaN]
US-UMB,dmg_L,[25]
US-UMB,LAI_min_L,[0.1]
US-UMB,Trr_L,[4.0]
US-UMB,mjDay_L,[220]
US-UMB,LDay_min_L,[NaN]
US-UMB,LtR_L,[0.8]
US-UMB,Mf_L,[NaN]
US-UMB,Wm_L,[NaN]
US-UMB,eps_ac_L,[0.5]
US-UMB,LDay_cr_L,[11.5]
US-UMB,Klf_L,[NaN]
US-UMB,fab_L,NaN
US-UMB,fbe_L,NaN
US-UMB,ff_r_L,[NaN]
US-UMB,Vmax_H,[50]
US-UMB,Vmax_L,[0]
US-UMB,LAI_H,[0.0]
US-UMB,B_H,[0 327 262 350 0 0 0 0]
US-UMB,Rrootl_H,[4200]
US-UMB,PHE_S_H,[1]
US-UMB,dflo_H,[0]
US-UMB,AgeL_H,[0]
US-UMB,e_rel_H,[1]
US-UMB,hc_H,[23]
US-UMB,SAI_H,[0.1]
US-UMB,LAI_L,[0.0]
US-UMB,B_L,[0 0 0 0 0 0 0 0]
US-UMB,Rrootl_L,[0]
US-UMB,PHE_S_L,[1]
US-UMB,dflo_L,[0]
US-UMB,AgeL_L,[0]
US-UMB,e_rel_L,[1]
US-UMB,hc_L,[0.0]
US-UMB,SAI_L,[0.0]
US-UMB,BLit,0.0
US-UMB,Nreserve_H,[1000]
US-UMB,Preserve_H,[100]
US-UMB,Kreserve_H,[1000]
US-UMB,FNC_H,1
US-UMB,NupI_H,[0 0 0]
US-UMB,Nreserve_L,[1]
US-UMB,Preserve_L,[1]
US-UMB,Kreserve_L,[1]
US-UMB,FNC_L,1
US-UMB,NupI_L,[0 0 0]
US-UMB,RexmyI,[0 0 0]
US-UMB,TBio_L,0
US-UMB,TBio_H,300
US-UMB,Vx_H,10
US-UMB,Vl_H,10
US-UMB,Vx_L,10
US-UMB,Vl_L,10
US-UMB,SWE,0
US-UMB,SND,0
US-UMB,TdpI_H,2
US-UMB,TdpI_L,2
US-UMB,In_L,0
US-UMB,In_urb,0
US-UMB,In_Litter,0
US-UMB,SP_wc,0
US-UMB,In_SWE,0
US-UMB,ros,0
US-UMB,t_sls,0
US-UMB,e_sno,0.97
US-UMB,tau_sno,0
US-UMB,EK,0
US-UMB,WAT,0
US-UMB,ICE,0
US-UMB,IP_wc,0
US-UMB,ICE_D,0
US-UMB,FROCK,0
US-UMB,Ws_under,1
US-UMd,a_dis,NaN
US-UMd,pow_dis,NaN
US-UMd,fpr,1
US-UMd,SvF,1
US-UMd,SN,0
US-UMd,Slo_top,0
US-UMd,Ared,1
US-UMd,aR,1
US-UMd,cellsize,1
US-UMd,Kbot,NaN
US-UMd,Krock,NaN
US-UMd,zatm,32
US-UMd,Cwat,0
US-UMd,Cbare,0
US-UMd,Psan_Zs,"[0.91, 0.91, 0.91, 0.93, 0.93, 0.93, 0.91, 0.91, 0.97, 0.97, 0.97, 0.97, 0.97, 0.97, 0.97, 0.97, 0.97]"
US-UMd,Pcla_Zs,"[0.02, 0.02, 0.02, 0.02, 0.02, 0.02, 0.03, 0.03, 0.01, 0.01, 0.01, 0.01, 0.01, 0.01, 0.01, 0.01, 0.01]"
US-UMd,Porg_Zs,"[0.0467, 0.0467, 0.0467, 0.0142, 0.0142, 0.0142, 0.0148, 0.0148, 0.005, 0.005, 0.005, 0.005, 0.005, 0.005, 0.005, 0.005, 0.005]"
US-UMd,Color_Class,0
US-UMd,SPAR,2
US-UMd,Kfc,0.2
US-UMd,Phy,10000
US-UMd,Oice,0
US-UMd,Zs,[0 10 20 50 100 150 200 300 400 500 600 700 800 1000 1250 1500 1750 1980]
US-UMd,Zdes,10
US-UMd,Zinf,10
US-UMd,Zbio,250
US-UMd,In_max_urb,5
US-UMd,In_max_rock,0.1
US-UMd,TminS,-0.8
US-UMd,TmaxS,2.8
US-UMd,ros_max1,550
US-UMd,ros_max2,260
US-UMd,Th_Pr_sno,10.0
US-UMd,Ice_wc_sp,0.01
US-UMd,ros_Ice_thr,500
US-UMd,Aice,0.35
US-UMd,WatFreez_Th,-8
US-UMd,dz_ice,0.54
US-UMd,ExEM,1.0
US-UMd,CASE_ROOT,1
US-UMd,ZR95_H,[800]
US-UMd,ZR95_L,[0]
US-UMd,ZR50_H,NaN
US-UMd,ZR50_L,NaN
US-UMd,ZRmax_H,NaN
US-UMd,ZRmax_L,NaN
US-UMd,Kct,0.75
US-UMd,gcI,3.7
US-UMd,KcI,0.06
US-UMd,Sp_SN_In,5.9
US-UMd,Sp_LAI_L_In,[0.2]
US-UMd,Sp_LAI_H_In,[0.1]
US-UMd,d_leaf_H,[7]
US-UMd,d_leaf_L,[0.8]
US-UMd,KnitH,[0.4]
US-UMd,KnitL,0.0
US-UMd,mSl_H,0.0
US-UMd,mSl_L,0.0
US-UMd,FI_H,[0.081]
US-UMd,Do_H,[600]
US-UMd,a1_H,[6]
US-UMd,go_H,[0.01]
US-UMd,CT_H,[3]
US-UMd,DSE_H,[0.649]
US-UMd,Ha_H,[72]
US-UMd,gmes_H,[Inf]
US-UMd,rjv_H,[2.1]
US-UMd,FI_L,[0.081]
US-UMd,Do_L,[2000]
US-UMd,a1_L,[7]
US-UMd,go_L,[0.01]
US-UMd,CT_L,[3]
US-UMd,DSE_L,[0.660]
US-UMd,Ha_L,[48]
US-UMd,gmes_L,[Inf]
US-UMd,rjv_L,[2.6]
US-UMd,Psi_sto_00_H,[-0.7]
US-UMd,Psi_sto_50_H,[-2.5]
US-UMd,PsiL00_H,[0.4]
US-UMd,PsiL50_H,[-6.5]
US-UMd,Kleaf_max_H,10
US-UMd,Cl_H,1200
US-UMd,Axyl_H,15.0
US-UMd,Kx_max_H,80000
US-UMd,PsiX50_H,[-9]
US-UMd,Cx_H,150
US-UMd,Psi_sto_00_L,-0.8
US-UMd,Psi_sto_50_L,-3.0
US-UMd,PsiL00_L,-1.1
US-UMd,PsiL50_L,-4.0
US-UMd,Kleaf_max_L,5
US-UMd,Cl_L,1200
US-UMd,Axyl_L,0.0
US-UMd,Kx_max_L,80000
US-UMd,PsiX50_L,-4.5
US-UMd,Cx_L,150
US-UMd,PsiG50_H,[-0.7]
US-UMd,PsiG99_H,[-6.5]
US-UMd,gcoef_H,3.5
US-UMd,PsiG50_L,-1.45
US-UMd,PsiG99_L,-4.0
US-UMd,gcoef_L,3.5
US-UMd,OM_H,1
US-UMd,OM_L,1
US-UMd,Sllit,2
US-UMd,Sl_H,[0.0200937]
US-UMd,Nl_H,[35]
US-UMd,r_H,[0.02]
US-UMd,gR_H,[0.22]
US-UMd,aSE_H,[1]
US-UMd,dd_max_H,[1/365]
US-UMd,dc_C_H,[0.0274]
US-UMd,Tcold_H,[5]
US-UMd,drn_H,[0.0020]
US-UMd,dsn_H,[0.0027]
US-UMd,age_cr_H,[110]
US-UMd,Bfac_lo_H,[0.9]
US-UMd,Bfac_ls_H,[NaN]
US-UMd,Tlo_H,[4.0]
US-UMd,PAR_th_H,[NaN]
US-UMd,dmg_H,[30]
US-UMd,LAI_min_H,[0.001]
US-UMd,Trr_H,[3.0]
US-UMd,mjDay_H,[230]
US-UMd,LDay_min_H,[11.5]
US-UMd,LtR_H,[1.5]
US-UMd,Mf_H,[0.0125]
US-UMd,Wm_H,[0]
US-UMd,eps_ac_H,[0.3]
US-UMd,LDay_cr_H,[12.0]
US-UMd,Klf_H,[0.025]
US-UMd,fab_H,[0.74]
US-UMd,fbe_H,[0.26]
US-UMd,ff_r_H,[0.1]
US-UMd,Sl_L,[0.028]
US-UMd,Nl_L,[23]
US-UMd,r_L,[0.055]
US-UMd,gR_L,[0.25]
US-UMd,aSE_L,[2]
US-UMd,dd_max_L,[1/360]
US-UMd,dc_C_L,[7/365]
US-UMd,Tcold_L,[0.0]
US-UMd,drn_L,[1/570]
US-UMd,dsn_L,[ 1/365]
US-UMd,age_cr_L,[180]
US-UMd,Bfac_lo_L,[0.99]
US-UMd,Bfac_ls_L,[NaN]
US-UMd,Tlo_L,[6.0]
US-UMd,Tls_L,[NaN]
US-UMd,PAR_th_L,[NaN]
US-UMd,dmg_L,[25]
US-UMd,LAI_min_L,[0.1]
US-UMd,Trr_L,[4.0]
US-UMd,mjDay_L,[220]
US-UMd,LDay_min_L,[NaN]
US-UMd,LtR_L,[0.8]
US-UMd,Mf_L,[NaN]
US-UMd,Wm_L,[NaN]
US-UMd,eps_ac_L,[0.5]
US-UMd,LDay_cr_L,[11.5]
US-UMd,Klf_L,[NaN]
US-UMd,fab_L,NaN
US-UMd,fbe_L,NaN
US-UMd,ff_r_L,[NaN]
US-UMd,Vmax_H,[50]
US-UMd,Vmax_L,[0]
US-UMd,LAI_H,[0.0]
US-UMd,B_H,[0 327 262 350 0 0 0 0]
US-UMd,Rrootl_H,[4200]
US-UMd,PHE_S_H,[1]
US-UMd,dflo_H,[0]
US-UMd,AgeL_H,[0]
US-UMd,e_rel_H,[1]
US-UMd,hc_H,[23]
US-UMd,SAI_H,[0.1]
US-UMd,LAI_L,[0.0]
US-UMd,B_L,[0 0 0 0 0 0 0 0]
US-UMd,Rrootl_L,[0]
US-UMd,PHE_S_L,[1]
US-UMd,dflo_L,[0]
US-UMd,AgeL_L,[0]
US-UMd,e_rel_L,[1]
US-UMd,hc_L,[0.0]
US-UMd,SAI_L,[0.0]
US-UMd,BLit,0.0
US-UMd,Nreserve_H,[1000]
US-UMd,Preserve_H,[100]
US-UMd,Kreserve_H,[1000]
US-UMd,FNC_H,1
US-UMd,NupI_H,[0 0 0]
US-UMd,Nreserve_L,[1]
US-UMd,Preserve_L,[1]
US-UMd,Kreserve_L,[1]
US-UMd,FNC_L,1
US-UMd,NupI_L,[0 0 0]
US-UMd,RexmyI,[0 0 0]
US-UMd,TBio_L,0
US-UMd,TBio_H,300
US-UMd,Vx_H,10
US-UMd,Vl_H,10
US-UMd,Vx_L,10
US-UMd,Vl_L,10
US-UMd,SWE,0
US-UMd,SND,0
US-UMd,TdpI_H,2
US-UMd,TdpI_L,2
US-UMd,In_L,0
US-UMd,In_urb,0
US-UMd,In_Litter,0
US-UMd,SP_wc,0
US-UMd,In_SWE,0
US-UMd,ros,0
US-UMd,t_sls,0
US-UMd,e_sno,0.97
US-UMd,tau_sno,0
US-UMd,EK,0
US-UMd,WAT,0
US-UMd,ICE,0
US-UMd,IP_wc,0
US-UMd,ICE_D,0
US-UMd,FROCK,0
US-UMd,Ws_under,1
US-Vcp,a_dis,NaN
US-Vcp,pow_dis,NaN
US-Vcp,fpr,1
US-Vcp,SvF,1
US-Vcp,SN,0
US-Vcp,Slo_top,0
US-Vcp,Ared,1
US-Vcp,aR,1
US-Vcp,cellsize,1
US-Vcp,Kbot,NaN
US-Vcp,Krock,NaN
US-Vcp,zatm,28.2
US-Vcp,Cwat,0
US-Vcp,Cbare,0
US-Vcp,Psan_Zs,"[0.265, 0.265, 0.265, 0.265, 0.265, 0.265, 0.265, 0.265, 0.443, 0.443, 0.443, 0.547, 0.354, 0.354, 0.354, 0.354]"
US-Vcp,Pcla_Zs,"[0.2, 0.2, 0.2, 0.2, 0.2, 0.2, 0.2, 0.2, 0.15, 0.15, 0.15, 0.28, 0.31, 0.31, 0.31, 0.31]"
US-Vcp,Porg_Zs,"[0.02, 0.02, 0.02, 0.02, 0.02, 0.02, 0.0125, 0.0125, 0.006, 0.006, 0.006, 0.002, 0.001, 0.001, 0.001, 0.001]"
US-Vcp,Color_Class,0
US-Vcp,SPAR,2
US-Vcp,Kfc,0.2
US-Vcp,Phy,10000
US-Vcp,Oice,0
US-Vcp,Zs,[0 10 20 50 100 150 200 300 400 500 600 700 800 1000 1250 1500 1700]
US-Vcp,Zdes,10
US-Vcp,Zinf,10
US-Vcp,Zbio,250
US-Vcp,In_max_urb,5
US-Vcp,In_max_rock,0.1
US-Vcp,TminS,-0.8
US-Vcp,TmaxS,2.8
US-Vcp,ros_max1,550
US-Vcp,ros_max2,260
US-Vcp,Th_Pr_sno,10.0
US-Vcp,Ice_wc_sp,0.01
US-Vcp,ros_Ice_thr,500
US-Vcp,Aice,0.35
US-Vcp,WatFreez_Th,-8
US-Vcp,dz_ice,0.54
US-Vcp,ExEM,1.0
US-Vcp,CASE_ROOT,1
US-Vcp,ZR95_H,[1700]
US-Vcp,ZR95_L,[0]
US-Vcp,ZR50_H,NaN
US-Vcp,ZR50_L,NaN
US-Vcp,ZRmax_H,NaN
US-Vcp,ZRmax_L,NaN
US-Vcp,Kct,0.75
US-Vcp,gcI,3.7
US-Vcp,KcI,0.06
US-Vcp,Sp_SN_In,5.9
US-Vcp,Sp_LAI_L_In,[0.2]
US-Vcp,Sp_LAI_H_In,[0.1]
US-Vcp,d_leaf_H,[0.25]
US-Vcp,d_leaf_L,[0.8]
US-Vcp,KnitH,0.35
US-Vcp,KnitL,0.0
US-Vcp,mSl_H,0.0
US-Vcp,mSl_L,0.0
US-Vcp,FI_H,[0.081]
US-Vcp,Do_H,[700]
US-Vcp,a1_H,[5]
US-Vcp,go_H,[ 0.01]
US-Vcp,CT_H,[3]
US-Vcp,DSE_H,[0.649]
US-Vcp,Ha_H,[89]
US-Vcp,gmes_H,[Inf]
US-Vcp,rjv_H,[1.8]
US-Vcp,FI_L,[0.081]
US-Vcp,Do_L,[2000]
US-Vcp,a1_L,[7]
US-Vcp,go_L,[0.01]
US-Vcp,CT_L,[3]
US-Vcp,DSE_L,[0.660]
US-Vcp,Ha_L,[48]
US-Vcp,gmes_L,[Inf]
US-Vcp,rjv_L,[2.6]
US-Vcp,Psi_sto_00_H,-0.8
US-Vcp,Psi_sto_50_H,-2.5
US-Vcp,PsiL00_H,-1.0
US-Vcp,PsiL50_H,-3.2
US-Vcp,Kleaf_max_H,10
US-Vcp,Cl_H,1200
US-Vcp,Axyl_H,15.0
US-Vcp,Kx_max_H,80000
US-Vcp,PsiX50_H,-5.0
US-Vcp,Cx_H,150
US-Vcp,Psi_sto_00_L,-0.8
US-Vcp,Psi_sto_50_L,-3.0
US-Vcp,PsiL00_L,-1.1
US-Vcp,PsiL50_L,-4.0
US-Vcp,Kleaf_max_L,5
US-Vcp,Cl_L,1200
US-Vcp,Axyl_L,0.0
US-Vcp,Kx_max_L,80000
US-Vcp,PsiX50_L,-4.5
US-Vcp,Cx_L,150
US-Vcp,PsiG50_H,-0.8
US-Vcp,PsiG99_H,-2.5
US-Vcp,gcoef_H,3.5
US-Vcp,PsiG50_L,-1.45
US-Vcp,PsiG99_L,-4.0
US-Vcp,gcoef_L,3.5
US-Vcp,OM_H,1
US-Vcp,OM_L,1
US-Vcp,Sllit,2
US-Vcp,Sl_H,[0.0171696]
US-Vcp,Nl_H,[62]
US-Vcp,r_H,[0.055]
US-Vcp,gR_H,[0.25]
US-Vcp,aSE_H,[0]
US-Vcp,dd_max_H,[1/200]
US-Vcp,dc_C_H,78/365
US-Vcp,Tcold_H,[-50]
US-Vcp,drn_H,[1/800]
US-Vcp,dsn_H,[1/600]
US-Vcp,age_cr_H,[1220]
US-Vcp,Bfac_lo_H,[0.99]
US-Vcp,Bfac_ls_H,[NaN]
US-Vcp,Tlo_H,[1.5]
US-Vcp,PAR_th_H,[NaN]
US-Vcp,dmg_H,[30]
US-Vcp,LAI_min_H,[0.001]
US-Vcp,Trr_H,[0.5]
US-Vcp,mjDay_H,[220]
US-Vcp,LDay_min_H,[14.1]
US-Vcp,LtR_H,[0.8]
US-Vcp,Mf_H,[1/50]
US-Vcp,Wm_H,[0]
US-Vcp,eps_ac_H,[0.8]
US-Vcp,LDay_cr_H,[11.8]
US-Vcp,Klf_H,[1/30]
US-Vcp,fab_H,[0.74]
US-Vcp,fbe_H,[0.26]
US-Vcp,ff_r_H,[0.1]
US-Vcp,Sl_L,[0.028]
US-Vcp,Nl_L,[23]
US-Vcp,r_L,[0.055]
US-Vcp,gR_L,[0.25]
US-Vcp,aSE_L,[2]
US-Vcp,dd_max_L,[1/360]
US-Vcp,dc_C_L,[7/365]
US-Vcp,Tcold_L,[0.0]
US-Vcp,drn_L,[1/570]
US-Vcp,dsn_L,[ 1/365]
US-Vcp,age_cr_L,[180]
US-Vcp,Bfac_lo_L,[0.99]
US-Vcp,Bfac_ls_L,[NaN]
US-Vcp,Tlo_L,[6.0]
US-Vcp,Tls_L,[NaN]
US-Vcp,PAR_th_L,[NaN]
US-Vcp,dmg_L,[25]
US-Vcp,LAI_min_L,[0.1]
US-Vcp,Trr_L,[4.0]
US-Vcp,mjDay_L,[220]
US-Vcp,LDay_min_L,[NaN]
US-Vcp,LtR_L,[0.8]
US-Vcp,Mf_L,[NaN]
US-Vcp,Wm_L,[NaN]
US-Vcp,eps_ac_L,[0.5]
US-Vcp,LDay_cr_L,[11.5]
US-Vcp,Klf_L,[NaN]
US-Vcp,fab_L,NaN
US-Vcp,fbe_L,NaN
US-Vcp,ff_r_L,[NaN]
US-Vcp,Vmax_H,[32]
US-Vcp,Vmax_L,[0]
US-Vcp,LAI_H,[4.03]
US-Vcp,B_H,[215 327 262 244 1 0 5 0]
US-Vcp,Rrootl_H,[4200]
US-Vcp,PHE_S_H,[4]
US-Vcp,dflo_H,[0]
US-Vcp,AgeL_H,[1172]
US-Vcp,e_rel_H,[1]
US-Vcp,hc_H,[17]
US-Vcp,SAI_H,[0.1]
US-Vcp,LAI_L,[0.0]
US-Vcp,B_L,[0 0 0 0 0 0 0 0]
US-Vcp,Rrootl_L,[0]
US-Vcp,PHE_S_L,[1]
US-Vcp,dflo_L,[0]
US-Vcp,AgeL_L,[0]
US-Vcp,e_rel_L,[1]
US-Vcp,hc_L,[0.0]
US-Vcp,SAI_L,[0.0]
US-Vcp,BLit,0.0
US-Vcp,Nreserve_H,[1000]
US-Vcp,Preserve_H,[100]
US-Vcp,Kreserve_H,[1000]
US-Vcp,FNC_H,1
US-Vcp,NupI_H,[0 0 0]
US-Vcp,Nreserve_L,[1]
US-Vcp,Preserve_L,[1]
US-Vcp,Kreserve_L,[1]
US-Vcp,FNC_L,1
US-Vcp,NupI_L,[0 0 0]
US-Vcp,RexmyI,[0 0 0]
US-Vcp,TBio_L,0
US-Vcp,TBio_H,300
US-Vcp,Vx_H,10
US-Vcp,Vl_H,10
US-Vcp,Vx_L,10
US-Vcp,Vl_L,10
US-Vcp,SWE,0
US-Vcp,SND,0
US-Vcp,TdpI_H,2
US-Vcp,TdpI_L,2
US-Vcp,In_L,0
US-Vcp,In_urb,0
US-Vcp,In_Litter,0
US-Vcp,SP_wc,0
US-Vcp,In_SWE,0
US-Vcp,ros,0
US-Vcp,t_sls,0
US-Vcp,e_sno,0.97
US-Vcp,tau_sno,0
US-Vcp,EK,0
US-Vcp,WAT,0
US-Vcp,ICE,0
US-Vcp,IP_wc,0
US-Vcp,ICE_D,0
US-Vcp,FROCK,0
US-Vcp,Ws_under,1
US-Vcs,a_dis,NaN
US-Vcs,pow_dis,NaN
US-Vcs,fpr,1
US-Vcs,SvF,1
US-Vcs,SN,0
US-Vcs,Slo_top,0
US-Vcs,Ared,1
US-Vcs,aR,1
US-Vcs,cellsize,1
US-Vcs,Kbot,NaN
US-Vcs,Krock,NaN
US-Vcs,zatm,33.8
US-Vcs,Cwat,0
US-Vcs,Cbare,0
US-Vcs,Psan_Zs,"[0.669, 0.669, 0.669, 0.669, 0.669, 0.669, 0.669, 0.669, 0.669, 0.669, 0.669, 0.669, 0.669, 0.669, 0.669, 0.669]"
US-Vcs,Pcla_Zs,"[0.1, 0.1, 0.1, 0.1, 0.1, 0.1, 0.1, 0.1, 0.1, 0.1, 0.1, 0.1, 0.1, 0.1, 0.1, 0.1]"
US-Vcs,Porg_Zs,"[0.02, 0.02, 0.02, 0.02, 0.02, 0.005, 0.005, 0.005, 0.005, 0.005, 0.005, 0.002, 0.002, 0.002, 0.002, 0.002]"
US-Vcs,Color_Class,0
US-Vcs,SPAR,2
US-Vcs,Kfc,0.2
US-Vcs,Phy,10000
US-Vcs,Oice,0
US-Vcs,Zs,[0 10 20 50 100 150 200 300 400 500 600 700 800 1000 1250 1500 1700]
US-Vcs,Zdes,10
US-Vcs,Zinf,10
US-Vcs,Zbio,250
US-Vcs,In_max_urb,5
US-Vcs,In_max_rock,0.1
US-Vcs,TminS,-0.8
US-Vcs,TmaxS,2.8
US-Vcs,ros_max1,550
US-Vcs,ros_max2,260
US-Vcs,Th_Pr_sno,10.0
US-Vcs,Ice_wc_sp,0.01
US-Vcs,ros_Ice_thr,500
US-Vcs,Aice,0.35
US-Vcs,WatFreez_Th,-8
US-Vcs,dz_ice,0.54
US-Vcs,ExEM,1.0
US-Vcs,CASE_ROOT,1
US-Vcs,ZR95_H,[1700]
US-Vcs,ZR95_L,[0]
US-Vcs,ZR50_H,NaN
US-Vcs,ZR50_L,NaN
US-Vcs,ZRmax_H,NaN
US-Vcs,ZRmax_L,NaN
US-Vcs,Kct,0.75
US-Vcs,gcI,3.7
US-Vcs,KcI,0.06
US-Vcs,Sp_SN_In,5.9
US-Vcs,Sp_LAI_L_In,[0.2]
US-Vcs,Sp_LAI_H_In,[0.1]
US-Vcs,d_leaf_H,[0.25]
US-Vcs,d_leaf_L,[0.8]
US-Vcs,KnitH,0.35
US-Vcs,KnitL,0.0
US-Vcs,mSl_H,0.0
US-Vcs,mSl_L,0.0
US-Vcs,FI_H,[0.081]
US-Vcs,Do_H,[700]
US-Vcs,a1_H,[5]
US-Vcs,go_H,[ 0.01]
US-Vcs,CT_H,[3]
US-Vcs,DSE_H,[0.649]
US-Vcs,Ha_H,[89]
US-Vcs,gmes_H,[Inf]
US-Vcs,rjv_H,[1.8]
US-Vcs,FI_L,[0.081]
US-Vcs,Do_L,[2000]
US-Vcs,a1_L,[7]
US-Vcs,go_L,[0.01]
US-Vcs,CT_L,[3]
US-Vcs,DSE_L,[0.660]
US-Vcs,Ha_L,[48]
US-Vcs,gmes_L,[Inf]
US-Vcs,rjv_L,[2.6]
US-Vcs,Psi_sto_00_H,-0.8
US-Vcs,Psi_sto_50_H,-2.5
US-Vcs,PsiL00_H,-1.0
US-Vcs,PsiL50_H,-3.2
US-Vcs,Kleaf_max_H,10
US-Vcs,Cl_H,1200
US-Vcs,Axyl_H,15.0
US-Vcs,Kx_max_H,80000
US-Vcs,PsiX50_H,-5.0
US-Vcs,Cx_H,150
US-Vcs,Psi_sto_00_L,-0.8
US-Vcs,Psi_sto_50_L,-3.0
US-Vcs,PsiL00_L,-1.1
US-Vcs,PsiL50_L,-4.0
US-Vcs,Kleaf_max_L,5
US-Vcs,Cl_L,1200
US-Vcs,Axyl_L,0.0
US-Vcs,Kx_max_L,80000
US-Vcs,PsiX50_L,-4.5
US-Vcs,Cx_L,150
US-Vcs,PsiG50_H,-0.8
US-Vcs,PsiG99_H,-2.5
US-Vcs,gcoef_H,3.5
US-Vcs,PsiG50_L,-1.45
US-Vcs,PsiG99_L,-4.0
US-Vcs,gcoef_L,3.5
US-Vcs,OM_H,1
US-Vcs,OM_L,1
US-Vcs,Sllit,2
US-Vcs,Sl_H,[0.0171696]
US-Vcs,Nl_H,[62]
US-Vcs,r_H,[0.055]
US-Vcs,gR_H,[0.25]
US-Vcs,aSE_H,[0]
US-Vcs,dd_max_H,[1/200]
US-Vcs,dc_C_H,78/365
US-Vcs,Tcold_H,[-50]
US-Vcs,drn_H,[1/800]
US-Vcs,dsn_H,[1/600]
US-Vcs,age_cr_H,[1220]
US-Vcs,Bfac_lo_H,[0.99]
US-Vcs,Bfac_ls_H,[NaN]
US-Vcs,Tlo_H,[1.5]
US-Vcs,PAR_th_H,[NaN]
US-Vcs,dmg_H,[30]
US-Vcs,LAI_min_H,[0.001]
US-Vcs,Trr_H,[0.5]
US-Vcs,mjDay_H,[220]
US-Vcs,LDay_min_H,[14.1]
US-Vcs,LtR_H,[0.8]
US-Vcs,Mf_H,[1/50]
US-Vcs,Wm_H,[0]
US-Vcs,eps_ac_H,[0.8]
US-Vcs,LDay_cr_H,[11.8]
US-Vcs,Klf_H,[1/30]
US-Vcs,fab_H,[0.74]
US-Vcs,fbe_H,[0.26]
US-Vcs,ff_r_H,[0.1]
US-Vcs,Sl_L,[0.028]
US-Vcs,Nl_L,[23]
US-Vcs,r_L,[0.055]
US-Vcs,gR_L,[0.25]
US-Vcs,aSE_L,[2]
US-Vcs,dd_max_L,[1/360]
US-Vcs,dc_C_L,[7/365]
US-Vcs,Tcold_L,[0.0]
US-Vcs,drn_L,[1/570]
US-Vcs,dsn_L,[ 1/365]
US-Vcs,age_cr_L,[180]
US-Vcs,Bfac_lo_L,[0.99]
US-Vcs,Bfac_ls_L,[NaN]
US-Vcs,Tlo_L,[6.0]
US-Vcs,Tls_L,[NaN]
US-Vcs,PAR_th_L,[NaN]
US-Vcs,dmg_L,[25]
US-Vcs,LAI_min_L,[0.1]
US-Vcs,Trr_L,[4.0]
US-Vcs,mjDay_L,[220]
US-Vcs,LDay_min_L,[NaN]
US-Vcs,LtR_L,[0.8]
US-Vcs,Mf_L,[NaN]
US-Vcs,Wm_L,[NaN]
US-Vcs,eps_ac_L,[0.5]
US-Vcs,LDay_cr_L,[11.5]
US-Vcs,Klf_L,[NaN]
US-Vcs,fab_L,NaN
US-Vcs,fbe_L,NaN
US-Vcs,ff_r_L,[NaN]
US-Vcs,Vmax_H,[32]
US-Vcs,Vmax_L,[0]
US-Vcs,LAI_H,[4.03]
US-Vcs,B_H,[215 327 262 244 1 0 5 0]
US-Vcs,Rrootl_H,[4200]
US-Vcs,PHE_S_H,[4]
US-Vcs,dflo_H,[0]
US-Vcs,AgeL_H,[1172]
US-Vcs,e_rel_H,[1]
US-Vcs,hc_H,[15]
US-Vcs,SAI_H,[0.1]
US-Vcs,LAI_L,[0.0]
US-Vcs,B_L,[0 0 0 0 0 0 0 0]
US-Vcs,Rrootl_L,[0]
US-Vcs,PHE_S_L,[1]
US-Vcs,dflo_L,[0]
US-Vcs,AgeL_L,[0]
US-Vcs,e_rel_L,[1]
US-Vcs,hc_L,[0.0]
US-Vcs,SAI_L,[0.0]
US-Vcs,BLit,0.0
US-Vcs,Nreserve_H,[1000]
US-Vcs,Preserve_H,[100]
US-Vcs,Kreserve_H,[1000]
US-Vcs,FNC_H,1
US-Vcs,NupI_H,[0 0 0]
US-Vcs,Nreserve_L,[1]
US-Vcs,Preserve_L,[1]
US-Vcs,Kreserve_L,[1]
US-Vcs,FNC_L,1
US-Vcs,NupI_L,[0 0 0]
US-Vcs,RexmyI,[0 0 0]
US-Vcs,TBio_L,0
US-Vcs,TBio_H,300
US-Vcs,Vx_H,10
US-Vcs,Vl_H,10
US-Vcs,Vx_L,10
US-Vcs,Vl_L,10
US-Vcs,SWE,0
US-Vcs,SND,0
US-Vcs,TdpI_H,2
US-Vcs,TdpI_L,2
US-Vcs,In_L,0
US-Vcs,In_urb,0
US-Vcs,In_Litter,0
US-Vcs,SP_wc,0
US-Vcs,In_SWE,0
US-Vcs,ros,0
US-Vcs,t_sls,0
US-Vcs,e_sno,0.97
US-Vcs,tau_sno,0
US-Vcs,EK,0
US-Vcs,WAT,0
US-Vcs,ICE,0
US-Vcs,IP_wc,0
US-Vcs,ICE_D,0
US-Vcs,FROCK,0
US-Vcs,Ws_under,1
US-WBW,a_dis,NaN
US-WBW,pow_dis,NaN
US-WBW,fpr,1
US-WBW,SvF,1
US-WBW,SN,0
US-WBW,Slo_top,0
US-WBW,Ared,1
US-WBW,aR,1
US-WBW,cellsize,1
US-WBW,Kbot,NaN
US-WBW,Krock,NaN
US-WBW,zatm,38.2
US-WBW,Cwat,0
US-WBW,Cbare,0
US-WBW,Psan_Zs,"[0.26, 0.26, 0.26, 0.26, 0.26, 0.26, 0.17, 0.17, 0.17, 0.17, 0.17, 0.17, 0.17, 0.17, 0.17, 0.17, 0.17]"
US-WBW,Pcla_Zs,"[0.21, 0.21, 0.21, 0.21, 0.21, 0.21, 0.55, 0.55, 0.55, 0.55, 0.55, 0.55, 0.55, 0.55, 0.55, 0.55, 0.55]"
US-WBW,Porg_Zs,"[0.0125, 0.0125, 0.0125, 0.0075, 0.0075, 0.0075, 0.0025, 0.0025, 0.0025, 0.0025, 0.0025, 0.0025, 0.0025, 0.0025, 0.0025, 0.0025, 0.0025]"
US-WBW,Color_Class,0
US-WBW,SPAR,2
US-WBW,Kfc,0.2
US-WBW,Phy,10000
US-WBW,Oice,0
US-WBW,Zs,[0 10 20 50 100 150 200 300 400 500 600 700 800 1000 1250 1500 1750 1780]
US-WBW,Zdes,10
US-WBW,Zinf,10
US-WBW,Zbio,250
US-WBW,In_max_urb,5
US-WBW,In_max_rock,0.1
US-WBW,TminS,-0.8
US-WBW,TmaxS,2.8
US-WBW,ros_max1,550
US-WBW,ros_max2,260
US-WBW,Th_Pr_sno,10.0
US-WBW,Ice_wc_sp,0.01
US-WBW,ros_Ice_thr,500
US-WBW,Aice,0.35
US-WBW,WatFreez_Th,-8
US-WBW,dz_ice,0.54
US-WBW,ExEM,1.0
US-WBW,CASE_ROOT,1
US-WBW,ZR95_H,[1200]
US-WBW,ZR95_L,[0]
US-WBW,ZR50_H,NaN
US-WBW,ZR50_L,NaN
US-WBW,ZRmax_H,NaN
US-WBW,ZRmax_L,NaN
US-WBW,Kct,0.75
US-WBW,gcI,3.7
US-WBW,KcI,0.06
US-WBW,Sp_SN_In,5.9
US-WBW,Sp_LAI_L_In,[0.2]
US-WBW,Sp_LAI_H_In,[0.1]
US-WBW,d_leaf_H,[7]
US-WBW,d_leaf_L,[0.8]
US-WBW,KnitH,[0.4]
US-WBW,KnitL,0.0
US-WBW,mSl_H,0.0
US-WBW,mSl_L,0.0
US-WBW,FI_H,[0.081]
US-WBW,Do_H,[600]
US-WBW,a1_H,[6]
US-WBW,go_H,[0.01]
US-WBW,CT_H,[3]
US-WBW,DSE_H,[0.649]
US-WBW,Ha_H,[72]
US-WBW,gmes_H,[Inf]
US-WBW,rjv_H,[2.1]
US-WBW,FI_L,[0.081]
US-WBW,Do_L,[2000]
US-WBW,a1_L,[7]
US-WBW,go_L,[0.01]
US-WBW,CT_L,[3]
US-WBW,DSE_L,[0.660]
US-WBW,Ha_L,[48]
US-WBW,gmes_L,[Inf]
US-WBW,rjv_L,[2.6]
US-WBW,Psi_sto_00_H,[-0.7]
US-WBW,Psi_sto_50_H,[-2.5]
US-WBW,PsiL00_H,[0.4]
US-WBW,PsiL50_H,[-6.5]
US-WBW,Kleaf_max_H,10
US-WBW,Cl_H,1200
US-WBW,Axyl_H,15.0
US-WBW,Kx_max_H,80000
US-WBW,PsiX50_H,[-9]
US-WBW,Cx_H,150
US-WBW,Psi_sto_00_L,-0.8
US-WBW,Psi_sto_50_L,-3.0
US-WBW,PsiL00_L,-1.1
US-WBW,PsiL50_L,-4.0
US-WBW,Kleaf_max_L,5
US-WBW,Cl_L,1200
US-WBW,Axyl_L,0.0
US-WBW,Kx_max_L,80000
US-WBW,PsiX50_L,-4.5
US-WBW,Cx_L,150
US-WBW,PsiG50_H,[-0.7]
US-WBW,PsiG99_H,[-6.5]
US-WBW,gcoef_H,3.5
US-WBW,PsiG50_L,-1.45
US-WBW,PsiG99_L,-4.0
US-WBW,gcoef_L,3.5
US-WBW,OM_H,1
US-WBW,OM_L,1
US-WBW,Sllit,2
US-WBW,Sl_H,[0.0190171]
US-WBW,Nl_H,[35]
US-WBW,r_H,[0.02]
US-WBW,gR_H,[0.22]
US-WBW,aSE_H,[1]
US-WBW,dd_max_H,[1/365]
US-WBW,dc_C_H,[0.0274]
US-WBW,Tcold_H,[5]
US-WBW,drn_H,[0.0020]
US-WBW,dsn_H,[0.0027]
US-WBW,age_cr_H,[110]
US-WBW,Bfac_lo_H,[0.9]
US-WBW,Bfac_ls_H,[NaN]
US-WBW,Tlo_H,[4.0]
US-WBW,PAR_th_H,[NaN]
US-WBW,dmg_H,[30]
US-WBW,LAI_min_H,[0.001]
US-WBW,Trr_H,[3.0]
US-WBW,mjDay_H,[230]
US-WBW,LDay_min_H,[11.5]
US-WBW,LtR_H,[1.5]
US-WBW,Mf_H,[0.0125]
US-WBW,Wm_H,[0]
US-WBW,eps_ac_H,[0.3]
US-WBW,LDay_cr_H,[12.0]
US-WBW,Klf_H,[0.025]
US-WBW,fab_H,[0.74]
US-WBW,fbe_H,[0.26]
US-WBW,ff_r_H,[0.1]
US-WBW,Sl_L,[0.028]
US-WBW,Nl_L,[23]
US-WBW,r_L,[0.055]
US-WBW,gR_L,[0.25]
US-WBW,aSE_L,[2]
US-WBW,dd_max_L,[1/360]
US-WBW,dc_C_L,[7/365]
US-WBW,Tcold_L,[0.0]
US-WBW,drn_L,[1/570]
US-WBW,dsn_L,[ 1/365]
US-WBW,age_cr_L,[180]
US-WBW,Bfac_lo_L,[0.99]
US-WBW,Bfac_ls_L,[NaN]
US-WBW,Tlo_L,[6.0]
US-WBW,Tls_L,[NaN]
US-WBW,PAR_th_L,[NaN]
US-WBW,dmg_L,[25]
US-WBW,LAI_min_L,[0.1]
US-WBW,Trr_L,[4.0]
US-WBW,mjDay_L,[220]
US-WBW,LDay_min_L,[NaN]
US-WBW,LtR_L,[0.8]
US-WBW,Mf_L,[NaN]
US-WBW,Wm_L,[NaN]
US-WBW,eps_ac_L,[0.5]
US-WBW,LDay_cr_L,[11.5]
US-WBW,Klf_L,[NaN]
US-WBW,fab_L,NaN
US-WBW,fbe_L,NaN
US-WBW,ff_r_L,[NaN]
US-WBW,Vmax_H,[50]
US-WBW,Vmax_L,[0]
US-WBW,LAI_H,[0.0]
US-WBW,B_H,[0 327 262 350 0 0 0 0]
US-WBW,Rrootl_H,[4200]
US-WBW,PHE_S_H,[1]
US-WBW,dflo_H,[0]
US-WBW,AgeL_H,[0]
US-WBW,e_rel_H,[1]
US-WBW,hc_H,[25]
US-WBW,SAI_H,[0.1]
US-WBW,LAI_L,[0.0]
US-WBW,B_L,[0 0 0 0 0 0 0 0]
US-WBW,Rrootl_L,[0]
US-WBW,PHE_S_L,[1]
US-WBW,dflo_L,[0]
US-WBW,AgeL_L,[0]
US-WBW,e_rel_L,[1]
US-WBW,hc_L,[0.0]
US-WBW,SAI_L,[0.0]
US-WBW,BLit,0.0
US-WBW,Nreserve_H,[1000]
US-WBW,Preserve_H,[100]
US-WBW,Kreserve_H,[1000]
US-WBW,FNC_H,1
US-WBW,NupI_H,[0 0 0]
US-WBW,Nreserve_L,[1]
US-WBW,Preserve_L,[1]
US-WBW,Kreserve_L,[1]
US-WBW,FNC_L,1
US-WBW,NupI_L,[0 0 0]
US-WBW,RexmyI,[0 0 0]
US-WBW,TBio_L,0
US-WBW,TBio_H,300
US-WBW,Vx_H,10
US-WBW,Vl_H,10
US-WBW,Vx_L,10
US-WBW,Vl_L,10
US-WBW,SWE,0
US-WBW,SND,0
US-WBW,TdpI_H,2
US-WBW,TdpI_L,2
US-WBW,In_L,0
US-WBW,In_urb,0
US-WBW,In_Litter,0
US-WBW,SP_wc,0
US-WBW,In_SWE,0
US-WBW,ros,0
US-WBW,t_sls,0
US-WBW,e_sno,0.97
US-WBW,tau_sno,0
US-WBW,EK,0
US-WBW,WAT,0
US-WBW,ICE,0
US-WBW,IP_wc,0
US-WBW,ICE_D,0
US-WBW,FROCK,0
US-WBW,Ws_under,1
US-WCr,a_dis,NaN
US-WCr,pow_dis,NaN
US-WCr,fpr,1
US-WCr,SvF,1
US-WCr,SN,0
US-WCr,Slo_top,0
US-WCr,Ared,1
US-WCr,aR,1
US-WCr,cellsize,1
US-WCr,Kbot,NaN
US-WCr,Krock,NaN
US-WCr,zatm,29.6
US-WCr,Cwat,0
US-WCr,Cbare,0
US-WCr,Psan_Zs,"[0.54, 0.54, 0.54, 0.54, 0.57, 0.61, 0.61, 0.63, 0.63, 0.63, 0.63, 0.64, 0.64, 0.64, 0.65, 0.65]"
US-WCr,Pcla_Zs,"[0.08, 0.08, 0.08, 0.08, 0.07, 0.06, 0.06, 0.06, 0.06, 0.06, 0.06, 0.12, 0.12, 0.12, 0.11, 0.11]"
US-WCr,Porg_Zs,"[0.02, 0.02, 0.02, 0.02, 0.0125, 0.0125, 0.0125, 0.0025, 0.0025, 0.0025, 0.0025, 0.0025, 0.0025, 0.0025, 0.0025, 0.0025]"
US-WCr,Color_Class,0
US-WCr,SPAR,2
US-WCr,Kfc,0.2
US-WCr,Phy,10000
US-WCr,Oice,0
US-WCr,Zs,[0 10 20 50 100 150 200 300 400 500 600 700 800 1000 1250 1500 1520]
US-WCr,Zdes,10
US-WCr,Zinf,10
US-WCr,Zbio,250
US-WCr,In_max_urb,5
US-WCr,In_max_rock,0.1
US-WCr,TminS,-0.8
US-WCr,TmaxS,2.8
US-WCr,ros_max1,550
US-WCr,ros_max2,260
US-WCr,Th_Pr_sno,10.0
US-WCr,Ice_wc_sp,0.01
US-WCr,ros_Ice_thr,500
US-WCr,Aice,0.35
US-WCr,WatFreez_Th,-8
US-WCr,dz_ice,0.54
US-WCr,ExEM,1.0
US-WCr,CASE_ROOT,1
US-WCr,ZR95_H,[1100]
US-WCr,ZR95_L,[0]
US-WCr,ZR50_H,NaN
US-WCr,ZR50_L,NaN
US-WCr,ZRmax_H,NaN
US-WCr,ZRmax_L,NaN
US-WCr,Kct,0.75
US-WCr,gcI,3.7
US-WCr,KcI,0.06
US-WCr,Sp_SN_In,5.9
US-WCr,Sp_LAI_L_In,[0.2]
US-WCr,Sp_LAI_H_In,[0.1]
US-WCr,d_leaf_H,[7]
US-WCr,d_leaf_L,[0.8]
US-WCr,KnitH,[0.4]
US-WCr,KnitL,0.0
US-WCr,mSl_H,0.0
US-WCr,mSl_L,0.0
US-WCr,FI_H,[0.081]
US-WCr,Do_H,[600]
US-WCr,a1_H,[6]
US-WCr,go_H,[0.01]
US-WCr,CT_H,[3]
US-WCr,DSE_H,[0.649]
US-WCr,Ha_H,[72]
US-WCr,gmes_H,[Inf]
US-WCr,rjv_H,[2.1]
US-WCr,FI_L,[0.081]
US-WCr,Do_L,[2000]
US-WCr,a1_L,[7]
US-WCr,go_L,[0.01]
US-WCr,CT_L,[3]
US-WCr,DSE_L,[0.660]
US-WCr,Ha_L,[48]
US-WCr,gmes_L,[Inf]
US-WCr,rjv_L,[2.6]
US-WCr,Psi_sto_00_H,[-0.7]
US-WCr,Psi_sto_50_H,[-2.5]
US-WCr,PsiL00_H,[0.4]
US-WCr,PsiL50_H,[-6.5]
US-WCr,Kleaf_max_H,10
US-WCr,Cl_H,1200
US-WCr,Axyl_H,15.0
US-WCr,Kx_max_H,80000
US-WCr,PsiX50_H,[-9]
US-WCr,Cx_H,150
US-WCr,Psi_sto_00_L,-0.8
US-WCr,Psi_sto_50_L,-3.0
US-WCr,PsiL00_L,-1.1
US-WCr,PsiL50_L,-4.0
US-WCr,Kleaf_max_L,5
US-WCr,Cl_L,1200
US-WCr,Axyl_L,0.0
US-WCr,Kx_max_L,80000
US-WCr,PsiX50_L,-4.5
US-WCr,Cx_L,150
US-WCr,PsiG50_H,[-0.7]
US-WCr,PsiG99_H,[-6.5]
US-WCr,gcoef_H,3.5
US-WCr,PsiG50_L,-1.45
US-WCr,PsiG99_L,-4.0
US-WCr,gcoef_L,3.5
US-WCr,OM_H,1
US-WCr,OM_L,1
US-WCr,Sllit,2
US-WCr,Sl_H,[0.0192474]
US-WCr,Nl_H,[35]
US-WCr,r_H,[0.02]
US-WCr,gR_H,[0.22]
US-WCr,aSE_H,[1]
US-WCr,dd_max_H,[1/365]
US-WCr,dc_C_H,[0.0274]
US-WCr,Tcold_H,[5]
US-WCr,drn_H,[0.0020]
US-WCr,dsn_H,[0.0027]
US-WCr,age_cr_H,[110]
US-WCr,Bfac_lo_H,[0.9]
US-WCr,Bfac_ls_H,[NaN]
US-WCr,Tlo_H,[4.0]
US-WCr,PAR_th_H,[NaN]
US-WCr,dmg_H,[30]
US-WCr,LAI_min_H,[0.001]
US-WCr,Trr_H,[3.0]
US-WCr,mjDay_H,[230]
US-WCr,LDay_min_H,[11.5]
US-WCr,LtR_H,[1.5]
US-WCr,Mf_H,[0.0125]
US-WCr,Wm_H,[0]
US-WCr,eps_ac_H,[0.3]
US-WCr,LDay_cr_H,[12.0]
US-WCr,Klf_H,[0.025]
US-WCr,fab_H,[0.74]
US-WCr,fbe_H,[0.26]
US-WCr,ff_r_H,[0.1]
US-WCr,Sl_L,[0.028]
US-WCr,Nl_L,[23]
US-WCr,r_L,[0.055]
US-WCr,gR_L,[0.25]
US-WCr,aSE_L,[2]
US-WCr,dd_max_L,[1/360]
US-WCr,dc_C_L,[7/365]
US-WCr,Tcold_L,[0.0]
US-WCr,drn_L,[1/570]
US-WCr,dsn_L,[ 1/365]
US-WCr,age_cr_L,[180]
US-WCr,Bfac_lo_L,[0.99]
US-WCr,Bfac_ls_L,[NaN]
US-WCr,Tlo_L,[6.0]
US-WCr,Tls_L,[NaN]
US-WCr,PAR_th_L,[NaN]
US-WCr,dmg_L,[25]
US-WCr,LAI_min_L,[0.1]
US-WCr,Trr_L,[4.0]
US-WCr,mjDay_L,[220]
US-WCr,LDay_min_L,[NaN]
US-WCr,LtR_L,[0.8]
US-WCr,Mf_L,[NaN]
US-WCr,Wm_L,[NaN]
US-WCr,eps_ac_L,[0.5]
US-WCr,LDay_cr_L,[11.5]
US-WCr,Klf_L,[NaN]
US-WCr,fab_L,NaN
US-WCr,fbe_L,NaN
US-WCr,ff_r_L,[NaN]
US-WCr,Vmax_H,[50]
US-WCr,Vmax_L,[0]
US-WCr,LAI_H,[0.0]
US-WCr,B_H,[0 327 262 350 0 0 0 0]
US-WCr,Rrootl_H,[4200]
US-WCr,PHE_S_H,[1]
US-WCr,dflo_H,[0]
US-WCr,AgeL_H,[0]
US-WCr,e_rel_H,[1]
US-WCr,hc_H,[24.3]
US-WCr,SAI_H,[0.1]
US-WCr,LAI_L,[0.0]
US-WCr,B_L,[0 0 0 0 0 0 0 0]
US-WCr,Rrootl_L,[0]
US-WCr,PHE_S_L,[1]
US-WCr,dflo_L,[0]
US-WCr,AgeL_L,[0]
US-WCr,e_rel_L,[1]
US-WCr,hc_L,[0.0]
US-WCr,SAI_L,[0.0]
US-WCr,BLit,0.0
US-WCr,Nreserve_H,[1000]
US-WCr,Preserve_H,[100]
US-WCr,Kreserve_H,[1000]
US-WCr,FNC_H,1
US-WCr,NupI_H,[0 0 0]
US-WCr,Nreserve_L,[1]
US-WCr,Preserve_L,[1]
US-WCr,Kreserve_L,[1]
US-WCr,FNC_L,1
US-WCr,NupI_L,[0 0 0]
US-WCr,RexmyI,[0 0 0]
US-WCr,TBio_L,0
US-WCr,TBio_H,300
US-WCr,Vx_H,10
US-WCr,Vl_H,10
US-WCr,Vx_L,10
US-WCr,Vl_L,10
US-WCr,SWE,0
US-WCr,SND,0
US-WCr,TdpI_H,2
US-WCr,TdpI_L,2
US-WCr,In_L,0
US-WCr,In_urb,0
US-WCr,In_Litter,0
US-WCr,SP_wc,0
US-WCr,In_SWE,0
US-WCr,ros,0
US-WCr,t_sls,0
US-WCr,e_sno,0.97
US-WCr,tau_sno,0
US-WCr,EK,0
US-WCr,WAT,0
US-WCr,ICE,0
US-WCr,IP_wc,0
US-WCr,ICE_D,0
US-WCr,FROCK,0
US-WCr,Ws_under,1
US-Wi3,a_dis,NaN
US-Wi3,pow_dis,NaN
US-Wi3,fpr,1
US-Wi3,SvF,1
US-Wi3,SN,0
US-Wi3,Slo_top,0
US-Wi3,Ared,1
US-Wi3,aR,1
US-Wi3,cellsize,1
US-Wi3,Kbot,NaN
US-Wi3,Krock,NaN
US-Wi3,zatm,26
US-Wi3,Cwat,0
US-Wi3,Cbare,0
US-Wi3,Psan_Zs,"[0.83, 0.83, 0.83, 0.83, 0.83, 0.83, 0.83, 0.83, 0.849, 0.849, 0.849, 0.897, 0.897, 0.833, 0.833, 0.833, 0.833, 0.849]"
US-Wi3,Pcla_Zs,"[0.05, 0.05, 0.05, 0.05, 0.05, 0.05, 0.05, 0.05, 0.06, 0.06, 0.06, 0.085, 0.085, 0.125, 0.125, 0.125, 0.125, 0.06]"
US-Wi3,Porg_Zs,"[0.015, 0.015, 0.015, 0.0075, 0.0025, 0.0025, 0.0025, 0.0025, 0.0025, 0.0025, 0.0025, 0.0025, 0.0025, 0.0025, 0.0025, 0.0025, 0.0025, 0.0025]"
US-Wi3,Color_Class,0
US-Wi3,SPAR,2
US-Wi3,Kfc,0.2
US-Wi3,Phy,10000
US-Wi3,Oice,0
US-Wi3,Zs,[0 10 20 50 100 150 200 300 400 500 600 700 800 1000 1250 1500 1750 2000 2030]
US-Wi3,Zdes,10
US-Wi3,Zinf,10
US-Wi3,Zbio,250
US-Wi3,In_max_urb,5
US-Wi3,In_max_rock,0.1
US-Wi3,TminS,-0.8
US-Wi3,TmaxS,2.8
US-Wi3,ros_max1,550
US-Wi3,ros_max2,260
US-Wi3,Th_Pr_sno,10.0
US-Wi3,Ice_wc_sp,0.01
US-Wi3,ros_Ice_thr,500
US-Wi3,Aice,0.35
US-Wi3,WatFreez_Th,-8
US-Wi3,dz_ice,0.54
US-Wi3,ExEM,1.0
US-Wi3,CASE_ROOT,1
US-Wi3,ZR95_H,[1000]
US-Wi3,ZR95_L,[0]
US-Wi3,ZR50_H,NaN
US-Wi3,ZR50_L,NaN
US-Wi3,ZRmax_H,NaN
US-Wi3,ZRmax_L,NaN
US-Wi3,Kct,0.75
US-Wi3,gcI,3.7
US-Wi3,KcI,0.06
US-Wi3,Sp_SN_In,5.9
US-Wi3,Sp_LAI_L_In,[0.2]
US-Wi3,Sp_LAI_H_In,[0.1]
US-Wi3,d_leaf_H,[7]
US-Wi3,d_leaf_L,[0.8]
US-Wi3,KnitH,[0.4]
US-Wi3,KnitL,0.0
US-Wi3,mSl_H,0.0
US-Wi3,mSl_L,0.0
US-Wi3,FI_H,[0.081]
US-Wi3,Do_H,[600]
US-Wi3,a1_H,[6]
US-Wi3,go_H,[0.01]
US-Wi3,CT_H,[3]
US-Wi3,DSE_H,[0.649]
US-Wi3,Ha_H,[72]
US-Wi3,gmes_H,[Inf]
US-Wi3,rjv_H,[2.1]
US-Wi3,FI_L,[0.081]
US-Wi3,Do_L,[2000]
US-Wi3,a1_L,[7]
US-Wi3,go_L,[0.01]
US-Wi3,CT_L,[3]
US-Wi3,DSE_L,[0.660]
US-Wi3,Ha_L,[48]
US-Wi3,gmes_L,[Inf]
US-Wi3,rjv_L,[2.6]
US-Wi3,Psi_sto_00_H,[-0.7]
US-Wi3,Psi_sto_50_H,[-2.5]
US-Wi3,PsiL00_H,[0.4]
US-Wi3,PsiL50_H,[-6.5]
US-Wi3,Kleaf_max_H,10
US-Wi3,Cl_H,1200
US-Wi3,Axyl_H,15.0
US-Wi3,Kx_max_H,80000
US-Wi3,PsiX50_H,[-9]
US-Wi3,Cx_H,150
US-Wi3,Psi_sto_00_L,-0.8
US-Wi3,Psi_sto_50_L,-3.0
US-Wi3,PsiL00_L,-1.1
US-Wi3,PsiL50_L,-4.0
US-Wi3,Kleaf_max_L,5
US-Wi3,Cl_L,1200
US-Wi3,Axyl_L,0.0
US-Wi3,Kx_max_L,80000
US-Wi3,PsiX50_L,-4.5
US-Wi3,Cx_L,150
US-Wi3,PsiG50_H,[-0.7]
US-Wi3,PsiG99_H,[-6.5]
US-Wi3,gcoef_H,3.5
US-Wi3,PsiG50_L,-1.45
US-Wi3,PsiG99_L,-4.0
US-Wi3,gcoef_L,3.5
US-Wi3,OM_H,1
US-Wi3,OM_L,1
US-Wi3,Sllit,2
US-Wi3,Sl_H,[0.0181128]
US-Wi3,Nl_H,[35]
US-Wi3,r_H,[0.02]
US-Wi3,gR_H,[0.22]
US-Wi3,aSE_H,[1]
US-Wi3,dd_max_H,[1/365]
US-Wi3,dc_C_H,[0.0274]
US-Wi3,Tcold_H,[5]
US-Wi3,drn_H,[0.0020]
US-Wi3,dsn_H,[0.0027]
US-Wi3,age_cr_H,[110]
US-Wi3,Bfac_lo_H,[0.9]
US-Wi3,Bfac_ls_H,[NaN]
US-Wi3,Tlo_H,[4.0]
US-Wi3,PAR_th_H,[NaN]
US-Wi3,dmg_H,[30]
US-Wi3,LAI_min_H,[0.001]
US-Wi3,Trr_H,[3.0]
US-Wi3,mjDay_H,[230]
US-Wi3,LDay_min_H,[11.5]
US-Wi3,LtR_H,[1.5]
US-Wi3,Mf_H,[0.0125]
US-Wi3,Wm_H,[0]
US-Wi3,eps_ac_H,[0.3]
US-Wi3,LDay_cr_H,[12.0]
US-Wi3,Klf_H,[0.025]
US-Wi3,fab_H,[0.74]
US-Wi3,fbe_H,[0.26]
US-Wi3,ff_r_H,[0.1]
US-Wi3,Sl_L,[0.028]
US-Wi3,Nl_L,[23]
US-Wi3,r_L,[0.055]
US-Wi3,gR_L,[0.25]
US-Wi3,aSE_L,[2]
US-Wi3,dd_max_L,[1/360]
US-Wi3,dc_C_L,[7/365]
US-Wi3,Tcold_L,[0.0]
US-Wi3,drn_L,[1/570]
US-Wi3,dsn_L,[ 1/365]
US-Wi3,age_cr_L,[180]
US-Wi3,Bfac_lo_L,[0.99]
US-Wi3,Bfac_ls_L,[NaN]
US-Wi3,Tlo_L,[6.0]
US-Wi3,Tls_L,[NaN]
US-Wi3,PAR_th_L,[NaN]
US-Wi3,dmg_L,[25]
US-Wi3,LAI_min_L,[0.1]
US-Wi3,Trr_L,[4.0]
US-Wi3,mjDay_L,[220]
US-Wi3,LDay_min_L,[NaN]
US-Wi3,LtR_L,[0.8]
US-Wi3,Mf_L,[NaN]
US-Wi3,Wm_L,[NaN]
US-Wi3,eps_ac_L,[0.5]
US-Wi3,LDay_cr_L,[11.5]
US-Wi3,Klf_L,[NaN]
US-Wi3,fab_L,NaN
US-Wi3,fbe_L,NaN
US-Wi3,ff_r_L,[NaN]
US-Wi3,Vmax_H,[50]
US-Wi3,Vmax_L,[0]
US-Wi3,LAI_H,[0.0]
US-Wi3,B_H,[0 327 262 350 0 0 0 0]
US-Wi3,Rrootl_H,[4200]
US-Wi3,PHE_S_H,[1]
US-Wi3,dflo_H,[0]
US-Wi3,AgeL_H,[0]
US-Wi3,e_rel_H,[1]
US-Wi3,hc_H,[23]
US-Wi3,SAI_H,[0.1]
US-Wi3,LAI_L,[0.0]
US-Wi3,B_L,[0 0 0 0 0 0 0 0]
US-Wi3,Rrootl_L,[0]
US-Wi3,PHE_S_L,[1]
US-Wi3,dflo_L,[0]
US-Wi3,AgeL_L,[0]
US-Wi3,e_rel_L,[1]
US-Wi3,hc_L,[0.0]
US-Wi3,SAI_L,[0.0]
US-Wi3,BLit,0.0
US-Wi3,Nreserve_H,[1000]
US-Wi3,Preserve_H,[100]
US-Wi3,Kreserve_H,[1000]
US-Wi3,FNC_H,1
US-Wi3,NupI_H,[0 0 0]
US-Wi3,Nreserve_L,[1]
US-Wi3,Preserve_L,[1]
US-Wi3,Kreserve_L,[1]
US-Wi3,FNC_L,1
US-Wi3,NupI_L,[0 0 0]
US-Wi3,RexmyI,[0 0 0]
US-Wi3,TBio_L,0
US-Wi3,TBio_H,300
US-Wi3,Vx_H,10
US-Wi3,Vl_H,10
US-Wi3,Vx_L,10
US-Wi3,Vl_L,10
US-Wi3,SWE,0
US-Wi3,SND,0
US-Wi3,TdpI_H,2
US-Wi3,TdpI_L,2
US-Wi3,In_L,0
US-Wi3,In_urb,0
US-Wi3,In_Litter,0
US-Wi3,SP_wc,0
US-Wi3,In_SWE,0
US-Wi3,ros,0
US-Wi3,t_sls,0
US-Wi3,e_sno,0.97
US-Wi3,tau_sno,0
US-Wi3,EK,0
US-Wi3,WAT,0
US-Wi3,ICE,0
US-Wi3,IP_wc,0
US-Wi3,ICE_D,0
US-Wi3,FROCK,0
US-Wi3,Ws_under,1
US-Wrc,a_dis,NaN
US-Wrc,pow_dis,NaN
US-Wrc,fpr,1
US-Wrc,SvF,1
US-Wrc,SN,0
US-Wrc,Slo_top,0
US-Wrc,Ared,1
US-Wrc,aR,1
US-Wrc,cellsize,1
US-Wrc,Kbot,NaN
US-Wrc,Krock,NaN
US-Wrc,zatm,67
US-Wrc,Cwat,0
US-Wrc,Cbare,0
US-Wrc,Psan_Zs,"[0.5628, 0.5628, 0.5628, 0.56609, 0.56609, 0.55064, 0.55064, 0.49452, 0.49452, 0.49452, 0.47523, 0.47523, 0.47523, 0.60577, 0.60577, 0.60577, 0.60577]"
US-Wrc,Pcla_Zs,"[0.07948, 0.07948, 0.07948, 0.08064, 0.08064, 0.08519, 0.08519, 0.08182, 0.08182, 0.08182, 0.08146, 0.08146, 0.08146, 0.07328, 0.07328, 0.07328, 0.07328]"
US-Wrc,Porg_Zs,"[0.02458, 0.02458, 0.02458, 0.02346, 0.02346, 0.01838, 0.01838, 0.00717, 0.00717, 0.00717, 0.00261, 0.00261, 0.00261, 0.00193, 0.00193, 0.00193, 0.00193]"
US-Wrc,Color_Class,0
US-Wrc,SPAR,2
US-Wrc,Kfc,0.2
US-Wrc,Phy,10000
US-Wrc,Oice,0
US-Wrc,Zs,[0 10 20 50 100 150 200 300 400 500 600 700 800 1000 1250 1500 1750 2000]
US-Wrc,Zdes,10
US-Wrc,Zinf,10
US-Wrc,Zbio,250
US-Wrc,In_max_urb,5
US-Wrc,In_max_rock,0.1
US-Wrc,TminS,-0.8
US-Wrc,TmaxS,2.8
US-Wrc,ros_max1,550
US-Wrc,ros_max2,260
US-Wrc,Th_Pr_sno,10.0
US-Wrc,Ice_wc_sp,0.01
US-Wrc,ros_Ice_thr,500
US-Wrc,Aice,0.35
US-Wrc,WatFreez_Th,-8
US-Wrc,dz_ice,0.54
US-Wrc,ExEM,1.0
US-Wrc,CASE_ROOT,1
US-Wrc,ZR95_H,[1800]
US-Wrc,ZR95_L,[0]
US-Wrc,ZR50_H,NaN
US-Wrc,ZR50_L,NaN
US-Wrc,ZRmax_H,NaN
US-Wrc,ZRmax_L,NaN
US-Wrc,Kct,0.75
US-Wrc,gcI,3.7
US-Wrc,KcI,0.06
US-Wrc,Sp_SN_In,5.9
US-Wrc,Sp_LAI_L_In,[0.2]
US-Wrc,Sp_LAI_H_In,[0.1]
US-Wrc,d_leaf_H,[0.25]
US-Wrc,d_leaf_L,[0.8]
US-Wrc,KnitH,0.35
US-Wrc,KnitL,0.0
US-Wrc,mSl_H,0.0
US-Wrc,mSl_L,0.0
US-Wrc,FI_H,[0.081]
US-Wrc,Do_H,[700]
US-Wrc,a1_H,[5]
US-Wrc,go_H,[ 0.01]
US-Wrc,CT_H,[3]
US-Wrc,DSE_H,[0.649]
US-Wrc,Ha_H,[89]
US-Wrc,gmes_H,[Inf]
US-Wrc,rjv_H,[1.8]
US-Wrc,FI_L,[0.081]
US-Wrc,Do_L,[2000]
US-Wrc,a1_L,[7]
US-Wrc,go_L,[0.01]
US-Wrc,CT_L,[3]
US-Wrc,DSE_L,[0.660]
US-Wrc,Ha_L,[48]
US-Wrc,gmes_L,[Inf]
US-Wrc,rjv_L,[2.6]
US-Wrc,Psi_sto_00_H,-0.8
US-Wrc,Psi_sto_50_H,-2.5
US-Wrc,PsiL00_H,-1.0
US-Wrc,PsiL50_H,-3.2
US-Wrc,Kleaf_max_H,10
US-Wrc,Cl_H,1200
US-Wrc,Axyl_H,15.0
US-Wrc,Kx_max_H,80000
US-Wrc,PsiX50_H,-5.0
US-Wrc,Cx_H,150
US-Wrc,Psi_sto_00_L,-0.8
US-Wrc,Psi_sto_50_L,-3.0
US-Wrc,PsiL00_L,-1.1
US-Wrc,PsiL50_L,-4.0
US-Wrc,Kleaf_max_L,5
US-Wrc,Cl_L,1200
US-Wrc,Axyl_L,0.0
US-Wrc,Kx_max_L,80000
US-Wrc,PsiX50_L,-4.5
US-Wrc,Cx_L,150
US-Wrc,PsiG50_H,-0.8
US-Wrc,PsiG99_H,-2.5
US-Wrc,gcoef_H,3.5
US-Wrc,PsiG50_L,-1.45
US-Wrc,PsiG99_L,-4.0
US-Wrc,gcoef_L,3.5
US-Wrc,OM_H,1
US-Wrc,OM_L,1
US-Wrc,Sllit,2
US-Wrc,Sl_H,[0.014114]
US-Wrc,Nl_H,[62]
US-Wrc,r_H,[0.055]
US-Wrc,gR_H,[0.25]
US-Wrc,aSE_H,[0]
US-Wrc,dd_max_H,[1/200]
US-Wrc,dc_C_H,78/365
US-Wrc,Tcold_H,[-50]
US-Wrc,drn_H,[1/800]
US-Wrc,dsn_H,[1/600]
US-Wrc,age_cr_H,[1220]
US-Wrc,Bfac_lo_H,[0.99]
US-Wrc,Bfac_ls_H,[NaN]
US-Wrc,Tlo_H,[1.5]
US-Wrc,PAR_th_H,[NaN]
US-Wrc,dmg_H,[30]
US-Wrc,LAI_min_H,[0.001]
US-Wrc,Trr_H,[0.5]
US-Wrc,mjDay_H,[220]
US-Wrc,LDay_min_H,[14.1]
US-Wrc,LtR_H,[0.8]
US-Wrc,Mf_H,[1/50]
US-Wrc,Wm_H,[0]
US-Wrc,eps_ac_H,[0.8]
US-Wrc,LDay_cr_H,[11.8]
US-Wrc,Klf_H,[1/30]
US-Wrc,fab_H,[0.74]
US-Wrc,fbe_H,[0.26]
US-Wrc,ff_r_H,[0.1]
US-Wrc,Sl_L,[0.028]
US-Wrc,Nl_L,[23]
US-Wrc,r_L,[0.055]
US-Wrc,gR_L,[0.25]
US-Wrc,aSE_L,[2]
US-Wrc,dd_max_L,[1/360]
US-Wrc,dc_C_L,[7/365]
US-Wrc,Tcold_L,[0.0]
US-Wrc,drn_L,[1/570]
US-Wrc,dsn_L,[ 1/365]
US-Wrc,age_cr_L,[180]
US-Wrc,Bfac_lo_L,[0.99]
US-Wrc,Bfac_ls_L,[NaN]
US-Wrc,Tlo_L,[6.0]
US-Wrc,Tls_L,[NaN]
US-Wrc,PAR_th_L,[NaN]
US-Wrc,dmg_L,[25]
US-Wrc,LAI_min_L,[0.1]
US-Wrc,Trr_L,[4.0]
US-Wrc,mjDay_L,[220]
US-Wrc,LDay_min_L,[NaN]
US-Wrc,LtR_L,[0.8]
US-Wrc,Mf_L,[NaN]
US-Wrc,Wm_L,[NaN]
US-Wrc,eps_ac_L,[0.5]
US-Wrc,LDay_cr_L,[11.5]
US-Wrc,Klf_L,[NaN]
US-Wrc,fab_L,NaN
US-Wrc,fbe_L,NaN
US-Wrc,ff_r_L,[NaN]
US-Wrc,Vmax_H,[32]
US-Wrc,Vmax_L,[0]
US-Wrc,LAI_H,[4.03]
US-Wrc,B_H,[215 327 262 244 1 0 5 0]
US-Wrc,Rrootl_H,[4200]
US-Wrc,PHE_S_H,[4]
US-Wrc,dflo_H,[0]
US-Wrc,AgeL_H,[1172]
US-Wrc,e_rel_H,[1]
US-Wrc,hc_H,[60]
US-Wrc,SAI_H,[0.1]
US-Wrc,LAI_L,[0.0]
US-Wrc,B_L,[0 0 0 0 0 0 0 0]
US-Wrc,Rrootl_L,[0]
US-Wrc,PHE_S_L,[1]
US-Wrc,dflo_L,[0]
US-Wrc,AgeL_L,[0]
US-Wrc,e_rel_L,[1]
US-Wrc,hc_L,[0.0]
US-Wrc,SAI_L,[0.0]
US-Wrc,BLit,0.0
US-Wrc,Nreserve_H,[1000]
US-Wrc,Preserve_H,[100]
US-Wrc,Kreserve_H,[1000]
US-Wrc,FNC_H,1
US-Wrc,NupI_H,[0 0 0]
US-Wrc,Nreserve_L,[1]
US-Wrc,Preserve_L,[1]
US-Wrc,Kreserve_L,[1]
US-Wrc,FNC_L,1
US-Wrc,NupI_L,[0 0 0]
US-Wrc,RexmyI,[0 0 0]
US-Wrc,TBio_L,0
US-Wrc,TBio_H,300
US-Wrc,Vx_H,10
US-Wrc,Vl_H,10
US-Wrc,Vx_L,10
US-Wrc,Vl_L,10
US-Wrc,SWE,0
US-Wrc,SND,0
US-Wrc,TdpI_H,2
US-Wrc,TdpI_L,2
US-Wrc,In_L,0
US-Wrc,In_urb,0
US-Wrc,In_Litter,0
US-Wrc,SP_wc,0
US-Wrc,In_SWE,0
US-Wrc,ros,0
US-Wrc,t_sls,0
US-Wrc,e_sno,0.97
US-Wrc,tau_sno,0
US-Wrc,EK,0
US-Wrc,WAT,0
US-Wrc,ICE,0
US-Wrc,IP_wc,0
US-Wrc,ICE_D,0
US-Wrc,FROCK,0
US-Wrc,Ws_under,1
US-xAB,a_dis,NaN
US-xAB,pow_dis,NaN
US-xAB,fpr,1
US-xAB,SvF,1
US-xAB,SN,0
US-xAB,Slo_top,0
US-xAB,Ared,1
US-xAB,aR,1
US-xAB,cellsize,1
US-xAB,Kbot,NaN
US-xAB,Krock,NaN
US-xAB,zatm,18.9
US-xAB,Cwat,0
US-xAB,Cbare,0
US-xAB,Psan_Zs,"[0.112, 0.112, 0.112, 0.112, 0.112, 0.112, 0.112, 0.112, 0.112, 0.112, 0.112, 0.112, 0.112, 0.112, 0.365, 0.365]"
US-xAB,Pcla_Zs,"[0.22, 0.22, 0.22, 0.22, 0.22, 0.22, 0.22, 0.22, 0.22, 0.22, 0.22, 0.22, 0.22, 0.22, 0.22, 0.22]"
US-xAB,Porg_Zs,"[0.06, 0.06, 0.06, 0.06, 0.06, 0.06, 0.06, 0.06, 0.02, 0.02, 0.02, 0.02, 0.02, 0.02, 0.0075, 0.0075]"
US-xAB,Color_Class,0
US-xAB,SPAR,2
US-xAB,Kfc,0.2
US-xAB,Phy,10000
US-xAB,Oice,0
US-xAB,Zs,[0 10 20 50 100 150 200 300 400 500 600 700 800 1000 1250 1500 1520]
US-xAB,Zdes,10
US-xAB,Zinf,10
US-xAB,Zbio,250
US-xAB,In_max_urb,5
US-xAB,In_max_rock,0.1
US-xAB,TminS,-0.8
US-xAB,TmaxS,2.8
US-xAB,ros_max1,550
US-xAB,ros_max2,260
US-xAB,Th_Pr_sno,10.0
US-xAB,Ice_wc_sp,0.01
US-xAB,ros_Ice_thr,500
US-xAB,Aice,0.35
US-xAB,WatFreez_Th,-8
US-xAB,dz_ice,0.54
US-xAB,ExEM,1.0
US-xAB,CASE_ROOT,1
US-xAB,ZR95_H,[1200]
US-xAB,ZR95_L,[0]
US-xAB,ZR50_H,NaN
US-xAB,ZR50_L,NaN
US-xAB,ZRmax_H,NaN
US-xAB,ZRmax_L,NaN
US-xAB,Kct,0.75
US-xAB,gcI,3.7
US-xAB,KcI,0.06
US-xAB,Sp_SN_In,5.9
US-xAB,Sp_LAI_L_In,[0.2]
US-xAB,Sp_LAI_H_In,[0.1]
US-xAB,d_leaf_H,[0.25]
US-xAB,d_leaf_L,[0.8]
US-xAB,KnitH,0.35
US-xAB,KnitL,0.0
US-xAB,mSl_H,0.0
US-xAB,mSl_L,0.0
US-xAB,FI_H,[0.081]
US-xAB,Do_H,[700]
US-xAB,a1_H,[5]
US-xAB,go_H,[ 0.01]
US-xAB,CT_H,[3]
US-xAB,DSE_H,[0.649]
US-xAB,Ha_H,[89]
US-xAB,gmes_H,[Inf]
US-xAB,rjv_H,[1.8]
US-xAB,FI_L,[0.081]
US-xAB,Do_L,[2000]
US-xAB,a1_L,[7]
US-xAB,go_L,[0.01]
US-xAB,CT_L,[3]
US-xAB,DSE_L,[0.660]
US-xAB,Ha_L,[48]
US-xAB,gmes_L,[Inf]
US-xAB,rjv_L,[2.6]
US-xAB,Psi_sto_00_H,-0.8
US-xAB,Psi_sto_50_H,-2.5
US-xAB,PsiL00_H,-1.0
US-xAB,PsiL50_H,-3.2
US-xAB,Kleaf_max_H,10
US-xAB,Cl_H,1200
US-xAB,Axyl_H,15.0
US-xAB,Kx_max_H,80000
US-xAB,PsiX50_H,-5.0
US-xAB,Cx_H,150
US-xAB,Psi_sto_00_L,-0.8
US-xAB,Psi_sto_50_L,-3.0
US-xAB,PsiL00_L,-1.1
US-xAB,PsiL50_L,-4.0
US-xAB,Kleaf_max_L,5
US-xAB,Cl_L,1200
US-xAB,Axyl_L,0.0
US-xAB,Kx_max_L,80000
US-xAB,PsiX50_L,-4.5
US-xAB,Cx_L,150
US-xAB,PsiG50_H,-0.8
US-xAB,PsiG99_H,-2.5
US-xAB,gcoef_H,3.5
US-xAB,PsiG50_L,-1.45
US-xAB,PsiG99_L,-4.0
US-xAB,gcoef_L,3.5
US-xAB,OM_H,1
US-xAB,OM_L,1
US-xAB,Sllit,2
US-xAB,Sl_H,[0.01604]
US-xAB,Nl_H,[62]
US-xAB,r_H,[0.055]
US-xAB,gR_H,[0.25]
US-xAB,aSE_H,[0]
US-xAB,dd_max_H,[1/200]
US-xAB,dc_C_H,78/365
US-xAB,Tcold_H,[-50]
US-xAB,drn_H,[1/800]
US-xAB,dsn_H,[1/600]
US-xAB,age_cr_H,[1220]
US-xAB,Bfac_lo_H,[0.99]
US-xAB,Bfac_ls_H,[NaN]
US-xAB,Tlo_H,[1.5]
US-xAB,PAR_th_H,[NaN]
US-xAB,dmg_H,[30]
US-xAB,LAI_min_H,[0.001]
US-xAB,Trr_H,[0.5]
US-xAB,mjDay_H,[220]
US-xAB,LDay_min_H,[14.1]
US-xAB,LtR_H,[0.8]
US-xAB,Mf_H,[1/50]
US-xAB,Wm_H,[0]
US-xAB,eps_ac_H,[0.8]
US-xAB,LDay_cr_H,[11.8]
US-xAB,Klf_H,[1/30]
US-xAB,fab_H,[0.74]
US-xAB,fbe_H,[0.26]
US-xAB,ff_r_H,[0.1]
US-xAB,Sl_L,[0.028]
US-xAB,Nl_L,[23]
US-xAB,r_L,[0.055]
US-xAB,gR_L,[0.25]
US-xAB,aSE_L,[2]
US-xAB,dd_max_L,[1/360]
US-xAB,dc_C_L,[7/365]
US-xAB,Tcold_L,[0.0]
US-xAB,drn_L,[1/570]
US-xAB,dsn_L,[ 1/365]
US-xAB,age_cr_L,[180]
US-xAB,Bfac_lo_L,[0.99]
US-xAB,Bfac_ls_L,[NaN]
US-xAB,Tlo_L,[6.0]
US-xAB,Tls_L,[NaN]
US-xAB,PAR_th_L,[NaN]
US-xAB,dmg_L,[25]
US-xAB,LAI_min_L,[0.1]
US-xAB,Trr_L,[4.0]
US-xAB,mjDay_L,[220]
US-xAB,LDay_min_L,[NaN]
US-xAB,LtR_L,[0.8]
US-xAB,Mf_L,[NaN]
US-xAB,Wm_L,[NaN]
US-xAB,eps_ac_L,[0.5]
US-xAB,LDay_cr_L,[11.5]
US-xAB,Klf_L,[NaN]
US-xAB,fab_L,NaN
US-xAB,fbe_L,NaN
US-xAB,ff_r_L,[NaN]
US-xAB,Vmax_H,[32]
US-xAB,Vmax_L,[0]
US-xAB,LAI_H,[4.03]
US-xAB,B_H,[215 327 262 244 1 0 5 0]
US-xAB,Rrootl_H,[4200]
US-xAB,PHE_S_H,[4]
US-xAB,dflo_H,[0]
US-xAB,AgeL_H,[1172]
US-xAB,e_rel_H,[1]
US-xAB,hc_H,[11]
US-xAB,SAI_H,[0.1]
US-xAB,LAI_L,[0.0]
US-xAB,B_L,[0 0 0 0 0 0 0 0]
US-xAB,Rrootl_L,[0]
US-xAB,PHE_S_L,[1]
US-xAB,dflo_L,[0]
US-xAB,AgeL_L,[0]
US-xAB,e_rel_L,[1]
US-xAB,hc_L,[0.0]
US-xAB,SAI_L,[0.0]
US-xAB,BLit,0.0
US-xAB,Nreserve_H,[1000]
US-xAB,Preserve_H,[100]
US-xAB,Kreserve_H,[1000]
US-xAB,FNC_H,1
US-xAB,NupI_H,[0 0 0]
US-xAB,Nreserve_L,[1]
US-xAB,Preserve_L,[1]
US-xAB,Kreserve_L,[1]
US-xAB,FNC_L,1
US-xAB,NupI_L,[0 0 0]
US-xAB,RexmyI,[0 0 0]
US-xAB,TBio_L,0
US-xAB,TBio_H,300
US-xAB,Vx_H,10
US-xAB,Vl_H,10
US-xAB,Vx_L,10
US-xAB,Vl_L,10
US-xAB,SWE,0
US-xAB,SND,0
US-xAB,TdpI_H,2
US-xAB,TdpI_L,2
US-xAB,In_L,0
US-xAB,In_urb,0
US-xAB,In_Litter,0
US-xAB,SP_wc,0
US-xAB,In_SWE,0
US-xAB,ros,0
US-xAB,t_sls,0
US-xAB,e_sno,0.97
US-xAB,tau_sno,0
US-xAB,EK,0
US-xAB,WAT,0
US-xAB,ICE,0
US-xAB,IP_wc,0
US-xAB,ICE_D,0
US-xAB,FROCK,0
US-xAB,Ws_under,1
US-xBL,a_dis,NaN
US-xBL,pow_dis,NaN
US-xBL,fpr,1
US-xBL,SvF,1
US-xBL,SN,0
US-xBL,Slo_top,0
US-xBL,Ared,1
US-xBL,aR,1
US-xBL,cellsize,1
US-xBL,Kbot,NaN
US-xBL,Krock,NaN
US-xBL,zatm,8.55
US-xBL,Cwat,0
US-xBL,Cbare,0
US-xBL,Psan_Zs,"[0.113, 0.113, 0.113, 0.113, 0.113, 0.113, 0.068, 0.068, 0.068, 0.068, 0.068, 0.068, 0.068, 0.055, 0.055]"
US-xBL,Pcla_Zs,"[0.21, 0.21, 0.21, 0.21, 0.21, 0.21, 0.265, 0.265, 0.265, 0.265, 0.265, 0.265, 0.265, 0.475, 0.475]"
US-xBL,Porg_Zs,"[0.015, 0.015, 0.015, 0.015, 0.015, 0.015, 0.005, 0.005, 0.005, 0.005, 0.0025, 0.0025, 0.0025, 0.0025, 0.0025]"
US-xBL,Color_Class,0
US-xBL,SPAR,2
US-xBL,Kfc,0.2
US-xBL,Phy,10000
US-xBL,Oice,0
US-xBL,Zs,[0 10 20 50 100 150 200 300 400 500 600 700 800 1000 1250 1470]
US-xBL,Zdes,10
US-xBL,Zinf,10
US-xBL,Zbio,250
US-xBL,In_max_urb,5
US-xBL,In_max_rock,0.1
US-xBL,TminS,-0.8
US-xBL,TmaxS,2.8
US-xBL,ros_max1,550
US-xBL,ros_max2,260
US-xBL,Th_Pr_sno,10.0
US-xBL,Ice_wc_sp,0.01
US-xBL,ros_Ice_thr,500
US-xBL,Aice,0.35
US-xBL,WatFreez_Th,-8
US-xBL,dz_ice,0.54
US-xBL,ExEM,1.0
US-xBL,CASE_ROOT,1
US-xBL,ZR95_H,[1100]
US-xBL,ZR95_L,[0]
US-xBL,ZR50_H,NaN
US-xBL,ZR50_L,NaN
US-xBL,ZRmax_H,NaN
US-xBL,ZRmax_L,NaN
US-xBL,Kct,0.75
US-xBL,gcI,3.7
US-xBL,KcI,0.06
US-xBL,Sp_SN_In,5.9
US-xBL,Sp_LAI_L_In,[0.2]
US-xBL,Sp_LAI_H_In,[0.1]
US-xBL,d_leaf_H,[7]
US-xBL,d_leaf_L,[0.8]
US-xBL,KnitH,[0.4]
US-xBL,KnitL,0.0
US-xBL,mSl_H,0.0
US-xBL,mSl_L,0.0
US-xBL,FI_H,[0.081]
US-xBL,Do_H,[600]
US-xBL,a1_H,[6]
US-xBL,go_H,[0.01]
US-xBL,CT_H,[3]
US-xBL,DSE_H,[0.649]
US-xBL,Ha_H,[72]
US-xBL,gmes_H,[Inf]
US-xBL,rjv_H,[2.1]
US-xBL,FI_L,[0.081]
US-xBL,Do_L,[2000]
US-xBL,a1_L,[7]
US-xBL,go_L,[0.01]
US-xBL,CT_L,[3]
US-xBL,DSE_L,[0.660]
US-xBL,Ha_L,[48]
US-xBL,gmes_L,[Inf]
US-xBL,rjv_L,[2.6]
US-xBL,Psi_sto_00_H,[-0.7]
US-xBL,Psi_sto_50_H,[-2.5]
US-xBL,PsiL00_H,[0.4]
US-xBL,PsiL50_H,[-6.5]
US-xBL,Kleaf_max_H,10
US-xBL,Cl_H,1200
US-xBL,Axyl_H,15.0
US-xBL,Kx_max_H,80000
US-xBL,PsiX50_H,[-9]
US-xBL,Cx_H,150
US-xBL,Psi_sto_00_L,-0.8
US-xBL,Psi_sto_50_L,-3.0
US-xBL,PsiL00_L,-1.1
US-xBL,PsiL50_L,-4.0
US-xBL,Kleaf_max_L,5
US-xBL,Cl_L,1200
US-xBL,Axyl_L,0.0
US-xBL,Kx_max_L,80000
US-xBL,PsiX50_L,-4.5
US-xBL,Cx_L,150
US-xBL,PsiG50_H,[-0.7]
US-xBL,PsiG99_H,[-6.5]
US-xBL,gcoef_H,3.5
US-xBL,PsiG50_L,-1.45
US-xBL,PsiG99_L,-4.0
US-xBL,gcoef_L,3.5
US-xBL,OM_H,1
US-xBL,OM_L,1
US-xBL,Sllit,2
US-xBL,Sl_H,[0.0217804]
US-xBL,Nl_H,[35]
US-xBL,r_H,[0.02]
US-xBL,gR_H,[0.22]
US-xBL,aSE_H,[1]
US-xBL,dd_max_H,[1/365]
US-xBL,dc_C_H,[0.0274]
US-xBL,Tcold_H,[5]
US-xBL,drn_H,[0.0020]
US-xBL,dsn_H,[0.0027]
US-xBL,age_cr_H,[110]
US-xBL,Bfac_lo_H,[0.9]
US-xBL,Bfac_ls_H,[NaN]
US-xBL,Tlo_H,[4.0]
US-xBL,PAR_th_H,[NaN]
US-xBL,dmg_H,[30]
US-xBL,LAI_min_H,[0.001]
US-xBL,Trr_H,[3.0]
US-xBL,mjDay_H,[230]
US-xBL,LDay_min_H,[11.5]
US-xBL,LtR_H,[1.5]
US-xBL,Mf_H,[0.0125]
US-xBL,Wm_H,[0]
US-xBL,eps_ac_H,[0.3]
US-xBL,LDay_cr_H,[12.0]
US-xBL,Klf_H,[0.025]
US-xBL,fab_H,[0.74]
US-xBL,fbe_H,[0.26]
US-xBL,ff_r_H,[0.1]
US-xBL,Sl_L,[0.028]
US-xBL,Nl_L,[23]
US-xBL,r_L,[0.055]
US-xBL,gR_L,[0.25]
US-xBL,aSE_L,[2]
US-xBL,dd_max_L,[1/360]
US-xBL,dc_C_L,[7/365]
US-xBL,Tcold_L,[0.0]
US-xBL,drn_L,[1/570]
US-xBL,dsn_L,[ 1/365]
US-xBL,age_cr_L,[180]
US-xBL,Bfac_lo_L,[0.99]
US-xBL,Bfac_ls_L,[NaN]
US-xBL,Tlo_L,[6.0]
US-xBL,Tls_L,[NaN]
US-xBL,PAR_th_L,[NaN]
US-xBL,dmg_L,[25]
US-xBL,LAI_min_L,[0.1]
US-xBL,Trr_L,[4.0]
US-xBL,mjDay_L,[220]
US-xBL,LDay_min_L,[NaN]
US-xBL,LtR_L,[0.8]
US-xBL,Mf_L,[NaN]
US-xBL,Wm_L,[NaN]
US-xBL,eps_ac_L,[0.5]
US-xBL,LDay_cr_L,[11.5]
US-xBL,Klf_L,[NaN]
US-xBL,fab_L,NaN
US-xBL,fbe_L,NaN
US-xBL,ff_r_L,[NaN]
US-xBL,Vmax_H,[50]
US-xBL,Vmax_L,[0]
US-xBL,LAI_H,[0.0]
US-xBL,B_H,[0 327 262 350 0 0 0 0]
US-xBL,Rrootl_H,[4200]
US-xBL,PHE_S_H,[1]
US-xBL,dflo_H,[0]
US-xBL,AgeL_H,[0]
US-xBL,e_rel_H,[1]
US-xBL,hc_H,[4]
US-xBL,SAI_H,[0.1]
US-xBL,LAI_L,[0.0]
US-xBL,B_L,[0 0 0 0 0 0 0 0]
US-xBL,Rrootl_L,[0]
US-xBL,PHE_S_L,[1]
US-xBL,dflo_L,[0]
US-xBL,AgeL_L,[0]
US-xBL,e_rel_L,[1]
US-xBL,hc_L,[0.0]
US-xBL,SAI_L,[0.0]
US-xBL,BLit,0.0
US-xBL,Nreserve_H,[1000]
US-xBL,Preserve_H,[100]
US-xBL,Kreserve_H,[1000]
US-xBL,FNC_H,1
US-xBL,NupI_H,[0 0 0]
US-xBL,Nreserve_L,[1]
US-xBL,Preserve_L,[1]
US-xBL,Kreserve_L,[1]
US-xBL,FNC_L,1
US-xBL,NupI_L,[0 0 0]
US-xBL,RexmyI,[0 0 0]
US-xBL,TBio_L,0
US-xBL,TBio_H,300
US-xBL,Vx_H,10
US-xBL,Vl_H,10
US-xBL,Vx_L,10
US-xBL,Vl_L,10
US-xBL,SWE,0
US-xBL,SND,0
US-xBL,TdpI_H,2
US-xBL,TdpI_L,2
US-xBL,In_L,0
US-xBL,In_urb,0
US-xBL,In_Litter,0
US-xBL,SP_wc,0
US-xBL,In_SWE,0
US-xBL,ros,0
US-xBL,t_sls,0
US-xBL,e_sno,0.97
US-xBL,tau_sno,0
US-xBL,EK,0
US-xBL,WAT,0
US-xBL,ICE,0
US-xBL,IP_wc,0
US-xBL,ICE_D,0
US-xBL,FROCK,0
US-xBL,Ws_under,1
US-xBR,a_dis,NaN
US-xBR,pow_dis,NaN
US-xBR,fpr,1
US-xBR,SvF,1
US-xBR,SN,0
US-xBR,Slo_top,0
US-xBR,Ared,1
US-xBR,aR,1
US-xBR,cellsize,1
US-xBR,Kbot,NaN
US-xBR,Krock,NaN
US-xBR,zatm,35.68
US-xBR,Cwat,0
US-xBR,Cbare,0
US-xBR,Psan_Zs,"[0.59295, 0.59295, 0.59295, 0.65841, 0.65841, 0.6601, 0.6601, 0.70869, 0.70869, 0.70869, 0.82447, 0.82447, 0.82447, 0.8887, 0.8887, 0.8887, 0.8887]"
US-xBR,Pcla_Zs,"[0.05262, 0.05262, 0.05262, 0.04013, 0.04013, 0.03286, 0.03286, 0.02749, 0.02749, 0.02749, 0.01561, 0.01561, 0.01561, 0.01609, 0.01609, 0.01609, 0.01609]"
US-xBR,Porg_Zs,"[0.08, 0.08, 0.08, 0.0513, 0.0513, 0.01866, 0.01866, 0.00851, 0.00851, 0.00851, 0.00262, 0.00262, 0.00262, 0.00061, 0.00061, 0.00061, 0.00061]"
US-xBR,Color_Class,0
US-xBR,SPAR,2
US-xBR,Kfc,0.2
US-xBR,Phy,10000
US-xBR,Oice,0
US-xBR,Zs,[0 10 20 50 100 150 200 300 400 500 600 700 800 1000 1250 1500 1750 2000]
US-xBR,Zdes,10
US-xBR,Zinf,10
US-xBR,Zbio,250
US-xBR,In_max_urb,5
US-xBR,In_max_rock,0.1
US-xBR,TminS,-0.8
US-xBR,TmaxS,2.8
US-xBR,ros_max1,550
US-xBR,ros_max2,260
US-xBR,Th_Pr_sno,10.0
US-xBR,Ice_wc_sp,0.01
US-xBR,ros_Ice_thr,500
US-xBR,Aice,0.35
US-xBR,WatFreez_Th,-8
US-xBR,dz_ice,0.54
US-xBR,ExEM,1.0
US-xBR,CASE_ROOT,1
US-xBR,ZR95_H,[1100]
US-xBR,ZR95_L,[0]
US-xBR,ZR50_H,NaN
US-xBR,ZR50_L,NaN
US-xBR,ZRmax_H,NaN
US-xBR,ZRmax_L,NaN
US-xBR,Kct,0.75
US-xBR,gcI,3.7
US-xBR,KcI,0.06
US-xBR,Sp_SN_In,5.9
US-xBR,Sp_LAI_L_In,[0.2]
US-xBR,Sp_LAI_H_In,[0.1]
US-xBR,d_leaf_H,[7]
US-xBR,d_leaf_L,[0.8]
US-xBR,KnitH,[0.4]
US-xBR,KnitL,0.0
US-xBR,mSl_H,0.0
US-xBR,mSl_L,0.0
US-xBR,FI_H,[0.081]
US-xBR,Do_H,[600]
US-xBR,a1_H,[6]
US-xBR,go_H,[0.01]
US-xBR,CT_H,[3]
US-xBR,DSE_H,[0.649]
US-xBR,Ha_H,[72]
US-xBR,gmes_H,[Inf]
US-xBR,rjv_H,[2.1]
US-xBR,FI_L,[0.081]
US-xBR,Do_L,[2000]
US-xBR,a1_L,[7]
US-xBR,go_L,[0.01]
US-xBR,CT_L,[3]
US-xBR,DSE_L,[0.660]
US-xBR,Ha_L,[48]
US-xBR,gmes_L,[Inf]
US-xBR,rjv_L,[2.6]
US-xBR,Psi_sto_00_H,[-0.7]
US-xBR,Psi_sto_50_H,[-2.5]
US-xBR,PsiL00_H,[0.4]
US-xBR,PsiL50_H,[-6.5]
US-xBR,Kleaf_max_H,10
US-xBR,Cl_H,1200
US-xBR,Axyl_H,15.0
US-xBR,Kx_max_H,80000
US-xBR,PsiX50_H,[-9]
US-xBR,Cx_H,150
US-xBR,Psi_sto_00_L,-0.8
US-xBR,Psi_sto_50_L,-3.0
US-xBR,PsiL00_L,-1.1
US-xBR,PsiL50_L,-4.0
US-xBR,Kleaf_max_L,5
US-xBR,Cl_L,1200
US-xBR,Axyl_L,0.0
US-xBR,Kx_max_L,80000
US-xBR,PsiX50_L,-4.5
US-xBR,Cx_L,150
US-xBR,PsiG50_H,[-0.7]
US-xBR,PsiG99_H,[-6.5]
US-xBR,gcoef_H,3.5
US-xBR,PsiG50_L,-1.45
US-xBR,PsiG99_L,-4.0
US-xBR,gcoef_L,3.5
US-xBR,OM_H,1
US-xBR,OM_L,1
US-xBR,Sllit,2
US-xBR,Sl_H,[0.0264994]
US-xBR,Nl_H,[35]
US-xBR,r_H,[0.02]
US-xBR,gR_H,[0.22]
US-xBR,aSE_H,[1]
US-xBR,dd_max_H,[1/365]
US-xBR,dc_C_H,[0.0274]
US-xBR,Tcold_H,[5]
US-xBR,drn_H,[0.0020]
US-xBR,dsn_H,[0.0027]
US-xBR,age_cr_H,[110]
US-xBR,Bfac_lo_H,[0.9]
US-xBR,Bfac_ls_H,[NaN]
US-xBR,Tlo_H,[4.0]
US-xBR,PAR_th_H,[NaN]
US-xBR,dmg_H,[30]
US-xBR,LAI_min_H,[0.001]
US-xBR,Trr_H,[3.0]
US-xBR,mjDay_H,[230]
US-xBR,LDay_min_H,[11.5]
US-xBR,LtR_H,[1.5]
US-xBR,Mf_H,[0.0125]
US-xBR,Wm_H,[0]
US-xBR,eps_ac_H,[0.3]
US-xBR,LDay_cr_H,[12.0]
US-xBR,Klf_H,[0.025]
US-xBR,fab_H,[0.74]
US-xBR,fbe_H,[0.26]
US-xBR,ff_r_H,[0.1]
US-xBR,Sl_L,[0.028]
US-xBR,Nl_L,[23]
US-xBR,r_L,[0.055]
US-xBR,gR_L,[0.25]
US-xBR,aSE_L,[2]
US-xBR,dd_max_L,[1/360]
US-xBR,dc_C_L,[7/365]
US-xBR,Tcold_L,[0.0]
US-xBR,drn_L,[1/570]
US-xBR,dsn_L,[ 1/365]
US-xBR,age_cr_L,[180]
US-xBR,Bfac_lo_L,[0.99]
US-xBR,Bfac_ls_L,[NaN]
US-xBR,Tlo_L,[6.0]
US-xBR,Tls_L,[NaN]
US-xBR,PAR_th_L,[NaN]
US-xBR,dmg_L,[25]
US-xBR,LAI_min_L,[0.1]
US-xBR,Trr_L,[4.0]
US-xBR,mjDay_L,[220]
US-xBR,LDay_min_L,[NaN]
US-xBR,LtR_L,[0.8]
US-xBR,Mf_L,[NaN]
US-xBR,Wm_L,[NaN]
US-xBR,eps_ac_L,[0.5]
US-xBR,LDay_cr_L,[11.5]
US-xBR,Klf_L,[NaN]
US-xBR,fab_L,NaN
US-xBR,fbe_L,NaN
US-xBR,ff_r_L,[NaN]
US-xBR,Vmax_H,[50]
US-xBR,Vmax_L,[0]
US-xBR,LAI_H,[0.0]
US-xBR,B_H,[0 327 262 350 0 0 0 0]
US-xBR,Rrootl_H,[4200]
US-xBR,PHE_S_H,[1]
US-xBR,dflo_H,[0]
US-xBR,AgeL_H,[0]
US-xBR,e_rel_H,[1]
US-xBR,hc_H,[19]
US-xBR,SAI_H,[0.1]
US-xBR,LAI_L,[0.0]
US-xBR,B_L,[0 0 0 0 0 0 0 0]
US-xBR,Rrootl_L,[0]
US-xBR,PHE_S_L,[1]
US-xBR,dflo_L,[0]
US-xBR,AgeL_L,[0]
US-xBR,e_rel_L,[1]
US-xBR,hc_L,[0.0]
US-xBR,SAI_L,[0.0]
US-xBR,BLit,0.0
US-xBR,Nreserve_H,[1000]
US-xBR,Preserve_H,[100]
US-xBR,Kreserve_H,[1000]
US-xBR,FNC_H,1
US-xBR,NupI_H,[0 0 0]
US-xBR,Nreserve_L,[1]
US-xBR,Preserve_L,[1]
US-xBR,Kreserve_L,[1]
US-xBR,FNC_L,1
US-xBR,NupI_L,[0 0 0]
US-xBR,RexmyI,[0 0 0]
US-xBR,TBio_L,0
US-xBR,TBio_H,300
US-xBR,Vx_H,10
US-xBR,Vl_H,10
US-xBR,Vx_L,10
US-xBR,Vl_L,10
US-xBR,SWE,0
US-xBR,SND,0
US-xBR,TdpI_H,2
US-xBR,TdpI_L,2
US-xBR,In_L,0
US-xBR,In_urb,0
US-xBR,In_Litter,0
US-xBR,SP_wc,0
US-xBR,In_SWE,0
US-xBR,ros,0
US-xBR,t_sls,0
US-xBR,e_sno,0.97
US-xBR,tau_sno,0
US-xBR,EK,0
US-xBR,WAT,0
US-xBR,ICE,0
US-xBR,IP_wc,0
US-xBR,ICE_D,0
US-xBR,FROCK,0
US-xBR,Ws_under,1
US-xGR,a_dis,NaN
US-xGR,pow_dis,NaN
US-xGR,fpr,1
US-xGR,SvF,1
US-xGR,SN,0
US-xGR,Slo_top,0
US-xGR,Ared,1
US-xGR,aR,1
US-xGR,cellsize,1
US-xGR,Kbot,NaN
US-xGR,Krock,NaN
US-xGR,zatm,45.89
US-xGR,Cwat,0
US-xGR,Cbare,0
US-xGR,Psan_Zs,"[0.603, 0.603, 0.603, 0.603, 0.603, 0.603, 0.603, 0.601, 0.601, 0.601, 0.601, 0.601, 0.601, 0.601]"
US-xGR,Pcla_Zs,"[0.123, 0.123, 0.123, 0.123, 0.123, 0.123, 0.123, 0.113, 0.113, 0.113, 0.113, 0.113, 0.113, 0.113]"
US-xGR,Porg_Zs,"[0.073, 0.073, 0.073, 0.073, 0.073, 0.073, 0.073, 0.012, 0.012, 0.012, 0.012, 0.012, 0.012, 0.012]"
US-xGR,Color_Class,0
US-xGR,SPAR,2
US-xGR,Kfc,0.2
US-xGR,Phy,10000
US-xGR,Oice,0
US-xGR,Zs,[0 10 20 50 100 150 200 300 400 500 600 700 800 1000 1220]
US-xGR,Zdes,10
US-xGR,Zinf,10
US-xGR,Zbio,250
US-xGR,In_max_urb,5
US-xGR,In_max_rock,0.1
US-xGR,TminS,-0.8
US-xGR,TmaxS,2.8
US-xGR,ros_max1,550
US-xGR,ros_max2,260
US-xGR,Th_Pr_sno,10.0
US-xGR,Ice_wc_sp,0.01
US-xGR,ros_Ice_thr,500
US-xGR,Aice,0.35
US-xGR,WatFreez_Th,-8
US-xGR,dz_ice,0.54
US-xGR,ExEM,1.0
US-xGR,CASE_ROOT,1
US-xGR,ZR95_H,[1100]
US-xGR,ZR95_L,[0]
US-xGR,ZR50_H,NaN
US-xGR,ZR50_L,NaN
US-xGR,ZRmax_H,NaN
US-xGR,ZRmax_L,NaN
US-xGR,Kct,0.75
US-xGR,gcI,3.7
US-xGR,KcI,0.06
US-xGR,Sp_SN_In,5.9
US-xGR,Sp_LAI_L_In,[0.2]
US-xGR,Sp_LAI_H_In,[0.1]
US-xGR,d_leaf_H,[7]
US-xGR,d_leaf_L,[0.8]
US-xGR,KnitH,[0.4]
US-xGR,KnitL,0.0
US-xGR,mSl_H,0.0
US-xGR,mSl_L,0.0
US-xGR,FI_H,[0.081]
US-xGR,Do_H,[600]
US-xGR,a1_H,[6]
US-xGR,go_H,[0.01]
US-xGR,CT_H,[3]
US-xGR,DSE_H,[0.649]
US-xGR,Ha_H,[72]
US-xGR,gmes_H,[Inf]
US-xGR,rjv_H,[2.1]
US-xGR,FI_L,[0.081]
US-xGR,Do_L,[2000]
US-xGR,a1_L,[7]
US-xGR,go_L,[0.01]
US-xGR,CT_L,[3]
US-xGR,DSE_L,[0.660]
US-xGR,Ha_L,[48]
US-xGR,gmes_L,[Inf]
US-xGR,rjv_L,[2.6]
US-xGR,Psi_sto_00_H,[-0.7]
US-xGR,Psi_sto_50_H,[-2.5]
US-xGR,PsiL00_H,[0.4]
US-xGR,PsiL50_H,[-6.5]
US-xGR,Kleaf_max_H,10
US-xGR,Cl_H,1200
US-xGR,Axyl_H,15.0
US-xGR,Kx_max_H,80000
US-xGR,PsiX50_H,[-9]
US-xGR,Cx_H,150
US-xGR,Psi_sto_00_L,-0.8
US-xGR,Psi_sto_50_L,-3.0
US-xGR,PsiL00_L,-1.1
US-xGR,PsiL50_L,-4.0
US-xGR,Kleaf_max_L,5
US-xGR,Cl_L,1200
US-xGR,Axyl_L,0.0
US-xGR,Kx_max_L,80000
US-xGR,PsiX50_L,-4.5
US-xGR,Cx_L,150
US-xGR,PsiG50_H,[-0.7]
US-xGR,PsiG99_H,[-6.5]
US-xGR,gcoef_H,3.5
US-xGR,PsiG50_L,-1.45
US-xGR,PsiG99_L,-4.0
US-xGR,gcoef_L,3.5
US-xGR,OM_H,1
US-xGR,OM_L,1
US-xGR,Sllit,2
US-xGR,Sl_H,[0.0236577]
US-xGR,Nl_H,[35]
US-xGR,r_H,[0.02]
US-xGR,gR_H,[0.22]
US-xGR,aSE_H,[1]
US-xGR,dd_max_H,[1/365]
US-xGR,dc_C_H,[0.0274]
US-xGR,Tcold_H,[5]
US-xGR,drn_H,[0.0020]
US-xGR,dsn_H,[0.0027]
US-xGR,age_cr_H,[110]
US-xGR,Bfac_lo_H,[0.9]
US-xGR,Bfac_ls_H,[NaN]
US-xGR,Tlo_H,[4.0]
US-xGR,PAR_th_H,[NaN]
US-xGR,dmg_H,[30]
US-xGR,LAI_min_H,[0.001]
US-xGR,Trr_H,[3.0]
US-xGR,mjDay_H,[230]
US-xGR,LDay_min_H,[11.5]
US-xGR,LtR_H,[1.5]
US-xGR,Mf_H,[0.0125]
US-xGR,Wm_H,[0]
US-xGR,eps_ac_H,[0.3]
US-xGR,LDay_cr_H,[12.0]
US-xGR,Klf_H,[0.025]
US-xGR,fab_H,[0.74]
US-xGR,fbe_H,[0.26]
US-xGR,ff_r_H,[0.1]
US-xGR,Sl_L,[0.028]
US-xGR,Nl_L,[23]
US-xGR,r_L,[0.055]
US-xGR,gR_L,[0.25]
US-xGR,aSE_L,[2]
US-xGR,dd_max_L,[1/360]
US-xGR,dc_C_L,[7/365]
US-xGR,Tcold_L,[0.0]
US-xGR,drn_L,[1/570]
US-xGR,dsn_L,[ 1/365]
US-xGR,age_cr_L,[180]
US-xGR,Bfac_lo_L,[0.99]
US-xGR,Bfac_ls_L,[NaN]
US-xGR,Tlo_L,[6.0]
US-xGR,Tls_L,[NaN]
US-xGR,PAR_th_L,[NaN]
US-xGR,dmg_L,[25]
US-xGR,LAI_min_L,[0.1]
US-xGR,Trr_L,[4.0]
US-xGR,mjDay_L,[220]
US-xGR,LDay_min_L,[NaN]
US-xGR,LtR_L,[0.8]
US-xGR,Mf_L,[NaN]
US-xGR,Wm_L,[NaN]
US-xGR,eps_ac_L,[0.5]
US-xGR,LDay_cr_L,[11.5]
US-xGR,Klf_L,[NaN]
US-xGR,fab_L,NaN
US-xGR,fbe_L,NaN
US-xGR,ff_r_L,[NaN]
US-xGR,Vmax_H,[50]
US-xGR,Vmax_L,[0]
US-xGR,LAI_H,[0.0]
US-xGR,B_H,[0 327 262 350 0 0 0 0]
US-xGR,Rrootl_H,[4200]
US-xGR,PHE_S_H,[1]
US-xGR,dflo_H,[0]
US-xGR,AgeL_H,[0]
US-xGR,e_rel_H,[1]
US-xGR,hc_H,[29]
US-xGR,SAI_H,[0.1]
US-xGR,LAI_L,[0.0]
US-xGR,B_L,[0 0 0 0 0 0 0 0]
US-xGR,Rrootl_L,[0]
US-xGR,PHE_S_L,[1]
US-xGR,dflo_L,[0]
US-xGR,AgeL_L,[0]
US-xGR,e_rel_L,[1]
US-xGR,hc_L,[0.0]
US-xGR,SAI_L,[0.0]
US-xGR,BLit,0.0
US-xGR,Nreserve_H,[1000]
US-xGR,Preserve_H,[100]
US-xGR,Kreserve_H,[1000]
US-xGR,FNC_H,1
US-xGR,NupI_H,[0 0 0]
US-xGR,Nreserve_L,[1]
US-xGR,Preserve_L,[1]
US-xGR,Kreserve_L,[1]
US-xGR,FNC_L,1
US-xGR,NupI_L,[0 0 0]
US-xGR,RexmyI,[0 0 0]
US-xGR,TBio_L,0
US-xGR,TBio_H,300
US-xGR,Vx_H,10
US-xGR,Vl_H,10
US-xGR,Vx_L,10
US-xGR,Vl_L,10
US-xGR,SWE,0
US-xGR,SND,0
US-xGR,TdpI_H,2
US-xGR,TdpI_L,2
US-xGR,In_L,0
US-xGR,In_urb,0
US-xGR,In_Litter,0
US-xGR,SP_wc,0
US-xGR,In_SWE,0
US-xGR,ros,0
US-xGR,t_sls,0
US-xGR,e_sno,0.97
US-xGR,tau_sno,0
US-xGR,EK,0
US-xGR,WAT,0
US-xGR,ICE,0
US-xGR,IP_wc,0
US-xGR,ICE_D,0
US-xGR,FROCK,0
US-xGR,Ws_under,1
US-xHA,a_dis,NaN
US-xHA,pow_dis,NaN
US-xHA,fpr,1
US-xHA,SvF,1
US-xHA,SN,0
US-xHA,Slo_top,0
US-xHA,Ared,1
US-xHA,aR,1
US-xHA,cellsize,1
US-xHA,Kbot,NaN
US-xHA,Krock,NaN
US-xHA,zatm,39.16
US-xHA,Cwat,0
US-xHA,Cbare,0
US-xHA,Psan_Zs,"[0.58, 0.58, 0.58, 0.53, 0.53, 0.53, 0.53, 0.65, 0.65, 0.65, 0.65, 0.65, 0.8, 0.8, 0.8, 0.8]"
US-xHA,Pcla_Zs,"[0.03, 0.03, 0.03, 0.06, 0.06, 0.03, 0.03, 0.04, 0.04, 0.04, 0.04, 0.04, 0.02, 0.02, 0.02, 0.02]"
US-xHA,Porg_Zs,"[0.04, 0.04, 0.04, 0.07, 0.04, 0.04, 0.04, 0.02, 0.02, 0.02, 0.02, 0.02, 0.005, 0.005, 0.005, 0.005]"
US-xHA,Color_Class,0
US-xHA,SPAR,2
US-xHA,Kfc,0.2
US-xHA,Phy,10000
US-xHA,Oice,0
US-xHA,Zs,[0 10 20 50 100 150 200 300 400 500 600 700 800 1000 1250 1500 1600]
US-xHA,Zdes,10
US-xHA,Zinf,10
US-xHA,Zbio,250
US-xHA,In_max_urb,5
US-xHA,In_max_rock,0.1
US-xHA,TminS,-0.8
US-xHA,TmaxS,2.8
US-xHA,ros_max1,550
US-xHA,ros_max2,260
US-xHA,Th_Pr_sno,10.0
US-xHA,Ice_wc_sp,0.01
US-xHA,ros_Ice_thr,500
US-xHA,Aice,0.35
US-xHA,WatFreez_Th,-8
US-xHA,dz_ice,0.54
US-xHA,ExEM,1.0
US-xHA,CASE_ROOT,1
US-xHA,ZR95_H,[1100]
US-xHA,ZR95_L,[0]
US-xHA,ZR50_H,NaN
US-xHA,ZR50_L,NaN
US-xHA,ZRmax_H,NaN
US-xHA,ZRmax_L,NaN
US-xHA,Kct,0.75
US-xHA,gcI,3.7
US-xHA,KcI,0.06
US-xHA,Sp_SN_In,5.9
US-xHA,Sp_LAI_L_In,[0.2]
US-xHA,Sp_LAI_H_In,[0.1]
US-xHA,d_leaf_H,[7]
US-xHA,d_leaf_L,[0.8]
US-xHA,KnitH,[0.4]
US-xHA,KnitL,0.0
US-xHA,mSl_H,0.0
US-xHA,mSl_L,0.0
US-xHA,FI_H,[0.081]
US-xHA,Do_H,[600]
US-xHA,a1_H,[6]
US-xHA,go_H,[0.01]
US-xHA,CT_H,[3]
US-xHA,DSE_H,[0.649]
US-xHA,Ha_H,[72]
US-xHA,gmes_H,[Inf]
US-xHA,rjv_H,[2.1]
US-xHA,FI_L,[0.081]
US-xHA,Do_L,[2000]
US-xHA,a1_L,[7]
US-xHA,go_L,[0.01]
US-xHA,CT_L,[3]
US-xHA,DSE_L,[0.660]
US-xHA,Ha_L,[48]
US-xHA,gmes_L,[Inf]
US-xHA,rjv_L,[2.6]
US-xHA,Psi_sto_00_H,[-0.7]
US-xHA,Psi_sto_50_H,[-2.5]
US-xHA,PsiL00_H,[0.4]
US-xHA,PsiL50_H,[-6.5]
US-xHA,Kleaf_max_H,10
US-xHA,Cl_H,1200
US-xHA,Axyl_H,15.0
US-xHA,Kx_max_H,80000
US-xHA,PsiX50_H,[-9]
US-xHA,Cx_H,150
US-xHA,Psi_sto_00_L,-0.8
US-xHA,Psi_sto_50_L,-3.0
US-xHA,PsiL00_L,-1.1
US-xHA,PsiL50_L,-4.0
US-xHA,Kleaf_max_L,5
US-xHA,Cl_L,1200
US-xHA,Axyl_L,0.0
US-xHA,Kx_max_L,80000
US-xHA,PsiX50_L,-4.5
US-xHA,Cx_L,150
US-xHA,PsiG50_H,[-0.7]
US-xHA,PsiG99_H,[-6.5]
US-xHA,gcoef_H,3.5
US-xHA,PsiG50_L,-1.45
US-xHA,PsiG99_L,-4.0
US-xHA,gcoef_L,3.5
US-xHA,OM_H,1
US-xHA,OM_L,1
US-xHA,Sllit,2
US-xHA,Sl_H,[0.02324]
US-xHA,Nl_H,[35]
US-xHA,r_H,[0.02]
US-xHA,gR_H,[0.22]
US-xHA,aSE_H,[1]
US-xHA,dd_max_H,[1/365]
US-xHA,dc_C_H,[0.0274]
US-xHA,Tcold_H,[5]
US-xHA,drn_H,[0.0020]
US-xHA,dsn_H,[0.0027]
US-xHA,age_cr_H,[110]
US-xHA,Bfac_lo_H,[0.9]
US-xHA,Bfac_ls_H,[NaN]
US-xHA,Tlo_H,[4.0]
US-xHA,PAR_th_H,[NaN]
US-xHA,dmg_H,[30]
US-xHA,LAI_min_H,[0.001]
US-xHA,Trr_H,[3.0]
US-xHA,mjDay_H,[230]
US-xHA,LDay_min_H,[11.5]
US-xHA,LtR_H,[1.5]
US-xHA,Mf_H,[0.0125]
US-xHA,Wm_H,[0]
US-xHA,eps_ac_H,[0.3]
US-xHA,LDay_cr_H,[12.0]
US-xHA,Klf_H,[0.025]
US-xHA,fab_H,[0.74]
US-xHA,fbe_H,[0.26]
US-xHA,ff_r_H,[0.1]
US-xHA,Sl_L,[0.028]
US-xHA,Nl_L,[23]
US-xHA,r_L,[0.055]
US-xHA,gR_L,[0.25]
US-xHA,aSE_L,[2]
US-xHA,dd_max_L,[1/360]
US-xHA,dc_C_L,[7/365]
US-xHA,Tcold_L,[0.0]
US-xHA,drn_L,[1/570]
US-xHA,dsn_L,[ 1/365]
US-xHA,age_cr_L,[180]
US-xHA,Bfac_lo_L,[0.99]
US-xHA,Bfac_ls_L,[NaN]
US-xHA,Tlo_L,[6.0]
US-xHA,Tls_L,[NaN]
US-xHA,PAR_th_L,[NaN]
US-xHA,dmg_L,[25]
US-xHA,LAI_min_L,[0.1]
US-xHA,Trr_L,[4.0]
US-xHA,mjDay_L,[220]
US-xHA,LDay_min_L,[NaN]
US-xHA,LtR_L,[0.8]
US-xHA,Mf_L,[NaN]
US-xHA,Wm_L,[NaN]
US-xHA,eps_ac_L,[0.5]
US-xHA,LDay_cr_L,[11.5]
US-xHA,Klf_L,[NaN]
US-xHA,fab_L,NaN
US-xHA,fbe_L,NaN
US-xHA,ff_r_L,[NaN]
US-xHA,Vmax_H,[50]
US-xHA,Vmax_L,[0]
US-xHA,LAI_H,[0.0]
US-xHA,B_H,[0 327 262 350 0 0 0 0]
US-xHA,Rrootl_H,[4200]
US-xHA,PHE_S_H,[1]
US-xHA,dflo_H,[0]
US-xHA,AgeL_H,[0]
US-xHA,e_rel_H,[1]
US-xHA,hc_H,[22]
US-xHA,SAI_H,[0.1]
US-xHA,LAI_L,[0.0]
US-xHA,B_L,[0 0 0 0 0 0 0 0]
US-xHA,Rrootl_L,[0]
US-xHA,PHE_S_L,[1]
US-xHA,dflo_L,[0]
US-xHA,AgeL_L,[0]
US-xHA,e_rel_L,[1]
US-xHA,hc_L,[0.0]
US-xHA,SAI_L,[0.0]
US-xHA,BLit,0.0
US-xHA,Nreserve_H,[1000]
US-xHA,Preserve_H,[100]
US-xHA,Kreserve_H,[1000]
US-xHA,FNC_H,1
US-xHA,NupI_H,[0 0 0]
US-xHA,Nreserve_L,[1]
US-xHA,Preserve_L,[1]
US-xHA,Kreserve_L,[1]
US-xHA,FNC_L,1
US-xHA,NupI_L,[0 0 0]
US-xHA,RexmyI,[0 0 0]
US-xHA,TBio_L,0
US-xHA,TBio_H,300
US-xHA,Vx_H,10
US-xHA,Vl_H,10
US-xHA,Vx_L,10
US-xHA,Vl_L,10
US-xHA,SWE,0
US-xHA,SND,0
US-xHA,TdpI_H,2
US-xHA,TdpI_L,2
US-xHA,In_L,0
US-xHA,In_urb,0
US-xHA,In_Litter,0
US-xHA,SP_wc,0
US-xHA,In_SWE,0
US-xHA,ros,0
US-xHA,t_sls,0
US-xHA,e_sno,0.97
US-xHA,tau_sno,0
US-xHA,EK,0
US-xHA,WAT,0
US-xHA,ICE,0
US-xHA,IP_wc,0
US-xHA,ICE_D,0
US-xHA,FROCK,0
US-xHA,Ws_under,1
US-xJE,a_dis,NaN
US-xJE,pow_dis,NaN
US-xJE,fpr,1
US-xJE,SvF,1
US-xJE,SN,0
US-xJE,Slo_top,0
US-xJE,Ared,1
US-xJE,aR,1
US-xJE,cellsize,1
US-xJE,Kbot,NaN
US-xJE,Krock,NaN
US-xJE,zatm,42.46
US-xJE,Cwat,0
US-xJE,Cbare,0
US-xJE,Psan_Zs,"[0.9, 0.9, 0.9, 0.9, 0.9, 0.886, 0.886, 0.886, 0.886, 0.886, 0.886, 0.886, 0.886, 0.886, 0.618, 0.618, 0.618, 0.618]"
US-xJE,Pcla_Zs,"[0.028, 0.028, 0.028, 0.028, 0.028, 0.023, 0.023, 0.023, 0.023, 0.023, 0.023, 0.023, 0.023, 0.023, 0.298, 0.298, 0.298, 0.298]"
US-xJE,Porg_Zs,"[0.0075, 0.0075, 0.0075, 0.0075, 0.0075, 0.0035, 0.0035, 0.0035, 0.0035, 0.0035, 0.0035, 0.0035, 0.0035, 0.0035, 0.0025, 0.0025, 0.0025, 0.0025]"
US-xJE,Color_Class,0
US-xJE,SPAR,2
US-xJE,Kfc,0.2
US-xJE,Phy,10000
US-xJE,Oice,0
US-xJE,Zs,[0 10 20 50 100 150 200 300 400 500 600 700 800 1000 1250 1500 1750 2000 2030]
US-xJE,Zdes,10
US-xJE,Zinf,10
US-xJE,Zbio,250
US-xJE,In_max_urb,5
US-xJE,In_max_rock,0.1
US-xJE,TminS,-0.8
US-xJE,TmaxS,2.8
US-xJE,ros_max1,550
US-xJE,ros_max2,260
US-xJE,Th_Pr_sno,10.0
US-xJE,Ice_wc_sp,0.01
US-xJE,ros_Ice_thr,500
US-xJE,Aice,0.35
US-xJE,WatFreez_Th,-8
US-xJE,dz_ice,0.54
US-xJE,ExEM,1.0
US-xJE,CASE_ROOT,1
US-xJE,ZR95_H,[1600]
US-xJE,ZR95_L,[0]
US-xJE,ZR50_H,NaN
US-xJE,ZR50_L,NaN
US-xJE,ZRmax_H,NaN
US-xJE,ZRmax_L,NaN
US-xJE,Kct,0.75
US-xJE,gcI,3.7
US-xJE,KcI,0.06
US-xJE,Sp_SN_In,5.9
US-xJE,Sp_LAI_L_In,[0.2]
US-xJE,Sp_LAI_H_In,[0.1]
US-xJE,d_leaf_H,[0.25]
US-xJE,d_leaf_L,[0.8]
US-xJE,KnitH,0.35
US-xJE,KnitL,0.0
US-xJE,mSl_H,0.0
US-xJE,mSl_L,0.0
US-xJE,FI_H,[0.081]
US-xJE,Do_H,[700]
US-xJE,a1_H,[5]
US-xJE,go_H,[ 0.01]
US-xJE,CT_H,[3]
US-xJE,DSE_H,[0.649]
US-xJE,Ha_H,[89]
US-xJE,gmes_H,[Inf]
US-xJE,rjv_H,[1.8]
US-xJE,FI_L,[0.081]
US-xJE,Do_L,[2000]
US-xJE,a1_L,[7]
US-xJE,go_L,[0.01]
US-xJE,CT_L,[3]
US-xJE,DSE_L,[0.660]
US-xJE,Ha_L,[48]
US-xJE,gmes_L,[Inf]
US-xJE,rjv_L,[2.6]
US-xJE,Psi_sto_00_H,-0.8
US-xJE,Psi_sto_50_H,-2.5
US-xJE,PsiL00_H,-1.0
US-xJE,PsiL50_H,-3.2
US-xJE,Kleaf_max_H,10
US-xJE,Cl_H,1200
US-xJE,Axyl_H,15.0
US-xJE,Kx_max_H,80000
US-xJE,PsiX50_H,-5.0
US-xJE,Cx_H,150
US-xJE,Psi_sto_00_L,-0.8
US-xJE,Psi_sto_50_L,-3.0
US-xJE,PsiL00_L,-1.1
US-xJE,PsiL50_L,-4.0
US-xJE,Kleaf_max_L,5
US-xJE,Cl_L,1200
US-xJE,Axyl_L,0.0
US-xJE,Kx_max_L,80000
US-xJE,PsiX50_L,-4.5
US-xJE,Cx_L,150
US-xJE,PsiG50_H,-0.8
US-xJE,PsiG99_H,-2.5
US-xJE,gcoef_H,3.5
US-xJE,PsiG50_L,-1.45
US-xJE,PsiG99_L,-4.0
US-xJE,gcoef_L,3.5
US-xJE,OM_H,1
US-xJE,OM_L,1
US-xJE,Sllit,2
US-xJE,Sl_H,[0.0207438]
US-xJE,Nl_H,[62]
US-xJE,r_H,[0.055]
US-xJE,gR_H,[0.25]
US-xJE,aSE_H,[0]
US-xJE,dd_max_H,[1/200]
US-xJE,dc_C_H,78/365
US-xJE,Tcold_H,[-50]
US-xJE,drn_H,[1/800]
US-xJE,dsn_H,[1/600]
US-xJE,age_cr_H,[1220]
US-xJE,Bfac_lo_H,[0.99]
US-xJE,Bfac_ls_H,[NaN]
US-xJE,Tlo_H,[1.5]
US-xJE,PAR_th_H,[NaN]
US-xJE,dmg_H,[30]
US-xJE,LAI_min_H,[0.001]
US-xJE,Trr_H,[0.5]
US-xJE,mjDay_H,[220]
US-xJE,LDay_min_H,[14.1]
US-xJE,LtR_H,[0.8]
US-xJE,Mf_H,[1/50]
US-xJE,Wm_H,[0]
US-xJE,eps_ac_H,[0.8]
US-xJE,LDay_cr_H,[11.8]
US-xJE,Klf_H,[1/30]
US-xJE,fab_H,[0.74]
US-xJE,fbe_H,[0.26]
US-xJE,ff_r_H,[0.1]
US-xJE,Sl_L,[0.028]
US-xJE,Nl_L,[23]
US-xJE,r_L,[0.055]
US-xJE,gR_L,[0.25]
US-xJE,aSE_L,[2]
US-xJE,dd_max_L,[1/360]
US-xJE,dc_C_L,[7/365]
US-xJE,Tcold_L,[0.0]
US-xJE,drn_L,[1/570]
US-xJE,dsn_L,[ 1/365]
US-xJE,age_cr_L,[180]
US-xJE,Bfac_lo_L,[0.99]
US-xJE,Bfac_ls_L,[NaN]
US-xJE,Tlo_L,[6.0]
US-xJE,Tls_L,[NaN]
US-xJE,PAR_th_L,[NaN]
US-xJE,dmg_L,[25]
US-xJE,LAI_min_L,[0.1]
US-xJE,Trr_L,[4.0]
US-xJE,mjDay_L,[220]
US-xJE,LDay_min_L,[NaN]
US-xJE,LtR_L,[0.8]
US-xJE,Mf_L,[NaN]
US-xJE,Wm_L,[NaN]
US-xJE,eps_ac_L,[0.5]
US-xJE,LDay_cr_L,[11.5]
US-xJE,Klf_L,[NaN]
US-xJE,fab_L,NaN
US-xJE,fbe_L,NaN
US-xJE,ff_r_L,[NaN]
US-xJE,Vmax_H,[32]
US-xJE,Vmax_L,[0]
US-xJE,LAI_H,[4.03]
US-xJE,B_H,[215 327 262 244 1 0 5 0]
US-xJE,Rrootl_H,[4200]
US-xJE,PHE_S_H,[4]
US-xJE,dflo_H,[0]
US-xJE,AgeL_H,[1172]
US-xJE,e_rel_H,[1]
US-xJE,hc_H,[16]
US-xJE,SAI_H,[0.1]
US-xJE,LAI_L,[0.0]
US-xJE,B_L,[0 0 0 0 0 0 0 0]
US-xJE,Rrootl_L,[0]
US-xJE,PHE_S_L,[1]
US-xJE,dflo_L,[0]
US-xJE,AgeL_L,[0]
US-xJE,e_rel_L,[1]
US-xJE,hc_L,[0.0]
US-xJE,SAI_L,[0.0]
US-xJE,BLit,0.0
US-xJE,Nreserve_H,[1000]
US-xJE,Preserve_H,[100]
US-xJE,Kreserve_H,[1000]
US-xJE,FNC_H,1
US-xJE,NupI_H,[0 0 0]
US-xJE,Nreserve_L,[1]
US-xJE,Preserve_L,[1]
US-xJE,Kreserve_L,[1]
US-xJE,FNC_L,1
US-xJE,NupI_L,[0 0 0]
US-xJE,RexmyI,[0 0 0]
US-xJE,TBio_L,0
US-xJE,TBio_H,300
US-xJE,Vx_H,10
US-xJE,Vl_H,10
US-xJE,Vx_L,10
US-xJE,Vl_L,10
US-xJE,SWE,0
US-xJE,SND,0
US-xJE,TdpI_H,2
US-xJE,TdpI_L,2
US-xJE,In_L,0
US-xJE,In_urb,0
US-xJE,In_Litter,0
US-xJE,SP_wc,0
US-xJE,In_SWE,0
US-xJE,ros,0
US-xJE,t_sls,0
US-xJE,e_sno,0.97
US-xJE,tau_sno,0
US-xJE,EK,0
US-xJE,WAT,0
US-xJE,ICE,0
US-xJE,IP_wc,0
US-xJE,ICE_D,0
US-xJE,FROCK,0
US-xJE,Ws_under,1
US-xLE,a_dis,NaN
US-xLE,pow_dis,NaN
US-xLE,fpr,1
US-xLE,SvF,1
US-xLE,SN,0
US-xLE,Slo_top,0
US-xLE,Ared,1
US-xLE,aR,1
US-xLE,cellsize,1
US-xLE,Kbot,NaN
US-xLE,Krock,NaN
US-xLE,zatm,47.13
US-xLE,Cwat,0
US-xLE,Cbare,0
US-xLE,Psan_Zs,"[0.173, 0.173, 0.173, 0.173, 0.07, 0.07, 0.07, 0.07, 0.14, 0.14, 0.14, 0.14, 0.19, 0.19, 0.19, 0.19, 0.19, 0.19]"
US-xLE,Pcla_Zs,"[0.34, 0.34, 0.34, 0.34, 0.44, 0.44, 0.44, 0.44, 0.47, 0.47, 0.47, 0.47, 0.45, 0.45, 0.45, 0.45, 0.45, 0.45]"
US-xLE,Porg_Zs,"[0.02, 0.02, 0.02, 0.02, 0.005, 0.005, 0.005, 0.005, 0.004, 0.004, 0.004, 0.004, 0.0025, 0.0025, 0.0025, 0.0025, 0.0025, 0.0025]"
US-xLE,Color_Class,0
US-xLE,SPAR,2
US-xLE,Kfc,0.2
US-xLE,Phy,10000
US-xLE,Oice,0
US-xLE,Zs,[0 10 20 50 100 150 200 300 400 500 600 700 800 1000 1250 1500 1750 2000 2030]
US-xLE,Zdes,10
US-xLE,Zinf,10
US-xLE,Zbio,250
US-xLE,In_max_urb,5
US-xLE,In_max_rock,0.1
US-xLE,TminS,-0.8
US-xLE,TmaxS,2.8
US-xLE,ros_max1,550
US-xLE,ros_max2,260
US-xLE,Th_Pr_sno,10.0
US-xLE,Ice_wc_sp,0.01
US-xLE,ros_Ice_thr,500
US-xLE,Aice,0.35
US-xLE,WatFreez_Th,-8
US-xLE,dz_ice,0.54
US-xLE,ExEM,1.0
US-xLE,CASE_ROOT,1
US-xLE,ZR95_H,[1400]
US-xLE,ZR95_L,[0]
US-xLE,ZR50_H,NaN
US-xLE,ZR50_L,NaN
US-xLE,ZRmax_H,NaN
US-xLE,ZRmax_L,NaN
US-xLE,Kct,0.75
US-xLE,gcI,3.7
US-xLE,KcI,0.06
US-xLE,Sp_SN_In,5.9
US-xLE,Sp_LAI_L_In,[0.2]
US-xLE,Sp_LAI_H_In,[0.1]
US-xLE,d_leaf_H,[7]
US-xLE,d_leaf_L,[0.8]
US-xLE,KnitH,[0.4]
US-xLE,KnitL,0.0
US-xLE,mSl_H,0.0
US-xLE,mSl_L,0.0
US-xLE,FI_H,[0.081]
US-xLE,Do_H,[600]
US-xLE,a1_H,[6]
US-xLE,go_H,[0.01]
US-xLE,CT_H,[3]
US-xLE,DSE_H,[0.649]
US-xLE,Ha_H,[72]
US-xLE,gmes_H,[Inf]
US-xLE,rjv_H,[2.1]
US-xLE,FI_L,[0.081]
US-xLE,Do_L,[2000]
US-xLE,a1_L,[7]
US-xLE,go_L,[0.01]
US-xLE,CT_L,[3]
US-xLE,DSE_L,[0.660]
US-xLE,Ha_L,[48]
US-xLE,gmes_L,[Inf]
US-xLE,rjv_L,[2.6]
US-xLE,Psi_sto_00_H,[-0.7]
US-xLE,Psi_sto_50_H,[-2.5]
US-xLE,PsiL00_H,[0.4]
US-xLE,PsiL50_H,[-6.5]
US-xLE,Kleaf_max_H,10
US-xLE,Cl_H,1200
US-xLE,Axyl_H,15.0
US-xLE,Kx_max_H,80000
US-xLE,PsiX50_H,[-9]
US-xLE,Cx_H,150
US-xLE,Psi_sto_00_L,-0.8
US-xLE,Psi_sto_50_L,-3.0
US-xLE,PsiL00_L,-1.1
US-xLE,PsiL50_L,-4.0
US-xLE,Kleaf_max_L,5
US-xLE,Cl_L,1200
US-xLE,Axyl_L,0.0
US-xLE,Kx_max_L,80000
US-xLE,PsiX50_L,-4.5
US-xLE,Cx_L,150
US-xLE,PsiG50_H,[-0.7]
US-xLE,PsiG99_H,[-6.5]
US-xLE,gcoef_H,3.5
US-xLE,PsiG50_L,-1.45
US-xLE,PsiG99_L,-4.0
US-xLE,gcoef_L,3.5
US-xLE,OM_H,1
US-xLE,OM_L,1
US-xLE,Sllit,2
US-xLE,Sl_H,[0.0173176]
US-xLE,Nl_H,[35]
US-xLE,r_H,[0.02]
US-xLE,gR_H,[0.22]
US-xLE,aSE_H,[1]
US-xLE,dd_max_H,[1/365]
US-xLE,dc_C_H,[0.0274]
US-xLE,Tcold_H,[5]
US-xLE,drn_H,[0.0020]
US-xLE,dsn_H,[0.0027]
US-xLE,age_cr_H,[110]
US-xLE,Bfac_lo_H,[0.9]
US-xLE,Bfac_ls_H,[NaN]
US-xLE,Tlo_H,[4.0]
US-xLE,PAR_th_H,[NaN]
US-xLE,dmg_H,[30]
US-xLE,LAI_min_H,[0.001]
US-xLE,Trr_H,[3.0]
US-xLE,mjDay_H,[230]
US-xLE,LDay_min_H,[11.5]
US-xLE,LtR_H,[1.5]
US-xLE,Mf_H,[0.0125]
US-xLE,Wm_H,[0]
US-xLE,eps_ac_H,[0.3]
US-xLE,LDay_cr_H,[12.0]
US-xLE,Klf_H,[0.025]
US-xLE,fab_H,[0.74]
US-xLE,fbe_H,[0.26]
US-xLE,ff_r_H,[0.1]
US-xLE,Sl_L,[0.028]
US-xLE,Nl_L,[23]
US-xLE,r_L,[0.055]
US-xLE,gR_L,[0.25]
US-xLE,aSE_L,[2]
US-xLE,dd_max_L,[1/360]
US-xLE,dc_C_L,[7/365]
US-xLE,Tcold_L,[0.0]
US-xLE,drn_L,[1/570]
US-xLE,dsn_L,[ 1/365]
US-xLE,age_cr_L,[180]
US-xLE,Bfac_lo_L,[0.99]
US-xLE,Bfac_ls_L,[NaN]
US-xLE,Tlo_L,[6.0]
US-xLE,Tls_L,[NaN]
US-xLE,PAR_th_L,[NaN]
US-xLE,dmg_L,[25]
US-xLE,LAI_min_L,[0.1]
US-xLE,Trr_L,[4.0]
US-xLE,mjDay_L,[220]
US-xLE,LDay_min_L,[NaN]
US-xLE,LtR_L,[0.8]
US-xLE,Mf_L,[NaN]
US-xLE,Wm_L,[NaN]
US-xLE,eps_ac_L,[0.5]
US-xLE,LDay_cr_L,[11.5]
US-xLE,Klf_L,[NaN]
US-xLE,fab_L,NaN
US-xLE,fbe_L,NaN
US-xLE,ff_r_L,[NaN]
US-xLE,Vmax_H,[50]
US-xLE,Vmax_L,[0]
US-xLE,LAI_H,[0.0]
US-xLE,B_H,[0 327 262 350 0 0 0 0]
US-xLE,Rrootl_H,[4200]
US-xLE,PHE_S_H,[1]
US-xLE,dflo_H,[0]
US-xLE,AgeL_H,[0]
US-xLE,e_rel_H,[1]
US-xLE,hc_H,[22]
US-xLE,SAI_H,[0.1]
US-xLE,LAI_L,[0.0]
US-xLE,B_L,[0 0 0 0 0 0 0 0]
US-xLE,Rrootl_L,[0]
US-xLE,PHE_S_L,[1]
US-xLE,dflo_L,[0]
US-xLE,AgeL_L,[0]
US-xLE,e_rel_L,[1]
US-xLE,hc_L,[0.0]
US-xLE,SAI_L,[0.0]
US-xLE,BLit,0.0
US-xLE,Nreserve_H,[1000]
US-xLE,Preserve_H,[100]
US-xLE,Kreserve_H,[1000]
US-xLE,FNC_H,1
US-xLE,NupI_H,[0 0 0]
US-xLE,Nreserve_L,[1]
US-xLE,Preserve_L,[1]
US-xLE,Kreserve_L,[1]
US-xLE,FNC_L,1
US-xLE,NupI_L,[0 0 0]
US-xLE,RexmyI,[0 0 0]
US-xLE,TBio_L,0
US-xLE,TBio_H,300
US-xLE,Vx_H,10
US-xLE,Vl_H,10
US-xLE,Vx_L,10
US-xLE,Vl_L,10
US-xLE,SWE,0
US-xLE,SND,0
US-xLE,TdpI_H,2
US-xLE,TdpI_L,2
US-xLE,In_L,0
US-xLE,In_urb,0
US-xLE,In_Litter,0
US-xLE,SP_wc,0
US-xLE,In_SWE,0
US-xLE,ros,0
US-xLE,t_sls,0
US-xLE,e_sno,0.97
US-xLE,tau_sno,0
US-xLE,EK,0
US-xLE,WAT,0
US-xLE,ICE,0
US-xLE,IP_wc,0
US-xLE,ICE_D,0
US-xLE,FROCK,0
US-xLE,Ws_under,1
US-xML,a_dis,NaN
US-xML,pow_dis,NaN
US-xML,fpr,1
US-xML,SvF,1
US-xML,SN,0
US-xML,Slo_top,0
US-xML,Ared,1
US-xML,aR,1
US-xML,cellsize,1
US-xML,Kbot,NaN
US-xML,Krock,NaN
US-xML,zatm,29.06
US-xML,Cwat,0
US-xML,Cbare,0
US-xML,Psan_Zs,"[0.448, 0.448, 0.448, 0.448, 0.448, 0.448, 0.448, 0.448, 0.448, 0.448, 0.448, 0.448, 0.448, 0.675, 0.675, 0.675]"
US-xML,Pcla_Zs,"[0.14, 0.14, 0.14, 0.14, 0.14, 0.14, 0.14, 0.14, 0.14, 0.14, 0.14, 0.14, 0.14, 0.115, 0.115, 0.115]"
US-xML,Porg_Zs,"[0.03, 0.03, 0.03, 0.03, 0.03, 0.03, 0.03, 0.0075, 0.0075, 0.0075, 0.0075, 0.0075, 0.0075, 0.005, 0.005, 0.005]"
US-xML,Color_Class,0
US-xML,SPAR,2
US-xML,Kfc,0.2
US-xML,Phy,10000
US-xML,Oice,0
US-xML,Zs,[0 10 20 50 100 150 200 300 400 500 600 700 800 1000 1250 1500 1650]
US-xML,Zdes,10
US-xML,Zinf,10
US-xML,Zbio,250
US-xML,In_max_urb,5
US-xML,In_max_rock,0.1
US-xML,TminS,-0.8
US-xML,TmaxS,2.8
US-xML,ros_max1,550
US-xML,ros_max2,260
US-xML,Th_Pr_sno,10.0
US-xML,Ice_wc_sp,0.01
US-xML,ros_Ice_thr,500
US-xML,Aice,0.35
US-xML,WatFreez_Th,-8
US-xML,dz_ice,0.54
US-xML,ExEM,1.0
US-xML,CASE_ROOT,1
US-xML,ZR95_H,[1100]
US-xML,ZR95_L,[0]
US-xML,ZR50_H,NaN
US-xML,ZR50_L,NaN
US-xML,ZRmax_H,NaN
US-xML,ZRmax_L,NaN
US-xML,Kct,0.75
US-xML,gcI,3.7
US-xML,KcI,0.06
US-xML,Sp_SN_In,5.9
US-xML,Sp_LAI_L_In,[0.2]
US-xML,Sp_LAI_H_In,[0.1]
US-xML,d_leaf_H,[7]
US-xML,d_leaf_L,[0.8]
US-xML,KnitH,[0.4]
US-xML,KnitL,0.0
US-xML,mSl_H,0.0
US-xML,mSl_L,0.0
US-xML,FI_H,[0.081]
US-xML,Do_H,[600]
US-xML,a1_H,[6]
US-xML,go_H,[0.01]
US-xML,CT_H,[3]
US-xML,DSE_H,[0.649]
US-xML,Ha_H,[72]
US-xML,gmes_H,[Inf]
US-xML,rjv_H,[2.1]
US-xML,FI_L,[0.081]
US-xML,Do_L,[2000]
US-xML,a1_L,[7]
US-xML,go_L,[0.01]
US-xML,CT_L,[3]
US-xML,DSE_L,[0.660]
US-xML,Ha_L,[48]
US-xML,gmes_L,[Inf]
US-xML,rjv_L,[2.6]
US-xML,Psi_sto_00_H,[-0.7]
US-xML,Psi_sto_50_H,[-2.5]
US-xML,PsiL00_H,[0.4]
US-xML,PsiL50_H,[-6.5]
US-xML,Kleaf_max_H,10
US-xML,Cl_H,1200
US-xML,Axyl_H,15.0
US-xML,Kx_max_H,80000
US-xML,PsiX50_H,[-9]
US-xML,Cx_H,150
US-xML,Psi_sto_00_L,-0.8
US-xML,Psi_sto_50_L,-3.0
US-xML,PsiL00_L,-1.1
US-xML,PsiL50_L,-4.0
US-xML,Kleaf_max_L,5
US-xML,Cl_L,1200
US-xML,Axyl_L,0.0
US-xML,Kx_max_L,80000
US-xML,PsiX50_L,-4.5
US-xML,Cx_L,150
US-xML,PsiG50_H,[-0.7]
US-xML,PsiG99_H,[-6.5]
US-xML,gcoef_H,3.5
US-xML,PsiG50_L,-1.45
US-xML,PsiG99_L,-4.0
US-xML,gcoef_L,3.5
US-xML,OM_H,1
US-xML,OM_L,1
US-xML,Sllit,2
US-xML,Sl_H,[0.0233378]
US-xML,Nl_H,[35]
US-xML,r_H,[0.02]
US-xML,gR_H,[0.22]
US-xML,aSE_H,[1]
US-xML,dd_max_H,[1/365]
US-xML,dc_C_H,[0.0274]
US-xML,Tcold_H,[5]
US-xML,drn_H,[0.0020]
US-xML,dsn_H,[0.0027]
US-xML,age_cr_H,[110]
US-xML,Bfac_lo_H,[0.9]
US-xML,Bfac_ls_H,[NaN]
US-xML,Tlo_H,[4.0]
US-xML,PAR_th_H,[NaN]
US-xML,dmg_H,[30]
US-xML,LAI_min_H,[0.001]
US-xML,Trr_H,[3.0]
US-xML,mjDay_H,[230]
US-xML,LDay_min_H,[11.5]
US-xML,LtR_H,[1.5]
US-xML,Mf_H,[0.0125]
US-xML,Wm_H,[0]
US-xML,eps_ac_H,[0.3]
US-xML,LDay_cr_H,[12.0]
US-xML,Klf_H,[0.025]
US-xML,fab_H,[0.74]
US-xML,fbe_H,[0.26]
US-xML,ff_r_H,[0.1]
US-xML,Sl_L,[0.028]
US-xML,Nl_L,[23]
US-xML,r_L,[0.055]
US-xML,gR_L,[0.25]
US-xML,aSE_L,[2]
US-xML,dd_max_L,[1/360]
US-xML,dc_C_L,[7/365]
US-xML,Tcold_L,[0.0]
US-xML,drn_L,[1/570]
US-xML,dsn_L,[ 1/365]
US-xML,age_cr_L,[180]
US-xML,Bfac_lo_L,[0.99]
US-xML,Bfac_ls_L,[NaN]
US-xML,Tlo_L,[6.0]
US-xML,Tls_L,[NaN]
US-xML,PAR_th_L,[NaN]
US-xML,dmg_L,[25]
US-xML,LAI_min_L,[0.1]
US-xML,Trr_L,[4.0]
US-xML,mjDay_L,[220]
US-xML,LDay_min_L,[NaN]
US-xML,LtR_L,[0.8]
US-xML,Mf_L,[NaN]
US-xML,Wm_L,[NaN]
US-xML,eps_ac_L,[0.5]
US-xML,LDay_cr_L,[11.5]
US-xML,Klf_L,[NaN]
US-xML,fab_L,NaN
US-xML,fbe_L,NaN
US-xML,ff_r_L,[NaN]
US-xML,Vmax_H,[50]
US-xML,Vmax_L,[0]
US-xML,LAI_H,[0.0]
US-xML,B_H,[0 327 262 350 0 0 0 0]
US-xML,Rrootl_H,[4200]
US-xML,PHE_S_H,[1]
US-xML,dflo_H,[0]
US-xML,AgeL_H,[0]
US-xML,e_rel_H,[1]
US-xML,hc_H,[23]
US-xML,SAI_H,[0.1]
US-xML,LAI_L,[0.0]
US-xML,B_L,[0 0 0 0 0 0 0 0]
US-xML,Rrootl_L,[0]
US-xML,PHE_S_L,[1]
US-xML,dflo_L,[0]
US-xML,AgeL_L,[0]
US-xML,e_rel_L,[1]
US-xML,hc_L,[0.0]
US-xML,SAI_L,[0.0]
US-xML,BLit,0.0
US-xML,Nreserve_H,[1000]
US-xML,Preserve_H,[100]
US-xML,Kreserve_H,[1000]
US-xML,FNC_H,1
US-xML,NupI_H,[0 0 0]
US-xML,Nreserve_L,[1]
US-xML,Preserve_L,[1]
US-xML,Kreserve_L,[1]
US-xML,FNC_L,1
US-xML,NupI_L,[0 0 0]
US-xML,RexmyI,[0 0 0]
US-xML,TBio_L,0
US-xML,TBio_H,300
US-xML,Vx_H,10
US-xML,Vl_H,10
US-xML,Vx_L,10
US-xML,Vl_L,10
US-xML,SWE,0
US-xML,SND,0
US-xML,TdpI_H,2
US-xML,TdpI_L,2
US-xML,In_L,0
US-xML,In_urb,0
US-xML,In_Litter,0
US-xML,SP_wc,0
US-xML,In_SWE,0
US-xML,ros,0
US-xML,t_sls,0
US-xML,e_sno,0.97
US-xML,tau_sno,0
US-xML,EK,0
US-xML,WAT,0
US-xML,ICE,0
US-xML,IP_wc,0
US-xML,ICE_D,0
US-xML,FROCK,0
US-xML,Ws_under,1
US-xNW,a_dis,NaN
US-xNW,pow_dis,NaN
US-xNW,fpr,1
US-xNW,SvF,1
US-xNW,SN,0
US-xNW,Slo_top,0
US-xNW,Ared,1
US-xNW,aR,1
US-xNW,cellsize,1
US-xNW,Kbot,0.01
US-xNW,Krock,NaN
US-xNW,zatm,8.46
US-xNW,Cwat,0
US-xNW,Cbare,0
US-xNW,Psan_Zs,"[0.6, 0.6, 0.6, 0.6, 0.6, 0.6, 0.683, 0.6, 0.6, 0.6, 0.6, 0.65, 0.65, 0.65]"
US-xNW,Pcla_Zs,"[0.1, 0.1, 0.1, 0.1, 0.1, 0.1, 0.12, 0.15, 0.15, 0.15, 0.15, 0.1, 0.1, 0.1]"
US-xNW,Porg_Zs,"[0.02, 0.02, 0.02, 0.02, 0.02, 0.02, 0.01, 0.005, 0.005, 0.005, 0.005, 0, 0, 0]"
US-xNW,Color_Class,0
US-xNW,SPAR,2
US-xNW,Kfc,0.2
US-xNW,Phy,10000
US-xNW,Oice,0
US-xNW,Zs,[0 10 20 50 100 150 200 300 400 500 600 700 800 1000 1070]
US-xNW,Zdes,10
US-xNW,Zinf,10
US-xNW,Zbio,250
US-xNW,In_max_urb,5
US-xNW,In_max_rock,0.1
US-xNW,TminS,-0.8
US-xNW,TmaxS,2.8
US-xNW,ros_max1,550
US-xNW,ros_max2,260
US-xNW,Th_Pr_sno,10.0
US-xNW,Ice_wc_sp,0.01
US-xNW,ros_Ice_thr,500
US-xNW,Aice,0.35
US-xNW,WatFreez_Th,-8
US-xNW,dz_ice,0.54
US-xNW,ExEM,1.0
US-xNW,CASE_ROOT,1
US-xNW,ZR95_H,[1070]
US-xNW,ZR95_L,[0]
US-xNW,ZR50_H,NaN
US-xNW,ZR50_L,NaN
US-xNW,ZRmax_H,NaN
US-xNW,ZRmax_L,NaN
US-xNW,Kct,0.75
US-xNW,gcI,3.7
US-xNW,KcI,0.06
US-xNW,Sp_SN_In,5.9
US-xNW,Sp_LAI_L_In,[0.2]
US-xNW,Sp_LAI_H_In,[0.1]
US-xNW,d_leaf_H,[0.25]
US-xNW,d_leaf_L,[0.8]
US-xNW,KnitH,0.35
US-xNW,KnitL,0.0
US-xNW,mSl_H,0.0
US-xNW,mSl_L,0.0
US-xNW,FI_H,[0.081]
US-xNW,Do_H,[700]
US-xNW,a1_H,[5]
US-xNW,go_H,[ 0.01]
US-xNW,CT_H,[3]
US-xNW,DSE_H,[0.649]
US-xNW,Ha_H,[89]
US-xNW,gmes_H,[Inf]
US-xNW,rjv_H,[1.8]
US-xNW,FI_L,[0.081]
US-xNW,Do_L,[2000]
US-xNW,a1_L,[7]
US-xNW,go_L,[0.01]
US-xNW,CT_L,[3]
US-xNW,DSE_L,[0.660]
US-xNW,Ha_L,[48]
US-xNW,gmes_L,[Inf]
US-xNW,rjv_L,[2.6]
US-xNW,Psi_sto_00_H,-0.8
US-xNW,Psi_sto_50_H,-2.5
US-xNW,PsiL00_H,-1.0
US-xNW,PsiL50_H,-3.2
US-xNW,Kleaf_max_H,10
US-xNW,Cl_H,1200
US-xNW,Axyl_H,15.0
US-xNW,Kx_max_H,80000
US-xNW,PsiX50_H,-5.0
US-xNW,Cx_H,150
US-xNW,Psi_sto_00_L,-0.8
US-xNW,Psi_sto_50_L,-3.0
US-xNW,PsiL00_L,-1.1
US-xNW,PsiL50_L,-4.0
US-xNW,Kleaf_max_L,5
US-xNW,Cl_L,1200
US-xNW,Axyl_L,0.0
US-xNW,Kx_max_L,80000
US-xNW,PsiX50_L,-4.5
US-xNW,Cx_L,150
US-xNW,PsiG50_H,-0.8
US-xNW,PsiG99_H,-2.5
US-xNW,gcoef_H,3.5
US-xNW,PsiG50_L,-1.45
US-xNW,PsiG99_L,-4.0
US-xNW,gcoef_L,3.5
US-xNW,OM_H,1
US-xNW,OM_L,1
US-xNW,Sllit,2
US-xNW,Sl_H,[0.0155203]
US-xNW,Nl_H,[62]
US-xNW,r_H,[0.055]
US-xNW,gR_H,[0.25]
US-xNW,aSE_H,[0]
US-xNW,dd_max_H,[1/200]
US-xNW,dc_C_H,78/365
US-xNW,Tcold_H,[-50]
US-xNW,drn_H,[1/800]
US-xNW,dsn_H,[1/600]
US-xNW,age_cr_H,[1220]
US-xNW,Bfac_lo_H,[0.99]
US-xNW,Bfac_ls_H,[NaN]
US-xNW,Tlo_H,[1.5]
US-xNW,PAR_th_H,[NaN]
US-xNW,dmg_H,[30]
US-xNW,LAI_min_H,[0.001]
US-xNW,Trr_H,[0.5]
US-xNW,mjDay_H,[220]
US-xNW,LDay_min_H,[14.1]
US-xNW,LtR_H,[0.8]
US-xNW,Mf_H,[1/50]
US-xNW,Wm_H,[0]
US-xNW,eps_ac_H,[0.8]
US-xNW,LDay_cr_H,[11.8]
US-xNW,Klf_H,[1/30]
US-xNW,fab_H,[0.74]
US-xNW,fbe_H,[0.26]
US-xNW,ff_r_H,[0.1]
US-xNW,Sl_L,[0.028]
US-xNW,Nl_L,[23]
US-xNW,r_L,[0.055]
US-xNW,gR_L,[0.25]
US-xNW,aSE_L,[2]
US-xNW,dd_max_L,[1/360]
US-xNW,dc_C_L,[7/365]
US-xNW,Tcold_L,[0.0]
US-xNW,drn_L,[1/570]
US-xNW,dsn_L,[ 1/365]
US-xNW,age_cr_L,[180]
US-xNW,Bfac_lo_L,[0.99]
US-xNW,Bfac_ls_L,[NaN]
US-xNW,Tlo_L,[6.0]
US-xNW,Tls_L,[NaN]
US-xNW,PAR_th_L,[NaN]
US-xNW,dmg_L,[25]
US-xNW,LAI_min_L,[0.1]
US-xNW,Trr_L,[4.0]
US-xNW,mjDay_L,[220]
US-xNW,LDay_min_L,[NaN]
US-xNW,LtR_L,[0.8]
US-xNW,Mf_L,[NaN]
US-xNW,Wm_L,[NaN]
US-xNW,eps_ac_L,[0.5]
US-xNW,LDay_cr_L,[11.5]
US-xNW,Klf_L,[NaN]
US-xNW,fab_L,NaN
US-xNW,fbe_L,NaN
US-xNW,ff_r_L,[NaN]
US-xNW,Vmax_H,[32]
US-xNW,Vmax_L,[0]
US-xNW,LAI_H,[4.03]
US-xNW,B_H,[215 327 262 244 1 0 5 0]
US-xNW,Rrootl_H,[4200]
US-xNW,PHE_S_H,[4]
US-xNW,dflo_H,[0]
US-xNW,AgeL_H,[1172]
US-xNW,e_rel_H,[1]
US-xNW,hc_H,[3]
US-xNW,SAI_H,[0.1]
US-xNW,LAI_L,[0.0]
US-xNW,B_L,[0 0 0 0 0 0 0 0]
US-xNW,Rrootl_L,[0]
US-xNW,PHE_S_L,[1]
US-xNW,dflo_L,[0]
US-xNW,AgeL_L,[0]
US-xNW,e_rel_L,[1]
US-xNW,hc_L,[0.0]
US-xNW,SAI_L,[0.0]
US-xNW,BLit,0.0
US-xNW,Nreserve_H,[1000]
US-xNW,Preserve_H,[100]
US-xNW,Kreserve_H,[1000]
US-xNW,FNC_H,1
US-xNW,NupI_H,[0 0 0]
US-xNW,Nreserve_L,[1]
US-xNW,Preserve_L,[1]
US-xNW,Kreserve_L,[1]
US-xNW,FNC_L,1
US-xNW,NupI_L,[0 0 0]
US-xNW,RexmyI,[0 0 0]
US-xNW,TBio_L,0
US-xNW,TBio_H,300
US-xNW,Vx_H,10
US-xNW,Vl_H,10
US-xNW,Vx_L,10
US-xNW,Vl_L,10
US-xNW,SWE,0
US-xNW,SND,0
US-xNW,TdpI_H,2
US-xNW,TdpI_L,2
US-xNW,In_L,0
US-xNW,In_urb,0
US-xNW,In_Litter,0
US-xNW,SP_wc,0
US-xNW,In_SWE,0
US-xNW,ros,0
US-xNW,t_sls,0
US-xNW,e_sno,0.97
US-xNW,tau_sno,0
US-xNW,EK,0
US-xNW,WAT,0
US-xNW,ICE,0
US-xNW,IP_wc,0
US-xNW,ICE_D,0
US-xNW,FROCK,0
US-xNW,Ws_under,1
US-xRM,a_dis,NaN
US-xRM,pow_dis,NaN
US-xRM,fpr,1
US-xRM,SvF,1
US-xRM,SN,0
US-xRM,Slo_top,0
US-xRM,Ared,1
US-xRM,aR,1
US-xRM,cellsize,1
US-xRM,Kbot,NaN
US-xRM,Krock,NaN
US-xRM,zatm,25.35
US-xRM,Cwat,0
US-xRM,Cbare,0
US-xRM,Psan_Zs,"[0.6, 0.6, 0.6, 0.659, 0.659, 0.659, 0.7, 0.7, 0.7, 0.7, 0.7, 0.75, 0.75, 0.75, 0.75]"
US-xRM,Pcla_Zs,"[0.1, 0.1, 0.1, 0.15, 0.15, 0.15, 0.2, 0.2, 0.2, 0.2, 0.2, 0.14, 0.14, 0.14, 0.14]"
US-xRM,Porg_Zs,"[0.02, 0.02, 0.02, 0.01, 0.01, 0.01, 0.005, 0.005, 0.005, 0.005, 0.005, 0, 0, 0, 0]"
US-xRM,Color_Class,0
US-xRM,SPAR,2
US-xRM,Kfc,0.2
US-xRM,Phy,10000
US-xRM,Oice,0
US-xRM,Zs,[0 10 20 50 100 150 200 300 400 500 600 700 800 1000 1250 1500]
US-xRM,Zdes,10
US-xRM,Zinf,10
US-xRM,Zbio,250
US-xRM,In_max_urb,5
US-xRM,In_max_rock,0.1
US-xRM,TminS,-0.8
US-xRM,TmaxS,2.8
US-xRM,ros_max1,550
US-xRM,ros_max2,260
US-xRM,Th_Pr_sno,10.0
US-xRM,Ice_wc_sp,0.01
US-xRM,ros_Ice_thr,500
US-xRM,Aice,0.35
US-xRM,WatFreez_Th,-8
US-xRM,dz_ice,0.54
US-xRM,ExEM,1.0
US-xRM,CASE_ROOT,1
US-xRM,ZR95_H,[1100]
US-xRM,ZR95_L,[0]
US-xRM,ZR50_H,NaN
US-xRM,ZR50_L,NaN
US-xRM,ZRmax_H,NaN
US-xRM,ZRmax_L,NaN
US-xRM,Kct,0.75
US-xRM,gcI,3.7
US-xRM,KcI,0.06
US-xRM,Sp_SN_In,5.9
US-xRM,Sp_LAI_L_In,[0.2]
US-xRM,Sp_LAI_H_In,[0.1]
US-xRM,d_leaf_H,[0.25]
US-xRM,d_leaf_L,[0.8]
US-xRM,KnitH,0.35
US-xRM,KnitL,0.0
US-xRM,mSl_H,0.0
US-xRM,mSl_L,0.0
US-xRM,FI_H,[0.081]
US-xRM,Do_H,[700]
US-xRM,a1_H,[5]
US-xRM,go_H,[ 0.01]
US-xRM,CT_H,[3]
US-xRM,DSE_H,[0.649]
US-xRM,Ha_H,[89]
US-xRM,gmes_H,[Inf]
US-xRM,rjv_H,[1.8]
US-xRM,FI_L,[0.081]
US-xRM,Do_L,[2000]
US-xRM,a1_L,[7]
US-xRM,go_L,[0.01]
US-xRM,CT_L,[3]
US-xRM,DSE_L,[0.660]
US-xRM,Ha_L,[48]
US-xRM,gmes_L,[Inf]
US-xRM,rjv_L,[2.6]
US-xRM,Psi_sto_00_H,-0.8
US-xRM,Psi_sto_50_H,-2.5
US-xRM,PsiL00_H,-1.0
US-xRM,PsiL50_H,-3.2
US-xRM,Kleaf_max_H,10
US-xRM,Cl_H,1200
US-xRM,Axyl_H,15.0
US-xRM,Kx_max_H,80000
US-xRM,PsiX50_H,-5.0
US-xRM,Cx_H,150
US-xRM,Psi_sto_00_L,-0.8
US-xRM,Psi_sto_50_L,-3.0
US-xRM,PsiL00_L,-1.1
US-xRM,PsiL50_L,-4.0
US-xRM,Kleaf_max_L,5
US-xRM,Cl_L,1200
US-xRM,Axyl_L,0.0
US-xRM,Kx_max_L,80000
US-xRM,PsiX50_L,-4.5
US-xRM,Cx_L,150
US-xRM,PsiG50_H,-0.8
US-xRM,PsiG99_H,-2.5
US-xRM,gcoef_H,3.5
US-xRM,PsiG50_L,-1.45
US-xRM,PsiG99_L,-4.0
US-xRM,gcoef_L,3.5
US-xRM,OM_H,1
US-xRM,OM_L,1
US-xRM,Sllit,2
US-xRM,Sl_H,[0.0169621]
US-xRM,Nl_H,[62]
US-xRM,r_H,[0.055]
US-xRM,gR_H,[0.25]
US-xRM,aSE_H,[0]
US-xRM,dd_max_H,[1/200]
US-xRM,dc_C_H,78/365
US-xRM,Tcold_H,[-50]
US-xRM,drn_H,[1/800]
US-xRM,dsn_H,[1/600]
US-xRM,age_cr_H,[1220]
US-xRM,Bfac_lo_H,[0.99]
US-xRM,Bfac_ls_H,[NaN]
US-xRM,Tlo_H,[1.5]
US-xRM,PAR_th_H,[NaN]
US-xRM,dmg_H,[30]
US-xRM,LAI_min_H,[0.001]
US-xRM,Trr_H,[0.5]
US-xRM,mjDay_H,[220]
US-xRM,LDay_min_H,[14.1]
US-xRM,LtR_H,[0.8]
US-xRM,Mf_H,[1/50]
US-xRM,Wm_H,[0]
US-xRM,eps_ac_H,[0.8]
US-xRM,LDay_cr_H,[11.8]
US-xRM,Klf_H,[1/30]
US-xRM,fab_H,[0.74]
US-xRM,fbe_H,[0.26]
US-xRM,ff_r_H,[0.1]
US-xRM,Sl_L,[0.028]
US-xRM,Nl_L,[23]
US-xRM,r_L,[0.055]
US-xRM,gR_L,[0.25]
US-xRM,aSE_L,[2]
US-xRM,dd_max_L,[1/360]
US-xRM,dc_C_L,[7/365]
US-xRM,Tcold_L,[0.0]
US-xRM,drn_L,[1/570]
US-xRM,dsn_L,[ 1/365]
US-xRM,age_cr_L,[180]
US-xRM,Bfac_lo_L,[0.99]
US-xRM,Bfac_ls_L,[NaN]
US-xRM,Tlo_L,[6.0]
US-xRM,Tls_L,[NaN]
US-xRM,PAR_th_L,[NaN]
US-xRM,dmg_L,[25]
US-xRM,LAI_min_L,[0.1]
US-xRM,Trr_L,[4.0]
US-xRM,mjDay_L,[220]
US-xRM,LDay_min_L,[NaN]
US-xRM,LtR_L,[0.8]
US-xRM,Mf_L,[NaN]
US-xRM,Wm_L,[NaN]
US-xRM,eps_ac_L,[0.5]
US-xRM,LDay_cr_L,[11.5]
US-xRM,Klf_L,[NaN]
US-xRM,fab_L,NaN
US-xRM,fbe_L,NaN
US-xRM,ff_r_L,[NaN]
US-xRM,Vmax_H,[32]
US-xRM,Vmax_L,[0]
US-xRM,LAI_H,[4.03]
US-xRM,B_H,[215 327 262 244 1 0 5 0]
US-xRM,Rrootl_H,[4200]
US-xRM,PHE_S_H,[4]
US-xRM,dflo_H,[0]
US-xRM,AgeL_H,[1172]
US-xRM,e_rel_H,[1]
US-xRM,hc_H,[14]
US-xRM,SAI_H,[0.1]
US-xRM,LAI_L,[0.0]
US-xRM,B_L,[0 0 0 0 0 0 0 0]
US-xRM,Rrootl_L,[0]
US-xRM,PHE_S_L,[1]
US-xRM,dflo_L,[0]
US-xRM,AgeL_L,[0]
US-xRM,e_rel_L,[1]
US-xRM,hc_L,[0.0]
US-xRM,SAI_L,[0.0]
US-xRM,BLit,0.0
US-xRM,Nreserve_H,[1000]
US-xRM,Preserve_H,[100]
US-xRM,Kreserve_H,[1000]
US-xRM,FNC_H,1
US-xRM,NupI_H,[0 0 0]
US-xRM,Nreserve_L,[1]
US-xRM,Preserve_L,[1]
US-xRM,Kreserve_L,[1]
US-xRM,FNC_L,1
US-xRM,NupI_L,[0 0 0]
US-xRM,RexmyI,[0 0 0]
US-xRM,TBio_L,0
US-xRM,TBio_H,300
US-xRM,Vx_H,10
US-xRM,Vl_H,10
US-xRM,Vx_L,10
US-xRM,Vl_L,10
US-xRM,SWE,0
US-xRM,SND,0
US-xRM,TdpI_H,2
US-xRM,TdpI_L,2
US-xRM,In_L,0
US-xRM,In_urb,0
US-xRM,In_Litter,0
US-xRM,SP_wc,0
US-xRM,In_SWE,0
US-xRM,ros,0
US-xRM,t_sls,0
US-xRM,e_sno,0.97
US-xRM,tau_sno,0
US-xRM,EK,0
US-xRM,WAT,0
US-xRM,ICE,0
US-xRM,IP_wc,0
US-xRM,ICE_D,0
US-xRM,FROCK,0
US-xRM,Ws_under,1
US-xRN,a_dis,NaN
US-xRN,pow_dis,NaN
US-xRN,fpr,1
US-xRN,SvF,1
US-xRN,SN,0
US-xRN,Slo_top,0
US-xRN,Ared,1
US-xRN,aR,1
US-xRN,cellsize,1
US-xRN,Kbot,NaN
US-xRN,Krock,NaN
US-xRN,zatm,39.19
US-xRN,Cwat,0
US-xRN,Cbare,0
US-xRN,Psan_Zs,"[0.21, 0.21, 0.21, 0.2, 0.2, 0.2, 0.2, 0.2, 0.15, 0.1, 0.1, 0.1, 0.1, 0.1, 0.1, 0.09, 0.09, 0.09]"
US-xRN,Pcla_Zs,"[0.17, 0.17, 0.17, 0.2, 0.2, 0.2, 0.2, 0.2, 0.35, 0.65, 0.65, 0.65, 0.65, 0.65, 0.65, 0.69, 0.69, 0.69]"
US-xRN,Porg_Zs,"[0.0125, 0.0125, 0.0125, 0.0075, 0.0075, 0.0075, 0.0075, 0.0075, 0.0025, 0.0025, 0.0025, 0.0025, 0.0025, 0.0025, 0.0025, 0.0025, 0.0025, 0.0025]"
US-xRN,Color_Class,0
US-xRN,SPAR,2
US-xRN,Kfc,0.2
US-xRN,Phy,10000
US-xRN,Oice,0
US-xRN,Zs,[0 10 20 50 100 150 200 300 400 500 600 700 800 1000 1250 1500 1750 2000 2290]
US-xRN,Zdes,10
US-xRN,Zinf,10
US-xRN,Zbio,250
US-xRN,In_max_urb,5
US-xRN,In_max_rock,0.1
US-xRN,TminS,-0.8
US-xRN,TmaxS,2.8
US-xRN,ros_max1,550
US-xRN,ros_max2,260
US-xRN,Th_Pr_sno,10.0
US-xRN,Ice_wc_sp,0.01
US-xRN,ros_Ice_thr,500
US-xRN,Aice,0.35
US-xRN,WatFreez_Th,-8
US-xRN,dz_ice,0.54
US-xRN,ExEM,1.0
US-xRN,CASE_ROOT,1
US-xRN,ZR95_H,[1200]
US-xRN,ZR95_L,[0]
US-xRN,ZR50_H,NaN
US-xRN,ZR50_L,NaN
US-xRN,ZRmax_H,NaN
US-xRN,ZRmax_L,NaN
US-xRN,Kct,0.75
US-xRN,gcI,3.7
US-xRN,KcI,0.06
US-xRN,Sp_SN_In,5.9
US-xRN,Sp_LAI_L_In,[0.2]
US-xRN,Sp_LAI_H_In,[0.1]
US-xRN,d_leaf_H,[7]
US-xRN,d_leaf_L,[0.8]
US-xRN,KnitH,[0.4]
US-xRN,KnitL,0.0
US-xRN,mSl_H,0.0
US-xRN,mSl_L,0.0
US-xRN,FI_H,[0.081]
US-xRN,Do_H,[600]
US-xRN,a1_H,[6]
US-xRN,go_H,[0.01]
US-xRN,CT_H,[3]
US-xRN,DSE_H,[0.649]
US-xRN,Ha_H,[72]
US-xRN,gmes_H,[Inf]
US-xRN,rjv_H,[2.1]
US-xRN,FI_L,[0.081]
US-xRN,Do_L,[2000]
US-xRN,a1_L,[7]
US-xRN,go_L,[0.01]
US-xRN,CT_L,[3]
US-xRN,DSE_L,[0.660]
US-xRN,Ha_L,[48]
US-xRN,gmes_L,[Inf]
US-xRN,rjv_L,[2.6]
US-xRN,Psi_sto_00_H,[-0.7]
US-xRN,Psi_sto_50_H,[-2.5]
US-xRN,PsiL00_H,[0.4]
US-xRN,PsiL50_H,[-6.5]
US-xRN,Kleaf_max_H,10
US-xRN,Cl_H,1200
US-xRN,Axyl_H,15.0
US-xRN,Kx_max_H,80000
US-xRN,PsiX50_H,[-9]
US-xRN,Cx_H,150
US-xRN,Psi_sto_00_L,-0.8
US-xRN,Psi_sto_50_L,-3.0
US-xRN,PsiL00_L,-1.1
US-xRN,PsiL50_L,-4.0
US-xRN,Kleaf_max_L,5
US-xRN,Cl_L,1200
US-xRN,Axyl_L,0.0
US-xRN,Kx_max_L,80000
US-xRN,PsiX50_L,-4.5
US-xRN,Cx_L,150
US-xRN,PsiG50_H,[-0.7]
US-xRN,PsiG99_H,[-6.5]
US-xRN,gcoef_H,3.5
US-xRN,PsiG50_L,-1.45
US-xRN,PsiG99_L,-4.0
US-xRN,gcoef_L,3.5
US-xRN,OM_H,1
US-xRN,OM_L,1
US-xRN,Sllit,2
US-xRN,Sl_H,[0.0190171]
US-xRN,Nl_H,[35]
US-xRN,r_H,[0.02]
US-xRN,gR_H,[0.22]
US-xRN,aSE_H,[1]
US-xRN,dd_max_H,[1/365]
US-xRN,dc_C_H,[0.0274]
US-xRN,Tcold_H,[5]
US-xRN,drn_H,[0.0020]
US-xRN,dsn_H,[0.0027]
US-xRN,age_cr_H,[110]
US-xRN,Bfac_lo_H,[0.9]
US-xRN,Bfac_ls_H,[NaN]
US-xRN,Tlo_H,[4.0]
US-xRN,PAR_th_H,[NaN]
US-xRN,dmg_H,[30]
US-xRN,LAI_min_H,[0.001]
US-xRN,Trr_H,[3.0]
US-xRN,mjDay_H,[230]
US-xRN,LDay_min_H,[11.5]
US-xRN,LtR_H,[1.5]
US-xRN,Mf_H,[0.0125]
US-xRN,Wm_H,[0]
US-xRN,eps_ac_H,[0.3]
US-xRN,LDay_cr_H,[12.0]
US-xRN,Klf_H,[0.025]
US-xRN,fab_H,[0.74]
US-xRN,fbe_H,[0.26]
US-xRN,ff_r_H,[0.1]
US-xRN,Sl_L,[0.028]
US-xRN,Nl_L,[23]
US-xRN,r_L,[0.055]
US-xRN,gR_L,[0.25]
US-xRN,aSE_L,[2]
US-xRN,dd_max_L,[1/360]
US-xRN,dc_C_L,[7/365]
US-xRN,Tcold_L,[0.0]
US-xRN,drn_L,[1/570]
US-xRN,dsn_L,[ 1/365]
US-xRN,age_cr_L,[180]
US-xRN,Bfac_lo_L,[0.99]
US-xRN,Bfac_ls_L,[NaN]
US-xRN,Tlo_L,[6.0]
US-xRN,Tls_L,[NaN]
US-xRN,PAR_th_L,[NaN]
US-xRN,dmg_L,[25]
US-xRN,LAI_min_L,[0.1]
US-xRN,Trr_L,[4.0]
US-xRN,mjDay_L,[220]
US-xRN,LDay_min_L,[NaN]
US-xRN,LtR_L,[0.8]
US-xRN,Mf_L,[NaN]
US-xRN,Wm_L,[NaN]
US-xRN,eps_ac_L,[0.5]
US-xRN,LDay_cr_L,[11.5]
US-xRN,Klf_L,[NaN]
US-xRN,fab_L,NaN
US-xRN,fbe_L,NaN
US-xRN,ff_r_L,[NaN]
US-xRN,Vmax_H,[50]
US-xRN,Vmax_L,[0]
US-xRN,LAI_H,[0.0]
US-xRN,B_H,[0 327 262 350 0 0 0 0]
US-xRN,Rrootl_H,[4200]
US-xRN,PHE_S_H,[1]
US-xRN,dflo_H,[0]
US-xRN,AgeL_H,[0]
US-xRN,e_rel_H,[1]
US-xRN,hc_H,[26]
US-xRN,SAI_H,[0.1]
US-xRN,LAI_L,[0.0]
US-xRN,B_L,[0 0 0 0 0 0 0 0]
US-xRN,Rrootl_L,[0]
US-xRN,PHE_S_L,[1]
US-xRN,dflo_L,[0]
US-xRN,AgeL_L,[0]
US-xRN,e_rel_L,[1]
US-xRN,hc_L,[0.0]
US-xRN,SAI_L,[0.0]
US-xRN,BLit,0.0
US-xRN,Nreserve_H,[1000]
US-xRN,Preserve_H,[100]
US-xRN,Kreserve_H,[1000]
US-xRN,FNC_H,1
US-xRN,NupI_H,[0 0 0]
US-xRN,Nreserve_L,[1]
US-xRN,Preserve_L,[1]
US-xRN,Kreserve_L,[1]
US-xRN,FNC_L,1
US-xRN,NupI_L,[0 0 0]
US-xRN,RexmyI,[0 0 0]
US-xRN,TBio_L,0
US-xRN,TBio_H,300
US-xRN,Vx_H,10
US-xRN,Vl_H,10
US-xRN,Vx_L,10
US-xRN,Vl_L,10
US-xRN,SWE,0
US-xRN,SND,0
US-xRN,TdpI_H,2
US-xRN,TdpI_L,2
US-xRN,In_L,0
US-xRN,In_urb,0
US-xRN,In_Litter,0
US-xRN,SP_wc,0
US-xRN,In_SWE,0
US-xRN,ros,0
US-xRN,t_sls,0
US-xRN,e_sno,0.97
US-xRN,tau_sno,0
US-xRN,EK,0
US-xRN,WAT,0
US-xRN,ICE,0
US-xRN,IP_wc,0
US-xRN,ICE_D,0
US-xRN,FROCK,0
US-xRN,Ws_under,1
US-xSC,a_dis,NaN
US-xSC,pow_dis,NaN
US-xSC,fpr,1
US-xSC,SvF,1
US-xSC,SN,0
US-xSC,Slo_top,0
US-xSC,Ared,1
US-xSC,aR,1
US-xSC,cellsize,1
US-xSC,Kbot,NaN
US-xSC,Krock,NaN
US-xSC,zatm,51.88
US-xSC,Cwat,0
US-xSC,Cbare,0
US-xSC,Psan_Zs,"[0.43, 0.43, 0.43, 0.43, 0.43, 0.43, 0.43, 0.353, 0.353, 0.353, 0.353, 0.353, 0.353, 0.353, 0.353, 0.353]"
US-xSC,Pcla_Zs,"[0.175, 0.175, 0.175, 0.175, 0.175, 0.175, 0.175, 0.315, 0.315, 0.315, 0.315, 0.315, 0.315, 0.315, 0.315, 0.315]"
US-xSC,Porg_Zs,"[0.015, 0.015, 0.015, 0.015, 0.015, 0.015, 0.015, 0.0025, 0.0025, 0.0025, 0.0025, 0.0025, 0.0025, 0.0025, 0.0025, 0.0025]"
US-xSC,Color_Class,0
US-xSC,SPAR,2
US-xSC,Kfc,0.2
US-xSC,Phy,10000
US-xSC,Oice,0
US-xSC,Zs,[0 10 20 50 100 150 200 300 400 500 600 700 800 1000 1250 1500 1520]
US-xSC,Zdes,10
US-xSC,Zinf,10
US-xSC,Zbio,250
US-xSC,In_max_urb,5
US-xSC,In_max_rock,0.1
US-xSC,TminS,-0.8
US-xSC,TmaxS,2.8
US-xSC,ros_max1,550
US-xSC,ros_max2,260
US-xSC,Th_Pr_sno,10.0
US-xSC,Ice_wc_sp,0.01
US-xSC,ros_Ice_thr,500
US-xSC,Aice,0.35
US-xSC,WatFreez_Th,-8
US-xSC,dz_ice,0.54
US-xSC,ExEM,1.0
US-xSC,CASE_ROOT,1
US-xSC,ZR95_H,[1100]
US-xSC,ZR95_L,[0]
US-xSC,ZR50_H,NaN
US-xSC,ZR50_L,NaN
US-xSC,ZRmax_H,NaN
US-xSC,ZRmax_L,NaN
US-xSC,Kct,0.75
US-xSC,gcI,3.7
US-xSC,KcI,0.06
US-xSC,Sp_SN_In,5.9
US-xSC,Sp_LAI_L_In,[0.2]
US-xSC,Sp_LAI_H_In,[0.1]
US-xSC,d_leaf_H,[7]
US-xSC,d_leaf_L,[0.8]
US-xSC,KnitH,[0.4]
US-xSC,KnitL,0.0
US-xSC,mSl_H,0.0
US-xSC,mSl_L,0.0
US-xSC,FI_H,[0.081]
US-xSC,Do_H,[600]
US-xSC,a1_H,[6]
US-xSC,go_H,[0.01]
US-xSC,CT_H,[3]
US-xSC,DSE_H,[0.649]
US-xSC,Ha_H,[72]
US-xSC,gmes_H,[Inf]
US-xSC,rjv_H,[2.1]
US-xSC,FI_L,[0.081]
US-xSC,Do_L,[2000]
US-xSC,a1_L,[7]
US-xSC,go_L,[0.01]
US-xSC,CT_L,[3]
US-xSC,DSE_L,[0.660]
US-xSC,Ha_L,[48]
US-xSC,gmes_L,[Inf]
US-xSC,rjv_L,[2.6]
US-xSC,Psi_sto_00_H,[-0.7]
US-xSC,Psi_sto_50_H,[-2.5]
US-xSC,PsiL00_H,[0.4]
US-xSC,PsiL50_H,[-6.5]
US-xSC,Kleaf_max_H,10
US-xSC,Cl_H,1200
US-xSC,Axyl_H,15.0
US-xSC,Kx_max_H,80000
US-xSC,PsiX50_H,[-9]
US-xSC,Cx_H,150
US-xSC,Psi_sto_00_L,-0.8
US-xSC,Psi_sto_50_L,-3.0
US-xSC,PsiL00_L,-1.1
US-xSC,PsiL50_L,-4.0
US-xSC,Kleaf_max_L,5
US-xSC,Cl_L,1200
US-xSC,Axyl_L,0.0
US-xSC,Kx_max_L,80000
US-xSC,PsiX50_L,-4.5
US-xSC,Cx_L,150
US-xSC,PsiG50_H,[-0.7]
US-xSC,PsiG99_H,[-6.5]
US-xSC,gcoef_H,3.5
US-xSC,PsiG50_L,-1.45
US-xSC,PsiG99_L,-4.0
US-xSC,gcoef_L,3.5
US-xSC,OM_H,1
US-xSC,OM_L,1
US-xSC,Sllit,2
US-xSC,Sl_H,[0.0248938]
US-xSC,Nl_H,[35]
US-xSC,r_H,[0.02]
US-xSC,gR_H,[0.22]
US-xSC,aSE_H,[1]
US-xSC,dd_max_H,[1/365]
US-xSC,dc_C_H,[0.0274]
US-xSC,Tcold_H,[5]
US-xSC,drn_H,[0.0020]
US-xSC,dsn_H,[0.0027]
US-xSC,age_cr_H,[110]
US-xSC,Bfac_lo_H,[0.9]
US-xSC,Bfac_ls_H,[NaN]
US-xSC,Tlo_H,[4.0]
US-xSC,PAR_th_H,[NaN]
US-xSC,dmg_H,[30]
US-xSC,LAI_min_H,[0.001]
US-xSC,Trr_H,[3.0]
US-xSC,mjDay_H,[230]
US-xSC,LDay_min_H,[11.5]
US-xSC,LtR_H,[1.5]
US-xSC,Mf_H,[0.0125]
US-xSC,Wm_H,[0]
US-xSC,eps_ac_H,[0.3]
US-xSC,LDay_cr_H,[12.0]
US-xSC,Klf_H,[0.025]
US-xSC,fab_H,[0.74]
US-xSC,fbe_H,[0.26]
US-xSC,ff_r_H,[0.1]
US-xSC,Sl_L,[0.028]
US-xSC,Nl_L,[23]
US-xSC,r_L,[0.055]
US-xSC,gR_L,[0.25]
US-xSC,aSE_L,[2]
US-xSC,dd_max_L,[1/360]
US-xSC,dc_C_L,[7/365]
US-xSC,Tcold_L,[0.0]
US-xSC,drn_L,[1/570]
US-xSC,dsn_L,[ 1/365]
US-xSC,age_cr_L,[180]
US-xSC,Bfac_lo_L,[0.99]
US-xSC,Bfac_ls_L,[NaN]
US-xSC,Tlo_L,[6.0]
US-xSC,Tls_L,[NaN]
US-xSC,PAR_th_L,[NaN]
US-xSC,dmg_L,[25]
US-xSC,LAI_min_L,[0.1]
US-xSC,Trr_L,[4.0]
US-xSC,mjDay_L,[220]
US-xSC,LDay_min_L,[NaN]
US-xSC,LtR_L,[0.8]
US-xSC,Mf_L,[NaN]
US-xSC,Wm_L,[NaN]
US-xSC,eps_ac_L,[0.5]
US-xSC,LDay_cr_L,[11.5]
US-xSC,Klf_L,[NaN]
US-xSC,fab_L,NaN
US-xSC,fbe_L,NaN
US-xSC,ff_r_L,[NaN]
US-xSC,Vmax_H,[50]
US-xSC,Vmax_L,[0]
US-xSC,LAI_H,[0.0]
US-xSC,B_H,[0 327 262 350 0 0 0 0]
US-xSC,Rrootl_H,[4200]
US-xSC,PHE_S_H,[1]
US-xSC,dflo_H,[0]
US-xSC,AgeL_H,[0]
US-xSC,e_rel_H,[1]
US-xSC,hc_H,[25]
US-xSC,SAI_H,[0.1]
US-xSC,LAI_L,[0.0]
US-xSC,B_L,[0 0 0 0 0 0 0 0]
US-xSC,Rrootl_L,[0]
US-xSC,PHE_S_L,[1]
US-xSC,dflo_L,[0]
US-xSC,AgeL_L,[0]
US-xSC,e_rel_L,[1]
US-xSC,hc_L,[0.0]
US-xSC,SAI_L,[0.0]
US-xSC,BLit,0.0
US-xSC,Nreserve_H,[1000]
US-xSC,Preserve_H,[100]
US-xSC,Kreserve_H,[1000]
US-xSC,FNC_H,1
US-xSC,NupI_H,[0 0 0]
US-xSC,Nreserve_L,[1]
US-xSC,Preserve_L,[1]
US-xSC,Kreserve_L,[1]
US-xSC,FNC_L,1
US-xSC,NupI_L,[0 0 0]
US-xSC,RexmyI,[0 0 0]
US-xSC,TBio_L,0
US-xSC,TBio_H,300
US-xSC,Vx_H,10
US-xSC,Vl_H,10
US-xSC,Vx_L,10
US-xSC,Vl_L,10
US-xSC,SWE,0
US-xSC,SND,0
US-xSC,TdpI_H,2
US-xSC,TdpI_L,2
US-xSC,In_L,0
US-xSC,In_urb,0
US-xSC,In_Litter,0
US-xSC,SP_wc,0
US-xSC,In_SWE,0
US-xSC,ros,0
US-xSC,t_sls,0
US-xSC,e_sno,0.97
US-xSC,tau_sno,0
US-xSC,EK,0
US-xSC,WAT,0
US-xSC,ICE,0
US-xSC,IP_wc,0
US-xSC,ICE_D,0
US-xSC,FROCK,0
US-xSC,Ws_under,1
US-xSE,a_dis,NaN
US-xSE,pow_dis,NaN
US-xSE,fpr,1
US-xSE,SvF,1
US-xSE,SN,0
US-xSE,Slo_top,0
US-xSE,Ared,1
US-xSE,aR,1
US-xSE,cellsize,1
US-xSE,Kbot,NaN
US-xSE,Krock,NaN
US-xSE,zatm,61.61
US-xSE,Cwat,0
US-xSE,Cbare,0
US-xSE,Psan_Zs,"[0.755, 0.755, 0.755, 0.755, 0.755, 0.755, 0.606, 0.606, 0.606, 0.606, 0.606, 0.606, 0.726, 0.726, 0.726, 0.726, 0.726]"
US-xSE,Pcla_Zs,"[0.158, 0.158, 0.158, 0.158, 0.158, 0.158, 0.218, 0.218, 0.218, 0.218, 0.218, 0.218, 0.179, 0.179, 0.179, 0.179, 0.179]"
US-xSE,Porg_Zs,"[0.009, 0.009, 0.009, 0.009, 0.009, 0.009, 0.0022, 0.0022, 0.0022, 0.0022, 0.0022, 0.0022, 0.0017, 0.0017, 0.0017, 0.0017, 0.0017]"
US-xSE,Color_Class,0
US-xSE,SPAR,2
US-xSE,Kfc,0.2
US-xSE,Phy,10000
US-xSE,Oice,0
US-xSE,Zs,[0 10 20 50 100 150 200 300 400 500 600 700 800 1000 1250 1500 1750 1830]
US-xSE,Zdes,10
US-xSE,Zinf,10
US-xSE,Zbio,250
US-xSE,In_max_urb,5
US-xSE,In_max_rock,0.1
US-xSE,TminS,-0.8
US-xSE,TmaxS,2.8
US-xSE,ros_max1,550
US-xSE,ros_max2,260
US-xSE,Th_Pr_sno,10.0
US-xSE,Ice_wc_sp,0.01
US-xSE,ros_Ice_thr,500
US-xSE,Aice,0.35
US-xSE,WatFreez_Th,-8
US-xSE,dz_ice,0.54
US-xSE,ExEM,1.0
US-xSE,CASE_ROOT,1
US-xSE,ZR95_H,[1100]
US-xSE,ZR95_L,[0]
US-xSE,ZR50_H,NaN
US-xSE,ZR50_L,NaN
US-xSE,ZRmax_H,NaN
US-xSE,ZRmax_L,NaN
US-xSE,Kct,0.75
US-xSE,gcI,3.7
US-xSE,KcI,0.06
US-xSE,Sp_SN_In,5.9
US-xSE,Sp_LAI_L_In,[0.2]
US-xSE,Sp_LAI_H_In,[0.1]
US-xSE,d_leaf_H,[7]
US-xSE,d_leaf_L,[0.8]
US-xSE,KnitH,[0.4]
US-xSE,KnitL,0.0
US-xSE,mSl_H,0.0
US-xSE,mSl_L,0.0
US-xSE,FI_H,[0.081]
US-xSE,Do_H,[600]
US-xSE,a1_H,[6]
US-xSE,go_H,[0.01]
US-xSE,CT_H,[3]
US-xSE,DSE_H,[0.649]
US-xSE,Ha_H,[72]
US-xSE,gmes_H,[Inf]
US-xSE,rjv_H,[2.1]
US-xSE,FI_L,[0.081]
US-xSE,Do_L,[2000]
US-xSE,a1_L,[7]
US-xSE,go_L,[0.01]
US-xSE,CT_L,[3]
US-xSE,DSE_L,[0.660]
US-xSE,Ha_L,[48]
US-xSE,gmes_L,[Inf]
US-xSE,rjv_L,[2.6]
US-xSE,Psi_sto_00_H,[-0.7]
US-xSE,Psi_sto_50_H,[-2.5]
US-xSE,PsiL00_H,[0.4]
US-xSE,PsiL50_H,[-6.5]
US-xSE,Kleaf_max_H,10
US-xSE,Cl_H,1200
US-xSE,Axyl_H,15.0
US-xSE,Kx_max_H,80000
US-xSE,PsiX50_H,[-9]
US-xSE,Cx_H,150
US-xSE,Psi_sto_00_L,-0.8
US-xSE,Psi_sto_50_L,-3.0
US-xSE,PsiL00_L,-1.1
US-xSE,PsiL50_L,-4.0
US-xSE,Kleaf_max_L,5
US-xSE,Cl_L,1200
US-xSE,Axyl_L,0.0
US-xSE,Kx_max_L,80000
US-xSE,PsiX50_L,-4.5
US-xSE,Cx_L,150
US-xSE,PsiG50_H,[-0.7]
US-xSE,PsiG99_H,[-6.5]
US-xSE,gcoef_H,3.5
US-xSE,PsiG50_L,-1.45
US-xSE,PsiG99_L,-4.0
US-xSE,gcoef_L,3.5
US-xSE,OM_H,1
US-xSE,OM_L,1
US-xSE,Sllit,2
US-xSE,Sl_H,[0.0255005]
US-xSE,Nl_H,[35]
US-xSE,r_H,[0.02]
US-xSE,gR_H,[0.22]
US-xSE,aSE_H,[1]
US-xSE,dd_max_H,[1/365]
US-xSE,dc_C_H,[0.0274]
US-xSE,Tcold_H,[5]
US-xSE,drn_H,[0.0020]
US-xSE,dsn_H,[0.0027]
US-xSE,age_cr_H,[110]
US-xSE,Bfac_lo_H,[0.9]
US-xSE,Bfac_ls_H,[NaN]
US-xSE,Tlo_H,[4.0]
US-xSE,PAR_th_H,[NaN]
US-xSE,dmg_H,[30]
US-xSE,LAI_min_H,[0.001]
US-xSE,Trr_H,[3.0]
US-xSE,mjDay_H,[230]
US-xSE,LDay_min_H,[11.5]
US-xSE,LtR_H,[1.5]
US-xSE,Mf_H,[0.0125]
US-xSE,Wm_H,[0]
US-xSE,eps_ac_H,[0.3]
US-xSE,LDay_cr_H,[12.0]
US-xSE,Klf_H,[0.025]
US-xSE,fab_H,[0.74]
US-xSE,fbe_H,[0.26]
US-xSE,ff_r_H,[0.1]
US-xSE,Sl_L,[0.028]
US-xSE,Nl_L,[23]
US-xSE,r_L,[0.055]
US-xSE,gR_L,[0.25]
US-xSE,aSE_L,[2]
US-xSE,dd_max_L,[1/360]
US-xSE,dc_C_L,[7/365]
US-xSE,Tcold_L,[0.0]
US-xSE,drn_L,[1/570]
US-xSE,dsn_L,[ 1/365]
US-xSE,age_cr_L,[180]
US-xSE,Bfac_lo_L,[0.99]
US-xSE,Bfac_ls_L,[NaN]
US-xSE,Tlo_L,[6.0]
US-xSE,Tls_L,[NaN]
US-xSE,PAR_th_L,[NaN]
US-xSE,dmg_L,[25]
US-xSE,LAI_min_L,[0.1]
US-xSE,Trr_L,[4.0]
US-xSE,mjDay_L,[220]
US-xSE,LDay_min_L,[NaN]
US-xSE,LtR_L,[0.8]
US-xSE,Mf_L,[NaN]
US-xSE,Wm_L,[NaN]
US-xSE,eps_ac_L,[0.5]
US-xSE,LDay_cr_L,[11.5]
US-xSE,Klf_L,[NaN]
US-xSE,fab_L,NaN
US-xSE,fbe_L,NaN
US-xSE,ff_r_L,[NaN]
US-xSE,Vmax_H,[50]
US-xSE,Vmax_L,[0]
US-xSE,LAI_H,[0.0]
US-xSE,B_H,[0 327 262 350 0 0 0 0]
US-xSE,Rrootl_H,[4200]
US-xSE,PHE_S_H,[1]
US-xSE,dflo_H,[0]
US-xSE,AgeL_H,[0]
US-xSE,e_rel_H,[1]
US-xSE,hc_H,[24]
US-xSE,SAI_H,[0.1]
US-xSE,LAI_L,[0.0]
US-xSE,B_L,[0 0 0 0 0 0 0 0]
US-xSE,Rrootl_L,[0]
US-xSE,PHE_S_L,[1]
US-xSE,dflo_L,[0]
US-xSE,AgeL_L,[0]
US-xSE,e_rel_L,[1]
US-xSE,hc_L,[0.0]
US-xSE,SAI_L,[0.0]
US-xSE,BLit,0.0
US-xSE,Nreserve_H,[1000]
US-xSE,Preserve_H,[100]
US-xSE,Kreserve_H,[1000]
US-xSE,FNC_H,1
US-xSE,NupI_H,[0 0 0]
US-xSE,Nreserve_L,[1]
US-xSE,Preserve_L,[1]
US-xSE,Kreserve_L,[1]
US-xSE,FNC_L,1
US-xSE,NupI_L,[0 0 0]
US-xSE,RexmyI,[0 0 0]
US-xSE,TBio_L,0
US-xSE,TBio_H,300
US-xSE,Vx_H,10
US-xSE,Vl_H,10
US-xSE,Vx_L,10
US-xSE,Vl_L,10
US-xSE,SWE,0
US-xSE,SND,0
US-xSE,TdpI_H,2
US-xSE,TdpI_L,2
US-xSE,In_L,0
US-xSE,In_urb,0
US-xSE,In_Litter,0
US-xSE,SP_wc,0
US-xSE,In_SWE,0
US-xSE,ros,0
US-xSE,t_sls,0
US-xSE,e_sno,0.97
US-xSE,tau_sno,0
US-xSE,EK,0
US-xSE,WAT,0
US-xSE,ICE,0
US-xSE,IP_wc,0
US-xSE,ICE_D,0
US-xSE,FROCK,0
US-xSE,Ws_under,1
US-xSP,a_dis,NaN
US-xSP,pow_dis,NaN
US-xSP,fpr,1
US-xSP,SvF,1
US-xSP,SN,0
US-xSP,Slo_top,0
US-xSP,Ared,1
US-xSP,aR,1
US-xSP,cellsize,1
US-xSP,Kbot,0.01
US-xSP,Krock,NaN
US-xSP,zatm,52.49
US-xSP,Cwat,0
US-xSP,Cbare,0
US-xSP,Psan_Zs,"[0.659, 0.659, 0.659, 0.659, 0.659, 0.555, 0.555, 0.555, 0.555, 0.555, 0.555, 0.555, 0.555, 0.555, 0.555, 0.659]"
US-xSP,Pcla_Zs,"[0.15, 0.15, 0.15, 0.15, 0.15, 0.3, 0.3, 0.3, 0.3, 0.3, 0.3, 0.3, 0.3, 0.3, 0.3, 0.15]"
US-xSP,Porg_Zs,"[0.035, 0.035, 0.035, 0.035, 0.035, 0.0075, 0.0075, 0.0075, 0.0075, 0.0075, 0.0075, 0.0075, 0.0075, 0.0075, 0.0075, 0.005]"
US-xSP,Color_Class,0
US-xSP,SPAR,2
US-xSP,Kfc,0.2
US-xSP,Phy,10000
US-xSP,Oice,0
US-xSP,Zs,[0 10 20 50 100 150 200 300 400 500 600 700 800 1000 1250 1500 1680]
US-xSP,Zdes,10
US-xSP,Zinf,10
US-xSP,Zbio,250
US-xSP,In_max_urb,5
US-xSP,In_max_rock,0.1
US-xSP,TminS,-0.8
US-xSP,TmaxS,2.8
US-xSP,ros_max1,550
US-xSP,ros_max2,260
US-xSP,Th_Pr_sno,10.0
US-xSP,Ice_wc_sp,0.01
US-xSP,ros_Ice_thr,500
US-xSP,Aice,0.35
US-xSP,WatFreez_Th,-8
US-xSP,dz_ice,0.54
US-xSP,ExEM,1.0
US-xSP,CASE_ROOT,1
US-xSP,ZR95_H,[1680]
US-xSP,ZR95_L,[0]
US-xSP,ZR50_H,NaN
US-xSP,ZR50_L,NaN
US-xSP,ZRmax_H,NaN
US-xSP,ZRmax_L,NaN
US-xSP,Kct,0.75
US-xSP,gcI,3.7
US-xSP,KcI,0.06
US-xSP,Sp_SN_In,5.9
US-xSP,Sp_LAI_L_In,[0.2]
US-xSP,Sp_LAI_H_In,[0.1]
US-xSP,d_leaf_H,[0.25]
US-xSP,d_leaf_L,[0.8]
US-xSP,KnitH,0.35
US-xSP,KnitL,0.0
US-xSP,mSl_H,0.0
US-xSP,mSl_L,0.0
US-xSP,FI_H,[0.081]
US-xSP,Do_H,[700]
US-xSP,a1_H,[5]
US-xSP,go_H,[ 0.01]
US-xSP,CT_H,[3]
US-xSP,DSE_H,[0.649]
US-xSP,Ha_H,[89]
US-xSP,gmes_H,[Inf]
US-xSP,rjv_H,[1.8]
US-xSP,FI_L,[0.081]
US-xSP,Do_L,[2000]
US-xSP,a1_L,[7]
US-xSP,go_L,[0.01]
US-xSP,CT_L,[3]
US-xSP,DSE_L,[0.660]
US-xSP,Ha_L,[48]
US-xSP,gmes_L,[Inf]
US-xSP,rjv_L,[2.6]
US-xSP,Psi_sto_00_H,-0.8
US-xSP,Psi_sto_50_H,-2.5
US-xSP,PsiL00_H,-1.0
US-xSP,PsiL50_H,-3.2
US-xSP,Kleaf_max_H,10
US-xSP,Cl_H,1200
US-xSP,Axyl_H,15.0
US-xSP,Kx_max_H,80000
US-xSP,PsiX50_H,-5.0
US-xSP,Cx_H,150
US-xSP,Psi_sto_00_L,-0.8
US-xSP,Psi_sto_50_L,-3.0
US-xSP,PsiL00_L,-1.1
US-xSP,PsiL50_L,-4.0
US-xSP,Kleaf_max_L,5
US-xSP,Cl_L,1200
US-xSP,Axyl_L,0.0
US-xSP,Kx_max_L,80000
US-xSP,PsiX50_L,-4.5
US-xSP,Cx_L,150
US-xSP,PsiG50_H,-0.8
US-xSP,PsiG99_H,-2.5
US-xSP,gcoef_H,3.5
US-xSP,PsiG50_L,-1.45
US-xSP,PsiG99_L,-4.0
US-xSP,gcoef_L,3.5
US-xSP,OM_H,1
US-xSP,OM_L,1
US-xSP,Sllit,2
US-xSP,Sl_H,[0.015014]
US-xSP,Nl_H,[62]
US-xSP,r_H,[0.055]
US-xSP,gR_H,[0.25]
US-xSP,aSE_H,[0]
US-xSP,dd_max_H,[1/200]
US-xSP,dc_C_H,78/365
US-xSP,Tcold_H,[-50]
US-xSP,drn_H,[1/800]
US-xSP,dsn_H,[1/600]
US-xSP,age_cr_H,[1220]
US-xSP,Bfac_lo_H,[0.99]
US-xSP,Bfac_ls_H,[NaN]
US-xSP,Tlo_H,[1.5]
US-xSP,PAR_th_H,[NaN]
US-xSP,dmg_H,[30]
US-xSP,LAI_min_H,[0.001]
US-xSP,Trr_H,[0.5]
US-xSP,mjDay_H,[220]
US-xSP,LDay_min_H,[14.1]
US-xSP,LtR_H,[0.8]
US-xSP,Mf_H,[1/50]
US-xSP,Wm_H,[0]
US-xSP,eps_ac_H,[0.8]
US-xSP,LDay_cr_H,[11.8]
US-xSP,Klf_H,[1/30]
US-xSP,fab_H,[0.74]
US-xSP,fbe_H,[0.26]
US-xSP,ff_r_H,[0.1]
US-xSP,Sl_L,[0.028]
US-xSP,Nl_L,[23]
US-xSP,r_L,[0.055]
US-xSP,gR_L,[0.25]
US-xSP,aSE_L,[2]
US-xSP,dd_max_L,[1/360]
US-xSP,dc_C_L,[7/365]
US-xSP,Tcold_L,[0.0]
US-xSP,drn_L,[1/570]
US-xSP,dsn_L,[ 1/365]
US-xSP,age_cr_L,[180]
US-xSP,Bfac_lo_L,[0.99]
US-xSP,Bfac_ls_L,[NaN]
US-xSP,Tlo_L,[6.0]
US-xSP,Tls_L,[NaN]
US-xSP,PAR_th_L,[NaN]
US-xSP,dmg_L,[25]
US-xSP,LAI_min_L,[0.1]
US-xSP,Trr_L,[4.0]
US-xSP,mjDay_L,[220]
US-xSP,LDay_min_L,[NaN]
US-xSP,LtR_L,[0.8]
US-xSP,Mf_L,[NaN]
US-xSP,Wm_L,[NaN]
US-xSP,eps_ac_L,[0.5]
US-xSP,LDay_cr_L,[11.5]
US-xSP,Klf_L,[NaN]
US-xSP,fab_L,NaN
US-xSP,fbe_L,NaN
US-xSP,ff_r_L,[NaN]
US-xSP,Vmax_H,[32]
US-xSP,Vmax_L,[0]
US-xSP,LAI_H,[4.03]
US-xSP,B_H,[215 327 262 244 1 0 5 0]
US-xSP,Rrootl_H,[4200]
US-xSP,PHE_S_H,[4]
US-xSP,dflo_H,[0]
US-xSP,AgeL_H,[1172]
US-xSP,e_rel_H,[1]
US-xSP,hc_H,[7]
US-xSP,SAI_H,[0.1]
US-xSP,LAI_L,[0.0]
US-xSP,B_L,[0 0 0 0 0 0 0 0]
US-xSP,Rrootl_L,[0]
US-xSP,PHE_S_L,[1]
US-xSP,dflo_L,[0]
US-xSP,AgeL_L,[0]
US-xSP,e_rel_L,[1]
US-xSP,hc_L,[0.0]
US-xSP,SAI_L,[0.0]
US-xSP,BLit,0.0
US-xSP,Nreserve_H,[1000]
US-xSP,Preserve_H,[100]
US-xSP,Kreserve_H,[1000]
US-xSP,FNC_H,1
US-xSP,NupI_H,[0 0 0]
US-xSP,Nreserve_L,[1]
US-xSP,Preserve_L,[1]
US-xSP,Kreserve_L,[1]
US-xSP,FNC_L,1
US-xSP,NupI_L,[0 0 0]
US-xSP,RexmyI,[0 0 0]
US-xSP,TBio_L,0
US-xSP,TBio_H,300
US-xSP,Vx_H,10
US-xSP,Vl_H,10
US-xSP,Vx_L,10
US-xSP,Vl_L,10
US-xSP,SWE,0
US-xSP,SND,0
US-xSP,TdpI_H,2
US-xSP,TdpI_L,2
US-xSP,In_L,0
US-xSP,In_urb,0
US-xSP,In_Litter,0
US-xSP,SP_wc,0
US-xSP,In_SWE,0
US-xSP,ros,0
US-xSP,t_sls,0
US-xSP,e_sno,0.97
US-xSP,tau_sno,0
US-xSP,EK,0
US-xSP,WAT,0
US-xSP,ICE,0
US-xSP,IP_wc,0
US-xSP,ICE_D,0
US-xSP,FROCK,0
US-xSP,Ws_under,1
US-xST,a_dis,NaN
US-xST,pow_dis,NaN
US-xST,fpr,1
US-xST,SvF,1
US-xST,SN,0
US-xST,Slo_top,0
US-xST,Ared,1
US-xST,aR,1
US-xST,cellsize,1
US-xST,Kbot,NaN
US-xST,Krock,NaN
US-xST,zatm,22.36
US-xST,Cwat,0
US-xST,Cbare,0
US-xST,Psan_Zs,"[0.673, 0.673, 0.673, 0.673, 0.673, 0.673, 0.673, 0.673, 0.673, 0.673, 0.663, 0.663, 0.663, 0.663, 0.66, 0.66, 0.685, 0.685]"
US-xST,Pcla_Zs,"[0.095, 0.095, 0.095, 0.095, 0.095, 0.095, 0.095, 0.095, 0.095, 0.095, 0.105, 0.105, 0.105, 0.105, 0.11, 0.11, 0.08, 0.08]"
US-xST,Porg_Zs,"[0.03, 0.03, 0.03, 0.03, 0.0075, 0.015, 0.015, 0.015, 0.015, 0.015, 0.0025, 0.0025, 0.0025, 0.0025, 0.0025, 0.0025, 0.0025, 0.0025]"
US-xST,Color_Class,0
US-xST,SPAR,2
US-xST,Kfc,0.2
US-xST,Phy,10000
US-xST,Oice,0
US-xST,Zs,[0 10 20 50 100 150 200 300 400 500 600 700 800 1000 1250 1500 1750 2000 2410]
US-xST,Zdes,10
US-xST,Zinf,10
US-xST,Zbio,250
US-xST,In_max_urb,5
US-xST,In_max_rock,0.1
US-xST,TminS,-0.8
US-xST,TmaxS,2.8
US-xST,ros_max1,550
US-xST,ros_max2,260
US-xST,Th_Pr_sno,10.0
US-xST,Ice_wc_sp,0.01
US-xST,ros_Ice_thr,500
US-xST,Aice,0.35
US-xST,WatFreez_Th,-8
US-xST,dz_ice,0.54
US-xST,ExEM,1.0
US-xST,CASE_ROOT,1
US-xST,ZR95_H,[1100]
US-xST,ZR95_L,[0]
US-xST,ZR50_H,NaN
US-xST,ZR50_L,NaN
US-xST,ZRmax_H,NaN
US-xST,ZRmax_L,NaN
US-xST,Kct,0.75
US-xST,gcI,3.7
US-xST,KcI,0.06
US-xST,Sp_SN_In,5.9
US-xST,Sp_LAI_L_In,[0.2]
US-xST,Sp_LAI_H_In,[0.1]
US-xST,d_leaf_H,[7]
US-xST,d_leaf_L,[0.8]
US-xST,KnitH,[0.4]
US-xST,KnitL,0.0
US-xST,mSl_H,0.0
US-xST,mSl_L,0.0
US-xST,FI_H,[0.081]
US-xST,Do_H,[600]
US-xST,a1_H,[6]
US-xST,go_H,[0.01]
US-xST,CT_H,[3]
US-xST,DSE_H,[0.649]
US-xST,Ha_H,[72]
US-xST,gmes_H,[Inf]
US-xST,rjv_H,[2.1]
US-xST,FI_L,[0.081]
US-xST,Do_L,[2000]
US-xST,a1_L,[7]
US-xST,go_L,[0.01]
US-xST,CT_L,[3]
US-xST,DSE_L,[0.660]
US-xST,Ha_L,[48]
US-xST,gmes_L,[Inf]
US-xST,rjv_L,[2.6]
US-xST,Psi_sto_00_H,[-0.7]
US-xST,Psi_sto_50_H,[-2.5]
US-xST,PsiL00_H,[0.4]
US-xST,PsiL50_H,[-6.5]
US-xST,Kleaf_max_H,10
US-xST,Cl_H,1200
US-xST,Axyl_H,15.0
US-xST,Kx_max_H,80000
US-xST,PsiX50_H,[-9]
US-xST,Cx_H,150
US-xST,Psi_sto_00_L,-0.8
US-xST,Psi_sto_50_L,-3.0
US-xST,PsiL00_L,-1.1
US-xST,PsiL50_L,-4.0
US-xST,Kleaf_max_L,5
US-xST,Cl_L,1200
US-xST,Axyl_L,0.0
US-xST,Kx_max_L,80000
US-xST,PsiX50_L,-4.5
US-xST,Cx_L,150
US-xST,PsiG50_H,[-0.7]
US-xST,PsiG99_H,[-6.5]
US-xST,gcoef_H,3.5
US-xST,PsiG50_L,-1.45
US-xST,PsiG99_L,-4.0
US-xST,gcoef_L,3.5
US-xST,OM_H,1
US-xST,OM_L,1
US-xST,Sllit,2
US-xST,Sl_H,[0.0196259]
US-xST,Nl_H,[35]
US-xST,r_H,[0.02]
US-xST,gR_H,[0.22]
US-xST,aSE_H,[1]
US-xST,dd_max_H,[1/365]
US-xST,dc_C_H,[0.0274]
US-xST,Tcold_H,[5]
US-xST,drn_H,[0.0020]
US-xST,dsn_H,[0.0027]
US-xST,age_cr_H,[110]
US-xST,Bfac_lo_H,[0.9]
US-xST,Bfac_ls_H,[NaN]
US-xST,Tlo_H,[4.0]
US-xST,PAR_th_H,[NaN]
US-xST,dmg_H,[30]
US-xST,LAI_min_H,[0.001]
US-xST,Trr_H,[3.0]
US-xST,mjDay_H,[230]
US-xST,LDay_min_H,[11.5]
US-xST,LtR_H,[1.5]
US-xST,Mf_H,[0.0125]
US-xST,Wm_H,[0]
US-xST,eps_ac_H,[0.3]
US-xST,LDay_cr_H,[12.0]
US-xST,Klf_H,[0.025]
US-xST,fab_H,[0.74]
US-xST,fbe_H,[0.26]
US-xST,ff_r_H,[0.1]
US-xST,Sl_L,[0.028]
US-xST,Nl_L,[23]
US-xST,r_L,[0.055]
US-xST,gR_L,[0.25]
US-xST,aSE_L,[2]
US-xST,dd_max_L,[1/360]
US-xST,dc_C_L,[7/365]
US-xST,Tcold_L,[0.0]
US-xST,drn_L,[1/570]
US-xST,dsn_L,[ 1/365]
US-xST,age_cr_L,[180]
US-xST,Bfac_lo_L,[0.99]
US-xST,Bfac_ls_L,[NaN]
US-xST,Tlo_L,[6.0]
US-xST,Tls_L,[NaN]
US-xST,PAR_th_L,[NaN]
US-xST,dmg_L,[25]
US-xST,LAI_min_L,[0.1]
US-xST,Trr_L,[4.0]
US-xST,mjDay_L,[220]
US-xST,LDay_min_L,[NaN]
US-xST,LtR_L,[0.8]
US-xST,Mf_L,[NaN]
US-xST,Wm_L,[NaN]
US-xST,eps_ac_L,[0.5]
US-xST,LDay_cr_L,[11.5]
US-xST,Klf_L,[NaN]
US-xST,fab_L,NaN
US-xST,fbe_L,NaN
US-xST,ff_r_L,[NaN]
US-xST,Vmax_H,[50]
US-xST,Vmax_L,[0]
US-xST,LAI_H,[0.0]
US-xST,B_H,[0 327 262 350 0 0 0 0]
US-xST,Rrootl_H,[4200]
US-xST,PHE_S_H,[1]
US-xST,dflo_H,[0]
US-xST,AgeL_H,[0]
US-xST,e_rel_H,[1]
US-xST,hc_H,[21]
US-xST,SAI_H,[0.1]
US-xST,LAI_L,[0.0]
US-xST,B_L,[0 0 0 0 0 0 0 0]
US-xST,Rrootl_L,[0]
US-xST,PHE_S_L,[1]
US-xST,dflo_L,[0]
US-xST,AgeL_L,[0]
US-xST,e_rel_L,[1]
US-xST,hc_L,[0.0]
US-xST,SAI_L,[0.0]
US-xST,BLit,0.0
US-xST,Nreserve_H,[1000]
US-xST,Preserve_H,[100]
US-xST,Kreserve_H,[1000]
US-xST,FNC_H,1
US-xST,NupI_H,[0 0 0]
US-xST,Nreserve_L,[1]
US-xST,Preserve_L,[1]
US-xST,Kreserve_L,[1]
US-xST,FNC_L,1
US-xST,NupI_L,[0 0 0]
US-xST,RexmyI,[0 0 0]
US-xST,TBio_L,0
US-xST,TBio_H,300
US-xST,Vx_H,10
US-xST,Vl_H,10
US-xST,Vx_L,10
US-xST,Vl_L,10
US-xST,SWE,0
US-xST,SND,0
US-xST,TdpI_H,2
US-xST,TdpI_L,2
US-xST,In_L,0
US-xST,In_urb,0
US-xST,In_Litter,0
US-xST,SP_wc,0
US-xST,In_SWE,0
US-xST,ros,0
US-xST,t_sls,0
US-xST,e_sno,0.97
US-xST,tau_sno,0
US-xST,EK,0
US-xST,WAT,0
US-xST,ICE,0
US-xST,IP_wc,0
US-xST,ICE_D,0
US-xST,FROCK,0
US-xST,Ws_under,1
US-xTA,a_dis,NaN
US-xTA,pow_dis,NaN
US-xTA,fpr,1
US-xTA,SvF,1
US-xTA,SN,0
US-xTA,Slo_top,0
US-xTA,Ared,1
US-xTA,aR,1
US-xTA,cellsize,1
US-xTA,Kbot,NaN
US-xTA,Krock,NaN
US-xTA,zatm,35.7
US-xTA,Cwat,0
US-xTA,Cbare,0
US-xTA,Psan_Zs,"[0.47, 0.47, 0.47, 0.25, 0.25, 0.25, 0.25, 0.25, 0.25, 0.25, 0.25, 0.25, 0.25, 0.25, 0.25, 0.25, 0.25, 0.25]"
US-xTA,Pcla_Zs,"[0.16, 0.16, 0.16, 0.45, 0.45, 0.45, 0.45, 0.45, 0.45, 0.45, 0.45, 0.45, 0.45, 0.45, 0.45, 0.45, 0.45, 0.45]"
US-xTA,Porg_Zs,"[0.015, 0.015, 0.015, 0.0025, 0.0025, 0.0025, 0.0025, 0.0025, 0.0025, 0.0025, 0.0025, 0.0025, 0.0025, 0.0025, 0.0025, 0.0025, 0.0025, 0.0025]"
US-xTA,Color_Class,0
US-xTA,SPAR,2
US-xTA,Kfc,0.2
US-xTA,Phy,10000
US-xTA,Oice,0
US-xTA,Zs,[0 10 20 50 100 150 200 300 400 500 600 700 800 1000 1250 1500 1750 2000 2030]
US-xTA,Zdes,10
US-xTA,Zinf,10
US-xTA,Zbio,250
US-xTA,In_max_urb,5
US-xTA,In_max_rock,0.1
US-xTA,TminS,-0.8
US-xTA,TmaxS,2.8
US-xTA,ros_max1,550
US-xTA,ros_max2,260
US-xTA,Th_Pr_sno,10.0
US-xTA,Ice_wc_sp,0.01
US-xTA,ros_Ice_thr,500
US-xTA,Aice,0.35
US-xTA,WatFreez_Th,-8
US-xTA,dz_ice,0.54
US-xTA,ExEM,1.0
US-xTA,CASE_ROOT,1
US-xTA,ZR95_H,[1200]
US-xTA,ZR95_L,[0]
US-xTA,ZR50_H,NaN
US-xTA,ZR50_L,NaN
US-xTA,ZRmax_H,NaN
US-xTA,ZRmax_L,NaN
US-xTA,Kct,0.75
US-xTA,gcI,3.7
US-xTA,KcI,0.06
US-xTA,Sp_SN_In,5.9
US-xTA,Sp_LAI_L_In,[0.2]
US-xTA,Sp_LAI_H_In,[0.1]
US-xTA,d_leaf_H,[0.25]
US-xTA,d_leaf_L,[0.8]
US-xTA,KnitH,0.35
US-xTA,KnitL,0.0
US-xTA,mSl_H,0.0
US-xTA,mSl_L,0.0
US-xTA,FI_H,[0.081]
US-xTA,Do_H,[700]
US-xTA,a1_H,[5]
US-xTA,go_H,[ 0.01]
US-xTA,CT_H,[3]
US-xTA,DSE_H,[0.649]
US-xTA,Ha_H,[89]
US-xTA,gmes_H,[Inf]
US-xTA,rjv_H,[1.8]
US-xTA,FI_L,[0.081]
US-xTA,Do_L,[2000]
US-xTA,a1_L,[7]
US-xTA,go_L,[0.01]
US-xTA,CT_L,[3]
US-xTA,DSE_L,[0.660]
US-xTA,Ha_L,[48]
US-xTA,gmes_L,[Inf]
US-xTA,rjv_L,[2.6]
US-xTA,Psi_sto_00_H,-0.8
US-xTA,Psi_sto_50_H,-2.5
US-xTA,PsiL00_H,-1.0
US-xTA,PsiL50_H,-3.2
US-xTA,Kleaf_max_H,10
US-xTA,Cl_H,1200
US-xTA,Axyl_H,15.0
US-xTA,Kx_max_H,80000
US-xTA,PsiX50_H,-5.0
US-xTA,Cx_H,150
US-xTA,Psi_sto_00_L,-0.8
US-xTA,Psi_sto_50_L,-3.0
US-xTA,PsiL00_L,-1.1
US-xTA,PsiL50_L,-4.0
US-xTA,Kleaf_max_L,5
US-xTA,Cl_L,1200
US-xTA,Axyl_L,0.0
US-xTA,Kx_max_L,80000
US-xTA,PsiX50_L,-4.5
US-xTA,Cx_L,150
US-xTA,PsiG50_H,-0.8
US-xTA,PsiG99_H,-2.5
US-xTA,gcoef_H,3.5
US-xTA,PsiG50_L,-1.45
US-xTA,PsiG99_L,-4.0
US-xTA,gcoef_L,3.5
US-xTA,OM_H,1
US-xTA,OM_L,1
US-xTA,Sllit,2
US-xTA,Sl_H,[0.0151405]
US-xTA,Nl_H,[62]
US-xTA,r_H,[0.055]
US-xTA,gR_H,[0.25]
US-xTA,aSE_H,[0]
US-xTA,dd_max_H,[1/200]
US-xTA,dc_C_H,78/365
US-xTA,Tcold_H,[-50]
US-xTA,drn_H,[1/800]
US-xTA,dsn_H,[1/600]
US-xTA,age_cr_H,[1220]
US-xTA,Bfac_lo_H,[0.99]
US-xTA,Bfac_ls_H,[NaN]
US-xTA,Tlo_H,[1.5]
US-xTA,PAR_th_H,[NaN]
US-xTA,dmg_H,[30]
US-xTA,LAI_min_H,[0.001]
US-xTA,Trr_H,[0.5]
US-xTA,mjDay_H,[220]
US-xTA,LDay_min_H,[14.1]
US-xTA,LtR_H,[0.8]
US-xTA,Mf_H,[1/50]
US-xTA,Wm_H,[0]
US-xTA,eps_ac_H,[0.8]
US-xTA,LDay_cr_H,[11.8]
US-xTA,Klf_H,[1/30]
US-xTA,fab_H,[0.74]
US-xTA,fbe_H,[0.26]
US-xTA,ff_r_H,[0.1]
US-xTA,Sl_L,[0.028]
US-xTA,Nl_L,[23]
US-xTA,r_L,[0.055]
US-xTA,gR_L,[0.25]
US-xTA,aSE_L,[2]
US-xTA,dd_max_L,[1/360]
US-xTA,dc_C_L,[7/365]
US-xTA,Tcold_L,[0.0]
US-xTA,drn_L,[1/570]
US-xTA,dsn_L,[ 1/365]
US-xTA,age_cr_L,[180]
US-xTA,Bfac_lo_L,[0.99]
US-xTA,Bfac_ls_L,[NaN]
US-xTA,Tlo_L,[6.0]
US-xTA,Tls_L,[NaN]
US-xTA,PAR_th_L,[NaN]
US-xTA,dmg_L,[25]
US-xTA,LAI_min_L,[0.1]
US-xTA,Trr_L,[4.0]
US-xTA,mjDay_L,[220]
US-xTA,LDay_min_L,[NaN]
US-xTA,LtR_L,[0.8]
US-xTA,Mf_L,[NaN]
US-xTA,Wm_L,[NaN]
US-xTA,eps_ac_L,[0.5]
US-xTA,LDay_cr_L,[11.5]
US-xTA,Klf_L,[NaN]
US-xTA,fab_L,NaN
US-xTA,fbe_L,NaN
US-xTA,ff_r_L,[NaN]
US-xTA,Vmax_H,[32]
US-xTA,Vmax_L,[0]
US-xTA,LAI_H,[4.03]
US-xTA,B_H,[215 327 262 244 1 0 5 0]
US-xTA,Rrootl_H,[4200]
US-xTA,PHE_S_H,[4]
US-xTA,dflo_H,[0]
US-xTA,AgeL_H,[1172]
US-xTA,e_rel_H,[1]
US-xTA,hc_H,[18]
US-xTA,SAI_H,[0.1]
US-xTA,LAI_L,[0.0]
US-xTA,B_L,[0 0 0 0 0 0 0 0]
US-xTA,Rrootl_L,[0]
US-xTA,PHE_S_L,[1]
US-xTA,dflo_L,[0]
US-xTA,AgeL_L,[0]
US-xTA,e_rel_L,[1]
US-xTA,hc_L,[0.0]
US-xTA,SAI_L,[0.0]
US-xTA,BLit,0.0
US-xTA,Nreserve_H,[1000]
US-xTA,Preserve_H,[100]
US-xTA,Kreserve_H,[1000]
US-xTA,FNC_H,1
US-xTA,NupI_H,[0 0 0]
US-xTA,Nreserve_L,[1]
US-xTA,Preserve_L,[1]
US-xTA,Kreserve_L,[1]
US-xTA,FNC_L,1
US-xTA,NupI_L,[0 0 0]
US-xTA,RexmyI,[0 0 0]
US-xTA,TBio_L,0
US-xTA,TBio_H,300
US-xTA,Vx_H,10
US-xTA,Vl_H,10
US-xTA,Vx_L,10
US-xTA,Vl_L,10
US-xTA,SWE,0
US-xTA,SND,0
US-xTA,TdpI_H,2
US-xTA,TdpI_L,2
US-xTA,In_L,0
US-xTA,In_urb,0
US-xTA,In_Litter,0
US-xTA,SP_wc,0
US-xTA,In_SWE,0
US-xTA,ros,0
US-xTA,t_sls,0
US-xTA,e_sno,0.97
US-xTA,tau_sno,0
US-xTA,EK,0
US-xTA,WAT,0
US-xTA,ICE,0
US-xTA,IP_wc,0
US-xTA,ICE_D,0
US-xTA,FROCK,0
US-xTA,Ws_under,1
US-xTE,a_dis,NaN
US-xTE,pow_dis,NaN
US-xTE,fpr,1
US-xTE,SvF,1
US-xTE,SN,0
US-xTE,Slo_top,0
US-xTE,Ared,1
US-xTE,aR,1
US-xTE,cellsize,1
US-xTE,Kbot,0.01
US-xTE,Krock,NaN
US-xTE,zatm,59.22
US-xTE,Cwat,0
US-xTE,Cbare,0
US-xTE,Psan_Zs,"[0.7, 0.7, 0.7, 0.7, 0.7, 0.7, 0.79, 0.79, 0.79, 0.79, 0.79, 0.79, 0.79, 0.79, 0.79, 0.79]"
US-xTE,Pcla_Zs,"[0.07, 0.07, 0.07, 0.07, 0.07, 0.07, 0.03, 0.03, 0.03, 0.03, 0.03, 0.03, 0.03, 0.03, 0.03, 0.03]"
US-xTE,Porg_Zs,"[0.015, 0.015, 0.015, 0.015, 0.015, 0.015, 0.0075, 0.0075, 0.0075, 0.0075, 0.0075, 0.0075, 0.005, 0.005, 0.005, 0.005]"
US-xTE,Color_Class,0
US-xTE,SPAR,2
US-xTE,Kfc,0.2
US-xTE,Phy,10000
US-xTE,Oice,0
US-xTE,Zs,[0 10 20 50 100 150 200 300 400 500 600 700 800 1000 1250 1500 1520]
US-xTE,Zdes,10
US-xTE,Zinf,10
US-xTE,Zbio,250
US-xTE,In_max_urb,5
US-xTE,In_max_rock,0.1
US-xTE,TminS,-0.8
US-xTE,TmaxS,2.8
US-xTE,ros_max1,550
US-xTE,ros_max2,260
US-xTE,Th_Pr_sno,10.0
US-xTE,Ice_wc_sp,0.01
US-xTE,ros_Ice_thr,500
US-xTE,Aice,0.35
US-xTE,WatFreez_Th,-8
US-xTE,dz_ice,0.54
US-xTE,ExEM,1.0
US-xTE,CASE_ROOT,1
US-xTE,ZR95_H,[1520]
US-xTE,ZR95_L,[0]
US-xTE,ZR50_H,NaN
US-xTE,ZR50_L,NaN
US-xTE,ZRmax_H,NaN
US-xTE,ZRmax_L,NaN
US-xTE,Kct,0.75
US-xTE,gcI,3.7
US-xTE,KcI,0.06
US-xTE,Sp_SN_In,5.9
US-xTE,Sp_LAI_L_In,[0.2]
US-xTE,Sp_LAI_H_In,[0.1]
US-xTE,d_leaf_H,[0.25]
US-xTE,d_leaf_L,[0.8]
US-xTE,KnitH,0.35
US-xTE,KnitL,0.0
US-xTE,mSl_H,0.0
US-xTE,mSl_L,0.0
US-xTE,FI_H,[0.081]
US-xTE,Do_H,[700]
US-xTE,a1_H,[5]
US-xTE,go_H,[ 0.01]
US-xTE,CT_H,[3]
US-xTE,DSE_H,[0.649]
US-xTE,Ha_H,[89]
US-xTE,gmes_H,[Inf]
US-xTE,rjv_H,[1.8]
US-xTE,FI_L,[0.081]
US-xTE,Do_L,[2000]
US-xTE,a1_L,[7]
US-xTE,go_L,[0.01]
US-xTE,CT_L,[3]
US-xTE,DSE_L,[0.660]
US-xTE,Ha_L,[48]
US-xTE,gmes_L,[Inf]
US-xTE,rjv_L,[2.6]
US-xTE,Psi_sto_00_H,-0.8
US-xTE,Psi_sto_50_H,-2.5
US-xTE,PsiL00_H,-1.0
US-xTE,PsiL50_H,-3.2
US-xTE,Kleaf_max_H,10
US-xTE,Cl_H,1200
US-xTE,Axyl_H,15.0
US-xTE,Kx_max_H,80000
US-xTE,PsiX50_H,-5.0
US-xTE,Cx_H,150
US-xTE,Psi_sto_00_L,-0.8
US-xTE,Psi_sto_50_L,-3.0
US-xTE,PsiL00_L,-1.1
US-xTE,PsiL50_L,-4.0
US-xTE,Kleaf_max_L,5
US-xTE,Cl_L,1200
US-xTE,Axyl_L,0.0
US-xTE,Kx_max_L,80000
US-xTE,PsiX50_L,-4.5
US-xTE,Cx_L,150
US-xTE,PsiG50_H,-0.8
US-xTE,PsiG99_H,-2.5
US-xTE,gcoef_H,3.5
US-xTE,PsiG50_L,-1.45
US-xTE,PsiG99_L,-4.0
US-xTE,gcoef_L,3.5
US-xTE,OM_H,1
US-xTE,OM_L,1
US-xTE,Sllit,2
US-xTE,Sl_H,[0.0133703]
US-xTE,Nl_H,[62]
US-xTE,r_H,[0.055]
US-xTE,gR_H,[0.25]
US-xTE,aSE_H,[0]
US-xTE,dd_max_H,[1/200]
US-xTE,dc_C_H,78/365
US-xTE,Tcold_H,[-50]
US-xTE,drn_H,[1/800]
US-xTE,dsn_H,[1/600]
US-xTE,age_cr_H,[1220]
US-xTE,Bfac_lo_H,[0.99]
US-xTE,Bfac_ls_H,[NaN]
US-xTE,Tlo_H,[1.5]
US-xTE,PAR_th_H,[NaN]
US-xTE,dmg_H,[30]
US-xTE,LAI_min_H,[0.001]
US-xTE,Trr_H,[0.5]
US-xTE,mjDay_H,[220]
US-xTE,LDay_min_H,[14.1]
US-xTE,LtR_H,[0.8]
US-xTE,Mf_H,[1/50]
US-xTE,Wm_H,[0]
US-xTE,eps_ac_H,[0.8]
US-xTE,LDay_cr_H,[11.8]
US-xTE,Klf_H,[1/30]
US-xTE,fab_H,[0.74]
US-xTE,fbe_H,[0.26]
US-xTE,ff_r_H,[0.1]
US-xTE,Sl_L,[0.028]
US-xTE,Nl_L,[23]
US-xTE,r_L,[0.055]
US-xTE,gR_L,[0.25]
US-xTE,aSE_L,[2]
US-xTE,dd_max_L,[1/360]
US-xTE,dc_C_L,[7/365]
US-xTE,Tcold_L,[0.0]
US-xTE,drn_L,[1/570]
US-xTE,dsn_L,[ 1/365]
US-xTE,age_cr_L,[180]
US-xTE,Bfac_lo_L,[0.99]
US-xTE,Bfac_ls_L,[NaN]
US-xTE,Tlo_L,[6.0]
US-xTE,Tls_L,[NaN]
US-xTE,PAR_th_L,[NaN]
US-xTE,dmg_L,[25]
US-xTE,LAI_min_L,[0.1]
US-xTE,Trr_L,[4.0]
US-xTE,mjDay_L,[220]
US-xTE,LDay_min_L,[NaN]
US-xTE,LtR_L,[0.8]
US-xTE,Mf_L,[NaN]
US-xTE,Wm_L,[NaN]
US-xTE,eps_ac_L,[0.5]
US-xTE,LDay_cr_L,[11.5]
US-xTE,Klf_L,[NaN]
US-xTE,fab_L,NaN
US-xTE,fbe_L,NaN
US-xTE,ff_r_L,[NaN]
US-xTE,Vmax_H,[32]
US-xTE,Vmax_L,[0]
US-xTE,LAI_H,[4.03]
US-xTE,B_H,[215 327 262 244 1 0 5 0]
US-xTE,Rrootl_H,[4200]
US-xTE,PHE_S_H,[4]
US-xTE,dflo_H,[0]
US-xTE,AgeL_H,[1172]
US-xTE,e_rel_H,[1]
US-xTE,hc_H,[18]
US-xTE,SAI_H,[0.1]
US-xTE,LAI_L,[0.0]
US-xTE,B_L,[0 0 0 0 0 0 0 0]
US-xTE,Rrootl_L,[0]
US-xTE,PHE_S_L,[1]
US-xTE,dflo_L,[0]
US-xTE,AgeL_L,[0]
US-xTE,e_rel_L,[1]
US-xTE,hc_L,[0.0]
US-xTE,SAI_L,[0.0]
US-xTE,BLit,0.0
US-xTE,Nreserve_H,[1000]
US-xTE,Preserve_H,[100]
US-xTE,Kreserve_H,[1000]
US-xTE,FNC_H,1
US-xTE,NupI_H,[0 0 0]
US-xTE,Nreserve_L,[1]
US-xTE,Preserve_L,[1]
US-xTE,Kreserve_L,[1]
US-xTE,FNC_L,1
US-xTE,NupI_L,[0 0 0]
US-xTE,RexmyI,[0 0 0]
US-xTE,TBio_L,0
US-xTE,TBio_H,300
US-xTE,Vx_H,10
US-xTE,Vl_H,10
US-xTE,Vx_L,10
US-xTE,Vl_L,10
US-xTE,SWE,0
US-xTE,SND,0
US-xTE,TdpI_H,2
US-xTE,TdpI_L,2
US-xTE,In_L,0
US-xTE,In_urb,0
US-xTE,In_Litter,0
US-xTE,SP_wc,0
US-xTE,In_SWE,0
US-xTE,ros,0
US-xTE,t_sls,0
US-xTE,e_sno,0.97
US-xTE,tau_sno,0
US-xTE,EK,0
US-xTE,WAT,0
US-xTE,ICE,0
US-xTE,IP_wc,0
US-xTE,ICE_D,0
US-xTE,FROCK,0
US-xTE,Ws_under,1
US-xTR,a_dis,NaN
US-xTR,pow_dis,NaN
US-xTR,fpr,1
US-xTR,SvF,1
US-xTR,SN,0
US-xTR,Slo_top,0
US-xTR,Ared,1
US-xTR,aR,1
US-xTR,cellsize,1
US-xTR,Kbot,NaN
US-xTR,Krock,NaN
US-xTR,zatm,35.97
US-xTR,Cwat,0
US-xTR,Cbare,0
US-xTR,Psan_Zs,"[0.673, 0.673, 0.673, 0.673, 0.673, 0.673, 0.673, 0.673, 0.673, 0.673, 0.673, 0.673, 0.673, 0.673, 0.673, 0.66, 0.66, 0.673]"
US-xTR,Pcla_Zs,"[0.095, 0.095, 0.095, 0.095, 0.095, 0.095, 0.095, 0.095, 0.095, 0.095, 0.095, 0.095, 0.095, 0.095, 0.095, 0.11, 0.11, 0.095]"
US-xTR,Porg_Zs,"[0.025, 0.025, 0.025, 0.025, 0.025, 0.015, 0.015, 0.015, 0.015, 0.015, 0.0025, 0.0025, 0.0025, 0.0025, 0.0025, 0.0025, 0.0025, 0.0025]"
US-xTR,Color_Class,0
US-xTR,SPAR,2
US-xTR,Kfc,0.2
US-xTR,Phy,10000
US-xTR,Oice,0
US-xTR,Zs,[0 10 20 50 100 150 200 300 400 500 600 700 800 1000 1250 1500 1750 2000 2290]
US-xTR,Zdes,10
US-xTR,Zinf,10
US-xTR,Zbio,250
US-xTR,In_max_urb,5
US-xTR,In_max_rock,0.1
US-xTR,TminS,-0.8
US-xTR,TmaxS,2.8
US-xTR,ros_max1,550
US-xTR,ros_max2,260
US-xTR,Th_Pr_sno,10.0
US-xTR,Ice_wc_sp,0.01
US-xTR,ros_Ice_thr,500
US-xTR,Aice,0.35
US-xTR,WatFreez_Th,-8
US-xTR,dz_ice,0.54
US-xTR,ExEM,1.0
US-xTR,CASE_ROOT,1
US-xTR,ZR95_H,[1100]
US-xTR,ZR95_L,[0]
US-xTR,ZR50_H,NaN
US-xTR,ZR50_L,NaN
US-xTR,ZRmax_H,NaN
US-xTR,ZRmax_L,NaN
US-xTR,Kct,0.75
US-xTR,gcI,3.7
US-xTR,KcI,0.06
US-xTR,Sp_SN_In,5.9
US-xTR,Sp_LAI_L_In,[0.2]
US-xTR,Sp_LAI_H_In,[0.1]
US-xTR,d_leaf_H,[7]
US-xTR,d_leaf_L,[0.8]
US-xTR,KnitH,[0.4]
US-xTR,KnitL,0.0
US-xTR,mSl_H,0.0
US-xTR,mSl_L,0.0
US-xTR,FI_H,[0.081]
US-xTR,Do_H,[600]
US-xTR,a1_H,[6]
US-xTR,go_H,[0.01]
US-xTR,CT_H,[3]
US-xTR,DSE_H,[0.649]
US-xTR,Ha_H,[72]
US-xTR,gmes_H,[Inf]
US-xTR,rjv_H,[2.1]
US-xTR,FI_L,[0.081]
US-xTR,Do_L,[2000]
US-xTR,a1_L,[7]
US-xTR,go_L,[0.01]
US-xTR,CT_L,[3]
US-xTR,DSE_L,[0.660]
US-xTR,Ha_L,[48]
US-xTR,gmes_L,[Inf]
US-xTR,rjv_L,[2.6]
US-xTR,Psi_sto_00_H,[-0.7]
US-xTR,Psi_sto_50_H,[-2.5]
US-xTR,PsiL00_H,[0.4]
US-xTR,PsiL50_H,[-6.5]
US-xTR,Kleaf_max_H,10
US-xTR,Cl_H,1200
US-xTR,Axyl_H,15.0
US-xTR,Kx_max_H,80000
US-xTR,PsiX50_H,[-9]
US-xTR,Cx_H,150
US-xTR,Psi_sto_00_L,-0.8
US-xTR,Psi_sto_50_L,-3.0
US-xTR,PsiL00_L,-1.1
US-xTR,PsiL50_L,-4.0
US-xTR,Kleaf_max_L,5
US-xTR,Cl_L,1200
US-xTR,Axyl_L,0.0
US-xTR,Kx_max_L,80000
US-xTR,PsiX50_L,-4.5
US-xTR,Cx_L,150
US-xTR,PsiG50_H,[-0.7]
US-xTR,PsiG99_H,[-6.5]
US-xTR,gcoef_H,3.5
US-xTR,PsiG50_L,-1.45
US-xTR,PsiG99_L,-4.0
US-xTR,gcoef_L,3.5
US-xTR,OM_H,1
US-xTR,OM_L,1
US-xTR,Sllit,2
US-xTR,Sl_H,[0.0196259]
US-xTR,Nl_H,[35]
US-xTR,r_H,[0.02]
US-xTR,gR_H,[0.22]
US-xTR,aSE_H,[1]
US-xTR,dd_max_H,[1/365]
US-xTR,dc_C_H,[0.0274]
US-xTR,Tcold_H,[5]
US-xTR,drn_H,[0.0020]
US-xTR,dsn_H,[0.0027]
US-xTR,age_cr_H,[110]
US-xTR,Bfac_lo_H,[0.9]
US-xTR,Bfac_ls_H,[NaN]
US-xTR,Tlo_H,[4.0]
US-xTR,PAR_th_H,[NaN]
US-xTR,dmg_H,[30]
US-xTR,LAI_min_H,[0.001]
US-xTR,Trr_H,[3.0]
US-xTR,mjDay_H,[230]
US-xTR,LDay_min_H,[11.5]
US-xTR,LtR_H,[1.5]
US-xTR,Mf_H,[0.0125]
US-xTR,Wm_H,[0]
US-xTR,eps_ac_H,[0.3]
US-xTR,LDay_cr_H,[12.0]
US-xTR,Klf_H,[0.025]
US-xTR,fab_H,[0.74]
US-xTR,fbe_H,[0.26]
US-xTR,ff_r_H,[0.1]
US-xTR,Sl_L,[0.028]
US-xTR,Nl_L,[23]
US-xTR,r_L,[0.055]
US-xTR,gR_L,[0.25]
US-xTR,aSE_L,[2]
US-xTR,dd_max_L,[1/360]
US-xTR,dc_C_L,[7/365]
US-xTR,Tcold_L,[0.0]
US-xTR,drn_L,[1/570]
US-xTR,dsn_L,[ 1/365]
US-xTR,age_cr_L,[180]
US-xTR,Bfac_lo_L,[0.99]
US-xTR,Bfac_ls_L,[NaN]
US-xTR,Tlo_L,[6.0]
US-xTR,Tls_L,[NaN]
US-xTR,PAR_th_L,[NaN]
US-xTR,dmg_L,[25]
US-xTR,LAI_min_L,[0.1]
US-xTR,Trr_L,[4.0]
US-xTR,mjDay_L,[220]
US-xTR,LDay_min_L,[NaN]
US-xTR,LtR_L,[0.8]
US-xTR,Mf_L,[NaN]
US-xTR,Wm_L,[NaN]
US-xTR,eps_ac_L,[0.5]
US-xTR,LDay_cr_L,[11.5]
US-xTR,Klf_L,[NaN]
US-xTR,fab_L,NaN
US-xTR,fbe_L,NaN
US-xTR,ff_r_L,[NaN]
US-xTR,Vmax_H,[50]
US-xTR,Vmax_L,[0]
US-xTR,LAI_H,[0.0]
US-xTR,B_H,[0 327 262 350 0 0 0 0]
US-xTR,Rrootl_H,[4200]
US-xTR,PHE_S_H,[1]
US-xTR,dflo_H,[0]
US-xTR,AgeL_H,[0]
US-xTR,e_rel_H,[1]
US-xTR,hc_H,[21]
US-xTR,SAI_H,[0.1]
US-xTR,LAI_L,[0.0]
US-xTR,B_L,[0 0 0 0 0 0 0 0]
US-xTR,Rrootl_L,[0]
US-xTR,PHE_S_L,[1]
US-xTR,dflo_L,[0]
US-xTR,AgeL_L,[0]
US-xTR,e_rel_L,[1]
US-xTR,hc_L,[0.0]
US-xTR,SAI_L,[0.0]
US-xTR,BLit,0.0
US-xTR,Nreserve_H,[1000]
US-xTR,Preserve_H,[100]
US-xTR,Kreserve_H,[1000]
US-xTR,FNC_H,1
US-xTR,NupI_H,[0 0 0]
US-xTR,Nreserve_L,[1]
US-xTR,Preserve_L,[1]
US-xTR,Kreserve_L,[1]
US-xTR,FNC_L,1
US-xTR,NupI_L,[0 0 0]
US-xTR,RexmyI,[0 0 0]
US-xTR,TBio_L,0
US-xTR,TBio_H,300
US-xTR,Vx_H,10
US-xTR,Vl_H,10
US-xTR,Vx_L,10
US-xTR,Vl_L,10
US-xTR,SWE,0
US-xTR,SND,0
US-xTR,TdpI_H,2
US-xTR,TdpI_L,2
US-xTR,In_L,0
US-xTR,In_urb,0
US-xTR,In_Litter,0
US-xTR,SP_wc,0
US-xTR,In_SWE,0
US-xTR,ros,0
US-xTR,t_sls,0
US-xTR,e_sno,0.97
US-xTR,tau_sno,0
US-xTR,EK,0
US-xTR,WAT,0
US-xTR,ICE,0
US-xTR,IP_wc,0
US-xTR,ICE_D,0
US-xTR,FROCK,0
US-xTR,Ws_under,1
US-xUK,a_dis,NaN
US-xUK,pow_dis,NaN
US-xUK,fpr,1
US-xUK,SvF,1
US-xUK,SN,0
US-xUK,Slo_top,0
US-xUK,Ared,1
US-xUK,aR,1
US-xUK,cellsize,1
US-xUK,Kbot,0.01
US-xUK,Krock,NaN
US-xUK,zatm,35.77
US-xUK,Cwat,0
US-xUK,Cbare,0
US-xUK,Psan_Zs,"[0.04, 0.04, 0.04, 0.04, 0.04, 0.04, 0.04, 0.04, 0.05, 0.05, 0.05, 0.05, 0.05]"
US-xUK,Pcla_Zs,"[0.34, 0.34, 0.34, 0.34, 0.34, 0.37, 0.37, 0.48, 0.5, 0.5, 0.5, 0.5, 0.5]"
US-xUK,Porg_Zs,"[0.03, 0.03, 0.03, 0.03, 0.03, 0.03, 0.03, 0.007, 0.004, 0.004, 0.004, 0.004, 0.004]"
US-xUK,Color_Class,0
US-xUK,SPAR,2
US-xUK,Kfc,0.2
US-xUK,Phy,10000
US-xUK,Oice,0
US-xUK,Zs,[0 10 20 50 100 150 200 300 400 500 600 700 800 870]
US-xUK,Zdes,10
US-xUK,Zinf,10
US-xUK,Zbio,250
US-xUK,In_max_urb,5
US-xUK,In_max_rock,0.1
US-xUK,TminS,-0.8
US-xUK,TmaxS,2.8
US-xUK,ros_max1,550
US-xUK,ros_max2,260
US-xUK,Th_Pr_sno,10.0
US-xUK,Ice_wc_sp,0.01
US-xUK,ros_Ice_thr,500
US-xUK,Aice,0.35
US-xUK,WatFreez_Th,-8
US-xUK,dz_ice,0.54
US-xUK,ExEM,1.0
US-xUK,CASE_ROOT,1
US-xUK,ZR95_H,[870]
US-xUK,ZR95_L,[0]
US-xUK,ZR50_H,NaN
US-xUK,ZR50_L,NaN
US-xUK,ZRmax_H,NaN
US-xUK,ZRmax_L,NaN
US-xUK,Kct,0.75
US-xUK,gcI,3.7
US-xUK,KcI,0.06
US-xUK,Sp_SN_In,5.9
US-xUK,Sp_LAI_L_In,[0.2]
US-xUK,Sp_LAI_H_In,[0.1]
US-xUK,d_leaf_H,[7]
US-xUK,d_leaf_L,[0.8]
US-xUK,KnitH,[0.4]
US-xUK,KnitL,0.0
US-xUK,mSl_H,0.0
US-xUK,mSl_L,0.0
US-xUK,FI_H,[0.081]
US-xUK,Do_H,[600]
US-xUK,a1_H,[6]
US-xUK,go_H,[0.01]
US-xUK,CT_H,[3]
US-xUK,DSE_H,[0.649]
US-xUK,Ha_H,[72]
US-xUK,gmes_H,[Inf]
US-xUK,rjv_H,[2.1]
US-xUK,FI_L,[0.081]
US-xUK,Do_L,[2000]
US-xUK,a1_L,[7]
US-xUK,go_L,[0.01]
US-xUK,CT_L,[3]
US-xUK,DSE_L,[0.660]
US-xUK,Ha_L,[48]
US-xUK,gmes_L,[Inf]
US-xUK,rjv_L,[2.6]
US-xUK,Psi_sto_00_H,[-0.7]
US-xUK,Psi_sto_50_H,[-2.5]
US-xUK,PsiL00_H,[0.4]
US-xUK,PsiL50_H,[-6.5]
US-xUK,Kleaf_max_H,10
US-xUK,Cl_H,1200
US-xUK,Axyl_H,15.0
US-xUK,Kx_max_H,80000
US-xUK,PsiX50_H,[-9]
US-xUK,Cx_H,150
US-xUK,Psi_sto_00_L,-0.8
US-xUK,Psi_sto_50_L,-3.0
US-xUK,PsiL00_L,-1.1
US-xUK,PsiL50_L,-4.0
US-xUK,Kleaf_max_L,5
US-xUK,Cl_L,1200
US-xUK,Axyl_L,0.0
US-xUK,Kx_max_L,80000
US-xUK,PsiX50_L,-4.5
US-xUK,Cx_L,150
US-xUK,PsiG50_H,[-0.7]
US-xUK,PsiG99_H,[-6.5]
US-xUK,gcoef_H,3.5
US-xUK,PsiG50_L,-1.45
US-xUK,PsiG99_L,-4.0
US-xUK,gcoef_L,3.5
US-xUK,OM_H,1
US-xUK,OM_L,1
US-xUK,Sllit,2
US-xUK,Sl_H,[0.016932]
US-xUK,Nl_H,[35]
US-xUK,r_H,[0.02]
US-xUK,gR_H,[0.22]
US-xUK,aSE_H,[1]
US-xUK,dd_max_H,[1/365]
US-xUK,dc_C_H,[0.0274]
US-xUK,Tcold_H,[5]
US-xUK,drn_H,[0.0020]
US-xUK,dsn_H,[0.0027]
US-xUK,age_cr_H,[110]
US-xUK,Bfac_lo_H,[0.9]
US-xUK,Bfac_ls_H,[NaN]
US-xUK,Tlo_H,[4.0]
US-xUK,PAR_th_H,[NaN]
US-xUK,dmg_H,[30]
US-xUK,LAI_min_H,[0.001]
US-xUK,Trr_H,[3.0]
US-xUK,mjDay_H,[230]
US-xUK,LDay_min_H,[11.5]
US-xUK,LtR_H,[1.5]
US-xUK,Mf_H,[0.0125]
US-xUK,Wm_H,[0]
US-xUK,eps_ac_H,[0.3]
US-xUK,LDay_cr_H,[12.0]
US-xUK,Klf_H,[0.025]
US-xUK,fab_H,[0.74]
US-xUK,fbe_H,[0.26]
US-xUK,ff_r_H,[0.1]
US-xUK,Sl_L,[0.028]
US-xUK,Nl_L,[23]
US-xUK,r_L,[0.055]
US-xUK,gR_L,[0.25]
US-xUK,aSE_L,[2]
US-xUK,dd_max_L,[1/360]
US-xUK,dc_C_L,[7/365]
US-xUK,Tcold_L,[0.0]
US-xUK,drn_L,[1/570]
US-xUK,dsn_L,[ 1/365]
US-xUK,age_cr_L,[180]
US-xUK,Bfac_lo_L,[0.99]
US-xUK,Bfac_ls_L,[NaN]
US-xUK,Tlo_L,[6.0]
US-xUK,Tls_L,[NaN]
US-xUK,PAR_th_L,[NaN]
US-xUK,dmg_L,[25]
US-xUK,LAI_min_L,[0.1]
US-xUK,Trr_L,[4.0]
US-xUK,mjDay_L,[220]
US-xUK,LDay_min_L,[NaN]
US-xUK,LtR_L,[0.8]
US-xUK,Mf_L,[NaN]
US-xUK,Wm_L,[NaN]
US-xUK,eps_ac_L,[0.5]
US-xUK,LDay_cr_L,[11.5]
US-xUK,Klf_L,[NaN]
US-xUK,fab_L,NaN
US-xUK,fbe_L,NaN
US-xUK,ff_r_L,[NaN]
US-xUK,Vmax_H,[50]
US-xUK,Vmax_L,[0]
US-xUK,LAI_H,[0.0]
US-xUK,B_H,[0 327 262 350 0 0 0 0]
US-xUK,Rrootl_H,[4200]
US-xUK,PHE_S_H,[1]
US-xUK,dflo_H,[0]
US-xUK,AgeL_H,[0]
US-xUK,e_rel_H,[1]
US-xUK,hc_H,[18]
US-xUK,SAI_H,[0.1]
US-xUK,LAI_L,[0.0]
US-xUK,B_L,[0 0 0 0 0 0 0 0]
US-xUK,Rrootl_L,[0]
US-xUK,PHE_S_L,[1]
US-xUK,dflo_L,[0]
US-xUK,AgeL_L,[0]
US-xUK,e_rel_L,[1]
US-xUK,hc_L,[0.0]
US-xUK,SAI_L,[0.0]
US-xUK,BLit,0.0
US-xUK,Nreserve_H,[1000]
US-xUK,Preserve_H,[100]
US-xUK,Kreserve_H,[1000]
US-xUK,FNC_H,1
US-xUK,NupI_H,[0 0 0]
US-xUK,Nreserve_L,[1]
US-xUK,Preserve_L,[1]
US-xUK,Kreserve_L,[1]
US-xUK,FNC_L,1
US-xUK,NupI_L,[0 0 0]
US-xUK,RexmyI,[0 0 0]
US-xUK,TBio_L,0
US-xUK,TBio_H,300
US-xUK,Vx_H,10
US-xUK,Vl_H,10
US-xUK,Vx_L,10
US-xUK,Vl_L,10
US-xUK,SWE,0
US-xUK,SND,0
US-xUK,TdpI_H,2
US-xUK,TdpI_L,2
US-xUK,In_L,0
US-xUK,In_urb,0
US-xUK,In_Litter,0
US-xUK,SP_wc,0
US-xUK,In_SWE,0
US-xUK,ros,0
US-xUK,t_sls,0
US-xUK,e_sno,0.97
US-xUK,tau_sno,0
US-xUK,EK,0
US-xUK,WAT,0
US-xUK,ICE,0
US-xUK,IP_wc,0
US-xUK,ICE_D,0
US-xUK,FROCK,0
US-xUK,Ws_under,1
US-xWR,a_dis,NaN
US-xWR,pow_dis,NaN
US-xWR,fpr,1
US-xWR,SvF,1
US-xWR,SN,0
US-xWR,Slo_top,0
US-xWR,Ared,1
US-xWR,aR,1
US-xWR,cellsize,1
US-xWR,Kbot,NaN
US-xWR,Krock,NaN
US-xWR,zatm,74.18
US-xWR,Cwat,0
US-xWR,Cbare,0
US-xWR,Psan_Zs,"[0.5628, 0.5628, 0.5628, 0.56609, 0.56609, 0.55064, 0.55064, 0.49452, 0.49452, 0.49452, 0.47523, 0.47523, 0.47523, 0.60577, 0.60577, 0.60577, 0.60577]"
US-xWR,Pcla_Zs,"[0.07948, 0.07948, 0.07948, 0.08064, 0.08064, 0.08519, 0.08519, 0.08182, 0.08182, 0.08182, 0.08146, 0.08146, 0.08146, 0.07328, 0.07328, 0.07328, 0.07328]"
US-xWR,Porg_Zs,"[0.02458, 0.02458, 0.02458, 0.02346, 0.02346, 0.01838, 0.01838, 0.00717, 0.00717, 0.00717, 0.00261, 0.00261, 0.00261, 0.00193, 0.00193, 0.00193, 0.00193]"
US-xWR,Color_Class,0
US-xWR,SPAR,2
US-xWR,Kfc,0.2
US-xWR,Phy,10000
US-xWR,Oice,0
US-xWR,Zs,[0 10 20 50 100 150 200 300 400 500 600 700 800 1000 1250 1500 1750 2000]
US-xWR,Zdes,10
US-xWR,Zinf,10
US-xWR,Zbio,250
US-xWR,In_max_urb,5
US-xWR,In_max_rock,0.1
US-xWR,TminS,-0.8
US-xWR,TmaxS,2.8
US-xWR,ros_max1,550
US-xWR,ros_max2,260
US-xWR,Th_Pr_sno,10.0
US-xWR,Ice_wc_sp,0.01
US-xWR,ros_Ice_thr,500
US-xWR,Aice,0.35
US-xWR,WatFreez_Th,-8
US-xWR,dz_ice,0.54
US-xWR,ExEM,1.0
US-xWR,CASE_ROOT,1
US-xWR,ZR95_H,[1800]
US-xWR,ZR95_L,[0]
US-xWR,ZR50_H,NaN
US-xWR,ZR50_L,NaN
US-xWR,ZRmax_H,NaN
US-xWR,ZRmax_L,NaN
US-xWR,Kct,0.75
US-xWR,gcI,3.7
US-xWR,KcI,0.06
US-xWR,Sp_SN_In,5.9
US-xWR,Sp_LAI_L_In,[0.2]
US-xWR,Sp_LAI_H_In,[0.1]
US-xWR,d_leaf_H,[0.25]
US-xWR,d_leaf_L,[0.8]
US-xWR,KnitH,0.35
US-xWR,KnitL,0.0
US-xWR,mSl_H,0.0
US-xWR,mSl_L,0.0
US-xWR,FI_H,[0.081]
US-xWR,Do_H,[700]
US-xWR,a1_H,[5]
US-xWR,go_H,[ 0.01]
US-xWR,CT_H,[3]
US-xWR,DSE_H,[0.649]
US-xWR,Ha_H,[89]
US-xWR,gmes_H,[Inf]
US-xWR,rjv_H,[1.8]
US-xWR,FI_L,[0.081]
US-xWR,Do_L,[2000]
US-xWR,a1_L,[7]
US-xWR,go_L,[0.01]
US-xWR,CT_L,[3]
US-xWR,DSE_L,[0.660]
US-xWR,Ha_L,[48]
US-xWR,gmes_L,[Inf]
US-xWR,rjv_L,[2.6]
US-xWR,Psi_sto_00_H,-0.8
US-xWR,Psi_sto_50_H,-2.5
US-xWR,PsiL00_H,-1.0
US-xWR,PsiL50_H,-3.2
US-xWR,Kleaf_max_H,10
US-xWR,Cl_H,1200
US-xWR,Axyl_H,15.0
US-xWR,Kx_max_H,80000
US-xWR,PsiX50_H,-5.0
US-xWR,Cx_H,150
US-xWR,Psi_sto_00_L,-0.8
US-xWR,Psi_sto_50_L,-3.0
US-xWR,PsiL00_L,-1.1
US-xWR,PsiL50_L,-4.0
US-xWR,Kleaf_max_L,5
US-xWR,Cl_L,1200
US-xWR,Axyl_L,0.0
US-xWR,Kx_max_L,80000
US-xWR,PsiX50_L,-4.5
US-xWR,Cx_L,150
US-xWR,PsiG50_H,-0.8
US-xWR,PsiG99_H,-2.5
US-xWR,gcoef_H,3.5
US-xWR,PsiG50_L,-1.45
US-xWR,PsiG99_L,-4.0
US-xWR,gcoef_L,3.5
US-xWR,OM_H,1
US-xWR,OM_L,1
US-xWR,Sllit,2
US-xWR,Sl_H,[0.014114]
US-xWR,Nl_H,[62]
US-xWR,r_H,[0.055]
US-xWR,gR_H,[0.25]
US-xWR,aSE_H,[0]
US-xWR,dd_max_H,[1/200]
US-xWR,dc_C_H,78/365
US-xWR,Tcold_H,[-50]
US-xWR,drn_H,[1/800]
US-xWR,dsn_H,[1/600]
US-xWR,age_cr_H,[1220]
US-xWR,Bfac_lo_H,[0.99]
US-xWR,Bfac_ls_H,[NaN]
US-xWR,Tlo_H,[1.5]
US-xWR,PAR_th_H,[NaN]
US-xWR,dmg_H,[30]
US-xWR,LAI_min_H,[0.001]
US-xWR,Trr_H,[0.5]
US-xWR,mjDay_H,[220]
US-xWR,LDay_min_H,[14.1]
US-xWR,LtR_H,[0.8]
US-xWR,Mf_H,[1/50]
US-xWR,Wm_H,[0]
US-xWR,eps_ac_H,[0.8]
US-xWR,LDay_cr_H,[11.8]
US-xWR,Klf_H,[1/30]
US-xWR,fab_H,[0.74]
US-xWR,fbe_H,[0.26]
US-xWR,ff_r_H,[0.1]
US-xWR,Sl_L,[0.028]
US-xWR,Nl_L,[23]
US-xWR,r_L,[0.055]
US-xWR,gR_L,[0.25]
US-xWR,aSE_L,[2]
US-xWR,dd_max_L,[1/360]
US-xWR,dc_C_L,[7/365]
US-xWR,Tcold_L,[0.0]
US-xWR,drn_L,[1/570]
US-xWR,dsn_L,[ 1/365]
US-xWR,age_cr_L,[180]
US-xWR,Bfac_lo_L,[0.99]
US-xWR,Bfac_ls_L,[NaN]
US-xWR,Tlo_L,[6.0]
US-xWR,Tls_L,[NaN]
US-xWR,PAR_th_L,[NaN]
US-xWR,dmg_L,[25]
US-xWR,LAI_min_L,[0.1]
US-xWR,Trr_L,[4.0]
US-xWR,mjDay_L,[220]
US-xWR,LDay_min_L,[NaN]
US-xWR,LtR_L,[0.8]
US-xWR,Mf_L,[NaN]
US-xWR,Wm_L,[NaN]
US-xWR,eps_ac_L,[0.5]
US-xWR,LDay_cr_L,[11.5]
US-xWR,Klf_L,[NaN]
US-xWR,fab_L,NaN
US-xWR,fbe_L,NaN
US-xWR,ff_r_L,[NaN]
US-xWR,Vmax_H,[32]
US-xWR,Vmax_L,[0]
US-xWR,LAI_H,[4.03]
US-xWR,B_H,[215 327 262 244 1 0 5 0]
US-xWR,Rrootl_H,[4200]
US-xWR,PHE_S_H,[4]
US-xWR,dflo_H,[0]
US-xWR,AgeL_H,[1172]
US-xWR,e_rel_H,[1]
US-xWR,hc_H,[33]
US-xWR,SAI_H,[0.1]
US-xWR,LAI_L,[0.0]
US-xWR,B_L,[0 0 0 0 0 0 0 0]
US-xWR,Rrootl_L,[0]
US-xWR,PHE_S_L,[1]
US-xWR,dflo_L,[0]
US-xWR,AgeL_L,[0]
US-xWR,e_rel_L,[1]
US-xWR,hc_L,[0.0]
US-xWR,SAI_L,[0.0]
US-xWR,BLit,0.0
US-xWR,Nreserve_H,[1000]
US-xWR,Preserve_H,[100]
US-xWR,Kreserve_H,[1000]
US-xWR,FNC_H,1
US-xWR,NupI_H,[0 0 0]
US-xWR,Nreserve_L,[1]
US-xWR,Preserve_L,[1]
US-xWR,Kreserve_L,[1]
US-xWR,FNC_L,1
US-xWR,NupI_L,[0 0 0]
US-xWR,RexmyI,[0 0 0]
US-xWR,TBio_L,0
US-xWR,TBio_H,300
US-xWR,Vx_H,10
US-xWR,Vl_H,10
US-xWR,Vx_L,10
US-xWR,Vl_L,10
US-xWR,SWE,0
US-xWR,SND,0
US-xWR,TdpI_H,2
US-xWR,TdpI_L,2
US-xWR,In_L,0
US-xWR,In_urb,0
US-xWR,In_Litter,0
US-xWR,SP_wc,0
US-xWR,In_SWE,0
US-xWR,ros,0
US-xWR,t_sls,0
US-xWR,e_sno,0.97
US-xWR,tau_sno,0
US-xWR,EK,0
US-xWR,WAT,0
US-xWR,ICE,0
US-xWR,IP_wc,0
US-xWR,ICE_D,0
US-xWR,FROCK,0
US-xWR,Ws_under,1
US-xYE,a_dis,NaN
US-xYE,pow_dis,NaN
US-xYE,fpr,1
US-xYE,SvF,1
US-xYE,SN,0
US-xYE,Slo_top,0
US-xYE,Ared,1
US-xYE,aR,1
US-xYE,cellsize,1
US-xYE,Kbot,NaN
US-xYE,Krock,NaN
US-xYE,zatm,18.43
US-xYE,Cwat,0
US-xYE,Cbare,0
US-xYE,Psan_Zs,"[0.38, 0.38, 0.38, 0.38, 0.38, 0.38, 0.58, 0.58, 0.58, 0.52, 0.52, 0.52, 0.52, 0.52, 0.52]"
US-xYE,Pcla_Zs,"[0.24, 0.24, 0.24, 0.24, 0.24, 0.24, 0.22, 0.22, 0.22, 0.26, 0.26, 0.26, 0.26, 0.26, 0.26]"
US-xYE,Porg_Zs,"[0.04, 0.04, 0.04, 0.04, 0.04, 0.04, 0.035, 0.035, 0.035, 0.0025, 0.0025, 0.0025, 0.0025, 0.001, 0.001]"
US-xYE,Color_Class,0
US-xYE,SPAR,2
US-xYE,Kfc,0.2
US-xYE,Phy,10000
US-xYE,Oice,0
US-xYE,Zs,[0 10 20 50 100 150 200 300 400 500 600 700 800 1000 1250 1500]
US-xYE,Zdes,10
US-xYE,Zinf,10
US-xYE,Zbio,250
US-xYE,In_max_urb,5
US-xYE,In_max_rock,0.1
US-xYE,TminS,-0.8
US-xYE,TmaxS,2.8
US-xYE,ros_max1,550
US-xYE,ros_max2,260
US-xYE,Th_Pr_sno,10.0
US-xYE,Ice_wc_sp,0.01
US-xYE,ros_Ice_thr,500
US-xYE,Aice,0.35
US-xYE,WatFreez_Th,-8
US-xYE,dz_ice,0.54
US-xYE,ExEM,1.0
US-xYE,CASE_ROOT,1
US-xYE,ZR95_H,[1200]
US-xYE,ZR95_L,[0]
US-xYE,ZR50_H,NaN
US-xYE,ZR50_L,NaN
US-xYE,ZRmax_H,NaN
US-xYE,ZRmax_L,NaN
US-xYE,Kct,0.75
US-xYE,gcI,3.7
US-xYE,KcI,0.06
US-xYE,Sp_SN_In,5.9
US-xYE,Sp_LAI_L_In,[0.2]
US-xYE,Sp_LAI_H_In,[0.1]
US-xYE,d_leaf_H,[0.25]
US-xYE,d_leaf_L,[0.8]
US-xYE,KnitH,0.35
US-xYE,KnitL,0.0
US-xYE,mSl_H,0.0
US-xYE,mSl_L,0.0
US-xYE,FI_H,[0.081]
US-xYE,Do_H,[700]
US-xYE,a1_H,[5]
US-xYE,go_H,[ 0.01]
US-xYE,CT_H,[3]
US-xYE,DSE_H,[0.649]
US-xYE,Ha_H,[89]
US-xYE,gmes_H,[Inf]
US-xYE,rjv_H,[1.8]
US-xYE,FI_L,[0.081]
US-xYE,Do_L,[2000]
US-xYE,a1_L,[7]
US-xYE,go_L,[0.01]
US-xYE,CT_L,[3]
US-xYE,DSE_L,[0.660]
US-xYE,Ha_L,[48]
US-xYE,gmes_L,[Inf]
US-xYE,rjv_L,[2.6]
US-xYE,Psi_sto_00_H,-0.8
US-xYE,Psi_sto_50_H,-2.5
US-xYE,PsiL00_H,-1.0
US-xYE,PsiL50_H,-3.2
US-xYE,Kleaf_max_H,10
US-xYE,Cl_H,1200
US-xYE,Axyl_H,15.0
US-xYE,Kx_max_H,80000
US-xYE,PsiX50_H,-5.0
US-xYE,Cx_H,150
US-xYE,Psi_sto_00_L,-0.8
US-xYE,Psi_sto_50_L,-3.0
US-xYE,PsiL00_L,-1.1
US-xYE,PsiL50_L,-4.0
US-xYE,Kleaf_max_L,5
US-xYE,Cl_L,1200
US-xYE,Axyl_L,0.0
US-xYE,Kx_max_L,80000
US-xYE,PsiX50_L,-4.5
US-xYE,Cx_L,150
US-xYE,PsiG50_H,-0.8
US-xYE,PsiG99_H,-2.5
US-xYE,gcoef_H,3.5
US-xYE,PsiG50_L,-1.45
US-xYE,PsiG99_L,-4.0
US-xYE,gcoef_L,3.5
US-xYE,OM_H,1
US-xYE,OM_L,1
US-xYE,Sllit,2
US-xYE,Sl_H,[0.0167536]
US-xYE,Nl_H,[62]
US-xYE,r_H,[0.055]
US-xYE,gR_H,[0.25]
US-xYE,aSE_H,[0]
US-xYE,dd_max_H,[1/200]
US-xYE,dc_C_H,78/365
US-xYE,Tcold_H,[-50]
US-xYE,drn_H,[1/800]
US-xYE,dsn_H,[1/600]
US-xYE,age_cr_H,[1220]
US-xYE,Bfac_lo_H,[0.99]
US-xYE,Bfac_ls_H,[NaN]
US-xYE,Tlo_H,[1.5]
US-xYE,PAR_th_H,[NaN]
US-xYE,dmg_H,[30]
US-xYE,LAI_min_H,[0.001]
US-xYE,Trr_H,[0.5]
US-xYE,mjDay_H,[220]
US-xYE,LDay_min_H,[14.1]
US-xYE,LtR_H,[0.8]
US-xYE,Mf_H,[1/50]
US-xYE,Wm_H,[0]
US-xYE,eps_ac_H,[0.8]
US-xYE,LDay_cr_H,[11.8]
US-xYE,Klf_H,[1/30]
US-xYE,fab_H,[0.74]
US-xYE,fbe_H,[0.26]
US-xYE,ff_r_H,[0.1]
US-xYE,Sl_L,[0.028]
US-xYE,Nl_L,[23]
US-xYE,r_L,[0.055]
US-xYE,gR_L,[0.25]
US-xYE,aSE_L,[2]
US-xYE,dd_max_L,[1/360]
US-xYE,dc_C_L,[7/365]
US-xYE,Tcold_L,[0.0]
US-xYE,drn_L,[1/570]
US-xYE,dsn_L,[ 1/365]
US-xYE,age_cr_L,[180]
US-xYE,Bfac_lo_L,[0.99]
US-xYE,Bfac_ls_L,[NaN]
US-xYE,Tlo_L,[6.0]
US-xYE,Tls_L,[NaN]
US-xYE,PAR_th_L,[NaN]
US-xYE,dmg_L,[25]
US-xYE,LAI_min_L,[0.1]
US-xYE,Trr_L,[4.0]
US-xYE,mjDay_L,[220]
US-xYE,LDay_min_L,[NaN]
US-xYE,LtR_L,[0.8]
US-xYE,Mf_L,[NaN]
US-xYE,Wm_L,[NaN]
US-xYE,eps_ac_L,[0.5]
US-xYE,LDay_cr_L,[11.5]
US-xYE,Klf_L,[NaN]
US-xYE,fab_L,NaN
US-xYE,fbe_L,NaN
US-xYE,ff_r_L,[NaN]
US-xYE,Vmax_H,[32]
US-xYE,Vmax_L,[0]
US-xYE,LAI_H,[4.03]
US-xYE,B_H,[215 327 262 244 1 0 5 0]
US-xYE,Rrootl_H,[4200]
US-xYE,PHE_S_H,[4]
US-xYE,dflo_H,[0]
US-xYE,AgeL_H,[1172]
US-xYE,e_rel_H,[1]
US-xYE,hc_H,[10]
US-xYE,SAI_H,[0.1]
US-xYE,LAI_L,[0.0]
US-xYE,B_L,[0 0 0 0 0 0 0 0]
US-xYE,Rrootl_L,[0]
US-xYE,PHE_S_L,[1]
US-xYE,dflo_L,[0]
US-xYE,AgeL_L,[0]
US-xYE,e_rel_L,[1]
US-xYE,hc_L,[0.0]
US-xYE,SAI_L,[0.0]
US-xYE,BLit,0.0
US-xYE,Nreserve_H,[1000]
US-xYE,Preserve_H,[100]
US-xYE,Kreserve_H,[1000]
US-xYE,FNC_H,1
US-xYE,NupI_H,[0 0 0]
US-xYE,Nreserve_L,[1]
US-xYE,Preserve_L,[1]
US-xYE,Kreserve_L,[1]
US-xYE,FNC_L,1
US-xYE,NupI_L,[0 0 0]
US-xYE,RexmyI,[0 0 0]
US-xYE,TBio_L,0
US-xYE,TBio_H,300
US-xYE,Vx_H,10
US-xYE,Vl_H,10
US-xYE,Vx_L,10
US-xYE,Vl_L,10
US-xYE,SWE,0
US-xYE,SND,0
US-xYE,TdpI_H,2
US-xYE,TdpI_L,2
US-xYE,In_L,0
US-xYE,In_urb,0
US-xYE,In_Litter,0
US-xYE,SP_wc,0
US-xYE,In_SWE,0
US-xYE,ros,0
US-xYE,t_sls,0
US-xYE,e_sno,0.97
US-xYE,tau_sno,0
US-xYE,EK,0
US-xYE,WAT,0
US-xYE,ICE,0
US-xYE,IP_wc,0
US-xYE,ICE_D,0
US-xYE,FROCK,0
US-xYE,Ws_under,1
