job        : 35235
node       : soeepyc16
started    : 2026-08-05T03:49:26Z
repo       : /vol_efthymios/NFS07/dd1136/T_and_C/T_and_C_dynamic_LMA
output     : /vol_efthymios/NFS07/dd1136/T_and_C/input_data/era5_land

  ! US-Blk sits on a grid-cell boundary; downloading it separately rather than sharing a cell
stations           : 118
unique grid cells  : 80
mode               : timeseries (reanalysis-era5-land-timeseries)
period             : 1985-01-01 .. 2021-12-31 (hourly)
variables          : 2m_temperature, surface_pressure, 2m_dewpoint_temperature, total_precipitation, 10m_u_component_of_wind, 10m_v_component_of_wind, surface_solar_radiation_downwards
CDS requests       : 80
output             : /vol_efthymios/NFS07/dd1136/T_and_C/input_data/era5_land

  > US-KS1: requesting US-KS1_ERA5_Land.nc
  > US-DPP: requesting US-DPP_ERA5_Land.nc
  > US-xSB: requesting US-xSB_ERA5_Land.nc
  > US-SP1: requesting US-SP1_ERA5_Land.nc
  ! attempt 1/4 failed (expected exactly one .nc inside the returned archive, got ['reanalysis-era5-land-timeseries-sfc-wind01ty9ejg.nc', 'reanalysis-era5-land-timeseries-sfc-2m-temperatureki0jeanb.nc', 'reanalysis-era5-land-timeseries-sfc-radiation-heat2aof_wvu.nc', 'reanalysis-era5-land-timeseries-sfc-pressure-precipitationmauuqqt0.nc']); retrying in 20s
  ! attempt 1/4 failed (expected exactly one .nc inside the returned archive, got ['reanalysis-era5-land-timeseries-sfc-windzoe1ip__.nc', 'reanalysis-era5-land-timeseries-sfc-2m-temperature096elo52.nc', 'reanalysis-era5-land-timeseries-sfc-radiation-heaty2aczyfj.nc', 'reanalysis-era5-land-timeseries-sfc-pressure-precipitationfg2lxmr5.nc']); retrying in 20s
  ! attempt 1/4 failed (expected exactly one .nc inside the returned archive, got ['reanalysis-era5-land-timeseries-sfc-wind6q91ip9z.nc', 'reanalysis-era5-land-timeseries-sfc-2m-temperaturenlkrmm76.nc', 'reanalysis-era5-land-timeseries-sfc-radiation-heatqy5ze9wx.nc', 'reanalysis-era5-land-timeseries-sfc-pressure-precipitationcsyq67jr.nc']); retrying in 20s
  ! attempt 1/4 failed (expected exactly one .nc inside the returned archive, got ['reanalysis-era5-land-timeseries-sfc-wind9nbw4iyr.nc', 'reanalysis-era5-land-timeseries-sfc-2m-temperatureareivdo3.nc', 'reanalysis-era5-land-timeseries-sfc-radiation-heatnituvgs1.nc', 'reanalysis-era5-land-timeseries-sfc-pressure-precipitation30rskqfu.nc']); retrying in 20s
  ! attempt 2/4 failed (expected exactly one .nc inside the returned archive, got ['reanalysis-era5-land-timeseries-sfc-wind01ty9ejg.nc', 'reanalysis-era5-land-timeseries-sfc-2m-temperatureki0jeanb.nc', 'reanalysis-era5-land-timeseries-sfc-radiation-heat2aof_wvu.nc', 'reanalysis-era5-land-timeseries-sfc-pressure-precipitationmauuqqt0.nc']); retrying in 40s
  ! attempt 2/4 failed (expected exactly one .nc inside the returned archive, got ['reanalysis-era5-land-timeseries-sfc-wind6q91ip9z.nc', 'reanalysis-era5-land-timeseries-sfc-2m-temperaturenlkrmm76.nc', 'reanalysis-era5-land-timeseries-sfc-radiation-heatqy5ze9wx.nc', 'reanalysis-era5-land-timeseries-sfc-pressure-precipitationcsyq67jr.nc']); retrying in 40s
  ! attempt 2/4 failed (expected exactly one .nc inside the returned archive, got ['reanalysis-era5-land-timeseries-sfc-windzoe1ip__.nc', 'reanalysis-era5-land-timeseries-sfc-2m-temperature096elo52.nc', 'reanalysis-era5-land-timeseries-sfc-radiation-heaty2aczyfj.nc', 'reanalysis-era5-land-timeseries-sfc-pressure-precipitationfg2lxmr5.nc']); retrying in 40s
  ! attempt 2/4 failed (expected exactly one .nc inside the returned archive, got ['reanalysis-era5-land-timeseries-sfc-wind9nbw4iyr.nc', 'reanalysis-era5-land-timeseries-sfc-2m-temperatureareivdo3.nc', 'reanalysis-era5-land-timeseries-sfc-radiation-heatnituvgs1.nc', 'reanalysis-era5-land-timeseries-sfc-pressure-precipitation30rskqfu.nc']); retrying in 40s
  ! attempt 3/4 failed (expected exactly one .nc inside the returned archive, got ['reanalysis-era5-land-timeseries-sfc-wind6q91ip9z.nc', 'reanalysis-era5-land-timeseries-sfc-2m-temperaturenlkrmm76.nc', 'reanalysis-era5-land-timeseries-sfc-radiation-heatqy5ze9wx.nc', 'reanalysis-era5-land-timeseries-sfc-pressure-precipitationcsyq67jr.nc']); retrying in 80s
  ! attempt 3/4 failed (expected exactly one .nc inside the returned archive, got ['reanalysis-era5-land-timeseries-sfc-windzoe1ip__.nc', 'reanalysis-era5-land-timeseries-sfc-2m-temperature096elo52.nc', 'reanalysis-era5-land-timeseries-sfc-radiation-heaty2aczyfj.nc', 'reanalysis-era5-land-timeseries-sfc-pressure-precipitationfg2lxmr5.nc']); retrying in 80s
  ! attempt 3/4 failed (expected exactly one .nc inside the returned archive, got ['reanalysis-era5-land-timeseries-sfc-wind01ty9ejg.nc', 'reanalysis-era5-land-timeseries-sfc-2m-temperatureki0jeanb.nc', 'reanalysis-era5-land-timeseries-sfc-radiation-heat2aof_wvu.nc', 'reanalysis-era5-land-timeseries-sfc-pressure-precipitationmauuqqt0.nc']); retrying in 80s
  ! attempt 3/4 failed (expected exactly one .nc inside the returned archive, got ['reanalysis-era5-land-timeseries-sfc-wind9nbw4iyr.nc', 'reanalysis-era5-land-timeseries-sfc-2m-temperatureareivdo3.nc', 'reanalysis-era5-land-timeseries-sfc-radiation-heatnituvgs1.nc', 'reanalysis-era5-land-timeseries-sfc-pressure-precipitation30rskqfu.nc']); retrying in 80s
  X US-KS1: FAILED -- all 4 attempts failed; last error: expected exactly one .nc inside the returned archive, got ['reanalysis-era5-land-timeseries-sfc-wind6q91ip9z.nc', 'reanalysis-era5-land-timeseries-sfc-2m-temperaturenlkrmm76.nc', 'reanalysis-era5-land-timeseries-sfc-radiation-heatqy5ze9wx.nc', 'reanalysis-era5-land-timeseries-sfc-pressure-precipitationcsyq67jr.nc']
  > US-SP2: requesting US-SP2_ERA5_Land.nc
  X US-DPP: FAILED -- all 4 attempts failed; last error: expected exactly one .nc inside the returned archive, got ['reanalysis-era5-land-timeseries-sfc-windzoe1ip__.nc', 'reanalysis-era5-land-timeseries-sfc-2m-temperature096elo52.nc', 'reanalysis-era5-land-timeseries-sfc-radiation-heaty2aczyfj.nc', 'reanalysis-era5-land-timeseries-sfc-pressure-precipitationfg2lxmr5.nc']
  > US-xJE: requesting US-xJE_ERA5_Land.nc
  X US-xSB: FAILED -- all 4 attempts failed; last error: expected exactly one .nc inside the returned archive, got ['reanalysis-era5-land-timeseries-sfc-wind01ty9ejg.nc', 'reanalysis-era5-land-timeseries-sfc-2m-temperatureki0jeanb.nc', 'reanalysis-era5-land-timeseries-sfc-radiation-heat2aof_wvu.nc', 'reanalysis-era5-land-timeseries-sfc-pressure-precipitationmauuqqt0.nc']
  > US-CRK: requesting US-CRK_ERA5_Land.nc
  ! attempt 1/4 failed (expected exactly one .nc inside the returned archive, got ['reanalysis-era5-land-timeseries-sfc-wind6iu19fmx.nc', 'reanalysis-era5-land-timeseries-sfc-2m-temperatureajjpdwib.nc', 'reanalysis-era5-land-timeseries-sfc-radiation-heatagz9y6oe.nc', 'reanalysis-era5-land-timeseries-sfc-pressure-precipitatione_ue_bgu.nc']); retrying in 20s
  X US-SP1: FAILED -- all 4 attempts failed; last error: expected exactly one .nc inside the returned archive, got ['reanalysis-era5-land-timeseries-sfc-wind9nbw4iyr.nc', 'reanalysis-era5-land-timeseries-sfc-2m-temperatureareivdo3.nc', 'reanalysis-era5-land-timeseries-sfc-radiation-heatnituvgs1.nc', 'reanalysis-era5-land-timeseries-sfc-pressure-precipitation30rskqfu.nc']
  > US-xLE: requesting US-xLE_ERA5_Land.nc
  ! attempt 1/4 failed (expected exactly one .nc inside the returned archive, got ['reanalysis-era5-land-timeseries-sfc-wind8dl8r2q9.nc', 'reanalysis-era5-land-timeseries-sfc-2m-temperature6v0n6qa0.nc', 'reanalysis-era5-land-timeseries-sfc-radiation-heat5w2opu92.nc', 'reanalysis-era5-land-timeseries-sfc-pressure-precipitationyxw2bv8g.nc']); retrying in 20s
  ! attempt 1/4 failed (expected exactly one .nc inside the returned archive, got ['reanalysis-era5-land-timeseries-sfc-windhnru9862.nc', 'reanalysis-era5-land-timeseries-sfc-2m-temperature6yipw166.nc', 'reanalysis-era5-land-timeseries-sfc-radiation-heat0zq0u9s7.nc', 'reanalysis-era5-land-timeseries-sfc-pressure-precipitationkd12yibc.nc']); retrying in 20s
  ! attempt 1/4 failed (expected exactly one .nc inside the returned archive, got ['reanalysis-era5-land-timeseries-sfc-windhe2iq0dt.nc', 'reanalysis-era5-land-timeseries-sfc-2m-temperaturegf632rgu.nc', 'reanalysis-era5-land-timeseries-sfc-radiation-heat8yq_yza8.nc', 'reanalysis-era5-land-timeseries-sfc-pressure-precipitationv1y9s8vo.nc']); retrying in 20s
  ! attempt 2/4 failed (expected exactly one .nc inside the returned archive, got ['reanalysis-era5-land-timeseries-sfc-windhnru9862.nc', 'reanalysis-era5-land-timeseries-sfc-2m-temperature6yipw166.nc', 'reanalysis-era5-land-timeseries-sfc-radiation-heat0zq0u9s7.nc', 'reanalysis-era5-land-timeseries-sfc-pressure-precipitationkd12yibc.nc']); retrying in 40s
  ! attempt 2/4 failed (expected exactly one .nc inside the returned archive, got ['reanalysis-era5-land-timeseries-sfc-wind6iu19fmx.nc', 'reanalysis-era5-land-timeseries-sfc-2m-temperatureajjpdwib.nc', 'reanalysis-era5-land-timeseries-sfc-radiation-heatagz9y6oe.nc', 'reanalysis-era5-land-timeseries-sfc-pressure-precipitatione_ue_bgu.nc']); retrying in 40s
  ! attempt 2/4 failed (expected exactly one .nc inside the returned archive, got ['reanalysis-era5-land-timeseries-sfc-wind8dl8r2q9.nc', 'reanalysis-era5-land-timeseries-sfc-2m-temperature6v0n6qa0.nc', 'reanalysis-era5-land-timeseries-sfc-radiation-heat5w2opu92.nc', 'reanalysis-era5-land-timeseries-sfc-pressure-precipitationyxw2bv8g.nc']); retrying in 40s
  ! attempt 2/4 failed (expected exactly one .nc inside the returned archive, got ['reanalysis-era5-land-timeseries-sfc-windhe2iq0dt.nc', 'reanalysis-era5-land-timeseries-sfc-2m-temperaturegf632rgu.nc', 'reanalysis-era5-land-timeseries-sfc-radiation-heat8yq_yza8.nc', 'reanalysis-era5-land-timeseries-sfc-pressure-precipitationv1y9s8vo.nc']); retrying in 40s
  ! attempt 3/4 failed (expected exactly one .nc inside the returned archive, got ['reanalysis-era5-land-timeseries-sfc-windhnru9862.nc', 'reanalysis-era5-land-timeseries-sfc-2m-temperature6yipw166.nc', 'reanalysis-era5-land-timeseries-sfc-radiation-heat0zq0u9s7.nc', 'reanalysis-era5-land-timeseries-sfc-pressure-precipitationkd12yibc.nc']); retrying in 80s
  ! attempt 3/4 failed (expected exactly one .nc inside the returned archive, got ['reanalysis-era5-land-timeseries-sfc-wind6iu19fmx.nc', 'reanalysis-era5-land-timeseries-sfc-2m-temperatureajjpdwib.nc', 'reanalysis-era5-land-timeseries-sfc-radiation-heatagz9y6oe.nc', 'reanalysis-era5-land-timeseries-sfc-pressure-precipitatione_ue_bgu.nc']); retrying in 80s
  ! attempt 3/4 failed (expected exactly one .nc inside the returned archive, got ['reanalysis-era5-land-timeseries-sfc-wind8dl8r2q9.nc', 'reanalysis-era5-land-timeseries-sfc-2m-temperature6v0n6qa0.nc', 'reanalysis-era5-land-timeseries-sfc-radiation-heat5w2opu92.nc', 'reanalysis-era5-land-timeseries-sfc-pressure-precipitationyxw2bv8g.nc']); retrying in 80s
  ! attempt 3/4 failed (expected exactly one .nc inside the returned archive, got ['reanalysis-era5-land-timeseries-sfc-windhe2iq0dt.nc', 'reanalysis-era5-land-timeseries-sfc-2m-temperaturegf632rgu.nc', 'reanalysis-era5-land-timeseries-sfc-radiation-heat8yq_yza8.nc', 'reanalysis-era5-land-timeseries-sfc-pressure-precipitationv1y9s8vo.nc']); retrying in 80s
  X US-xJE: FAILED -- all 4 attempts failed; last error: expected exactly one .nc inside the returned archive, got ['reanalysis-era5-land-timeseries-sfc-windhnru9862.nc', 'reanalysis-era5-land-timeseries-sfc-2m-temperature6yipw166.nc', 'reanalysis-era5-land-timeseries-sfc-radiation-heat0zq0u9s7.nc', 'reanalysis-era5-land-timeseries-sfc-pressure-precipitationkd12yibc.nc']
  > US-MtB: requesting US-MtB_ERA5_Land.nc
  X US-CRK: FAILED -- all 4 attempts failed; last error: expected exactly one .nc inside the returned archive, got ['reanalysis-era5-land-timeseries-sfc-wind8dl8r2q9.nc', 'reanalysis-era5-land-timeseries-sfc-2m-temperature6v0n6qa0.nc', 'reanalysis-era5-land-timeseries-sfc-radiation-heat5w2opu92.nc', 'reanalysis-era5-land-timeseries-sfc-pressure-precipitationyxw2bv8g.nc']
  > US-xTA: requesting US-xTA_ERA5_Land.nc
  X US-SP2: FAILED -- all 4 attempts failed; last error: expected exactly one .nc inside the returned archive, got ['reanalysis-era5-land-timeseries-sfc-wind6iu19fmx.nc', 'reanalysis-era5-land-timeseries-sfc-2m-temperatureajjpdwib.nc', 'reanalysis-era5-land-timeseries-sfc-radiation-heatagz9y6oe.nc', 'reanalysis-era5-land-timeseries-sfc-pressure-precipitatione_ue_bgu.nc']
  > US-Cst: requesting US-Cst_ERA5_Land.nc
  ! attempt 1/4 failed (expected exactly one .nc inside the returned archive, got ['reanalysis-era5-land-timeseries-sfc-windu6433_04.nc', 'reanalysis-era5-land-timeseries-sfc-2m-temperaturedlaz2j1i.nc', 'reanalysis-era5-land-timeseries-sfc-radiation-heat20kn0c9p.nc', 'reanalysis-era5-land-timeseries-sfc-pressure-precipitationx5i_5sco.nc']); retrying in 20s
  X US-xLE: FAILED -- all 4 attempts failed; last error: expected exactly one .nc inside the returned archive, got ['reanalysis-era5-land-timeseries-sfc-windhe2iq0dt.nc', 'reanalysis-era5-land-timeseries-sfc-2m-temperaturegf632rgu.nc', 'reanalysis-era5-land-timeseries-sfc-radiation-heat8yq_yza8.nc', 'reanalysis-era5-land-timeseries-sfc-pressure-precipitationv1y9s8vo.nc']
  > US-HB5: requesting US-HB5_ERA5_Land.nc
  ! attempt 1/4 failed (expected exactly one .nc inside the returned archive, got ['reanalysis-era5-land-timeseries-sfc-windrzr99ui6.nc', 'reanalysis-era5-land-timeseries-sfc-2m-temperature4vwwgir0.nc', 'reanalysis-era5-land-timeseries-sfc-radiation-heatls4we149.nc', 'reanalysis-era5-land-timeseries-sfc-pressure-precipitationgx5_dils.nc']); retrying in 20s
  ! attempt 1/4 failed (expected exactly one .nc inside the returned archive, got ['reanalysis-era5-land-timeseries-sfc-windyq4awnx2.nc', 'reanalysis-era5-land-timeseries-sfc-2m-temperaturemp5svi3e.nc', 'reanalysis-era5-land-timeseries-sfc-radiation-heat3aumt8_c.nc', 'reanalysis-era5-land-timeseries-sfc-pressure-precipitationl7quxw7y.nc']); retrying in 20s
  ! attempt 1/4 failed (expected exactly one .nc inside the returned archive, got ['reanalysis-era5-land-timeseries-sfc-windugjpeus4.nc', 'reanalysis-era5-land-timeseries-sfc-2m-temperatureftd8nyib.nc', 'reanalysis-era5-land-timeseries-sfc-radiation-heatb7c9p2i4.nc', 'reanalysis-era5-land-timeseries-sfc-pressure-precipitationq04uy1o0.nc']); retrying in 20s
  ! attempt 2/4 failed (expected exactly one .nc inside the returned archive, got ['reanalysis-era5-land-timeseries-sfc-windrzr99ui6.nc', 'reanalysis-era5-land-timeseries-sfc-2m-temperature4vwwgir0.nc', 'reanalysis-era5-land-timeseries-sfc-radiation-heatls4we149.nc', 'reanalysis-era5-land-timeseries-sfc-pressure-precipitationgx5_dils.nc']); retrying in 40s
  ! attempt 2/4 failed (expected exactly one .nc inside the returned archive, got ['reanalysis-era5-land-timeseries-sfc-windu6433_04.nc', 'reanalysis-era5-land-timeseries-sfc-2m-temperaturedlaz2j1i.nc', 'reanalysis-era5-land-timeseries-sfc-radiation-heat20kn0c9p.nc', 'reanalysis-era5-land-timeseries-sfc-pressure-precipitationx5i_5sco.nc']); retrying in 40s
  ! attempt 2/4 failed (expected exactly one .nc inside the returned archive, got ['reanalysis-era5-land-timeseries-sfc-windyq4awnx2.nc', 'reanalysis-era5-land-timeseries-sfc-2m-temperaturemp5svi3e.nc', 'reanalysis-era5-land-timeseries-sfc-radiation-heat3aumt8_c.nc', 'reanalysis-era5-land-timeseries-sfc-pressure-precipitationl7quxw7y.nc']); retrying in 40s
  ! attempt 2/4 failed (expected exactly one .nc inside the returned archive, got ['reanalysis-era5-land-timeseries-sfc-windugjpeus4.nc', 'reanalysis-era5-land-timeseries-sfc-2m-temperatureftd8nyib.nc', 'reanalysis-era5-land-timeseries-sfc-radiation-heatb7c9p2i4.nc', 'reanalysis-era5-land-timeseries-sfc-pressure-precipitationq04uy1o0.nc']); retrying in 40s
  ! attempt 3/4 failed (expected exactly one .nc inside the returned archive, got ['reanalysis-era5-land-timeseries-sfc-windu6433_04.nc', 'reanalysis-era5-land-timeseries-sfc-2m-temperaturedlaz2j1i.nc', 'reanalysis-era5-land-timeseries-sfc-radiation-heat20kn0c9p.nc', 'reanalysis-era5-land-timeseries-sfc-pressure-precipitationx5i_5sco.nc']); retrying in 80s
  ! attempt 3/4 failed (expected exactly one .nc inside the returned archive, got ['reanalysis-era5-land-timeseries-sfc-windrzr99ui6.nc', 'reanalysis-era5-land-timeseries-sfc-2m-temperature4vwwgir0.nc', 'reanalysis-era5-land-timeseries-sfc-radiation-heatls4we149.nc', 'reanalysis-era5-land-timeseries-sfc-pressure-precipitationgx5_dils.nc']); retrying in 80s
  ! attempt 3/4 failed (expected exactly one .nc inside the returned archive, got ['reanalysis-era5-land-timeseries-sfc-windyq4awnx2.nc', 'reanalysis-era5-land-timeseries-sfc-2m-temperaturemp5svi3e.nc', 'reanalysis-era5-land-timeseries-sfc-radiation-heat3aumt8_c.nc', 'reanalysis-era5-land-timeseries-sfc-pressure-precipitationl7quxw7y.nc']); retrying in 80s
  ! attempt 3/4 failed (expected exactly one .nc inside the returned archive, got ['reanalysis-era5-land-timeseries-sfc-windugjpeus4.nc', 'reanalysis-era5-land-timeseries-sfc-2m-temperatureftd8nyib.nc', 'reanalysis-era5-land-timeseries-sfc-radiation-heatb7c9p2i4.nc', 'reanalysis-era5-land-timeseries-sfc-pressure-precipitationq04uy1o0.nc']); retrying in 80s
  X US-MtB: FAILED -- all 4 attempts failed; last error: expected exactly one .nc inside the returned archive, got ['reanalysis-era5-land-timeseries-sfc-windu6433_04.nc', 'reanalysis-era5-land-timeseries-sfc-2m-temperaturedlaz2j1i.nc', 'reanalysis-era5-land-timeseries-sfc-radiation-heat20kn0c9p.nc', 'reanalysis-era5-land-timeseries-sfc-pressure-precipitationx5i_5sco.nc']
  > US-Sx2: requesting US-Sx2_ERA5_Land.nc
  X US-xTA: FAILED -- all 4 attempts failed; last error: expected exactly one .nc inside the returned archive, got ['reanalysis-era5-land-timeseries-sfc-windrzr99ui6.nc', 'reanalysis-era5-land-timeseries-sfc-2m-temperature4vwwgir0.nc', 'reanalysis-era5-land-timeseries-sfc-radiation-heatls4we149.nc', 'reanalysis-era5-land-timeseries-sfc-pressure-precipitationgx5_dils.nc']
  > US-HB2: requesting US-HB2_ERA5_Land.nc
  ! attempt 1/4 failed (expected exactly one .nc inside the returned archive, got ['reanalysis-era5-land-timeseries-sfc-windlfnc3zgh.nc', 'reanalysis-era5-land-timeseries-sfc-2m-temperature_0tj2wt6.nc', 'reanalysis-era5-land-timeseries-sfc-radiation-heattx_zrmmt.nc', 'reanalysis-era5-land-timeseries-sfc-pressure-precipitationmo9bns_a.nc']); retrying in 20s
  ! attempt 1/4 failed (expected exactly one .nc inside the returned archive, got ['reanalysis-era5-land-timeseries-sfc-wind14sql1dq.nc', 'reanalysis-era5-land-timeseries-sfc-2m-temperature2syz7t03.nc', 'reanalysis-era5-land-timeseries-sfc-radiation-heatpduohanf.nc', 'reanalysis-era5-land-timeseries-sfc-pressure-precipitationmjl2xpzx.nc']); retrying in 20s
  X US-Cst: FAILED -- all 4 attempts failed; last error: expected exactly one .nc inside the returned archive, got ['reanalysis-era5-land-timeseries-sfc-windyq4awnx2.nc', 'reanalysis-era5-land-timeseries-sfc-2m-temperaturemp5svi3e.nc', 'reanalysis-era5-land-timeseries-sfc-radiation-heat3aumt8_c.nc', 'reanalysis-era5-land-timeseries-sfc-pressure-precipitationl7quxw7y.nc']
  > US-HB6: requesting US-HB6_ERA5_Land.nc
  ! attempt 1/4 failed (expected exactly one .nc inside the returned archive, got ['reanalysis-era5-land-timeseries-sfc-winddfhv7td8.nc', 'reanalysis-era5-land-timeseries-sfc-2m-temperature1f1a8icu.nc', 'reanalysis-era5-land-timeseries-sfc-radiation-heat7ukg95sa.nc', 'reanalysis-era5-land-timeseries-sfc-pressure-precipitationcc0je6np.nc']); retrying in 20s
  X US-HB5: FAILED -- all 4 attempts failed; last error: expected exactly one .nc inside the returned archive, got ['reanalysis-era5-land-timeseries-sfc-windugjpeus4.nc', 'reanalysis-era5-land-timeseries-sfc-2m-temperatureftd8nyib.nc', 'reanalysis-era5-land-timeseries-sfc-radiation-heatb7c9p2i4.nc', 'reanalysis-era5-land-timeseries-sfc-pressure-precipitationq04uy1o0.nc']
  > US-Fmf: requesting US-Fmf_ERA5_Land.nc
  ! attempt 2/4 failed (expected exactly one .nc inside the returned archive, got ['reanalysis-era5-land-timeseries-sfc-windlfnc3zgh.nc', 'reanalysis-era5-land-timeseries-sfc-2m-temperature_0tj2wt6.nc', 'reanalysis-era5-land-timeseries-sfc-radiation-heattx_zrmmt.nc', 'reanalysis-era5-land-timeseries-sfc-pressure-precipitationmo9bns_a.nc']); retrying in 40s
  ! attempt 2/4 failed (expected exactly one .nc inside the returned archive, got ['reanalysis-era5-land-timeseries-sfc-wind14sql1dq.nc', 'reanalysis-era5-land-timeseries-sfc-2m-temperature2syz7t03.nc', 'reanalysis-era5-land-timeseries-sfc-radiation-heatpduohanf.nc', 'reanalysis-era5-land-timeseries-sfc-pressure-precipitationmjl2xpzx.nc']); retrying in 40s
  ! attempt 2/4 failed (expected exactly one .nc inside the returned archive, got ['reanalysis-era5-land-timeseries-sfc-winddfhv7td8.nc', 'reanalysis-era5-land-timeseries-sfc-2m-temperature1f1a8icu.nc', 'reanalysis-era5-land-timeseries-sfc-radiation-heat7ukg95sa.nc', 'reanalysis-era5-land-timeseries-sfc-pressure-precipitationcc0je6np.nc']); retrying in 40s
  ! attempt 1/4 failed (expected exactly one .nc inside the returned archive, got ['reanalysis-era5-land-timeseries-sfc-windoc1ck9t5.nc', 'reanalysis-era5-land-timeseries-sfc-2m-temperature4topr2fm.nc', 'reanalysis-era5-land-timeseries-sfc-radiation-heatci4ymr7p.nc', 'reanalysis-era5-land-timeseries-sfc-pressure-precipitation91k97xkr.nc']); retrying in 20s
  ! attempt 3/4 failed (expected exactly one .nc inside the returned archive, got ['reanalysis-era5-land-timeseries-sfc-windlfnc3zgh.nc', 'reanalysis-era5-land-timeseries-sfc-2m-temperature_0tj2wt6.nc', 'reanalysis-era5-land-timeseries-sfc-radiation-heattx_zrmmt.nc', 'reanalysis-era5-land-timeseries-sfc-pressure-precipitationmo9bns_a.nc']); retrying in 80s
  ! attempt 3/4 failed (expected exactly one .nc inside the returned archive, got ['reanalysis-era5-land-timeseries-sfc-wind14sql1dq.nc', 'reanalysis-era5-land-timeseries-sfc-2m-temperature2syz7t03.nc', 'reanalysis-era5-land-timeseries-sfc-radiation-heatpduohanf.nc', 'reanalysis-era5-land-timeseries-sfc-pressure-precipitationmjl2xpzx.nc']); retrying in 80s
  ! attempt 2/4 failed (expected exactly one .nc inside the returned archive, got ['reanalysis-era5-land-timeseries-sfc-windoc1ck9t5.nc', 'reanalysis-era5-land-timeseries-sfc-2m-temperature4topr2fm.nc', 'reanalysis-era5-land-timeseries-sfc-radiation-heatci4ymr7p.nc', 'reanalysis-era5-land-timeseries-sfc-pressure-precipitation91k97xkr.nc']); retrying in 40s
  ! attempt 3/4 failed (expected exactly one .nc inside the returned archive, got ['reanalysis-era5-land-timeseries-sfc-winddfhv7td8.nc', 'reanalysis-era5-land-timeseries-sfc-2m-temperature1f1a8icu.nc', 'reanalysis-era5-land-timeseries-sfc-radiation-heat7ukg95sa.nc', 'reanalysis-era5-land-timeseries-sfc-pressure-precipitationcc0je6np.nc']); retrying in 80s
  ! attempt 3/4 failed (expected exactly one .nc inside the returned archive, got ['reanalysis-era5-land-timeseries-sfc-windoc1ck9t5.nc', 'reanalysis-era5-land-timeseries-sfc-2m-temperature4topr2fm.nc', 'reanalysis-era5-land-timeseries-sfc-radiation-heatci4ymr7p.nc', 'reanalysis-era5-land-timeseries-sfc-pressure-precipitation91k97xkr.nc']); retrying in 80s
  X US-Sx2: FAILED -- all 4 attempts failed; last error: expected exactly one .nc inside the returned archive, got ['reanalysis-era5-land-timeseries-sfc-windlfnc3zgh.nc', 'reanalysis-era5-land-timeseries-sfc-2m-temperature_0tj2wt6.nc', 'reanalysis-era5-land-timeseries-sfc-radiation-heattx_zrmmt.nc', 'reanalysis-era5-land-timeseries-sfc-pressure-precipitationmo9bns_a.nc']
  > US-Fuf: requesting US-Fuf_ERA5_Land.nc
  X US-HB6: FAILED -- all 4 attempts failed; last error: expected exactly one .nc inside the returned archive, got ['reanalysis-era5-land-timeseries-sfc-winddfhv7td8.nc', 'reanalysis-era5-land-timeseries-sfc-2m-temperature1f1a8icu.nc', 'reanalysis-era5-land-timeseries-sfc-radiation-heat7ukg95sa.nc', 'reanalysis-era5-land-timeseries-sfc-pressure-precipitationcc0je6np.nc']
  > US-Cwt: requesting US-Cwt_ERA5_Land.nc
  X US-HB2: FAILED -- all 4 attempts failed; last error: expected exactly one .nc inside the returned archive, got ['reanalysis-era5-land-timeseries-sfc-wind14sql1dq.nc', 'reanalysis-era5-land-timeseries-sfc-2m-temperature2syz7t03.nc', 'reanalysis-era5-land-timeseries-sfc-radiation-heatpduohanf.nc', 'reanalysis-era5-land-timeseries-sfc-pressure-precipitationmjl2xpzx.nc']
  > US-xGR: requesting US-xGR_ERA5_Land.nc
  ! attempt 1/4 failed (expected exactly one .nc inside the returned archive, got ['reanalysis-era5-land-timeseries-sfc-windluyym1kc.nc', 'reanalysis-era5-land-timeseries-sfc-2m-temperature0nedl264.nc', 'reanalysis-era5-land-timeseries-sfc-radiation-heatn09t96fd.nc', 'reanalysis-era5-land-timeseries-sfc-pressure-precipitationmuj4vee3.nc']); retrying in 20s
  ! attempt 1/4 failed (expected exactly one .nc inside the returned archive, got ['reanalysis-era5-land-timeseries-sfc-wind50fu3rej.nc', 'reanalysis-era5-land-timeseries-sfc-2m-temperaturex_nj200b.nc', 'reanalysis-era5-land-timeseries-sfc-radiation-heatkzdlefd9.nc', 'reanalysis-era5-land-timeseries-sfc-pressure-precipitationny8_ctq0.nc']); retrying in 20s
  ! attempt 1/4 failed (expected exactly one .nc inside the returned archive, got ['reanalysis-era5-land-timeseries-sfc-windksedsze2.nc', 'reanalysis-era5-land-timeseries-sfc-2m-temperaturehmghk5rf.nc', 'reanalysis-era5-land-timeseries-sfc-radiation-heat5odg2uq5.nc', 'reanalysis-era5-land-timeseries-sfc-pressure-precipitationpi6kmpss.nc']); retrying in 20s
  X US-Fmf: FAILED -- all 4 attempts failed; last error: expected exactly one .nc inside the returned archive, got ['reanalysis-era5-land-timeseries-sfc-windoc1ck9t5.nc', 'reanalysis-era5-land-timeseries-sfc-2m-temperature4topr2fm.nc', 'reanalysis-era5-land-timeseries-sfc-radiation-heatci4ymr7p.nc', 'reanalysis-era5-land-timeseries-sfc-pressure-precipitation91k97xkr.nc']
  > US-NC1: requesting US-NC1_ERA5_Land.nc
  ! attempt 2/4 failed (expected exactly one .nc inside the returned archive, got ['reanalysis-era5-land-timeseries-sfc-windluyym1kc.nc', 'reanalysis-era5-land-timeseries-sfc-2m-temperature0nedl264.nc', 'reanalysis-era5-land-timeseries-sfc-radiation-heatn09t96fd.nc', 'reanalysis-era5-land-timeseries-sfc-pressure-precipitationmuj4vee3.nc']); retrying in 40s
  ! attempt 1/4 failed (expected exactly one .nc inside the returned archive, got ['reanalysis-era5-land-timeseries-sfc-wind6m0pqohe.nc', 'reanalysis-era5-land-timeseries-sfc-2m-temperature4n6p6tz9.nc', 'reanalysis-era5-land-timeseries-sfc-radiation-heat6r5ikbq_.nc', 'reanalysis-era5-land-timeseries-sfc-pressure-precipitationiz6bz9a9.nc']); retrying in 20s
  ! attempt 2/4 failed (expected exactly one .nc inside the returned archive, got ['reanalysis-era5-land-timeseries-sfc-wind50fu3rej.nc', 'reanalysis-era5-land-timeseries-sfc-2m-temperaturex_nj200b.nc', 'reanalysis-era5-land-timeseries-sfc-radiation-heatkzdlefd9.nc', 'reanalysis-era5-land-timeseries-sfc-pressure-precipitationny8_ctq0.nc']); retrying in 40s
  ! attempt 2/4 failed (expected exactly one .nc inside the returned archive, got ['reanalysis-era5-land-timeseries-sfc-windksedsze2.nc', 'reanalysis-era5-land-timeseries-sfc-2m-temperaturehmghk5rf.nc', 'reanalysis-era5-land-timeseries-sfc-radiation-heat5odg2uq5.nc', 'reanalysis-era5-land-timeseries-sfc-pressure-precipitationpi6kmpss.nc']); retrying in 40s
  ! attempt 3/4 failed (expected exactly one .nc inside the returned archive, got ['reanalysis-era5-land-timeseries-sfc-windluyym1kc.nc', 'reanalysis-era5-land-timeseries-sfc-2m-temperature0nedl264.nc', 'reanalysis-era5-land-timeseries-sfc-radiation-heatn09t96fd.nc', 'reanalysis-era5-land-timeseries-sfc-pressure-precipitationmuj4vee3.nc']); retrying in 80s
  ! attempt 3/4 failed (expected exactly one .nc inside the returned archive, got ['reanalysis-era5-land-timeseries-sfc-wind50fu3rej.nc', 'reanalysis-era5-land-timeseries-sfc-2m-temperaturex_nj200b.nc', 'reanalysis-era5-land-timeseries-sfc-radiation-heatkzdlefd9.nc', 'reanalysis-era5-land-timeseries-sfc-pressure-precipitationny8_ctq0.nc']); retrying in 80s
  ! attempt 3/4 failed (expected exactly one .nc inside the returned archive, got ['reanalysis-era5-land-timeseries-sfc-windksedsze2.nc', 'reanalysis-era5-land-timeseries-sfc-2m-temperaturehmghk5rf.nc', 'reanalysis-era5-land-timeseries-sfc-radiation-heat5odg2uq5.nc', 'reanalysis-era5-land-timeseries-sfc-pressure-precipitationpi6kmpss.nc']); retrying in 80s
  ! attempt 2/4 failed (expected exactly one .nc inside the returned archive, got ['reanalysis-era5-land-timeseries-sfc-wind6m0pqohe.nc', 'reanalysis-era5-land-timeseries-sfc-2m-temperature4n6p6tz9.nc', 'reanalysis-era5-land-timeseries-sfc-radiation-heat6r5ikbq_.nc', 'reanalysis-era5-land-timeseries-sfc-pressure-precipitationiz6bz9a9.nc']); retrying in 40s
  X US-Fuf: FAILED -- all 4 attempts failed; last error: expected exactly one .nc inside the returned archive, got ['reanalysis-era5-land-timeseries-sfc-windluyym1kc.nc', 'reanalysis-era5-land-timeseries-sfc-2m-temperature0nedl264.nc', 'reanalysis-era5-land-timeseries-sfc-radiation-heatn09t96fd.nc', 'reanalysis-era5-land-timeseries-sfc-pressure-precipitationmuj4vee3.nc']
  > US-Vcm: requesting US-Vcm_ERA5_Land.nc
  ! attempt 3/4 failed (expected exactly one .nc inside the returned archive, got ['reanalysis-era5-land-timeseries-sfc-wind6m0pqohe.nc', 'reanalysis-era5-land-timeseries-sfc-2m-temperature4n6p6tz9.nc', 'reanalysis-era5-land-timeseries-sfc-radiation-heat6r5ikbq_.nc', 'reanalysis-era5-land-timeseries-sfc-pressure-precipitationiz6bz9a9.nc']); retrying in 80s
  X US-Cwt: FAILED -- all 4 attempts failed; last error: expected exactly one .nc inside the returned archive, got ['reanalysis-era5-land-timeseries-sfc-wind50fu3rej.nc', 'reanalysis-era5-land-timeseries-sfc-2m-temperaturex_nj200b.nc', 'reanalysis-era5-land-timeseries-sfc-radiation-heatkzdlefd9.nc', 'reanalysis-era5-land-timeseries-sfc-pressure-precipitationny8_ctq0.nc']
  > US-Vcp: requesting US-Vcp_ERA5_Land.nc
  ! attempt 1/4 failed (expected exactly one .nc inside the returned archive, got ['reanalysis-era5-land-timeseries-sfc-winde1kr9maq.nc', 'reanalysis-era5-land-timeseries-sfc-2m-temperaturexy_6c52t.nc', 'reanalysis-era5-land-timeseries-sfc-radiation-heatxu8_psyw.nc', 'reanalysis-era5-land-timeseries-sfc-pressure-precipitation1_7xllsg.nc']); retrying in 20s
  X US-xGR: FAILED -- all 4 attempts failed; last error: expected exactly one .nc inside the returned archive, got ['reanalysis-era5-land-timeseries-sfc-windksedsze2.nc', 'reanalysis-era5-land-timeseries-sfc-2m-temperaturehmghk5rf.nc', 'reanalysis-era5-land-timeseries-sfc-radiation-heat5odg2uq5.nc', 'reanalysis-era5-land-timeseries-sfc-pressure-precipitationpi6kmpss.nc']
  > US-ChR: requesting US-ChR_ERA5_Land.nc
  ! attempt 1/4 failed (expected exactly one .nc inside the returned archive, got ['reanalysis-era5-land-timeseries-sfc-windtf3zxr1_.nc', 'reanalysis-era5-land-timeseries-sfc-2m-temperaturelrraoqeu.nc', 'reanalysis-era5-land-timeseries-sfc-radiation-heat1_5zlmdp.nc', 'reanalysis-era5-land-timeseries-sfc-pressure-precipitationdjl5ven5.nc']); retrying in 20s
  ! attempt 2/4 failed (expected exactly one .nc inside the returned archive, got ['reanalysis-era5-land-timeseries-sfc-winde1kr9maq.nc', 'reanalysis-era5-land-timeseries-sfc-2m-temperaturexy_6c52t.nc', 'reanalysis-era5-land-timeseries-sfc-radiation-heatxu8_psyw.nc', 'reanalysis-era5-land-timeseries-sfc-pressure-precipitation1_7xllsg.nc']); retrying in 40s
  X US-NC1: FAILED -- all 4 attempts failed; last error: expected exactly one .nc inside the returned archive, got ['reanalysis-era5-land-timeseries-sfc-wind6m0pqohe.nc', 'reanalysis-era5-land-timeseries-sfc-2m-temperature4n6p6tz9.nc', 'reanalysis-era5-land-timeseries-sfc-radiation-heat6r5ikbq_.nc', 'reanalysis-era5-land-timeseries-sfc-pressure-precipitationiz6bz9a9.nc']
  > US-Dk2: requesting US-Dk2_ERA5_Land.nc
  ! attempt 1/4 failed (expected exactly one .nc inside the returned archive, got ['reanalysis-era5-land-timeseries-sfc-windbh2d52ry.nc', 'reanalysis-era5-land-timeseries-sfc-2m-temperaturec4qupgxg.nc', 'reanalysis-era5-land-timeseries-sfc-radiation-heat2srup2nb.nc', 'reanalysis-era5-land-timeseries-sfc-pressure-precipitationztzeeyn4.nc']); retrying in 20s
  ! attempt 2/4 failed (expected exactly one .nc inside the returned archive, got ['reanalysis-era5-land-timeseries-sfc-windtf3zxr1_.nc', 'reanalysis-era5-land-timeseries-sfc-2m-temperaturelrraoqeu.nc', 'reanalysis-era5-land-timeseries-sfc-radiation-heat1_5zlmdp.nc', 'reanalysis-era5-land-timeseries-sfc-pressure-precipitationdjl5ven5.nc']); retrying in 40s
  ! attempt 2/4 failed (expected exactly one .nc inside the returned archive, got ['reanalysis-era5-land-timeseries-sfc-windbh2d52ry.nc', 'reanalysis-era5-land-timeseries-sfc-2m-temperaturec4qupgxg.nc', 'reanalysis-era5-land-timeseries-sfc-radiation-heat2srup2nb.nc', 'reanalysis-era5-land-timeseries-sfc-pressure-precipitationztzeeyn4.nc']); retrying in 40s
  ! attempt 3/4 failed (expected exactly one .nc inside the returned archive, got ['reanalysis-era5-land-timeseries-sfc-winde1kr9maq.nc', 'reanalysis-era5-land-timeseries-sfc-2m-temperaturexy_6c52t.nc', 'reanalysis-era5-land-timeseries-sfc-radiation-heatxu8_psyw.nc', 'reanalysis-era5-land-timeseries-sfc-pressure-precipitation1_7xllsg.nc']); retrying in 80s
  ! attempt 1/4 failed (expected exactly one .nc inside the returned archive, got ['reanalysis-era5-land-timeseries-sfc-wind9gpqopw7.nc', 'reanalysis-era5-land-timeseries-sfc-2m-temperatureoot6cclx.nc', 'reanalysis-era5-land-timeseries-sfc-radiation-heati6fe44si.nc', 'reanalysis-era5-land-timeseries-sfc-pressure-precipitationff2z49jq.nc']); retrying in 20s
  ! attempt 3/4 failed (expected exactly one .nc inside the returned archive, got ['reanalysis-era5-land-timeseries-sfc-windtf3zxr1_.nc', 'reanalysis-era5-land-timeseries-sfc-2m-temperaturelrraoqeu.nc', 'reanalysis-era5-land-timeseries-sfc-radiation-heat1_5zlmdp.nc', 'reanalysis-era5-land-timeseries-sfc-pressure-precipitationdjl5ven5.nc']); retrying in 80s
  X US-Vcm: FAILED -- all 4 attempts failed; last error: expected exactly one .nc inside the returned archive, got ['reanalysis-era5-land-timeseries-sfc-winde1kr9maq.nc', 'reanalysis-era5-land-timeseries-sfc-2m-temperaturexy_6c52t.nc', 'reanalysis-era5-land-timeseries-sfc-radiation-heatxu8_psyw.nc', 'reanalysis-era5-land-timeseries-sfc-pressure-precipitation1_7xllsg.nc']
  > US-WBW: requesting US-WBW_ERA5_Land.nc
  ! attempt 2/4 failed (expected exactly one .nc inside the returned archive, got ['reanalysis-era5-land-timeseries-sfc-wind9gpqopw7.nc', 'reanalysis-era5-land-timeseries-sfc-2m-temperatureoot6cclx.nc', 'reanalysis-era5-land-timeseries-sfc-radiation-heati6fe44si.nc', 'reanalysis-era5-land-timeseries-sfc-pressure-precipitationff2z49jq.nc']); retrying in 40s
  ! attempt 1/4 failed (expected exactly one .nc inside the returned archive, got ['reanalysis-era5-land-timeseries-sfc-windzj2bz94l.nc', 'reanalysis-era5-land-timeseries-sfc-2m-temperatureki5u2sk3.nc', 'reanalysis-era5-land-timeseries-sfc-radiation-heatv8aycrxm.nc', 'reanalysis-era5-land-timeseries-sfc-pressure-precipitationnbs2az6e.nc']); retrying in 20s
  X US-Vcp: FAILED -- all 4 attempts failed; last error: expected exactly one .nc inside the returned archive, got ['reanalysis-era5-land-timeseries-sfc-windtf3zxr1_.nc', 'reanalysis-era5-land-timeseries-sfc-2m-temperaturelrraoqeu.nc', 'reanalysis-era5-land-timeseries-sfc-radiation-heat1_5zlmdp.nc', 'reanalysis-era5-land-timeseries-sfc-pressure-precipitationdjl5ven5.nc']
  > US-NC5: requesting US-NC5_ERA5_Land.nc
  ! attempt 3/4 failed (expected exactly one .nc inside the returned archive, got ['reanalysis-era5-land-timeseries-sfc-windbh2d52ry.nc', 'reanalysis-era5-land-timeseries-sfc-2m-temperaturec4qupgxg.nc', 'reanalysis-era5-land-timeseries-sfc-radiation-heat2srup2nb.nc', 'reanalysis-era5-land-timeseries-sfc-pressure-precipitationztzeeyn4.nc']); retrying in 80s
  ! attempt 3/4 failed (expected exactly one .nc inside the returned archive, got ['reanalysis-era5-land-timeseries-sfc-wind9gpqopw7.nc', 'reanalysis-era5-land-timeseries-sfc-2m-temperatureoot6cclx.nc', 'reanalysis-era5-land-timeseries-sfc-radiation-heati6fe44si.nc', 'reanalysis-era5-land-timeseries-sfc-pressure-precipitationff2z49jq.nc']); retrying in 80s
  ! attempt 1/4 failed (expected exactly one .nc inside the returned archive, got ['reanalysis-era5-land-timeseries-sfc-wind20b5qmb6.nc', 'reanalysis-era5-land-timeseries-sfc-2m-temperatureroa7jm_1.nc', 'reanalysis-era5-land-timeseries-sfc-radiation-heatxkr4wkef.nc', 'reanalysis-era5-land-timeseries-sfc-pressure-precipitationwvjiuz4t.nc']); retrying in 20s
  ! attempt 2/4 failed (expected exactly one .nc inside the returned archive, got ['reanalysis-era5-land-timeseries-sfc-windzj2bz94l.nc', 'reanalysis-era5-land-timeseries-sfc-2m-temperatureki5u2sk3.nc', 'reanalysis-era5-land-timeseries-sfc-radiation-heatv8aycrxm.nc', 'reanalysis-era5-land-timeseries-sfc-pressure-precipitationnbs2az6e.nc']); retrying in 40s
  ! attempt 2/4 failed (expected exactly one .nc inside the returned archive, got ['reanalysis-era5-land-timeseries-sfc-wind20b5qmb6.nc', 'reanalysis-era5-land-timeseries-sfc-2m-temperatureroa7jm_1.nc', 'reanalysis-era5-land-timeseries-sfc-radiation-heatxkr4wkef.nc', 'reanalysis-era5-land-timeseries-sfc-pressure-precipitationwvjiuz4t.nc']); retrying in 40s
  ! attempt 3/4 failed (expected exactly one .nc inside the returned archive, got ['reanalysis-era5-land-timeseries-sfc-windzj2bz94l.nc', 'reanalysis-era5-land-timeseries-sfc-2m-temperatureki5u2sk3.nc', 'reanalysis-era5-land-timeseries-sfc-radiation-heatv8aycrxm.nc', 'reanalysis-era5-land-timeseries-sfc-pressure-precipitationnbs2az6e.nc']); retrying in 80s
  X US-ChR: FAILED -- all 4 attempts failed; last error: expected exactly one .nc inside the returned archive, got ['reanalysis-era5-land-timeseries-sfc-windbh2d52ry.nc', 'reanalysis-era5-land-timeseries-sfc-2m-temperaturec4qupgxg.nc', 'reanalysis-era5-land-timeseries-sfc-radiation-heat2srup2nb.nc', 'reanalysis-era5-land-timeseries-sfc-pressure-precipitationztzeeyn4.nc']
  > US-xTE: requesting US-xTE_ERA5_Land.nc
  X US-Dk2: FAILED -- all 4 attempts failed; last error: expected exactly one .nc inside the returned archive, got ['reanalysis-era5-land-timeseries-sfc-wind9gpqopw7.nc', 'reanalysis-era5-land-timeseries-sfc-2m-temperatureoot6cclx.nc', 'reanalysis-era5-land-timeseries-sfc-radiation-heati6fe44si.nc', 'reanalysis-era5-land-timeseries-sfc-pressure-precipitationff2z49jq.nc']
  > US-CZ2: requesting US-CZ2_ERA5_Land.nc
  ! attempt 1/4 failed (expected exactly one .nc inside the returned archive, got ['reanalysis-era5-land-timeseries-sfc-windbhsvfdgh.nc', 'reanalysis-era5-land-timeseries-sfc-2m-temperaturejsdbe965.nc', 'reanalysis-era5-land-timeseries-sfc-radiation-heatrbeia36a.nc', 'reanalysis-era5-land-timeseries-sfc-pressure-precipitationxj1k0ht5.nc']); retrying in 20s
  ! attempt 3/4 failed (expected exactly one .nc inside the returned archive, got ['reanalysis-era5-land-timeseries-sfc-wind20b5qmb6.nc', 'reanalysis-era5-land-timeseries-sfc-2m-temperatureroa7jm_1.nc', 'reanalysis-era5-land-timeseries-sfc-radiation-heatxkr4wkef.nc', 'reanalysis-era5-land-timeseries-sfc-pressure-precipitationwvjiuz4t.nc']); retrying in 80s
  ! attempt 1/4 failed (expected exactly one .nc inside the returned archive, got ['reanalysis-era5-land-timeseries-sfc-wind2iez0i_p.nc', 'reanalysis-era5-land-timeseries-sfc-2m-temperatureajq09aak.nc', 'reanalysis-era5-land-timeseries-sfc-radiation-heat6wv7dwdi.nc', 'reanalysis-era5-land-timeseries-sfc-pressure-precipitation_t29uc41.nc']); retrying in 20s
  ! attempt 2/4 failed (expected exactly one .nc inside the returned archive, got ['reanalysis-era5-land-timeseries-sfc-windbhsvfdgh.nc', 'reanalysis-era5-land-timeseries-sfc-2m-temperaturejsdbe965.nc', 'reanalysis-era5-land-timeseries-sfc-radiation-heatrbeia36a.nc', 'reanalysis-era5-land-timeseries-sfc-pressure-precipitationxj1k0ht5.nc']); retrying in 40s
  X US-WBW: FAILED -- all 4 attempts failed; last error: expected exactly one .nc inside the returned archive, got ['reanalysis-era5-land-timeseries-sfc-windzj2bz94l.nc', 'reanalysis-era5-land-timeseries-sfc-2m-temperatureki5u2sk3.nc', 'reanalysis-era5-land-timeseries-sfc-radiation-heatv8aycrxm.nc', 'reanalysis-era5-land-timeseries-sfc-pressure-precipitationnbs2az6e.nc']
  > US-CZ4: requesting US-CZ4_ERA5_Land.nc
  ! attempt 2/4 failed (expected exactly one .nc inside the returned archive, got ['reanalysis-era5-land-timeseries-sfc-wind2iez0i_p.nc', 'reanalysis-era5-land-timeseries-sfc-2m-temperatureajq09aak.nc', 'reanalysis-era5-land-timeseries-sfc-radiation-heat6wv7dwdi.nc', 'reanalysis-era5-land-timeseries-sfc-pressure-precipitation_t29uc41.nc']); retrying in 40s
  ! attempt 1/4 failed (expected exactly one .nc inside the returned archive, got ['reanalysis-era5-land-timeseries-sfc-wind869xq8_w.nc', 'reanalysis-era5-land-timeseries-sfc-2m-temperature0s9vjaqn.nc', 'reanalysis-era5-land-timeseries-sfc-radiation-heatoka79oy6.nc', 'reanalysis-era5-land-timeseries-sfc-pressure-precipitation51yl0gca.nc']); retrying in 20s
  X US-NC5: FAILED -- all 4 attempts failed; last error: expected exactly one .nc inside the returned archive, got ['reanalysis-era5-land-timeseries-sfc-wind20b5qmb6.nc', 'reanalysis-era5-land-timeseries-sfc-2m-temperatureroa7jm_1.nc', 'reanalysis-era5-land-timeseries-sfc-radiation-heatxkr4wkef.nc', 'reanalysis-era5-land-timeseries-sfc-pressure-precipitationwvjiuz4t.nc']
  > US-CZ3: requesting US-CZ3_ERA5_Land.nc
  ! attempt 3/4 failed (expected exactly one .nc inside the returned archive, got ['reanalysis-era5-land-timeseries-sfc-windbhsvfdgh.nc', 'reanalysis-era5-land-timeseries-sfc-2m-temperaturejsdbe965.nc', 'reanalysis-era5-land-timeseries-sfc-radiation-heatrbeia36a.nc', 'reanalysis-era5-land-timeseries-sfc-pressure-precipitationxj1k0ht5.nc']); retrying in 80s
  ! attempt 1/4 failed (expected exactly one .nc inside the returned archive, got ['reanalysis-era5-land-timeseries-sfc-windxr9ihfj7.nc', 'reanalysis-era5-land-timeseries-sfc-2m-temperature6sv7l9og.nc', 'reanalysis-era5-land-timeseries-sfc-radiation-heat6smyjxqp.nc', 'reanalysis-era5-land-timeseries-sfc-pressure-precipitationmc9ngejw.nc']); retrying in 20s
  ! attempt 3/4 failed (expected exactly one .nc inside the returned archive, got ['reanalysis-era5-land-timeseries-sfc-wind2iez0i_p.nc', 'reanalysis-era5-land-timeseries-sfc-2m-temperatureajq09aak.nc', 'reanalysis-era5-land-timeseries-sfc-radiation-heat6wv7dwdi.nc', 'reanalysis-era5-land-timeseries-sfc-pressure-precipitation_t29uc41.nc']); retrying in 80s
  ! attempt 2/4 failed (expected exactly one .nc inside the returned archive, got ['reanalysis-era5-land-timeseries-sfc-wind869xq8_w.nc', 'reanalysis-era5-land-timeseries-sfc-2m-temperature0s9vjaqn.nc', 'reanalysis-era5-land-timeseries-sfc-radiation-heatoka79oy6.nc', 'reanalysis-era5-land-timeseries-sfc-pressure-precipitation51yl0gca.nc']); retrying in 40s
  ! attempt 2/4 failed (expected exactly one .nc inside the returned archive, got ['reanalysis-era5-land-timeseries-sfc-windxr9ihfj7.nc', 'reanalysis-era5-land-timeseries-sfc-2m-temperature6sv7l9og.nc', 'reanalysis-era5-land-timeseries-sfc-radiation-heat6smyjxqp.nc', 'reanalysis-era5-land-timeseries-sfc-pressure-precipitationmc9ngejw.nc']); retrying in 40s
  X US-xTE: FAILED -- all 4 attempts failed; last error: expected exactly one .nc inside the returned archive, got ['reanalysis-era5-land-timeseries-sfc-windbhsvfdgh.nc', 'reanalysis-era5-land-timeseries-sfc-2m-temperaturejsdbe965.nc', 'reanalysis-era5-land-timeseries-sfc-radiation-heatrbeia36a.nc', 'reanalysis-era5-land-timeseries-sfc-pressure-precipitationxj1k0ht5.nc']
  > US-xML: requesting US-xML_ERA5_Land.nc
  ! attempt 3/4 failed (expected exactly one .nc inside the returned archive, got ['reanalysis-era5-land-timeseries-sfc-wind869xq8_w.nc', 'reanalysis-era5-land-timeseries-sfc-2m-temperature0s9vjaqn.nc', 'reanalysis-era5-land-timeseries-sfc-radiation-heatoka79oy6.nc', 'reanalysis-era5-land-timeseries-sfc-pressure-precipitation51yl0gca.nc']); retrying in 80s
  ! attempt 1/4 failed (expected exactly one .nc inside the returned archive, got ['reanalysis-era5-land-timeseries-sfc-windvpqmclwc.nc', 'reanalysis-era5-land-timeseries-sfc-2m-temperature7hw6vc53.nc', 'reanalysis-era5-land-timeseries-sfc-radiation-heatw7teqpto.nc', 'reanalysis-era5-land-timeseries-sfc-pressure-precipitationje7gkyxr.nc']); retrying in 20s
  X US-CZ2: FAILED -- all 4 attempts failed; last error: expected exactly one .nc inside the returned archive, got ['reanalysis-era5-land-timeseries-sfc-wind2iez0i_p.nc', 'reanalysis-era5-land-timeseries-sfc-2m-temperatureajq09aak.nc', 'reanalysis-era5-land-timeseries-sfc-radiation-heat6wv7dwdi.nc', 'reanalysis-era5-land-timeseries-sfc-pressure-precipitation_t29uc41.nc']
  > US-SB1: requesting US-SB1_ERA5_Land.nc
  ! attempt 3/4 failed (expected exactly one .nc inside the returned archive, got ['reanalysis-era5-land-timeseries-sfc-windxr9ihfj7.nc', 'reanalysis-era5-land-timeseries-sfc-2m-temperature6sv7l9og.nc', 'reanalysis-era5-land-timeseries-sfc-radiation-heat6smyjxqp.nc', 'reanalysis-era5-land-timeseries-sfc-pressure-precipitationmc9ngejw.nc']); retrying in 80s
  ! attempt 1/4 failed (expected exactly one .nc inside the returned archive, got ['reanalysis-era5-land-timeseries-sfc-windpcyms7rf.nc', 'reanalysis-era5-land-timeseries-sfc-2m-temperatureopjeei5a.nc', 'reanalysis-era5-land-timeseries-sfc-radiation-heatw5wdurgk.nc', 'reanalysis-era5-land-timeseries-sfc-pressure-precipitationbtcmqohh.nc']); retrying in 20s
  ! attempt 2/4 failed (expected exactly one .nc inside the returned archive, got ['reanalysis-era5-land-timeseries-sfc-windvpqmclwc.nc', 'reanalysis-era5-land-timeseries-sfc-2m-temperature7hw6vc53.nc', 'reanalysis-era5-land-timeseries-sfc-radiation-heatw7teqpto.nc', 'reanalysis-era5-land-timeseries-sfc-pressure-precipitationje7gkyxr.nc']); retrying in 40s
  ! attempt 2/4 failed (expected exactly one .nc inside the returned archive, got ['reanalysis-era5-land-timeseries-sfc-windpcyms7rf.nc', 'reanalysis-era5-land-timeseries-sfc-2m-temperatureopjeei5a.nc', 'reanalysis-era5-land-timeseries-sfc-radiation-heatw5wdurgk.nc', 'reanalysis-era5-land-timeseries-sfc-pressure-precipitationbtcmqohh.nc']); retrying in 40s
  X US-CZ3: FAILED -- all 4 attempts failed; last error: expected exactly one .nc inside the returned archive, got ['reanalysis-era5-land-timeseries-sfc-windxr9ihfj7.nc', 'reanalysis-era5-land-timeseries-sfc-2m-temperature6sv7l9og.nc', 'reanalysis-era5-land-timeseries-sfc-radiation-heat6smyjxqp.nc', 'reanalysis-era5-land-timeseries-sfc-pressure-precipitationmc9ngejw.nc']
  > US-MOz: requesting US-MOz_ERA5_Land.nc
  X US-CZ4: FAILED -- all 4 attempts failed; last error: expected exactly one .nc inside the returned archive, got ['reanalysis-era5-land-timeseries-sfc-wind869xq8_w.nc', 'reanalysis-era5-land-timeseries-sfc-2m-temperature0s9vjaqn.nc', 'reanalysis-era5-land-timeseries-sfc-radiation-heatoka79oy6.nc', 'reanalysis-era5-land-timeseries-sfc-pressure-precipitation51yl0gca.nc']
  > US-Blo: requesting US-Blo_ERA5_Land.nc
  ! attempt 3/4 failed (expected exactly one .nc inside the returned archive, got ['reanalysis-era5-land-timeseries-sfc-windvpqmclwc.nc', 'reanalysis-era5-land-timeseries-sfc-2m-temperature7hw6vc53.nc', 'reanalysis-era5-land-timeseries-sfc-radiation-heatw7teqpto.nc', 'reanalysis-era5-land-timeseries-sfc-pressure-precipitationje7gkyxr.nc']); retrying in 80s
  ! attempt 1/4 failed (expected exactly one .nc inside the returned archive, got ['reanalysis-era5-land-timeseries-sfc-wind69xjgky9.nc', 'reanalysis-era5-land-timeseries-sfc-2m-temperatureffq5ffyk.nc', 'reanalysis-era5-land-timeseries-sfc-radiation-heat560lvynl.nc', 'reanalysis-era5-land-timeseries-sfc-pressure-precipitationnpqm78kj.nc']); retrying in 20s
  ! attempt 1/4 failed (expected exactly one .nc inside the returned archive, got ['reanalysis-era5-land-timeseries-sfc-windqa7gbidn.nc', 'reanalysis-era5-land-timeseries-sfc-2m-temperature4vmqp5vf.nc', 'reanalysis-era5-land-timeseries-sfc-radiation-heat7sqzo7bj.nc', 'reanalysis-era5-land-timeseries-sfc-pressure-precipitationgrkiykxj.nc']); retrying in 20s
  ! attempt 3/4 failed (expected exactly one .nc inside the returned archive, got ['reanalysis-era5-land-timeseries-sfc-windpcyms7rf.nc', 'reanalysis-era5-land-timeseries-sfc-2m-temperatureopjeei5a.nc', 'reanalysis-era5-land-timeseries-sfc-radiation-heatw5wdurgk.nc', 'reanalysis-era5-land-timeseries-sfc-pressure-precipitationbtcmqohh.nc']); retrying in 80s
  ! attempt 2/4 failed (expected exactly one .nc inside the returned archive, got ['reanalysis-era5-land-timeseries-sfc-wind69xjgky9.nc', 'reanalysis-era5-land-timeseries-sfc-2m-temperatureffq5ffyk.nc', 'reanalysis-era5-land-timeseries-sfc-radiation-heat560lvynl.nc', 'reanalysis-era5-land-timeseries-sfc-pressure-precipitationnpqm78kj.nc']); retrying in 40s
  ! attempt 2/4 failed (expected exactly one .nc inside the returned archive, got ['reanalysis-era5-land-timeseries-sfc-windqa7gbidn.nc', 'reanalysis-era5-land-timeseries-sfc-2m-temperature4vmqp5vf.nc', 'reanalysis-era5-land-timeseries-sfc-radiation-heat7sqzo7bj.nc', 'reanalysis-era5-land-timeseries-sfc-pressure-precipitationgrkiykxj.nc']); retrying in 40s
  X US-xML: FAILED -- all 4 attempts failed; last error: expected exactly one .nc inside the returned archive, got ['reanalysis-era5-land-timeseries-sfc-windvpqmclwc.nc', 'reanalysis-era5-land-timeseries-sfc-2m-temperature7hw6vc53.nc', 'reanalysis-era5-land-timeseries-sfc-radiation-heatw7teqpto.nc', 'reanalysis-era5-land-timeseries-sfc-pressure-precipitationje7gkyxr.nc']
  > US-xSE: requesting US-xSE_ERA5_Land.nc
  ! attempt 1/4 failed (expected exactly one .nc inside the returned archive, got ['reanalysis-era5-land-timeseries-sfc-winde7wuyqjk.nc', 'reanalysis-era5-land-timeseries-sfc-2m-temperature0yoak8by.nc', 'reanalysis-era5-land-timeseries-sfc-radiation-heatwysqkhe7.nc', 'reanalysis-era5-land-timeseries-sfc-pressure-precipitationxi5dchxh.nc']); retrying in 20s
  X US-SB1: FAILED -- all 4 attempts failed; last error: expected exactly one .nc inside the returned archive, got ['reanalysis-era5-land-timeseries-sfc-windpcyms7rf.nc', 'reanalysis-era5-land-timeseries-sfc-2m-temperatureopjeei5a.nc', 'reanalysis-era5-land-timeseries-sfc-radiation-heatw5wdurgk.nc', 'reanalysis-era5-land-timeseries-sfc-pressure-precipitationbtcmqohh.nc']
  > US-xSC: requesting US-xSC_ERA5_Land.nc
  ! attempt 3/4 failed (expected exactly one .nc inside the returned archive, got ['reanalysis-era5-land-timeseries-sfc-windqa7gbidn.nc', 'reanalysis-era5-land-timeseries-sfc-2m-temperature4vmqp5vf.nc', 'reanalysis-era5-land-timeseries-sfc-radiation-heat7sqzo7bj.nc', 'reanalysis-era5-land-timeseries-sfc-pressure-precipitationgrkiykxj.nc']); retrying in 80s
  ! attempt 3/4 failed (expected exactly one .nc inside the returned archive, got ['reanalysis-era5-land-timeseries-sfc-wind69xjgky9.nc', 'reanalysis-era5-land-timeseries-sfc-2m-temperatureffq5ffyk.nc', 'reanalysis-era5-land-timeseries-sfc-radiation-heat560lvynl.nc', 'reanalysis-era5-land-timeseries-sfc-pressure-precipitationnpqm78kj.nc']); retrying in 80s
  ! attempt 2/4 failed (expected exactly one .nc inside the returned archive, got ['reanalysis-era5-land-timeseries-sfc-winde7wuyqjk.nc', 'reanalysis-era5-land-timeseries-sfc-2m-temperature0yoak8by.nc', 'reanalysis-era5-land-timeseries-sfc-radiation-heatwysqkhe7.nc', 'reanalysis-era5-land-timeseries-sfc-pressure-precipitationxi5dchxh.nc']); retrying in 40s
  ! attempt 1/4 failed (expected exactly one .nc inside the returned archive, got ['reanalysis-era5-land-timeseries-sfc-wind3slwmqug.nc', 'reanalysis-era5-land-timeseries-sfc-2m-temperaturejp3y_vtw.nc', 'reanalysis-era5-land-timeseries-sfc-radiation-heatj40nj4zd.nc', 'reanalysis-era5-land-timeseries-sfc-pressure-precipitationqvmfhhch.nc']); retrying in 20s
  ! attempt 2/4 failed (expected exactly one .nc inside the returned archive, got ['reanalysis-era5-land-timeseries-sfc-wind3slwmqug.nc', 'reanalysis-era5-land-timeseries-sfc-2m-temperaturejp3y_vtw.nc', 'reanalysis-era5-land-timeseries-sfc-radiation-heatj40nj4zd.nc', 'reanalysis-era5-land-timeseries-sfc-pressure-precipitationqvmfhhch.nc']); retrying in 40s
  X US-Blo: FAILED -- all 4 attempts failed; last error: expected exactly one .nc inside the returned archive, got ['reanalysis-era5-land-timeseries-sfc-windqa7gbidn.nc', 'reanalysis-era5-land-timeseries-sfc-2m-temperature4vmqp5vf.nc', 'reanalysis-era5-land-timeseries-sfc-radiation-heat7sqzo7bj.nc', 'reanalysis-era5-land-timeseries-sfc-pressure-precipitationgrkiykxj.nc']
  > US-xUK: requesting US-xUK_ERA5_Land.nc
  X US-MOz: FAILED -- all 4 attempts failed; last error: expected exactly one .nc inside the returned archive, got ['reanalysis-era5-land-timeseries-sfc-wind69xjgky9.nc', 'reanalysis-era5-land-timeseries-sfc-2m-temperatureffq5ffyk.nc', 'reanalysis-era5-land-timeseries-sfc-radiation-heat560lvynl.nc', 'reanalysis-era5-land-timeseries-sfc-pressure-precipitationnpqm78kj.nc']
  > US-MEF: requesting US-MEF_ERA5_Land.nc
  ! attempt 3/4 failed (expected exactly one .nc inside the returned archive, got ['reanalysis-era5-land-timeseries-sfc-winde7wuyqjk.nc', 'reanalysis-era5-land-timeseries-sfc-2m-temperature0yoak8by.nc', 'reanalysis-era5-land-timeseries-sfc-radiation-heatwysqkhe7.nc', 'reanalysis-era5-land-timeseries-sfc-pressure-precipitationxi5dchxh.nc']); retrying in 80s
  ! attempt 1/4 failed (expected exactly one .nc inside the returned archive, got ['reanalysis-era5-land-timeseries-sfc-windmrra3xvt.nc', 'reanalysis-era5-land-timeseries-sfc-2m-temperatureoibi3g3i.nc', 'reanalysis-era5-land-timeseries-sfc-radiation-heat_otbcjfw.nc', 'reanalysis-era5-land-timeseries-sfc-pressure-precipitationthbh_bh9.nc']); retrying in 20s
  ! attempt 1/4 failed (expected exactly one .nc inside the returned archive, got ['reanalysis-era5-land-timeseries-sfc-wind2gh4klfq.nc', 'reanalysis-era5-land-timeseries-sfc-2m-temperaturezu8fzr9_.nc', 'reanalysis-era5-land-timeseries-sfc-radiation-heatzdky3uvr.nc', 'reanalysis-era5-land-timeseries-sfc-pressure-precipitation7wjldc9h.nc']); retrying in 20s
  ! attempt 2/4 failed (expected exactly one .nc inside the returned archive, got ['reanalysis-era5-land-timeseries-sfc-wind2gh4klfq.nc', 'reanalysis-era5-land-timeseries-sfc-2m-temperaturezu8fzr9_.nc', 'reanalysis-era5-land-timeseries-sfc-radiation-heatzdky3uvr.nc', 'reanalysis-era5-land-timeseries-sfc-pressure-precipitation7wjldc9h.nc']); retrying in 40s
  ! attempt 3/4 failed (expected exactly one .nc inside the returned archive, got ['reanalysis-era5-land-timeseries-sfc-wind3slwmqug.nc', 'reanalysis-era5-land-timeseries-sfc-2m-temperaturejp3y_vtw.nc', 'reanalysis-era5-land-timeseries-sfc-radiation-heatj40nj4zd.nc', 'reanalysis-era5-land-timeseries-sfc-pressure-precipitationqvmfhhch.nc']); retrying in 80s
  ! attempt 2/4 failed (expected exactly one .nc inside the returned archive, got ['reanalysis-era5-land-timeseries-sfc-windmrra3xvt.nc', 'reanalysis-era5-land-timeseries-sfc-2m-temperatureoibi3g3i.nc', 'reanalysis-era5-land-timeseries-sfc-radiation-heat_otbcjfw.nc', 'reanalysis-era5-land-timeseries-sfc-pressure-precipitationthbh_bh9.nc']); retrying in 40s
  X US-xSE: FAILED -- all 4 attempts failed; last error: expected exactly one .nc inside the returned archive, got ['reanalysis-era5-land-timeseries-sfc-winde7wuyqjk.nc', 'reanalysis-era5-land-timeseries-sfc-2m-temperature0yoak8by.nc', 'reanalysis-era5-land-timeseries-sfc-radiation-heatwysqkhe7.nc', 'reanalysis-era5-land-timeseries-sfc-pressure-precipitationxi5dchxh.nc']
  > US-xBL: requesting US-xBL_ERA5_Land.nc
  ! attempt 1/4 failed (expected exactly one .nc inside the returned archive, got ['reanalysis-era5-land-timeseries-sfc-winddhfizchr.nc', 'reanalysis-era5-land-timeseries-sfc-2m-temperatureavmhdqvd.nc', 'reanalysis-era5-land-timeseries-sfc-radiation-heatw07tqnz3.nc', 'reanalysis-era5-land-timeseries-sfc-pressure-precipitation19khud1i.nc']); retrying in 20s
  ! attempt 3/4 failed (expected exactly one .nc inside the returned archive, got ['reanalysis-era5-land-timeseries-sfc-windmrra3xvt.nc', 'reanalysis-era5-land-timeseries-sfc-2m-temperatureoibi3g3i.nc', 'reanalysis-era5-land-timeseries-sfc-radiation-heat_otbcjfw.nc', 'reanalysis-era5-land-timeseries-sfc-pressure-precipitationthbh_bh9.nc']); retrying in 80s
  ! attempt 3/4 failed (expected exactly one .nc inside the returned archive, got ['reanalysis-era5-land-timeseries-sfc-wind2gh4klfq.nc', 'reanalysis-era5-land-timeseries-sfc-2m-temperaturezu8fzr9_.nc', 'reanalysis-era5-land-timeseries-sfc-radiation-heatzdky3uvr.nc', 'reanalysis-era5-land-timeseries-sfc-pressure-precipitation7wjldc9h.nc']); retrying in 80s
  X US-xSC: FAILED -- all 4 attempts failed; last error: expected exactly one .nc inside the returned archive, got ['reanalysis-era5-land-timeseries-sfc-wind3slwmqug.nc', 'reanalysis-era5-land-timeseries-sfc-2m-temperaturejp3y_vtw.nc', 'reanalysis-era5-land-timeseries-sfc-radiation-heatj40nj4zd.nc', 'reanalysis-era5-land-timeseries-sfc-pressure-precipitationqvmfhhch.nc']
  > US-MMS: requesting US-MMS_ERA5_Land.nc
  ! attempt 2/4 failed (expected exactly one .nc inside the returned archive, got ['reanalysis-era5-land-timeseries-sfc-winddhfizchr.nc', 'reanalysis-era5-land-timeseries-sfc-2m-temperatureavmhdqvd.nc', 'reanalysis-era5-land-timeseries-sfc-radiation-heatw07tqnz3.nc', 'reanalysis-era5-land-timeseries-sfc-pressure-precipitation19khud1i.nc']); retrying in 40s
  ! attempt 1/4 failed (expected exactly one .nc inside the returned archive, got ['reanalysis-era5-land-timeseries-sfc-windgetfqetr.nc', 'reanalysis-era5-land-timeseries-sfc-2m-temperaturecztoq9vw.nc', 'reanalysis-era5-land-timeseries-sfc-radiation-heatjjr9vcb7.nc', 'reanalysis-era5-land-timeseries-sfc-pressure-precipitationgbwz46iq.nc']); retrying in 20s
  ! attempt 3/4 failed (expected exactly one .nc inside the returned archive, got ['reanalysis-era5-land-timeseries-sfc-winddhfizchr.nc', 'reanalysis-era5-land-timeseries-sfc-2m-temperatureavmhdqvd.nc', 'reanalysis-era5-land-timeseries-sfc-radiation-heatw07tqnz3.nc', 'reanalysis-era5-land-timeseries-sfc-pressure-precipitation19khud1i.nc']); retrying in 80s
  ! attempt 2/4 failed (expected exactly one .nc inside the returned archive, got ['reanalysis-era5-land-timeseries-sfc-windgetfqetr.nc', 'reanalysis-era5-land-timeseries-sfc-2m-temperaturecztoq9vw.nc', 'reanalysis-era5-land-timeseries-sfc-radiation-heatjjr9vcb7.nc', 'reanalysis-era5-land-timeseries-sfc-pressure-precipitationgbwz46iq.nc']); retrying in 40s
  X US-MEF: FAILED -- all 4 attempts failed; last error: expected exactly one .nc inside the returned archive, got ['reanalysis-era5-land-timeseries-sfc-windmrra3xvt.nc', 'reanalysis-era5-land-timeseries-sfc-2m-temperatureoibi3g3i.nc', 'reanalysis-era5-land-timeseries-sfc-radiation-heat_otbcjfw.nc', 'reanalysis-era5-land-timeseries-sfc-pressure-precipitationthbh_bh9.nc']
  > US-SHC: requesting US-SHC_ERA5_Land.nc
  X US-xUK: FAILED -- all 4 attempts failed; last error: expected exactly one .nc inside the returned archive, got ['reanalysis-era5-land-timeseries-sfc-wind2gh4klfq.nc', 'reanalysis-era5-land-timeseries-sfc-2m-temperaturezu8fzr9_.nc', 'reanalysis-era5-land-timeseries-sfc-radiation-heatzdky3uvr.nc', 'reanalysis-era5-land-timeseries-sfc-pressure-precipitation7wjldc9h.nc']
  > US-JFP: requesting US-JFP_ERA5_Land.nc
  ! attempt 1/4 failed (expected exactly one .nc inside the returned archive, got ['reanalysis-era5-land-timeseries-sfc-wind1emot_go.nc', 'reanalysis-era5-land-timeseries-sfc-2m-temperaturea1qianyg.nc', 'reanalysis-era5-land-timeseries-sfc-radiation-heatuet78wh0.nc', 'reanalysis-era5-land-timeseries-sfc-pressure-precipitationa4y7d6h5.nc']); retrying in 20s
  ! attempt 1/4 failed (expected exactly one .nc inside the returned archive, got ['reanalysis-era5-land-timeseries-sfc-wind0lpe3sux.nc', 'reanalysis-era5-land-timeseries-sfc-2m-temperaturel38ukngd.nc', 'reanalysis-era5-land-timeseries-sfc-radiation-heatkanmiyju.nc', 'reanalysis-era5-land-timeseries-sfc-pressure-precipitationygzlxjx8.nc']); retrying in 20s
  ! attempt 3/4 failed (expected exactly one .nc inside the returned archive, got ['reanalysis-era5-land-timeseries-sfc-windgetfqetr.nc', 'reanalysis-era5-land-timeseries-sfc-2m-temperaturecztoq9vw.nc', 'reanalysis-era5-land-timeseries-sfc-radiation-heatjjr9vcb7.nc', 'reanalysis-era5-land-timeseries-sfc-pressure-precipitationgbwz46iq.nc']); retrying in 80s
  ! attempt 2/4 failed (expected exactly one .nc inside the returned archive, got ['reanalysis-era5-land-timeseries-sfc-wind1emot_go.nc', 'reanalysis-era5-land-timeseries-sfc-2m-temperaturea1qianyg.nc', 'reanalysis-era5-land-timeseries-sfc-radiation-heatuet78wh0.nc', 'reanalysis-era5-land-timeseries-sfc-pressure-precipitationa4y7d6h5.nc']); retrying in 40s
  X US-xBL: FAILED -- all 4 attempts failed; last error: expected exactly one .nc inside the returned archive, got ['reanalysis-era5-land-timeseries-sfc-winddhfizchr.nc', 'reanalysis-era5-land-timeseries-sfc-2m-temperatureavmhdqvd.nc', 'reanalysis-era5-land-timeseries-sfc-radiation-heatw07tqnz3.nc', 'reanalysis-era5-land-timeseries-sfc-pressure-precipitation19khud1i.nc']
  > US-JFM: requesting US-JFM_ERA5_Land.nc
  ! attempt 2/4 failed (expected exactly one .nc inside the returned archive, got ['reanalysis-era5-land-timeseries-sfc-wind0lpe3sux.nc', 'reanalysis-era5-land-timeseries-sfc-2m-temperaturel38ukngd.nc', 'reanalysis-era5-land-timeseries-sfc-radiation-heatkanmiyju.nc', 'reanalysis-era5-land-timeseries-sfc-pressure-precipitationygzlxjx8.nc']); retrying in 40s
  ! attempt 1/4 failed (expected exactly one .nc inside the returned archive, got ['reanalysis-era5-land-timeseries-sfc-wind6e9zioqv.nc', 'reanalysis-era5-land-timeseries-sfc-2m-temperaturey8knn_kr.nc', 'reanalysis-era5-land-timeseries-sfc-radiation-heatynovs6hg.nc', 'reanalysis-era5-land-timeseries-sfc-pressure-precipitation6hqtu_zr.nc']); retrying in 20s
  ! attempt 3/4 failed (expected exactly one .nc inside the returned archive, got ['reanalysis-era5-land-timeseries-sfc-wind1emot_go.nc', 'reanalysis-era5-land-timeseries-sfc-2m-temperaturea1qianyg.nc', 'reanalysis-era5-land-timeseries-sfc-radiation-heatuet78wh0.nc', 'reanalysis-era5-land-timeseries-sfc-pressure-precipitationa4y7d6h5.nc']); retrying in 80s
  X US-MMS: FAILED -- all 4 attempts failed; last error: expected exactly one .nc inside the returned archive, got ['reanalysis-era5-land-timeseries-sfc-windgetfqetr.nc', 'reanalysis-era5-land-timeseries-sfc-2m-temperaturecztoq9vw.nc', 'reanalysis-era5-land-timeseries-sfc-radiation-heatjjr9vcb7.nc', 'reanalysis-era5-land-timeseries-sfc-pressure-precipitationgbwz46iq.nc']
  > US-Slt: requesting US-Slt_ERA5_Land.nc
  ! attempt 3/4 failed (expected exactly one .nc inside the returned archive, got ['reanalysis-era5-land-timeseries-sfc-wind0lpe3sux.nc', 'reanalysis-era5-land-timeseries-sfc-2m-temperaturel38ukngd.nc', 'reanalysis-era5-land-timeseries-sfc-radiation-heatkanmiyju.nc', 'reanalysis-era5-land-timeseries-sfc-pressure-precipitationygzlxjx8.nc']); retrying in 80s
  ! attempt 2/4 failed (expected exactly one .nc inside the returned archive, got ['reanalysis-era5-land-timeseries-sfc-wind6e9zioqv.nc', 'reanalysis-era5-land-timeseries-sfc-2m-temperaturey8knn_kr.nc', 'reanalysis-era5-land-timeseries-sfc-radiation-heatynovs6hg.nc', 'reanalysis-era5-land-timeseries-sfc-pressure-precipitation6hqtu_zr.nc']); retrying in 40s
  ! attempt 1/4 failed (expected exactly one .nc inside the returned archive, got ['reanalysis-era5-land-timeseries-sfc-windirsf33gd.nc', 'reanalysis-era5-land-timeseries-sfc-2m-temperature0du34kkw.nc', 'reanalysis-era5-land-timeseries-sfc-radiation-heat1hwu8x9q.nc', 'reanalysis-era5-land-timeseries-sfc-pressure-precipitationu98kd0y8.nc']); retrying in 20s
  ! attempt 2/4 failed (expected exactly one .nc inside the returned archive, got ['reanalysis-era5-land-timeseries-sfc-windirsf33gd.nc', 'reanalysis-era5-land-timeseries-sfc-2m-temperature0du34kkw.nc', 'reanalysis-era5-land-timeseries-sfc-radiation-heat1hwu8x9q.nc', 'reanalysis-era5-land-timeseries-sfc-pressure-precipitationu98kd0y8.nc']); retrying in 40s
  X US-SHC: FAILED -- all 4 attempts failed; last error: expected exactly one .nc inside the returned archive, got ['reanalysis-era5-land-timeseries-sfc-wind1emot_go.nc', 'reanalysis-era5-land-timeseries-sfc-2m-temperaturea1qianyg.nc', 'reanalysis-era5-land-timeseries-sfc-radiation-heatuet78wh0.nc', 'reanalysis-era5-land-timeseries-sfc-pressure-precipitationa4y7d6h5.nc']
  > US-NR1: requesting US-NR1_ERA5_Land.nc
  ! attempt 3/4 failed (expected exactly one .nc inside the returned archive, got ['reanalysis-era5-land-timeseries-sfc-wind6e9zioqv.nc', 'reanalysis-era5-land-timeseries-sfc-2m-temperaturey8knn_kr.nc', 'reanalysis-era5-land-timeseries-sfc-radiation-heatynovs6hg.nc', 'reanalysis-era5-land-timeseries-sfc-pressure-precipitation6hqtu_zr.nc']); retrying in 80s
  X US-JFP: FAILED -- all 4 attempts failed; last error: expected exactly one .nc inside the returned archive, got ['reanalysis-era5-land-timeseries-sfc-wind0lpe3sux.nc', 'reanalysis-era5-land-timeseries-sfc-2m-temperaturel38ukngd.nc', 'reanalysis-era5-land-timeseries-sfc-radiation-heatkanmiyju.nc', 'reanalysis-era5-land-timeseries-sfc-pressure-precipitationygzlxjx8.nc']
  > US-xNW: requesting US-xNW_ERA5_Land.nc
  ! attempt 1/4 failed (expected exactly one .nc inside the returned archive, got ['reanalysis-era5-land-timeseries-sfc-wind__trzwbi.nc', 'reanalysis-era5-land-timeseries-sfc-2m-temperatures9jxnk_j.nc', 'reanalysis-era5-land-timeseries-sfc-radiation-heatlgfwk70c.nc', 'reanalysis-era5-land-timeseries-sfc-pressure-precipitationly71dl7o.nc']); retrying in 20s
  ! attempt 1/4 failed (expected exactly one .nc inside the returned archive, got ['reanalysis-era5-land-timeseries-sfc-windnxmglj3w.nc', 'reanalysis-era5-land-timeseries-sfc-2m-temperatureugov4mru.nc', 'reanalysis-era5-land-timeseries-sfc-radiation-heatx9n5ewu7.nc', 'reanalysis-era5-land-timeseries-sfc-pressure-precipitationqz3kc_c9.nc']); retrying in 20s
  ! attempt 3/4 failed (expected exactly one .nc inside the returned archive, got ['reanalysis-era5-land-timeseries-sfc-windirsf33gd.nc', 'reanalysis-era5-land-timeseries-sfc-2m-temperature0du34kkw.nc', 'reanalysis-era5-land-timeseries-sfc-radiation-heat1hwu8x9q.nc', 'reanalysis-era5-land-timeseries-sfc-pressure-precipitationu98kd0y8.nc']); retrying in 80s
  X US-JFM: FAILED -- all 4 attempts failed; last error: expected exactly one .nc inside the returned archive, got ['reanalysis-era5-land-timeseries-sfc-wind6e9zioqv.nc', 'reanalysis-era5-land-timeseries-sfc-2m-temperaturey8knn_kr.nc', 'reanalysis-era5-land-timeseries-sfc-radiation-heatynovs6hg.nc', 'reanalysis-era5-land-timeseries-sfc-pressure-precipitation6hqtu_zr.nc']
  > US-xRM: requesting US-xRM_ERA5_Land.nc
  ! attempt 2/4 failed (expected exactly one .nc inside the returned archive, got ['reanalysis-era5-land-timeseries-sfc-wind__trzwbi.nc', 'reanalysis-era5-land-timeseries-sfc-2m-temperatures9jxnk_j.nc', 'reanalysis-era5-land-timeseries-sfc-radiation-heatlgfwk70c.nc', 'reanalysis-era5-land-timeseries-sfc-pressure-precipitationly71dl7o.nc']); retrying in 40s
  ! attempt 2/4 failed (expected exactly one .nc inside the returned archive, got ['reanalysis-era5-land-timeseries-sfc-windnxmglj3w.nc', 'reanalysis-era5-land-timeseries-sfc-2m-temperatureugov4mru.nc', 'reanalysis-era5-land-timeseries-sfc-radiation-heatx9n5ewu7.nc', 'reanalysis-era5-land-timeseries-sfc-pressure-precipitationqz3kc_c9.nc']); retrying in 40s
  ! attempt 1/4 failed (expected exactly one .nc inside the returned archive, got ['reanalysis-era5-land-timeseries-sfc-wind29c5qlv6.nc', 'reanalysis-era5-land-timeseries-sfc-2m-temperaturehf01eivg.nc', 'reanalysis-era5-land-timeseries-sfc-radiation-heatfm1zls2z.nc', 'reanalysis-era5-land-timeseries-sfc-pressure-precipitation512mbinp.nc']); retrying in 20s
  X US-Slt: FAILED -- all 4 attempts failed; last error: expected exactly one .nc inside the returned archive, got ['reanalysis-era5-land-timeseries-sfc-windirsf33gd.nc', 'reanalysis-era5-land-timeseries-sfc-2m-temperature0du34kkw.nc', 'reanalysis-era5-land-timeseries-sfc-radiation-heat1hwu8x9q.nc', 'reanalysis-era5-land-timeseries-sfc-pressure-precipitationu98kd0y8.nc']
  > US-CPF: requesting US-CPF_ERA5_Land.nc
  ! attempt 3/4 failed (expected exactly one .nc inside the returned archive, got ['reanalysis-era5-land-timeseries-sfc-wind__trzwbi.nc', 'reanalysis-era5-land-timeseries-sfc-2m-temperatures9jxnk_j.nc', 'reanalysis-era5-land-timeseries-sfc-radiation-heatlgfwk70c.nc', 'reanalysis-era5-land-timeseries-sfc-pressure-precipitationly71dl7o.nc']); retrying in 80s
  ! attempt 3/4 failed (expected exactly one .nc inside the returned archive, got ['reanalysis-era5-land-timeseries-sfc-windnxmglj3w.nc', 'reanalysis-era5-land-timeseries-sfc-2m-temperatureugov4mru.nc', 'reanalysis-era5-land-timeseries-sfc-radiation-heatx9n5ewu7.nc', 'reanalysis-era5-land-timeseries-sfc-pressure-precipitationqz3kc_c9.nc']); retrying in 80s
  ! attempt 2/4 failed (expected exactly one .nc inside the returned archive, got ['reanalysis-era5-land-timeseries-sfc-wind29c5qlv6.nc', 'reanalysis-era5-land-timeseries-sfc-2m-temperaturehf01eivg.nc', 'reanalysis-era5-land-timeseries-sfc-radiation-heatfm1zls2z.nc', 'reanalysis-era5-land-timeseries-sfc-pressure-precipitation512mbinp.nc']); retrying in 40s
  ! attempt 1/4 failed (expected exactly one .nc inside the returned archive, got ['reanalysis-era5-land-timeseries-sfc-wind80fkhkz7.nc', 'reanalysis-era5-land-timeseries-sfc-2m-temperature7qblh2kd.nc', 'reanalysis-era5-land-timeseries-sfc-radiation-heat9y2f39k5.nc', 'reanalysis-era5-land-timeseries-sfc-pressure-precipitation7d1rxgt1.nc']); retrying in 20s
  ! attempt 2/4 failed (expected exactly one .nc inside the returned archive, got ['reanalysis-era5-land-timeseries-sfc-wind80fkhkz7.nc', 'reanalysis-era5-land-timeseries-sfc-2m-temperature7qblh2kd.nc', 'reanalysis-era5-land-timeseries-sfc-radiation-heat9y2f39k5.nc', 'reanalysis-era5-land-timeseries-sfc-pressure-precipitation7d1rxgt1.nc']); retrying in 40s
  ! attempt 3/4 failed (expected exactly one .nc inside the returned archive, got ['reanalysis-era5-land-timeseries-sfc-wind29c5qlv6.nc', 'reanalysis-era5-land-timeseries-sfc-2m-temperaturehf01eivg.nc', 'reanalysis-era5-land-timeseries-sfc-radiation-heatfm1zls2z.nc', 'reanalysis-era5-land-timeseries-sfc-pressure-precipitation512mbinp.nc']); retrying in 80s
  X US-xNW: FAILED -- all 4 attempts failed; last error: expected exactly one .nc inside the returned archive, got ['reanalysis-era5-land-timeseries-sfc-windnxmglj3w.nc', 'reanalysis-era5-land-timeseries-sfc-2m-temperatureugov4mru.nc', 'reanalysis-era5-land-timeseries-sfc-radiation-heatx9n5ewu7.nc', 'reanalysis-era5-land-timeseries-sfc-pressure-precipitationqz3kc_c9.nc']
  > US-SSH: requesting US-SSH_ERA5_Land.nc
  X US-NR1: FAILED -- all 4 attempts failed; last error: expected exactly one .nc inside the returned archive, got ['reanalysis-era5-land-timeseries-sfc-wind__trzwbi.nc', 'reanalysis-era5-land-timeseries-sfc-2m-temperatures9jxnk_j.nc', 'reanalysis-era5-land-timeseries-sfc-radiation-heatlgfwk70c.nc', 'reanalysis-era5-land-timeseries-sfc-pressure-precipitationly71dl7o.nc']
  > US-CPk: requesting US-CPk_ERA5_Land.nc
  ! attempt 1/4 failed (expected exactly one .nc inside the returned archive, got ['reanalysis-era5-land-timeseries-sfc-wind0q2nxysp.nc', 'reanalysis-era5-land-timeseries-sfc-2m-temperatureaw3yhuy3.nc', 'reanalysis-era5-land-timeseries-sfc-radiation-heat8w27dm_y.nc', 'reanalysis-era5-land-timeseries-sfc-pressure-precipitationk7g058a2.nc']); retrying in 20s
  ! attempt 1/4 failed (expected exactly one .nc inside the returned archive, got ['reanalysis-era5-land-timeseries-sfc-windhjnu0m9h.nc', 'reanalysis-era5-land-timeseries-sfc-2m-temperaturelo8ssoih.nc', 'reanalysis-era5-land-timeseries-sfc-radiation-heateka5l7vv.nc', 'reanalysis-era5-land-timeseries-sfc-pressure-precipitation81u0rwu8.nc']); retrying in 20s
  ! attempt 2/4 failed (expected exactly one .nc inside the returned archive, got ['reanalysis-era5-land-timeseries-sfc-wind0q2nxysp.nc', 'reanalysis-era5-land-timeseries-sfc-2m-temperatureaw3yhuy3.nc', 'reanalysis-era5-land-timeseries-sfc-radiation-heat8w27dm_y.nc', 'reanalysis-era5-land-timeseries-sfc-pressure-precipitationk7g058a2.nc']); retrying in 40s
  X US-xRM: FAILED -- all 4 attempts failed; last error: expected exactly one .nc inside the returned archive, got ['reanalysis-era5-land-timeseries-sfc-wind29c5qlv6.nc', 'reanalysis-era5-land-timeseries-sfc-2m-temperaturehf01eivg.nc', 'reanalysis-era5-land-timeseries-sfc-radiation-heatfm1zls2z.nc', 'reanalysis-era5-land-timeseries-sfc-pressure-precipitation512mbinp.nc']
  > US-GBT: requesting US-GBT_ERA5_Land.nc
  ! attempt 2/4 failed (expected exactly one .nc inside the returned archive, got ['reanalysis-era5-land-timeseries-sfc-windhjnu0m9h.nc', 'reanalysis-era5-land-timeseries-sfc-2m-temperaturelo8ssoih.nc', 'reanalysis-era5-land-timeseries-sfc-radiation-heateka5l7vv.nc', 'reanalysis-era5-land-timeseries-sfc-pressure-precipitation81u0rwu8.nc']); retrying in 40s
  ! attempt 3/4 failed (expected exactly one .nc inside the returned archive, got ['reanalysis-era5-land-timeseries-sfc-wind80fkhkz7.nc', 'reanalysis-era5-land-timeseries-sfc-2m-temperature7qblh2kd.nc', 'reanalysis-era5-land-timeseries-sfc-radiation-heat9y2f39k5.nc', 'reanalysis-era5-land-timeseries-sfc-pressure-precipitation7d1rxgt1.nc']); retrying in 80s
  ! attempt 1/4 failed (expected exactly one .nc inside the returned archive, got ['reanalysis-era5-land-timeseries-sfc-windh2ipd_o7.nc', 'reanalysis-era5-land-timeseries-sfc-2m-temperaturezx0cut1l.nc', 'reanalysis-era5-land-timeseries-sfc-radiation-heatb30d4qd4.nc', 'reanalysis-era5-land-timeseries-sfc-pressure-precipitationqjsa6x4x.nc']); retrying in 20s
  ! attempt 3/4 failed (expected exactly one .nc inside the returned archive, got ['reanalysis-era5-land-timeseries-sfc-wind0q2nxysp.nc', 'reanalysis-era5-land-timeseries-sfc-2m-temperatureaw3yhuy3.nc', 'reanalysis-era5-land-timeseries-sfc-radiation-heat8w27dm_y.nc', 'reanalysis-era5-land-timeseries-sfc-pressure-precipitationk7g058a2.nc']); retrying in 80s
  ! attempt 3/4 failed (expected exactly one .nc inside the returned archive, got ['reanalysis-era5-land-timeseries-sfc-windhjnu0m9h.nc', 'reanalysis-era5-land-timeseries-sfc-2m-temperaturelo8ssoih.nc', 'reanalysis-era5-land-timeseries-sfc-radiation-heateka5l7vv.nc', 'reanalysis-era5-land-timeseries-sfc-pressure-precipitation81u0rwu8.nc']); retrying in 80s
  ! attempt 2/4 failed (expected exactly one .nc inside the returned archive, got ['reanalysis-era5-land-timeseries-sfc-windh2ipd_o7.nc', 'reanalysis-era5-land-timeseries-sfc-2m-temperaturezx0cut1l.nc', 'reanalysis-era5-land-timeseries-sfc-radiation-heatb30d4qd4.nc', 'reanalysis-era5-land-timeseries-sfc-pressure-precipitationqjsa6x4x.nc']); retrying in 40s
  X US-CPF: FAILED -- all 4 attempts failed; last error: expected exactly one .nc inside the returned archive, got ['reanalysis-era5-land-timeseries-sfc-wind80fkhkz7.nc', 'reanalysis-era5-land-timeseries-sfc-2m-temperature7qblh2kd.nc', 'reanalysis-era5-land-timeseries-sfc-radiation-heat9y2f39k5.nc', 'reanalysis-era5-land-timeseries-sfc-pressure-precipitation7d1rxgt1.nc']
  > US-Oho: requesting US-Oho_ERA5_Land.nc
  ! attempt 3/4 failed (expected exactly one .nc inside the returned archive, got ['reanalysis-era5-land-timeseries-sfc-windh2ipd_o7.nc', 'reanalysis-era5-land-timeseries-sfc-2m-temperaturezx0cut1l.nc', 'reanalysis-era5-land-timeseries-sfc-radiation-heatb30d4qd4.nc', 'reanalysis-era5-land-timeseries-sfc-pressure-precipitationqjsa6x4x.nc']); retrying in 80s
  X US-SSH: FAILED -- all 4 attempts failed; last error: expected exactly one .nc inside the returned archive, got ['reanalysis-era5-land-timeseries-sfc-wind0q2nxysp.nc', 'reanalysis-era5-land-timeseries-sfc-2m-temperatureaw3yhuy3.nc', 'reanalysis-era5-land-timeseries-sfc-radiation-heat8w27dm_y.nc', 'reanalysis-era5-land-timeseries-sfc-pressure-precipitationk7g058a2.nc']
  > US-Ha1: requesting US-Ha1_ERA5_Land.nc
  ! attempt 1/4 failed (expected exactly one .nc inside the returned archive, got ['reanalysis-era5-land-timeseries-sfc-windpmlut2ob.nc', 'reanalysis-era5-land-timeseries-sfc-2m-temperatureajdfal9t.nc', 'reanalysis-era5-land-timeseries-sfc-radiation-heatjublto7a.nc', 'reanalysis-era5-land-timeseries-sfc-pressure-precipitation7sm2zaq5.nc']); retrying in 20s
  X US-CPk: FAILED -- all 4 attempts failed; last error: expected exactly one .nc inside the returned archive, got ['reanalysis-era5-land-timeseries-sfc-windhjnu0m9h.nc', 'reanalysis-era5-land-timeseries-sfc-2m-temperaturelo8ssoih.nc', 'reanalysis-era5-land-timeseries-sfc-radiation-heateka5l7vv.nc', 'reanalysis-era5-land-timeseries-sfc-pressure-precipitation81u0rwu8.nc']
  > US-HBK: requesting US-HBK_ERA5_Land.nc
  ! attempt 1/4 failed (expected exactly one .nc inside the returned archive, got ['reanalysis-era5-land-timeseries-sfc-windryvy3q00.nc', 'reanalysis-era5-land-timeseries-sfc-2m-temperature3k0bgyba.nc', 'reanalysis-era5-land-timeseries-sfc-radiation-heat1k_k1vvr.nc', 'reanalysis-era5-land-timeseries-sfc-pressure-precipitationh2qd90o_.nc']); retrying in 20s
  ! attempt 1/4 failed (expected exactly one .nc inside the returned archive, got ['reanalysis-era5-land-timeseries-sfc-windcj3d839o.nc', 'reanalysis-era5-land-timeseries-sfc-2m-temperatureysk6e6hq.nc', 'reanalysis-era5-land-timeseries-sfc-radiation-heats6dx80xb.nc', 'reanalysis-era5-land-timeseries-sfc-pressure-precipitationa_hs0oll.nc']); retrying in 20s
  ! attempt 2/4 failed (expected exactly one .nc inside the returned archive, got ['reanalysis-era5-land-timeseries-sfc-windpmlut2ob.nc', 'reanalysis-era5-land-timeseries-sfc-2m-temperatureajdfal9t.nc', 'reanalysis-era5-land-timeseries-sfc-radiation-heatjublto7a.nc', 'reanalysis-era5-land-timeseries-sfc-pressure-precipitation7sm2zaq5.nc']); retrying in 40s
  ! attempt 2/4 failed (expected exactly one .nc inside the returned archive, got ['reanalysis-era5-land-timeseries-sfc-windryvy3q00.nc', 'reanalysis-era5-land-timeseries-sfc-2m-temperature3k0bgyba.nc', 'reanalysis-era5-land-timeseries-sfc-radiation-heat1k_k1vvr.nc', 'reanalysis-era5-land-timeseries-sfc-pressure-precipitationh2qd90o_.nc']); retrying in 40s
  ! attempt 2/4 failed (expected exactly one .nc inside the returned archive, got ['reanalysis-era5-land-timeseries-sfc-windcj3d839o.nc', 'reanalysis-era5-land-timeseries-sfc-2m-temperatureysk6e6hq.nc', 'reanalysis-era5-land-timeseries-sfc-radiation-heats6dx80xb.nc', 'reanalysis-era5-land-timeseries-sfc-pressure-precipitationa_hs0oll.nc']); retrying in 40s
  ! attempt 3/4 failed (expected exactly one .nc inside the returned archive, got ['reanalysis-era5-land-timeseries-sfc-windpmlut2ob.nc', 'reanalysis-era5-land-timeseries-sfc-2m-temperatureajdfal9t.nc', 'reanalysis-era5-land-timeseries-sfc-radiation-heatjublto7a.nc', 'reanalysis-era5-land-timeseries-sfc-pressure-precipitation7sm2zaq5.nc']); retrying in 80s
  ! attempt 3/4 failed (expected exactly one .nc inside the returned archive, got ['reanalysis-era5-land-timeseries-sfc-windryvy3q00.nc', 'reanalysis-era5-land-timeseries-sfc-2m-temperature3k0bgyba.nc', 'reanalysis-era5-land-timeseries-sfc-radiation-heat1k_k1vvr.nc', 'reanalysis-era5-land-timeseries-sfc-pressure-precipitationh2qd90o_.nc']); retrying in 80s
  ! attempt 3/4 failed (expected exactly one .nc inside the returned archive, got ['reanalysis-era5-land-timeseries-sfc-windcj3d839o.nc', 'reanalysis-era5-land-timeseries-sfc-2m-temperatureysk6e6hq.nc', 'reanalysis-era5-land-timeseries-sfc-radiation-heats6dx80xb.nc', 'reanalysis-era5-land-timeseries-sfc-pressure-precipitationa_hs0oll.nc']); retrying in 80s
  X US-GBT: FAILED -- all 4 attempts failed; last error: expected exactly one .nc inside the returned archive, got ['reanalysis-era5-land-timeseries-sfc-windh2ipd_o7.nc', 'reanalysis-era5-land-timeseries-sfc-2m-temperaturezx0cut1l.nc', 'reanalysis-era5-land-timeseries-sfc-radiation-heatb30d4qd4.nc', 'reanalysis-era5-land-timeseries-sfc-pressure-precipitationqjsa6x4x.nc']
  > US-Bar: requesting US-Bar_ERA5_Land.nc
  X US-Oho: FAILED -- all 4 attempts failed; last error: expected exactly one .nc inside the returned archive, got ['reanalysis-era5-land-timeseries-sfc-windpmlut2ob.nc', 'reanalysis-era5-land-timeseries-sfc-2m-temperatureajdfal9t.nc', 'reanalysis-era5-land-timeseries-sfc-radiation-heatjublto7a.nc', 'reanalysis-era5-land-timeseries-sfc-pressure-precipitation7sm2zaq5.nc']
  > US-CS2: requesting US-CS2_ERA5_Land.nc
  X US-Ha1: FAILED -- all 4 attempts failed; last error: expected exactly one .nc inside the returned archive, got ['reanalysis-era5-land-timeseries-sfc-windryvy3q00.nc', 'reanalysis-era5-land-timeseries-sfc-2m-temperature3k0bgyba.nc', 'reanalysis-era5-land-timeseries-sfc-radiation-heat1k_k1vvr.nc', 'reanalysis-era5-land-timeseries-sfc-pressure-precipitationh2qd90o_.nc']
  > US-Me3: requesting US-Me3_ERA5_Land.nc
  ! attempt 1/4 failed (expected exactly one .nc inside the returned archive, got ['reanalysis-era5-land-timeseries-sfc-wind0j5623s7.nc', 'reanalysis-era5-land-timeseries-sfc-2m-temperatureaslevdfv.nc', 'reanalysis-era5-land-timeseries-sfc-radiation-heaty_q9cbjy.nc', 'reanalysis-era5-land-timeseries-sfc-pressure-precipitation25gncucv.nc']); retrying in 20s
  ! attempt 1/4 failed (expected exactly one .nc inside the returned archive, got ['reanalysis-era5-land-timeseries-sfc-wind90gwac34.nc', 'reanalysis-era5-land-timeseries-sfc-2m-temperature0wws9nbp.nc', 'reanalysis-era5-land-timeseries-sfc-radiation-heat555dfno_.nc', 'reanalysis-era5-land-timeseries-sfc-pressure-precipitationk2dohq01.nc']); retrying in 20s
  X US-HBK: FAILED -- all 4 attempts failed; last error: expected exactly one .nc inside the returned archive, got ['reanalysis-era5-land-timeseries-sfc-windcj3d839o.nc', 'reanalysis-era5-land-timeseries-sfc-2m-temperatureysk6e6hq.nc', 'reanalysis-era5-land-timeseries-sfc-radiation-heats6dx80xb.nc', 'reanalysis-era5-land-timeseries-sfc-pressure-precipitationa_hs0oll.nc']
  > US-Me5: requesting US-Me5_ERA5_Land.nc
  ! attempt 1/4 failed (expected exactly one .nc inside the returned archive, got ['reanalysis-era5-land-timeseries-sfc-wind9n77x_wr.nc', 'reanalysis-era5-land-timeseries-sfc-2m-temperaturewg9s89o0.nc', 'reanalysis-era5-land-timeseries-sfc-radiation-heatlclxqkld.nc', 'reanalysis-era5-land-timeseries-sfc-pressure-precipitationrbsq6954.nc']); retrying in 20s
  ! attempt 2/4 failed (expected exactly one .nc inside the returned archive, got ['reanalysis-era5-land-timeseries-sfc-wind0j5623s7.nc', 'reanalysis-era5-land-timeseries-sfc-2m-temperatureaslevdfv.nc', 'reanalysis-era5-land-timeseries-sfc-radiation-heaty_q9cbjy.nc', 'reanalysis-era5-land-timeseries-sfc-pressure-precipitation25gncucv.nc']); retrying in 40s
  ! attempt 2/4 failed (expected exactly one .nc inside the returned archive, got ['reanalysis-era5-land-timeseries-sfc-wind90gwac34.nc', 'reanalysis-era5-land-timeseries-sfc-2m-temperature0wws9nbp.nc', 'reanalysis-era5-land-timeseries-sfc-radiation-heat555dfno_.nc', 'reanalysis-era5-land-timeseries-sfc-pressure-precipitationk2dohq01.nc']); retrying in 40s
  ! attempt 1/4 failed (expected exactly one .nc inside the returned archive, got ['reanalysis-era5-land-timeseries-sfc-windxjm5o_ap.nc', 'reanalysis-era5-land-timeseries-sfc-2m-temperatureleoloe46.nc', 'reanalysis-era5-land-timeseries-sfc-radiation-heat0r39_crn.nc', 'reanalysis-era5-land-timeseries-sfc-pressure-precipitationyrxcz71i.nc']); retrying in 20s
  ! attempt 2/4 failed (expected exactly one .nc inside the returned archive, got ['reanalysis-era5-land-timeseries-sfc-wind9n77x_wr.nc', 'reanalysis-era5-land-timeseries-sfc-2m-temperaturewg9s89o0.nc', 'reanalysis-era5-land-timeseries-sfc-radiation-heatlclxqkld.nc', 'reanalysis-era5-land-timeseries-sfc-pressure-precipitationrbsq6954.nc']); retrying in 40s
  ! attempt 3/4 failed (expected exactly one .nc inside the returned archive, got ['reanalysis-era5-land-timeseries-sfc-wind0j5623s7.nc', 'reanalysis-era5-land-timeseries-sfc-2m-temperatureaslevdfv.nc', 'reanalysis-era5-land-timeseries-sfc-radiation-heaty_q9cbjy.nc', 'reanalysis-era5-land-timeseries-sfc-pressure-precipitation25gncucv.nc']); retrying in 80s
  ! attempt 3/4 failed (expected exactly one .nc inside the returned archive, got ['reanalysis-era5-land-timeseries-sfc-wind90gwac34.nc', 'reanalysis-era5-land-timeseries-sfc-2m-temperature0wws9nbp.nc', 'reanalysis-era5-land-timeseries-sfc-radiation-heat555dfno_.nc', 'reanalysis-era5-land-timeseries-sfc-pressure-precipitationk2dohq01.nc']); retrying in 80s
  ! attempt 2/4 failed (expected exactly one .nc inside the returned archive, got ['reanalysis-era5-land-timeseries-sfc-windxjm5o_ap.nc', 'reanalysis-era5-land-timeseries-sfc-2m-temperatureleoloe46.nc', 'reanalysis-era5-land-timeseries-sfc-radiation-heat0r39_crn.nc', 'reanalysis-era5-land-timeseries-sfc-pressure-precipitationyrxcz71i.nc']); retrying in 40s
  ! attempt 3/4 failed (expected exactly one .nc inside the returned archive, got ['reanalysis-era5-land-timeseries-sfc-wind9n77x_wr.nc', 'reanalysis-era5-land-timeseries-sfc-2m-temperaturewg9s89o0.nc', 'reanalysis-era5-land-timeseries-sfc-radiation-heatlclxqkld.nc', 'reanalysis-era5-land-timeseries-sfc-pressure-precipitationrbsq6954.nc']); retrying in 80s
  X US-Bar: FAILED -- all 4 attempts failed; last error: expected exactly one .nc inside the returned archive, got ['reanalysis-era5-land-timeseries-sfc-wind0j5623s7.nc', 'reanalysis-era5-land-timeseries-sfc-2m-temperatureaslevdfv.nc', 'reanalysis-era5-land-timeseries-sfc-radiation-heaty_q9cbjy.nc', 'reanalysis-era5-land-timeseries-sfc-pressure-precipitation25gncucv.nc']
  > US-CS7: requesting US-CS7_ERA5_Land.nc
  ! attempt 3/4 failed (expected exactly one .nc inside the returned archive, got ['reanalysis-era5-land-timeseries-sfc-windxjm5o_ap.nc', 'reanalysis-era5-land-timeseries-sfc-2m-temperatureleoloe46.nc', 'reanalysis-era5-land-timeseries-sfc-radiation-heat0r39_crn.nc', 'reanalysis-era5-land-timeseries-sfc-pressure-precipitationyrxcz71i.nc']); retrying in 80s
  X US-CS2: FAILED -- all 4 attempts failed; last error: expected exactly one .nc inside the returned archive, got ['reanalysis-era5-land-timeseries-sfc-wind90gwac34.nc', 'reanalysis-era5-land-timeseries-sfc-2m-temperature0wws9nbp.nc', 'reanalysis-era5-land-timeseries-sfc-radiation-heat555dfno_.nc', 'reanalysis-era5-land-timeseries-sfc-pressure-precipitationk2dohq01.nc']
  > US-Me2: requesting US-Me2_ERA5_Land.nc
  ! attempt 1/4 failed (expected exactly one .nc inside the returned archive, got ['reanalysis-era5-land-timeseries-sfc-windvq3qhija.nc', 'reanalysis-era5-land-timeseries-sfc-2m-temperaturew3xlfags.nc', 'reanalysis-era5-land-timeseries-sfc-radiation-heatj7sb260z.nc', 'reanalysis-era5-land-timeseries-sfc-pressure-precipitationmd_0488r.nc']); retrying in 20s
  X US-Me3: FAILED -- all 4 attempts failed; last error: expected exactly one .nc inside the returned archive, got ['reanalysis-era5-land-timeseries-sfc-wind9n77x_wr.nc', 'reanalysis-era5-land-timeseries-sfc-2m-temperaturewg9s89o0.nc', 'reanalysis-era5-land-timeseries-sfc-radiation-heatlclxqkld.nc', 'reanalysis-era5-land-timeseries-sfc-pressure-precipitationrbsq6954.nc']
  > US-Me1: requesting US-Me1_ERA5_Land.nc
  ! attempt 1/4 failed (expected exactly one .nc inside the returned archive, got ['reanalysis-era5-land-timeseries-sfc-windmfdh25yk.nc', 'reanalysis-era5-land-timeseries-sfc-2m-temperaturewwedd_8e.nc', 'reanalysis-era5-land-timeseries-sfc-radiation-heatd6pd1csl.nc', 'reanalysis-era5-land-timeseries-sfc-pressure-precipitation0aw2bkdl.nc']); retrying in 20s
  ! attempt 2/4 failed (expected exactly one .nc inside the returned archive, got ['reanalysis-era5-land-timeseries-sfc-windvq3qhija.nc', 'reanalysis-era5-land-timeseries-sfc-2m-temperaturew3xlfags.nc', 'reanalysis-era5-land-timeseries-sfc-radiation-heatj7sb260z.nc', 'reanalysis-era5-land-timeseries-sfc-pressure-precipitationmd_0488r.nc']); retrying in 40s
  X US-Me5: FAILED -- all 4 attempts failed; last error: expected exactly one .nc inside the returned archive, got ['reanalysis-era5-land-timeseries-sfc-windxjm5o_ap.nc', 'reanalysis-era5-land-timeseries-sfc-2m-temperatureleoloe46.nc', 'reanalysis-era5-land-timeseries-sfc-radiation-heat0r39_crn.nc', 'reanalysis-era5-land-timeseries-sfc-pressure-precipitationyrxcz71i.nc']
  > US-MRf: requesting US-MRf_ERA5_Land.nc
  ! attempt 1/4 failed (expected exactly one .nc inside the returned archive, got ['reanalysis-era5-land-timeseries-sfc-windqcxkn6zp.nc', 'reanalysis-era5-land-timeseries-sfc-2m-temperatureg64xg8dl.nc', 'reanalysis-era5-land-timeseries-sfc-radiation-heatpbf7syb1.nc', 'reanalysis-era5-land-timeseries-sfc-pressure-precipitationogfioeu6.nc']); retrying in 20s
  ! attempt 2/4 failed (expected exactly one .nc inside the returned archive, got ['reanalysis-era5-land-timeseries-sfc-windmfdh25yk.nc', 'reanalysis-era5-land-timeseries-sfc-2m-temperaturewwedd_8e.nc', 'reanalysis-era5-land-timeseries-sfc-radiation-heatd6pd1csl.nc', 'reanalysis-era5-land-timeseries-sfc-pressure-precipitation0aw2bkdl.nc']); retrying in 40s
  ! attempt 1/4 failed (expected exactly one .nc inside the returned archive, got ['reanalysis-era5-land-timeseries-sfc-windw298uq51.nc', 'reanalysis-era5-land-timeseries-sfc-2m-temperatureur9e67y8.nc', 'reanalysis-era5-land-timeseries-sfc-radiation-heat8dt6b1ly.nc', 'reanalysis-era5-land-timeseries-sfc-pressure-precipitationhpjbc90m.nc']); retrying in 20s
  ! attempt 2/4 failed (expected exactly one .nc inside the returned archive, got ['reanalysis-era5-land-timeseries-sfc-windqcxkn6zp.nc', 'reanalysis-era5-land-timeseries-sfc-2m-temperatureg64xg8dl.nc', 'reanalysis-era5-land-timeseries-sfc-radiation-heatpbf7syb1.nc', 'reanalysis-era5-land-timeseries-sfc-pressure-precipitationogfioeu6.nc']); retrying in 40s
  ! attempt 3/4 failed (expected exactly one .nc inside the returned archive, got ['reanalysis-era5-land-timeseries-sfc-windvq3qhija.nc', 'reanalysis-era5-land-timeseries-sfc-2m-temperaturew3xlfags.nc', 'reanalysis-era5-land-timeseries-sfc-radiation-heatj7sb260z.nc', 'reanalysis-era5-land-timeseries-sfc-pressure-precipitationmd_0488r.nc']); retrying in 80s
  ! attempt 3/4 failed (expected exactly one .nc inside the returned archive, got ['reanalysis-era5-land-timeseries-sfc-windmfdh25yk.nc', 'reanalysis-era5-land-timeseries-sfc-2m-temperaturewwedd_8e.nc', 'reanalysis-era5-land-timeseries-sfc-radiation-heatd6pd1csl.nc', 'reanalysis-era5-land-timeseries-sfc-pressure-precipitation0aw2bkdl.nc']); retrying in 80s
  ! attempt 2/4 failed (expected exactly one .nc inside the returned archive, got ['reanalysis-era5-land-timeseries-sfc-windw298uq51.nc', 'reanalysis-era5-land-timeseries-sfc-2m-temperatureur9e67y8.nc', 'reanalysis-era5-land-timeseries-sfc-radiation-heat8dt6b1ly.nc', 'reanalysis-era5-land-timeseries-sfc-pressure-precipitationhpjbc90m.nc']); retrying in 40s
  ! attempt 3/4 failed (expected exactly one .nc inside the returned archive, got ['reanalysis-era5-land-timeseries-sfc-windqcxkn6zp.nc', 'reanalysis-era5-land-timeseries-sfc-2m-temperatureg64xg8dl.nc', 'reanalysis-era5-land-timeseries-sfc-radiation-heatpbf7syb1.nc', 'reanalysis-era5-land-timeseries-sfc-pressure-precipitationogfioeu6.nc']); retrying in 80s
  ! attempt 3/4 failed (expected exactly one .nc inside the returned archive, got ['reanalysis-era5-land-timeseries-sfc-windw298uq51.nc', 'reanalysis-era5-land-timeseries-sfc-2m-temperatureur9e67y8.nc', 'reanalysis-era5-land-timeseries-sfc-radiation-heat8dt6b1ly.nc', 'reanalysis-era5-land-timeseries-sfc-pressure-precipitationhpjbc90m.nc']); retrying in 80s
  X US-CS7: FAILED -- all 4 attempts failed; last error: expected exactly one .nc inside the returned archive, got ['reanalysis-era5-land-timeseries-sfc-windvq3qhija.nc', 'reanalysis-era5-land-timeseries-sfc-2m-temperaturew3xlfags.nc', 'reanalysis-era5-land-timeseries-sfc-radiation-heatj7sb260z.nc', 'reanalysis-era5-land-timeseries-sfc-pressure-precipitationmd_0488r.nc']
  > US-xYE: requesting US-xYE_ERA5_Land.nc
  X US-Me2: FAILED -- all 4 attempts failed; last error: expected exactly one .nc inside the returned archive, got ['reanalysis-era5-land-timeseries-sfc-windmfdh25yk.nc', 'reanalysis-era5-land-timeseries-sfc-2m-temperaturewwedd_8e.nc', 'reanalysis-era5-land-timeseries-sfc-radiation-heatd6pd1csl.nc', 'reanalysis-era5-land-timeseries-sfc-pressure-precipitation0aw2bkdl.nc']
  > US-Ho1: requesting US-Ho1_ERA5_Land.nc
  ! attempt 1/4 failed (expected exactly one .nc inside the returned archive, got ['reanalysis-era5-land-timeseries-sfc-windje7wo2re.nc', 'reanalysis-era5-land-timeseries-sfc-2m-temperaturelay2cynf.nc', 'reanalysis-era5-land-timeseries-sfc-radiation-heatxyxq2c_p.nc', 'reanalysis-era5-land-timeseries-sfc-pressure-precipitationb6olww6p.nc']); retrying in 20s
  X US-Me1: FAILED -- all 4 attempts failed; last error: expected exactly one .nc inside the returned archive, got ['reanalysis-era5-land-timeseries-sfc-windqcxkn6zp.nc', 'reanalysis-era5-land-timeseries-sfc-2m-temperatureg64xg8dl.nc', 'reanalysis-era5-land-timeseries-sfc-radiation-heatpbf7syb1.nc', 'reanalysis-era5-land-timeseries-sfc-pressure-precipitationogfioeu6.nc']
  > US-xST: requesting US-xST_ERA5_Land.nc
  X US-MRf: FAILED -- all 4 attempts failed; last error: expected exactly one .nc inside the returned archive, got ['reanalysis-era5-land-timeseries-sfc-windw298uq51.nc', 'reanalysis-era5-land-timeseries-sfc-2m-temperatureur9e67y8.nc', 'reanalysis-era5-land-timeseries-sfc-radiation-heat8dt6b1ly.nc', 'reanalysis-era5-land-timeseries-sfc-pressure-precipitationhpjbc90m.nc']
  > US-UMB: requesting US-UMB_ERA5_Land.nc
  ! attempt 1/4 failed (expected exactly one .nc inside the returned archive, got ['reanalysis-era5-land-timeseries-sfc-windi0gswofl.nc', 'reanalysis-era5-land-timeseries-sfc-2m-temperature3t9x8k5q.nc', 'reanalysis-era5-land-timeseries-sfc-radiation-heat6h7thbe1.nc', 'reanalysis-era5-land-timeseries-sfc-pressure-precipitationxkdnaph9.nc']); retrying in 20s
  ! attempt 2/4 failed (expected exactly one .nc inside the returned archive, got ['reanalysis-era5-land-timeseries-sfc-windje7wo2re.nc', 'reanalysis-era5-land-timeseries-sfc-2m-temperaturelay2cynf.nc', 'reanalysis-era5-land-timeseries-sfc-radiation-heatxyxq2c_p.nc', 'reanalysis-era5-land-timeseries-sfc-pressure-precipitationb6olww6p.nc']); retrying in 40s
  ! attempt 1/4 failed (expected exactly one .nc inside the returned archive, got ['reanalysis-era5-land-timeseries-sfc-windgn34f915.nc', 'reanalysis-era5-land-timeseries-sfc-2m-temperaturezaprdepg.nc', 'reanalysis-era5-land-timeseries-sfc-radiation-heat08m1o9u5.nc', 'reanalysis-era5-land-timeseries-sfc-pressure-precipitation7wox84y7.nc']); retrying in 20s
  ! attempt 1/4 failed (expected exactly one .nc inside the returned archive, got ['reanalysis-era5-land-timeseries-sfc-windztcfyiij.nc', 'reanalysis-era5-land-timeseries-sfc-2m-temperature53vvn9x7.nc', 'reanalysis-era5-land-timeseries-sfc-radiation-heatimedq_dg.nc', 'reanalysis-era5-land-timeseries-sfc-pressure-precipitationcf7roo9w.nc']); retrying in 20s
  ! attempt 2/4 failed (expected exactly one .nc inside the returned archive, got ['reanalysis-era5-land-timeseries-sfc-windi0gswofl.nc', 'reanalysis-era5-land-timeseries-sfc-2m-temperature3t9x8k5q.nc', 'reanalysis-era5-land-timeseries-sfc-radiation-heat6h7thbe1.nc', 'reanalysis-era5-land-timeseries-sfc-pressure-precipitationxkdnaph9.nc']); retrying in 40s
  ! attempt 2/4 failed (expected exactly one .nc inside the returned archive, got ['reanalysis-era5-land-timeseries-sfc-windgn34f915.nc', 'reanalysis-era5-land-timeseries-sfc-2m-temperaturezaprdepg.nc', 'reanalysis-era5-land-timeseries-sfc-radiation-heat08m1o9u5.nc', 'reanalysis-era5-land-timeseries-sfc-pressure-precipitation7wox84y7.nc']); retrying in 40s
  ! attempt 3/4 failed (expected exactly one .nc inside the returned archive, got ['reanalysis-era5-land-timeseries-sfc-windje7wo2re.nc', 'reanalysis-era5-land-timeseries-sfc-2m-temperaturelay2cynf.nc', 'reanalysis-era5-land-timeseries-sfc-radiation-heatxyxq2c_p.nc', 'reanalysis-era5-land-timeseries-sfc-pressure-precipitationb6olww6p.nc']); retrying in 80s
  ! attempt 2/4 failed (expected exactly one .nc inside the returned archive, got ['reanalysis-era5-land-timeseries-sfc-windztcfyiij.nc', 'reanalysis-era5-land-timeseries-sfc-2m-temperature53vvn9x7.nc', 'reanalysis-era5-land-timeseries-sfc-radiation-heatimedq_dg.nc', 'reanalysis-era5-land-timeseries-sfc-pressure-precipitationcf7roo9w.nc']); retrying in 40s
  ! attempt 3/4 failed (expected exactly one .nc inside the returned archive, got ['reanalysis-era5-land-timeseries-sfc-windi0gswofl.nc', 'reanalysis-era5-land-timeseries-sfc-2m-temperature3t9x8k5q.nc', 'reanalysis-era5-land-timeseries-sfc-radiation-heat6h7thbe1.nc', 'reanalysis-era5-land-timeseries-sfc-pressure-precipitationxkdnaph9.nc']); retrying in 80s
  ! attempt 3/4 failed (expected exactly one .nc inside the returned archive, got ['reanalysis-era5-land-timeseries-sfc-windgn34f915.nc', 'reanalysis-era5-land-timeseries-sfc-2m-temperaturezaprdepg.nc', 'reanalysis-era5-land-timeseries-sfc-radiation-heat08m1o9u5.nc', 'reanalysis-era5-land-timeseries-sfc-pressure-precipitation7wox84y7.nc']); retrying in 80s
  ! attempt 3/4 failed (expected exactly one .nc inside the returned archive, got ['reanalysis-era5-land-timeseries-sfc-windztcfyiij.nc', 'reanalysis-era5-land-timeseries-sfc-2m-temperature53vvn9x7.nc', 'reanalysis-era5-land-timeseries-sfc-radiation-heatimedq_dg.nc', 'reanalysis-era5-land-timeseries-sfc-pressure-precipitationcf7roo9w.nc']); retrying in 80s
  X US-xYE: FAILED -- all 4 attempts failed; last error: expected exactly one .nc inside the returned archive, got ['reanalysis-era5-land-timeseries-sfc-windje7wo2re.nc', 'reanalysis-era5-land-timeseries-sfc-2m-temperaturelay2cynf.nc', 'reanalysis-era5-land-timeseries-sfc-radiation-heatxyxq2c_p.nc', 'reanalysis-era5-land-timeseries-sfc-pressure-precipitationb6olww6p.nc']
  > US-Wrc: requesting US-Wrc_ERA5_Land.nc
  X US-Ho1: FAILED -- all 4 attempts failed; last error: expected exactly one .nc inside the returned archive, got ['reanalysis-era5-land-timeseries-sfc-windi0gswofl.nc', 'reanalysis-era5-land-timeseries-sfc-2m-temperature3t9x8k5q.nc', 'reanalysis-era5-land-timeseries-sfc-radiation-heat6h7thbe1.nc', 'reanalysis-era5-land-timeseries-sfc-pressure-precipitationxkdnaph9.nc']
  > US-xAB: requesting US-xAB_ERA5_Land.nc
  X US-xST: FAILED -- all 4 attempts failed; last error: expected exactly one .nc inside the returned archive, got ['reanalysis-era5-land-timeseries-sfc-windgn34f915.nc', 'reanalysis-era5-land-timeseries-sfc-2m-temperaturezaprdepg.nc', 'reanalysis-era5-land-timeseries-sfc-radiation-heat08m1o9u5.nc', 'reanalysis-era5-land-timeseries-sfc-pressure-precipitation7wox84y7.nc']
  > US-WCr: requesting US-WCr_ERA5_Land.nc
  ! attempt 1/4 failed (expected exactly one .nc inside the returned archive, got ['reanalysis-era5-land-timeseries-sfc-windm5ls78eq.nc', 'reanalysis-era5-land-timeseries-sfc-2m-temperature5z5n7_nq.nc', 'reanalysis-era5-land-timeseries-sfc-radiation-heatyhmo8t50.nc', 'reanalysis-era5-land-timeseries-sfc-pressure-precipitation8yel2nl9.nc']); retrying in 20s
  ! attempt 1/4 failed (expected exactly one .nc inside the returned archive, got ['reanalysis-era5-land-timeseries-sfc-wind3x96ep23.nc', 'reanalysis-era5-land-timeseries-sfc-2m-temperaturez_oheqrg.nc', 'reanalysis-era5-land-timeseries-sfc-radiation-heat80609yep.nc', 'reanalysis-era5-land-timeseries-sfc-pressure-precipitationr6ra9qb0.nc']); retrying in 20s
  ! attempt 1/4 failed (expected exactly one .nc inside the returned archive, got ['reanalysis-era5-land-timeseries-sfc-windvcrv2teu.nc', 'reanalysis-era5-land-timeseries-sfc-2m-temperaturejdsm8csg.nc', 'reanalysis-era5-land-timeseries-sfc-radiation-heat9gkhwmi9.nc', 'reanalysis-era5-land-timeseries-sfc-pressure-precipitationpqhy1krn.nc']); retrying in 20s
  X US-UMB: FAILED -- all 4 attempts failed; last error: expected exactly one .nc inside the returned archive, got ['reanalysis-era5-land-timeseries-sfc-windztcfyiij.nc', 'reanalysis-era5-land-timeseries-sfc-2m-temperature53vvn9x7.nc', 'reanalysis-era5-land-timeseries-sfc-radiation-heatimedq_dg.nc', 'reanalysis-era5-land-timeseries-sfc-pressure-precipitationcf7roo9w.nc']
  > US-PFq: requesting US-PFq_ERA5_Land.nc
  ! attempt 2/4 failed (expected exactly one .nc inside the returned archive, got ['reanalysis-era5-land-timeseries-sfc-windm5ls78eq.nc', 'reanalysis-era5-land-timeseries-sfc-2m-temperature5z5n7_nq.nc', 'reanalysis-era5-land-timeseries-sfc-radiation-heatyhmo8t50.nc', 'reanalysis-era5-land-timeseries-sfc-pressure-precipitation8yel2nl9.nc']); retrying in 40s
  ! attempt 1/4 failed (expected exactly one .nc inside the returned archive, got ['reanalysis-era5-land-timeseries-sfc-wind1q3g93na.nc', 'reanalysis-era5-land-timeseries-sfc-2m-temperatureainnf56o.nc', 'reanalysis-era5-land-timeseries-sfc-radiation-heat2_1uzrs_.nc', 'reanalysis-era5-land-timeseries-sfc-pressure-precipitationa3ydok_u.nc']); retrying in 20s
  ! attempt 2/4 failed (expected exactly one .nc inside the returned archive, got ['reanalysis-era5-land-timeseries-sfc-wind3x96ep23.nc', 'reanalysis-era5-land-timeseries-sfc-2m-temperaturez_oheqrg.nc', 'reanalysis-era5-land-timeseries-sfc-radiation-heat80609yep.nc', 'reanalysis-era5-land-timeseries-sfc-pressure-precipitationr6ra9qb0.nc']); retrying in 40s
  ! attempt 2/4 failed (expected exactly one .nc inside the returned archive, got ['reanalysis-era5-land-timeseries-sfc-windvcrv2teu.nc', 'reanalysis-era5-land-timeseries-sfc-2m-temperaturejdsm8csg.nc', 'reanalysis-era5-land-timeseries-sfc-radiation-heat9gkhwmi9.nc', 'reanalysis-era5-land-timeseries-sfc-pressure-precipitationpqhy1krn.nc']); retrying in 40s
  ! attempt 3/4 failed (expected exactly one .nc inside the returned archive, got ['reanalysis-era5-land-timeseries-sfc-windm5ls78eq.nc', 'reanalysis-era5-land-timeseries-sfc-2m-temperature5z5n7_nq.nc', 'reanalysis-era5-land-timeseries-sfc-radiation-heatyhmo8t50.nc', 'reanalysis-era5-land-timeseries-sfc-pressure-precipitation8yel2nl9.nc']); retrying in 80s
  ! attempt 2/4 failed (expected exactly one .nc inside the returned archive, got ['reanalysis-era5-land-timeseries-sfc-wind1q3g93na.nc', 'reanalysis-era5-land-timeseries-sfc-2m-temperatureainnf56o.nc', 'reanalysis-era5-land-timeseries-sfc-radiation-heat2_1uzrs_.nc', 'reanalysis-era5-land-timeseries-sfc-pressure-precipitationa3ydok_u.nc']); retrying in 40s
  ! attempt 3/4 failed (expected exactly one .nc inside the returned archive, got ['reanalysis-era5-land-timeseries-sfc-wind3x96ep23.nc', 'reanalysis-era5-land-timeseries-sfc-2m-temperaturez_oheqrg.nc', 'reanalysis-era5-land-timeseries-sfc-radiation-heat80609yep.nc', 'reanalysis-era5-land-timeseries-sfc-pressure-precipitationr6ra9qb0.nc']); retrying in 80s
  ! attempt 3/4 failed (expected exactly one .nc inside the returned archive, got ['reanalysis-era5-land-timeseries-sfc-windvcrv2teu.nc', 'reanalysis-era5-land-timeseries-sfc-2m-temperaturejdsm8csg.nc', 'reanalysis-era5-land-timeseries-sfc-radiation-heat9gkhwmi9.nc', 'reanalysis-era5-land-timeseries-sfc-pressure-precipitationpqhy1krn.nc']); retrying in 80s
  ! attempt 3/4 failed (expected exactly one .nc inside the returned archive, got ['reanalysis-era5-land-timeseries-sfc-wind1q3g93na.nc', 'reanalysis-era5-land-timeseries-sfc-2m-temperatureainnf56o.nc', 'reanalysis-era5-land-timeseries-sfc-radiation-heat2_1uzrs_.nc', 'reanalysis-era5-land-timeseries-sfc-pressure-precipitationa3ydok_u.nc']); retrying in 80s
  X US-Wrc: FAILED -- all 4 attempts failed; last error: expected exactly one .nc inside the returned archive, got ['reanalysis-era5-land-timeseries-sfc-windm5ls78eq.nc', 'reanalysis-era5-land-timeseries-sfc-2m-temperature5z5n7_nq.nc', 'reanalysis-era5-land-timeseries-sfc-radiation-heatyhmo8t50.nc', 'reanalysis-era5-land-timeseries-sfc-pressure-precipitation8yel2nl9.nc']
  > US-PFL: requesting US-PFL_ERA5_Land.nc
  ! attempt 1/4 failed (expected exactly one .nc inside the returned archive, got ['reanalysis-era5-land-timeseries-sfc-windnomiz_a9.nc', 'reanalysis-era5-land-timeseries-sfc-2m-temperatureo0iqc0qy.nc', 'reanalysis-era5-land-timeseries-sfc-radiation-heatb2yh0zhr.nc', 'reanalysis-era5-land-timeseries-sfc-pressure-precipitations9gef5gg.nc']); retrying in 20s
  X US-xAB: FAILED -- all 4 attempts failed; last error: expected exactly one .nc inside the returned archive, got ['reanalysis-era5-land-timeseries-sfc-wind3x96ep23.nc', 'reanalysis-era5-land-timeseries-sfc-2m-temperaturez_oheqrg.nc', 'reanalysis-era5-land-timeseries-sfc-radiation-heat80609yep.nc', 'reanalysis-era5-land-timeseries-sfc-pressure-precipitationr6ra9qb0.nc']
  > US-PFh: requesting US-PFh_ERA5_Land.nc
  X US-WCr: FAILED -- all 4 attempts failed; last error: expected exactly one .nc inside the returned archive, got ['reanalysis-era5-land-timeseries-sfc-windvcrv2teu.nc', 'reanalysis-era5-land-timeseries-sfc-2m-temperaturejdsm8csg.nc', 'reanalysis-era5-land-timeseries-sfc-radiation-heat9gkhwmi9.nc', 'reanalysis-era5-land-timeseries-sfc-pressure-precipitationpqhy1krn.nc']
  > US-PFb: requesting US-PFb_ERA5_Land.nc
  X US-PFq: FAILED -- all 4 attempts failed; last error: expected exactly one .nc inside the returned archive, got ['reanalysis-era5-land-timeseries-sfc-wind1q3g93na.nc', 'reanalysis-era5-land-timeseries-sfc-2m-temperatureainnf56o.nc', 'reanalysis-era5-land-timeseries-sfc-radiation-heat2_1uzrs_.nc', 'reanalysis-era5-land-timeseries-sfc-pressure-precipitationa3ydok_u.nc']
  > US-NMj: requesting US-NMj_ERA5_Land.nc
  ! attempt 1/4 failed (expected exactly one .nc inside the returned archive, got ['reanalysis-era5-land-timeseries-sfc-windeb1utf_j.nc', 'reanalysis-era5-land-timeseries-sfc-2m-temperaturen0umovco.nc', 'reanalysis-era5-land-timeseries-sfc-radiation-heatybg4h21u.nc', 'reanalysis-era5-land-timeseries-sfc-pressure-precipitation6tyoplhy.nc']); retrying in 20s
  ! attempt 1/4 failed (expected exactly one .nc inside the returned archive, got ['reanalysis-era5-land-timeseries-sfc-windwqxwe62_.nc', 'reanalysis-era5-land-timeseries-sfc-2m-temperaturemiyxjqu0.nc', 'reanalysis-era5-land-timeseries-sfc-radiation-heataqpaffvk.nc', 'reanalysis-era5-land-timeseries-sfc-pressure-precipitationa493qe6w.nc']); retrying in 20s
  ! attempt 1/4 failed (expected exactly one .nc inside the returned archive, got ['reanalysis-era5-land-timeseries-sfc-windx7bqmuka.nc', 'reanalysis-era5-land-timeseries-sfc-2m-temperaturenhha_4nt.nc', 'reanalysis-era5-land-timeseries-sfc-radiation-heatv85t7z3j.nc', 'reanalysis-era5-land-timeseries-sfc-pressure-precipitationmec50_up.nc']); retrying in 20s
  ! attempt 2/4 failed (expected exactly one .nc inside the returned archive, got ['reanalysis-era5-land-timeseries-sfc-windeb1utf_j.nc', 'reanalysis-era5-land-timeseries-sfc-2m-temperaturen0umovco.nc', 'reanalysis-era5-land-timeseries-sfc-radiation-heatybg4h21u.nc', 'reanalysis-era5-land-timeseries-sfc-pressure-precipitation6tyoplhy.nc']); retrying in 40s
  ! attempt 2/4 failed (expected exactly one .nc inside the returned archive, got ['reanalysis-era5-land-timeseries-sfc-windwqxwe62_.nc', 'reanalysis-era5-land-timeseries-sfc-2m-temperaturemiyxjqu0.nc', 'reanalysis-era5-land-timeseries-sfc-radiation-heataqpaffvk.nc', 'reanalysis-era5-land-timeseries-sfc-pressure-precipitationa493qe6w.nc']); retrying in 40s
  ! attempt 2/4 failed (expected exactly one .nc inside the returned archive, got ['reanalysis-era5-land-timeseries-sfc-windx7bqmuka.nc', 'reanalysis-era5-land-timeseries-sfc-2m-temperaturenhha_4nt.nc', 'reanalysis-era5-land-timeseries-sfc-radiation-heatv85t7z3j.nc', 'reanalysis-era5-land-timeseries-sfc-pressure-precipitationmec50_up.nc']); retrying in 40s
  ! attempt 3/4 failed (expected exactly one .nc inside the returned archive, got ['reanalysis-era5-land-timeseries-sfc-windeb1utf_j.nc', 'reanalysis-era5-land-timeseries-sfc-2m-temperaturen0umovco.nc', 'reanalysis-era5-land-timeseries-sfc-radiation-heatybg4h21u.nc', 'reanalysis-era5-land-timeseries-sfc-pressure-precipitation6tyoplhy.nc']); retrying in 80s
  ! attempt 2/4 failed (expected exactly one .nc inside the returned archive, got ['reanalysis-era5-land-timeseries-sfc-windnomiz_a9.nc', 'reanalysis-era5-land-timeseries-sfc-2m-temperatureo0iqc0qy.nc', 'reanalysis-era5-land-timeseries-sfc-radiation-heatb2yh0zhr.nc', 'reanalysis-era5-land-timeseries-sfc-pressure-precipitations9gef5gg.nc']); retrying in 40s
  ! attempt 3/4 failed (expected exactly one .nc inside the returned archive, got ['reanalysis-era5-land-timeseries-sfc-windwqxwe62_.nc', 'reanalysis-era5-land-timeseries-sfc-2m-temperaturemiyxjqu0.nc', 'reanalysis-era5-land-timeseries-sfc-radiation-heataqpaffvk.nc', 'reanalysis-era5-land-timeseries-sfc-pressure-precipitationa493qe6w.nc']); retrying in 80s
  ! attempt 3/4 failed (expected exactly one .nc inside the returned archive, got ['reanalysis-era5-land-timeseries-sfc-windx7bqmuka.nc', 'reanalysis-era5-land-timeseries-sfc-2m-temperaturenhha_4nt.nc', 'reanalysis-era5-land-timeseries-sfc-radiation-heatv85t7z3j.nc', 'reanalysis-era5-land-timeseries-sfc-pressure-precipitationmec50_up.nc']); retrying in 80s
  ! attempt 3/4 failed (expected exactly one .nc inside the returned archive, got ['reanalysis-era5-land-timeseries-sfc-windnomiz_a9.nc', 'reanalysis-era5-land-timeseries-sfc-2m-temperatureo0iqc0qy.nc', 'reanalysis-era5-land-timeseries-sfc-radiation-heatb2yh0zhr.nc', 'reanalysis-era5-land-timeseries-sfc-pressure-precipitations9gef5gg.nc']); retrying in 80s
  X US-PFh: FAILED -- all 4 attempts failed; last error: expected exactly one .nc inside the returned archive, got ['reanalysis-era5-land-timeseries-sfc-windeb1utf_j.nc', 'reanalysis-era5-land-timeseries-sfc-2m-temperaturen0umovco.nc', 'reanalysis-era5-land-timeseries-sfc-radiation-heatybg4h21u.nc', 'reanalysis-era5-land-timeseries-sfc-pressure-precipitation6tyoplhy.nc']
  > US-Wi0: requesting US-Wi0_ERA5_Land.nc
  ! attempt 1/4 failed (expected exactly one .nc inside the returned archive, got ['reanalysis-era5-land-timeseries-sfc-windtfiy4vrn.nc', 'reanalysis-era5-land-timeseries-sfc-2m-temperature938iuw5q.nc', 'reanalysis-era5-land-timeseries-sfc-radiation-heat3zv6q7yx.nc', 'reanalysis-era5-land-timeseries-sfc-pressure-precipitationvwrq40bo.nc']); retrying in 20s
  X US-NMj: FAILED -- all 4 attempts failed; last error: expected exactly one .nc inside the returned archive, got ['reanalysis-era5-land-timeseries-sfc-windwqxwe62_.nc', 'reanalysis-era5-land-timeseries-sfc-2m-temperaturemiyxjqu0.nc', 'reanalysis-era5-land-timeseries-sfc-radiation-heataqpaffvk.nc', 'reanalysis-era5-land-timeseries-sfc-pressure-precipitationa493qe6w.nc']
  > US-Wi5: requesting US-Wi5_ERA5_Land.nc
  X US-PFb: FAILED -- all 4 attempts failed; last error: expected exactly one .nc inside the returned archive, got ['reanalysis-era5-land-timeseries-sfc-windx7bqmuka.nc', 'reanalysis-era5-land-timeseries-sfc-2m-temperaturenhha_4nt.nc', 'reanalysis-era5-land-timeseries-sfc-radiation-heatv85t7z3j.nc', 'reanalysis-era5-land-timeseries-sfc-pressure-precipitationmec50_up.nc']
  > US-Wi1: requesting US-Wi1_ERA5_Land.nc
  ! attempt 2/4 failed (expected exactly one .nc inside the returned archive, got ['reanalysis-era5-land-timeseries-sfc-windtfiy4vrn.nc', 'reanalysis-era5-land-timeseries-sfc-2m-temperature938iuw5q.nc', 'reanalysis-era5-land-timeseries-sfc-radiation-heat3zv6q7yx.nc', 'reanalysis-era5-land-timeseries-sfc-pressure-precipitationvwrq40bo.nc']); retrying in 40s
  X US-PFL: FAILED -- all 4 attempts failed; last error: expected exactly one .nc inside the returned archive, got ['reanalysis-era5-land-timeseries-sfc-windnomiz_a9.nc', 'reanalysis-era5-land-timeseries-sfc-2m-temperatureo0iqc0qy.nc', 'reanalysis-era5-land-timeseries-sfc-radiation-heatb2yh0zhr.nc', 'reanalysis-era5-land-timeseries-sfc-pressure-precipitations9gef5gg.nc']
  > US-Wi8: requesting US-Wi8_ERA5_Land.nc
  ! attempt 1/4 failed (expected exactly one .nc inside the returned archive, got ['reanalysis-era5-land-timeseries-sfc-wind18x1g675.nc', 'reanalysis-era5-land-timeseries-sfc-2m-temperaturewfoegh9z.nc', 'reanalysis-era5-land-timeseries-sfc-radiation-heatr_1m2nqc.nc', 'reanalysis-era5-land-timeseries-sfc-pressure-precipitationezhcz_7y.nc']); retrying in 20s
  ! attempt 1/4 failed (expected exactly one .nc inside the returned archive, got ['reanalysis-era5-land-timeseries-sfc-winds0lmtvg9.nc', 'reanalysis-era5-land-timeseries-sfc-2m-temperature_46mpw5u.nc', 'reanalysis-era5-land-timeseries-sfc-radiation-heatzj5dnv0_.nc', 'reanalysis-era5-land-timeseries-sfc-pressure-precipitation9ex07g5u.nc']); retrying in 20s
  ! attempt 2/4 failed (expected exactly one .nc inside the returned archive, got ['reanalysis-era5-land-timeseries-sfc-wind18x1g675.nc', 'reanalysis-era5-land-timeseries-sfc-2m-temperaturewfoegh9z.nc', 'reanalysis-era5-land-timeseries-sfc-radiation-heatr_1m2nqc.nc', 'reanalysis-era5-land-timeseries-sfc-pressure-precipitationezhcz_7y.nc']); retrying in 40s
  ! attempt 1/4 failed (expected exactly one .nc inside the returned archive, got ['reanalysis-era5-land-timeseries-sfc-wind5fj3j68v.nc', 'reanalysis-era5-land-timeseries-sfc-2m-temperatureo7uo6a4z.nc', 'reanalysis-era5-land-timeseries-sfc-radiation-heatbas36r38.nc', 'reanalysis-era5-land-timeseries-sfc-pressure-precipitation5_t4st89.nc']); retrying in 20s
  ! attempt 3/4 failed (expected exactly one .nc inside the returned archive, got ['reanalysis-era5-land-timeseries-sfc-windtfiy4vrn.nc', 'reanalysis-era5-land-timeseries-sfc-2m-temperature938iuw5q.nc', 'reanalysis-era5-land-timeseries-sfc-radiation-heat3zv6q7yx.nc', 'reanalysis-era5-land-timeseries-sfc-pressure-precipitationvwrq40bo.nc']); retrying in 80s
  ! attempt 3/4 failed (expected exactly one .nc inside the returned archive, got ['reanalysis-era5-land-timeseries-sfc-wind18x1g675.nc', 'reanalysis-era5-land-timeseries-sfc-2m-temperaturewfoegh9z.nc', 'reanalysis-era5-land-timeseries-sfc-radiation-heatr_1m2nqc.nc', 'reanalysis-era5-land-timeseries-sfc-pressure-precipitationezhcz_7y.nc']); retrying in 80s
  ! attempt 2/4 failed (expected exactly one .nc inside the returned archive, got ['reanalysis-era5-land-timeseries-sfc-wind5fj3j68v.nc', 'reanalysis-era5-land-timeseries-sfc-2m-temperatureo7uo6a4z.nc', 'reanalysis-era5-land-timeseries-sfc-radiation-heatbas36r38.nc', 'reanalysis-era5-land-timeseries-sfc-pressure-precipitation5_t4st89.nc']); retrying in 40s
  ! attempt 2/4 failed (expected exactly one .nc inside the returned archive, got ['reanalysis-era5-land-timeseries-sfc-winds0lmtvg9.nc', 'reanalysis-era5-land-timeseries-sfc-2m-temperature_46mpw5u.nc', 'reanalysis-era5-land-timeseries-sfc-radiation-heatzj5dnv0_.nc', 'reanalysis-era5-land-timeseries-sfc-pressure-precipitation9ex07g5u.nc']); retrying in 40s
  X US-Wi0: FAILED -- all 4 attempts failed; last error: expected exactly one .nc inside the returned archive, got ['reanalysis-era5-land-timeseries-sfc-windtfiy4vrn.nc', 'reanalysis-era5-land-timeseries-sfc-2m-temperature938iuw5q.nc', 'reanalysis-era5-land-timeseries-sfc-radiation-heat3zv6q7yx.nc', 'reanalysis-era5-land-timeseries-sfc-pressure-precipitationvwrq40bo.nc']
  > US-TEF: requesting US-TEF_ERA5_Land.nc
  ! attempt 3/4 failed (expected exactly one .nc inside the returned archive, got ['reanalysis-era5-land-timeseries-sfc-wind5fj3j68v.nc', 'reanalysis-era5-land-timeseries-sfc-2m-temperatureo7uo6a4z.nc', 'reanalysis-era5-land-timeseries-sfc-radiation-heatbas36r38.nc', 'reanalysis-era5-land-timeseries-sfc-pressure-precipitation5_t4st89.nc']); retrying in 80s
  ! attempt 3/4 failed (expected exactly one .nc inside the returned archive, got ['reanalysis-era5-land-timeseries-sfc-winds0lmtvg9.nc', 'reanalysis-era5-land-timeseries-sfc-2m-temperature_46mpw5u.nc', 'reanalysis-era5-land-timeseries-sfc-radiation-heatzj5dnv0_.nc', 'reanalysis-era5-land-timeseries-sfc-pressure-precipitation9ex07g5u.nc']); retrying in 80s
  ! attempt 1/4 failed (expected exactly one .nc inside the returned archive, got ['reanalysis-era5-land-timeseries-sfc-windoa_dhu6i.nc', 'reanalysis-era5-land-timeseries-sfc-2m-temperatureuyzszk94.nc', 'reanalysis-era5-land-timeseries-sfc-radiation-heatsuriuven.nc', 'reanalysis-era5-land-timeseries-sfc-pressure-precipitation4n0ovwat.nc']); retrying in 20s
  X US-Wi5: FAILED -- all 4 attempts failed; last error: expected exactly one .nc inside the returned archive, got ['reanalysis-era5-land-timeseries-sfc-wind18x1g675.nc', 'reanalysis-era5-land-timeseries-sfc-2m-temperaturewfoegh9z.nc', 'reanalysis-era5-land-timeseries-sfc-radiation-heatr_1m2nqc.nc', 'reanalysis-era5-land-timeseries-sfc-pressure-precipitationezhcz_7y.nc']
  > US-Blk: requesting US-Blk_ERA5_Land.nc
  ! attempt 2/4 failed (expected exactly one .nc inside the returned archive, got ['reanalysis-era5-land-timeseries-sfc-windoa_dhu6i.nc', 'reanalysis-era5-land-timeseries-sfc-2m-temperatureuyzszk94.nc', 'reanalysis-era5-land-timeseries-sfc-radiation-heatsuriuven.nc', 'reanalysis-era5-land-timeseries-sfc-pressure-precipitation4n0ovwat.nc']); retrying in 40s
  ! attempt 1/4 failed (expected exactly one .nc inside the returned archive, got ['reanalysis-era5-land-timeseries-sfc-wind8__opdy1.nc', 'reanalysis-era5-land-timeseries-sfc-2m-temperatureoxrhs08i.nc', 'reanalysis-era5-land-timeseries-sfc-radiation-heat7nyjlwt4.nc', 'reanalysis-era5-land-timeseries-sfc-pressure-precipitationgmd0n2li.nc']); retrying in 20s
  X US-Wi1: FAILED -- all 4 attempts failed; last error: expected exactly one .nc inside the returned archive, got ['reanalysis-era5-land-timeseries-sfc-winds0lmtvg9.nc', 'reanalysis-era5-land-timeseries-sfc-2m-temperature_46mpw5u.nc', 'reanalysis-era5-land-timeseries-sfc-radiation-heatzj5dnv0_.nc', 'reanalysis-era5-land-timeseries-sfc-pressure-precipitation9ex07g5u.nc']
  X US-Wi8: FAILED -- all 4 attempts failed; last error: expected exactly one .nc inside the returned archive, got ['reanalysis-era5-land-timeseries-sfc-wind5fj3j68v.nc', 'reanalysis-era5-land-timeseries-sfc-2m-temperatureo7uo6a4z.nc', 'reanalysis-era5-land-timeseries-sfc-radiation-heatbas36r38.nc', 'reanalysis-era5-land-timeseries-sfc-pressure-precipitation5_t4st89.nc']
  ! attempt 3/4 failed (expected exactly one .nc inside the returned archive, got ['reanalysis-era5-land-timeseries-sfc-windoa_dhu6i.nc', 'reanalysis-era5-land-timeseries-sfc-2m-temperatureuyzszk94.nc', 'reanalysis-era5-land-timeseries-sfc-radiation-heatsuriuven.nc', 'reanalysis-era5-land-timeseries-sfc-pressure-precipitation4n0ovwat.nc']); retrying in 80s
  ! attempt 2/4 failed (expected exactly one .nc inside the returned archive, got ['reanalysis-era5-land-timeseries-sfc-wind8__opdy1.nc', 'reanalysis-era5-land-timeseries-sfc-2m-temperatureoxrhs08i.nc', 'reanalysis-era5-land-timeseries-sfc-radiation-heat7nyjlwt4.nc', 'reanalysis-era5-land-timeseries-sfc-pressure-precipitationgmd0n2li.nc']); retrying in 40s
  ! attempt 3/4 failed (expected exactly one .nc inside the returned archive, got ['reanalysis-era5-land-timeseries-sfc-wind8__opdy1.nc', 'reanalysis-era5-land-timeseries-sfc-2m-temperatureoxrhs08i.nc', 'reanalysis-era5-land-timeseries-sfc-radiation-heat7nyjlwt4.nc', 'reanalysis-era5-land-timeseries-sfc-pressure-precipitationgmd0n2li.nc']); retrying in 80s
  X US-TEF: FAILED -- all 4 attempts failed; last error: expected exactly one .nc inside the returned archive, got ['reanalysis-era5-land-timeseries-sfc-windoa_dhu6i.nc', 'reanalysis-era5-land-timeseries-sfc-2m-temperatureuyzszk94.nc', 'reanalysis-era5-land-timeseries-sfc-radiation-heatsuriuven.nc', 'reanalysis-era5-land-timeseries-sfc-pressure-precipitation4n0ovwat.nc']
  X US-Blk: FAILED -- all 4 attempts failed; last error: expected exactly one .nc inside the returned archive, got ['reanalysis-era5-land-timeseries-sfc-wind8__opdy1.nc', 'reanalysis-era5-land-timeseries-sfc-2m-temperatureoxrhs08i.nc', 'reanalysis-era5-land-timeseries-sfc-radiation-heat7nyjlwt4.nc', 'reanalysis-era5-land-timeseries-sfc-pressure-precipitationgmd0n2li.nc']

stations completed: 0/118
failed grid cells : 80
  - US-KS1: all 4 attempts failed; last error: expected exactly one .nc inside the returned archive, got ['reanalysis-era5-land-timeseries-sfc-wind6q91ip9z.nc', 'reanalysis-era5-land-timeseries-sfc-2m-temperaturenlkrmm76.nc', 'reanalysis-era5-land-timeseries-sfc-radiation-heatqy5ze9wx.nc', 'reanalysis-era5-land-timeseries-sfc-pressure-precipitationcsyq67jr.nc']
  - US-DPP: all 4 attempts failed; last error: expected exactly one .nc inside the returned archive, got ['reanalysis-era5-land-timeseries-sfc-windzoe1ip__.nc', 'reanalysis-era5-land-timeseries-sfc-2m-temperature096elo52.nc', 'reanalysis-era5-land-timeseries-sfc-radiation-heaty2aczyfj.nc', 'reanalysis-era5-land-timeseries-sfc-pressure-precipitationfg2lxmr5.nc']
  - US-xSB: all 4 attempts failed; last error: expected exactly one .nc inside the returned archive, got ['reanalysis-era5-land-timeseries-sfc-wind01ty9ejg.nc', 'reanalysis-era5-land-timeseries-sfc-2m-temperatureki0jeanb.nc', 'reanalysis-era5-land-timeseries-sfc-radiation-heat2aof_wvu.nc', 'reanalysis-era5-land-timeseries-sfc-pressure-precipitationmauuqqt0.nc']
  - US-SP1: all 4 attempts failed; last error: expected exactly one .nc inside the returned archive, got ['reanalysis-era5-land-timeseries-sfc-wind9nbw4iyr.nc', 'reanalysis-era5-land-timeseries-sfc-2m-temperatureareivdo3.nc', 'reanalysis-era5-land-timeseries-sfc-radiation-heatnituvgs1.nc', 'reanalysis-era5-land-timeseries-sfc-pressure-precipitation30rskqfu.nc']
  - US-xJE: all 4 attempts failed; last error: expected exactly one .nc inside the returned archive, got ['reanalysis-era5-land-timeseries-sfc-windhnru9862.nc', 'reanalysis-era5-land-timeseries-sfc-2m-temperature6yipw166.nc', 'reanalysis-era5-land-timeseries-sfc-radiation-heat0zq0u9s7.nc', 'reanalysis-era5-land-timeseries-sfc-pressure-precipitationkd12yibc.nc']
  - US-CRK: all 4 attempts failed; last error: expected exactly one .nc inside the returned archive, got ['reanalysis-era5-land-timeseries-sfc-wind8dl8r2q9.nc', 'reanalysis-era5-land-timeseries-sfc-2m-temperature6v0n6qa0.nc', 'reanalysis-era5-land-timeseries-sfc-radiation-heat5w2opu92.nc', 'reanalysis-era5-land-timeseries-sfc-pressure-precipitationyxw2bv8g.nc']
  - US-SP2: all 4 attempts failed; last error: expected exactly one .nc inside the returned archive, got ['reanalysis-era5-land-timeseries-sfc-wind6iu19fmx.nc', 'reanalysis-era5-land-timeseries-sfc-2m-temperatureajjpdwib.nc', 'reanalysis-era5-land-timeseries-sfc-radiation-heatagz9y6oe.nc', 'reanalysis-era5-land-timeseries-sfc-pressure-precipitatione_ue_bgu.nc']
  - US-xLE: all 4 attempts failed; last error: expected exactly one .nc inside the returned archive, got ['reanalysis-era5-land-timeseries-sfc-windhe2iq0dt.nc', 'reanalysis-era5-land-timeseries-sfc-2m-temperaturegf632rgu.nc', 'reanalysis-era5-land-timeseries-sfc-radiation-heat8yq_yza8.nc', 'reanalysis-era5-land-timeseries-sfc-pressure-precipitationv1y9s8vo.nc']
  - US-MtB: all 4 attempts failed; last error: expected exactly one .nc inside the returned archive, got ['reanalysis-era5-land-timeseries-sfc-windu6433_04.nc', 'reanalysis-era5-land-timeseries-sfc-2m-temperaturedlaz2j1i.nc', 'reanalysis-era5-land-timeseries-sfc-radiation-heat20kn0c9p.nc', 'reanalysis-era5-land-timeseries-sfc-pressure-precipitationx5i_5sco.nc']
  - US-xTA: all 4 attempts failed; last error: expected exactly one .nc inside the returned archive, got ['reanalysis-era5-land-timeseries-sfc-windrzr99ui6.nc', 'reanalysis-era5-land-timeseries-sfc-2m-temperature4vwwgir0.nc', 'reanalysis-era5-land-timeseries-sfc-radiation-heatls4we149.nc', 'reanalysis-era5-land-timeseries-sfc-pressure-precipitationgx5_dils.nc']
  - US-Cst: all 4 attempts failed; last error: expected exactly one .nc inside the returned archive, got ['reanalysis-era5-land-timeseries-sfc-windyq4awnx2.nc', 'reanalysis-era5-land-timeseries-sfc-2m-temperaturemp5svi3e.nc', 'reanalysis-era5-land-timeseries-sfc-radiation-heat3aumt8_c.nc', 'reanalysis-era5-land-timeseries-sfc-pressure-precipitationl7quxw7y.nc']
  - US-HB5: all 4 attempts failed; last error: expected exactly one .nc inside the returned archive, got ['reanalysis-era5-land-timeseries-sfc-windugjpeus4.nc', 'reanalysis-era5-land-timeseries-sfc-2m-temperatureftd8nyib.nc', 'reanalysis-era5-land-timeseries-sfc-radiation-heatb7c9p2i4.nc', 'reanalysis-era5-land-timeseries-sfc-pressure-precipitationq04uy1o0.nc']
  - US-Sx2: all 4 attempts failed; last error: expected exactly one .nc inside the returned archive, got ['reanalysis-era5-land-timeseries-sfc-windlfnc3zgh.nc', 'reanalysis-era5-land-timeseries-sfc-2m-temperature_0tj2wt6.nc', 'reanalysis-era5-land-timeseries-sfc-radiation-heattx_zrmmt.nc', 'reanalysis-era5-land-timeseries-sfc-pressure-precipitationmo9bns_a.nc']
  - US-HB6: all 4 attempts failed; last error: expected exactly one .nc inside the returned archive, got ['reanalysis-era5-land-timeseries-sfc-winddfhv7td8.nc', 'reanalysis-era5-land-timeseries-sfc-2m-temperature1f1a8icu.nc', 'reanalysis-era5-land-timeseries-sfc-radiation-heat7ukg95sa.nc', 'reanalysis-era5-land-timeseries-sfc-pressure-precipitationcc0je6np.nc']
  - US-HB2: all 4 attempts failed; last error: expected exactly one .nc inside the returned archive, got ['reanalysis-era5-land-timeseries-sfc-wind14sql1dq.nc', 'reanalysis-era5-land-timeseries-sfc-2m-temperature2syz7t03.nc', 'reanalysis-era5-land-timeseries-sfc-radiation-heatpduohanf.nc', 'reanalysis-era5-land-timeseries-sfc-pressure-precipitationmjl2xpzx.nc']
  - US-Fmf: all 4 attempts failed; last error: expected exactly one .nc inside the returned archive, got ['reanalysis-era5-land-timeseries-sfc-windoc1ck9t5.nc', 'reanalysis-era5-land-timeseries-sfc-2m-temperature4topr2fm.nc', 'reanalysis-era5-land-timeseries-sfc-radiation-heatci4ymr7p.nc', 'reanalysis-era5-land-timeseries-sfc-pressure-precipitation91k97xkr.nc']
  - US-Fuf: all 4 attempts failed; last error: expected exactly one .nc inside the returned archive, got ['reanalysis-era5-land-timeseries-sfc-windluyym1kc.nc', 'reanalysis-era5-land-timeseries-sfc-2m-temperature0nedl264.nc', 'reanalysis-era5-land-timeseries-sfc-radiation-heatn09t96fd.nc', 'reanalysis-era5-land-timeseries-sfc-pressure-precipitationmuj4vee3.nc']
  - US-Cwt: all 4 attempts failed; last error: expected exactly one .nc inside the returned archive, got ['reanalysis-era5-land-timeseries-sfc-wind50fu3rej.nc', 'reanalysis-era5-land-timeseries-sfc-2m-temperaturex_nj200b.nc', 'reanalysis-era5-land-timeseries-sfc-radiation-heatkzdlefd9.nc', 'reanalysis-era5-land-timeseries-sfc-pressure-precipitationny8_ctq0.nc']
  - US-xGR: all 4 attempts failed; last error: expected exactly one .nc inside the returned archive, got ['reanalysis-era5-land-timeseries-sfc-windksedsze2.nc', 'reanalysis-era5-land-timeseries-sfc-2m-temperaturehmghk5rf.nc', 'reanalysis-era5-land-timeseries-sfc-radiation-heat5odg2uq5.nc', 'reanalysis-era5-land-timeseries-sfc-pressure-precipitationpi6kmpss.nc']
  - US-NC1: all 4 attempts failed; last error: expected exactly one .nc inside the returned archive, got ['reanalysis-era5-land-timeseries-sfc-wind6m0pqohe.nc', 'reanalysis-era5-land-timeseries-sfc-2m-temperature4n6p6tz9.nc', 'reanalysis-era5-land-timeseries-sfc-radiation-heat6r5ikbq_.nc', 'reanalysis-era5-land-timeseries-sfc-pressure-precipitationiz6bz9a9.nc']
  - US-Vcm: all 4 attempts failed; last error: expected exactly one .nc inside the returned archive, got ['reanalysis-era5-land-timeseries-sfc-winde1kr9maq.nc', 'reanalysis-era5-land-timeseries-sfc-2m-temperaturexy_6c52t.nc', 'reanalysis-era5-land-timeseries-sfc-radiation-heatxu8_psyw.nc', 'reanalysis-era5-land-timeseries-sfc-pressure-precipitation1_7xllsg.nc']
  - US-Vcp: all 4 attempts failed; last error: expected exactly one .nc inside the returned archive, got ['reanalysis-era5-land-timeseries-sfc-windtf3zxr1_.nc', 'reanalysis-era5-land-timeseries-sfc-2m-temperaturelrraoqeu.nc', 'reanalysis-era5-land-timeseries-sfc-radiation-heat1_5zlmdp.nc', 'reanalysis-era5-land-timeseries-sfc-pressure-precipitationdjl5ven5.nc']
  - US-ChR: all 4 attempts failed; last error: expected exactly one .nc inside the returned archive, got ['reanalysis-era5-land-timeseries-sfc-windbh2d52ry.nc', 'reanalysis-era5-land-timeseries-sfc-2m-temperaturec4qupgxg.nc', 'reanalysis-era5-land-timeseries-sfc-radiation-heat2srup2nb.nc', 'reanalysis-era5-land-timeseries-sfc-pressure-precipitationztzeeyn4.nc']
  - US-Dk2: all 4 attempts failed; last error: expected exactly one .nc inside the returned archive, got ['reanalysis-era5-land-timeseries-sfc-wind9gpqopw7.nc', 'reanalysis-era5-land-timeseries-sfc-2m-temperatureoot6cclx.nc', 'reanalysis-era5-land-timeseries-sfc-radiation-heati6fe44si.nc', 'reanalysis-era5-land-timeseries-sfc-pressure-precipitationff2z49jq.nc']
  - US-WBW: all 4 attempts failed; last error: expected exactly one .nc inside the returned archive, got ['reanalysis-era5-land-timeseries-sfc-windzj2bz94l.nc', 'reanalysis-era5-land-timeseries-sfc-2m-temperatureki5u2sk3.nc', 'reanalysis-era5-land-timeseries-sfc-radiation-heatv8aycrxm.nc', 'reanalysis-era5-land-timeseries-sfc-pressure-precipitationnbs2az6e.nc']
  - US-NC5: all 4 attempts failed; last error: expected exactly one .nc inside the returned archive, got ['reanalysis-era5-land-timeseries-sfc-wind20b5qmb6.nc', 'reanalysis-era5-land-timeseries-sfc-2m-temperatureroa7jm_1.nc', 'reanalysis-era5-land-timeseries-sfc-radiation-heatxkr4wkef.nc', 'reanalysis-era5-land-timeseries-sfc-pressure-precipitationwvjiuz4t.nc']
  - US-xTE: all 4 attempts failed; last error: expected exactly one .nc inside the returned archive, got ['reanalysis-era5-land-timeseries-sfc-windbhsvfdgh.nc', 'reanalysis-era5-land-timeseries-sfc-2m-temperaturejsdbe965.nc', 'reanalysis-era5-land-timeseries-sfc-radiation-heatrbeia36a.nc', 'reanalysis-era5-land-timeseries-sfc-pressure-precipitationxj1k0ht5.nc']
  - US-CZ2: all 4 attempts failed; last error: expected exactly one .nc inside the returned archive, got ['reanalysis-era5-land-timeseries-sfc-wind2iez0i_p.nc', 'reanalysis-era5-land-timeseries-sfc-2m-temperatureajq09aak.nc', 'reanalysis-era5-land-timeseries-sfc-radiation-heat6wv7dwdi.nc', 'reanalysis-era5-land-timeseries-sfc-pressure-precipitation_t29uc41.nc']
  - US-CZ3: all 4 attempts failed; last error: expected exactly one .nc inside the returned archive, got ['reanalysis-era5-land-timeseries-sfc-windxr9ihfj7.nc', 'reanalysis-era5-land-timeseries-sfc-2m-temperature6sv7l9og.nc', 'reanalysis-era5-land-timeseries-sfc-radiation-heat6smyjxqp.nc', 'reanalysis-era5-land-timeseries-sfc-pressure-precipitationmc9ngejw.nc']
  - US-CZ4: all 4 attempts failed; last error: expected exactly one .nc inside the returned archive, got ['reanalysis-era5-land-timeseries-sfc-wind869xq8_w.nc', 'reanalysis-era5-land-timeseries-sfc-2m-temperature0s9vjaqn.nc', 'reanalysis-era5-land-timeseries-sfc-radiation-heatoka79oy6.nc', 'reanalysis-era5-land-timeseries-sfc-pressure-precipitation51yl0gca.nc']
  - US-xML: all 4 attempts failed; last error: expected exactly one .nc inside the returned archive, got ['reanalysis-era5-land-timeseries-sfc-windvpqmclwc.nc', 'reanalysis-era5-land-timeseries-sfc-2m-temperature7hw6vc53.nc', 'reanalysis-era5-land-timeseries-sfc-radiation-heatw7teqpto.nc', 'reanalysis-era5-land-timeseries-sfc-pressure-precipitationje7gkyxr.nc']
  - US-SB1: all 4 attempts failed; last error: expected exactly one .nc inside the returned archive, got ['reanalysis-era5-land-timeseries-sfc-windpcyms7rf.nc', 'reanalysis-era5-land-timeseries-sfc-2m-temperatureopjeei5a.nc', 'reanalysis-era5-land-timeseries-sfc-radiation-heatw5wdurgk.nc', 'reanalysis-era5-land-timeseries-sfc-pressure-precipitationbtcmqohh.nc']
  - US-Blo: all 4 attempts failed; last error: expected exactly one .nc inside the returned archive, got ['reanalysis-era5-land-timeseries-sfc-windqa7gbidn.nc', 'reanalysis-era5-land-timeseries-sfc-2m-temperature4vmqp5vf.nc', 'reanalysis-era5-land-timeseries-sfc-radiation-heat7sqzo7bj.nc', 'reanalysis-era5-land-timeseries-sfc-pressure-precipitationgrkiykxj.nc']
  - US-MOz: all 4 attempts failed; last error: expected exactly one .nc inside the returned archive, got ['reanalysis-era5-land-timeseries-sfc-wind69xjgky9.nc', 'reanalysis-era5-land-timeseries-sfc-2m-temperatureffq5ffyk.nc', 'reanalysis-era5-land-timeseries-sfc-radiation-heat560lvynl.nc', 'reanalysis-era5-land-timeseries-sfc-pressure-precipitationnpqm78kj.nc']
  - US-xSE: all 4 attempts failed; last error: expected exactly one .nc inside the returned archive, got ['reanalysis-era5-land-timeseries-sfc-winde7wuyqjk.nc', 'reanalysis-era5-land-timeseries-sfc-2m-temperature0yoak8by.nc', 'reanalysis-era5-land-timeseries-sfc-radiation-heatwysqkhe7.nc', 'reanalysis-era5-land-timeseries-sfc-pressure-precipitationxi5dchxh.nc']
  - US-xSC: all 4 attempts failed; last error: expected exactly one .nc inside the returned archive, got ['reanalysis-era5-land-timeseries-sfc-wind3slwmqug.nc', 'reanalysis-era5-land-timeseries-sfc-2m-temperaturejp3y_vtw.nc', 'reanalysis-era5-land-timeseries-sfc-radiation-heatj40nj4zd.nc', 'reanalysis-era5-land-timeseries-sfc-pressure-precipitationqvmfhhch.nc']
  - US-MEF: all 4 attempts failed; last error: expected exactly one .nc inside the returned archive, got ['reanalysis-era5-land-timeseries-sfc-windmrra3xvt.nc', 'reanalysis-era5-land-timeseries-sfc-2m-temperatureoibi3g3i.nc', 'reanalysis-era5-land-timeseries-sfc-radiation-heat_otbcjfw.nc', 'reanalysis-era5-land-timeseries-sfc-pressure-precipitationthbh_bh9.nc']
  - US-xUK: all 4 attempts failed; last error: expected exactly one .nc inside the returned archive, got ['reanalysis-era5-land-timeseries-sfc-wind2gh4klfq.nc', 'reanalysis-era5-land-timeseries-sfc-2m-temperaturezu8fzr9_.nc', 'reanalysis-era5-land-timeseries-sfc-radiation-heatzdky3uvr.nc', 'reanalysis-era5-land-timeseries-sfc-pressure-precipitation7wjldc9h.nc']
  - US-xBL: all 4 attempts failed; last error: expected exactly one .nc inside the returned archive, got ['reanalysis-era5-land-timeseries-sfc-winddhfizchr.nc', 'reanalysis-era5-land-timeseries-sfc-2m-temperatureavmhdqvd.nc', 'reanalysis-era5-land-timeseries-sfc-radiation-heatw07tqnz3.nc', 'reanalysis-era5-land-timeseries-sfc-pressure-precipitation19khud1i.nc']
  - US-MMS: all 4 attempts failed; last error: expected exactly one .nc inside the returned archive, got ['reanalysis-era5-land-timeseries-sfc-windgetfqetr.nc', 'reanalysis-era5-land-timeseries-sfc-2m-temperaturecztoq9vw.nc', 'reanalysis-era5-land-timeseries-sfc-radiation-heatjjr9vcb7.nc', 'reanalysis-era5-land-timeseries-sfc-pressure-precipitationgbwz46iq.nc']
  - US-SHC: all 4 attempts failed; last error: expected exactly one .nc inside the returned archive, got ['reanalysis-era5-land-timeseries-sfc-wind1emot_go.nc', 'reanalysis-era5-land-timeseries-sfc-2m-temperaturea1qianyg.nc', 'reanalysis-era5-land-timeseries-sfc-radiation-heatuet78wh0.nc', 'reanalysis-era5-land-timeseries-sfc-pressure-precipitationa4y7d6h5.nc']
  - US-JFP: all 4 attempts failed; last error: expected exactly one .nc inside the returned archive, got ['reanalysis-era5-land-timeseries-sfc-wind0lpe3sux.nc', 'reanalysis-era5-land-timeseries-sfc-2m-temperaturel38ukngd.nc', 'reanalysis-era5-land-timeseries-sfc-radiation-heatkanmiyju.nc', 'reanalysis-era5-land-timeseries-sfc-pressure-precipitationygzlxjx8.nc']
  - US-JFM: all 4 attempts failed; last error: expected exactly one .nc inside the returned archive, got ['reanalysis-era5-land-timeseries-sfc-wind6e9zioqv.nc', 'reanalysis-era5-land-timeseries-sfc-2m-temperaturey8knn_kr.nc', 'reanalysis-era5-land-timeseries-sfc-radiation-heatynovs6hg.nc', 'reanalysis-era5-land-timeseries-sfc-pressure-precipitation6hqtu_zr.nc']
  - US-Slt: all 4 attempts failed; last error: expected exactly one .nc inside the returned archive, got ['reanalysis-era5-land-timeseries-sfc-windirsf33gd.nc', 'reanalysis-era5-land-timeseries-sfc-2m-temperature0du34kkw.nc', 'reanalysis-era5-land-timeseries-sfc-radiation-heat1hwu8x9q.nc', 'reanalysis-era5-land-timeseries-sfc-pressure-precipitationu98kd0y8.nc']
  - US-xNW: all 4 attempts failed; last error: expected exactly one .nc inside the returned archive, got ['reanalysis-era5-land-timeseries-sfc-windnxmglj3w.nc', 'reanalysis-era5-land-timeseries-sfc-2m-temperatureugov4mru.nc', 'reanalysis-era5-land-timeseries-sfc-radiation-heatx9n5ewu7.nc', 'reanalysis-era5-land-timeseries-sfc-pressure-precipitationqz3kc_c9.nc']
  - US-NR1: all 4 attempts failed; last error: expected exactly one .nc inside the returned archive, got ['reanalysis-era5-land-timeseries-sfc-wind__trzwbi.nc', 'reanalysis-era5-land-timeseries-sfc-2m-temperatures9jxnk_j.nc', 'reanalysis-era5-land-timeseries-sfc-radiation-heatlgfwk70c.nc', 'reanalysis-era5-land-timeseries-sfc-pressure-precipitationly71dl7o.nc']
  - US-xRM: all 4 attempts failed; last error: expected exactly one .nc inside the returned archive, got ['reanalysis-era5-land-timeseries-sfc-wind29c5qlv6.nc', 'reanalysis-era5-land-timeseries-sfc-2m-temperaturehf01eivg.nc', 'reanalysis-era5-land-timeseries-sfc-radiation-heatfm1zls2z.nc', 'reanalysis-era5-land-timeseries-sfc-pressure-precipitation512mbinp.nc']
  - US-CPF: all 4 attempts failed; last error: expected exactly one .nc inside the returned archive, got ['reanalysis-era5-land-timeseries-sfc-wind80fkhkz7.nc', 'reanalysis-era5-land-timeseries-sfc-2m-temperature7qblh2kd.nc', 'reanalysis-era5-land-timeseries-sfc-radiation-heat9y2f39k5.nc', 'reanalysis-era5-land-timeseries-sfc-pressure-precipitation7d1rxgt1.nc']
  - US-SSH: all 4 attempts failed; last error: expected exactly one .nc inside the returned archive, got ['reanalysis-era5-land-timeseries-sfc-wind0q2nxysp.nc', 'reanalysis-era5-land-timeseries-sfc-2m-temperatureaw3yhuy3.nc', 'reanalysis-era5-land-timeseries-sfc-radiation-heat8w27dm_y.nc', 'reanalysis-era5-land-timeseries-sfc-pressure-precipitationk7g058a2.nc']
  - US-CPk: all 4 attempts failed; last error: expected exactly one .nc inside the returned archive, got ['reanalysis-era5-land-timeseries-sfc-windhjnu0m9h.nc', 'reanalysis-era5-land-timeseries-sfc-2m-temperaturelo8ssoih.nc', 'reanalysis-era5-land-timeseries-sfc-radiation-heateka5l7vv.nc', 'reanalysis-era5-land-timeseries-sfc-pressure-precipitation81u0rwu8.nc']
  - US-GBT: all 4 attempts failed; last error: expected exactly one .nc inside the returned archive, got ['reanalysis-era5-land-timeseries-sfc-windh2ipd_o7.nc', 'reanalysis-era5-land-timeseries-sfc-2m-temperaturezx0cut1l.nc', 'reanalysis-era5-land-timeseries-sfc-radiation-heatb30d4qd4.nc', 'reanalysis-era5-land-timeseries-sfc-pressure-precipitationqjsa6x4x.nc']
  - US-Oho: all 4 attempts failed; last error: expected exactly one .nc inside the returned archive, got ['reanalysis-era5-land-timeseries-sfc-windpmlut2ob.nc', 'reanalysis-era5-land-timeseries-sfc-2m-temperatureajdfal9t.nc', 'reanalysis-era5-land-timeseries-sfc-radiation-heatjublto7a.nc', 'reanalysis-era5-land-timeseries-sfc-pressure-precipitation7sm2zaq5.nc']
  - US-Ha1: all 4 attempts failed; last error: expected exactly one .nc inside the returned archive, got ['reanalysis-era5-land-timeseries-sfc-windryvy3q00.nc', 'reanalysis-era5-land-timeseries-sfc-2m-temperature3k0bgyba.nc', 'reanalysis-era5-land-timeseries-sfc-radiation-heat1k_k1vvr.nc', 'reanalysis-era5-land-timeseries-sfc-pressure-precipitationh2qd90o_.nc']
  - US-HBK: all 4 attempts failed; last error: expected exactly one .nc inside the returned archive, got ['reanalysis-era5-land-timeseries-sfc-windcj3d839o.nc', 'reanalysis-era5-land-timeseries-sfc-2m-temperatureysk6e6hq.nc', 'reanalysis-era5-land-timeseries-sfc-radiation-heats6dx80xb.nc', 'reanalysis-era5-land-timeseries-sfc-pressure-precipitationa_hs0oll.nc']
  - US-Bar: all 4 attempts failed; last error: expected exactly one .nc inside the returned archive, got ['reanalysis-era5-land-timeseries-sfc-wind0j5623s7.nc', 'reanalysis-era5-land-timeseries-sfc-2m-temperatureaslevdfv.nc', 'reanalysis-era5-land-timeseries-sfc-radiation-heaty_q9cbjy.nc', 'reanalysis-era5-land-timeseries-sfc-pressure-precipitation25gncucv.nc']
  - US-CS2: all 4 attempts failed; last error: expected exactly one .nc inside the returned archive, got ['reanalysis-era5-land-timeseries-sfc-wind90gwac34.nc', 'reanalysis-era5-land-timeseries-sfc-2m-temperature0wws9nbp.nc', 'reanalysis-era5-land-timeseries-sfc-radiation-heat555dfno_.nc', 'reanalysis-era5-land-timeseries-sfc-pressure-precipitationk2dohq01.nc']
  - US-Me3: all 4 attempts failed; last error: expected exactly one .nc inside the returned archive, got ['reanalysis-era5-land-timeseries-sfc-wind9n77x_wr.nc', 'reanalysis-era5-land-timeseries-sfc-2m-temperaturewg9s89o0.nc', 'reanalysis-era5-land-timeseries-sfc-radiation-heatlclxqkld.nc', 'reanalysis-era5-land-timeseries-sfc-pressure-precipitationrbsq6954.nc']
  - US-Me5: all 4 attempts failed; last error: expected exactly one .nc inside the returned archive, got ['reanalysis-era5-land-timeseries-sfc-windxjm5o_ap.nc', 'reanalysis-era5-land-timeseries-sfc-2m-temperatureleoloe46.nc', 'reanalysis-era5-land-timeseries-sfc-radiation-heat0r39_crn.nc', 'reanalysis-era5-land-timeseries-sfc-pressure-precipitationyrxcz71i.nc']
  - US-CS7: all 4 attempts failed; last error: expected exactly one .nc inside the returned archive, got ['reanalysis-era5-land-timeseries-sfc-windvq3qhija.nc', 'reanalysis-era5-land-timeseries-sfc-2m-temperaturew3xlfags.nc', 'reanalysis-era5-land-timeseries-sfc-radiation-heatj7sb260z.nc', 'reanalysis-era5-land-timeseries-sfc-pressure-precipitationmd_0488r.nc']
  - US-Me2: all 4 attempts failed; last error: expected exactly one .nc inside the returned archive, got ['reanalysis-era5-land-timeseries-sfc-windmfdh25yk.nc', 'reanalysis-era5-land-timeseries-sfc-2m-temperaturewwedd_8e.nc', 'reanalysis-era5-land-timeseries-sfc-radiation-heatd6pd1csl.nc', 'reanalysis-era5-land-timeseries-sfc-pressure-precipitation0aw2bkdl.nc']
  - US-Me1: all 4 attempts failed; last error: expected exactly one .nc inside the returned archive, got ['reanalysis-era5-land-timeseries-sfc-windqcxkn6zp.nc', 'reanalysis-era5-land-timeseries-sfc-2m-temperatureg64xg8dl.nc', 'reanalysis-era5-land-timeseries-sfc-radiation-heatpbf7syb1.nc', 'reanalysis-era5-land-timeseries-sfc-pressure-precipitationogfioeu6.nc']
  - US-MRf: all 4 attempts failed; last error: expected exactly one .nc inside the returned archive, got ['reanalysis-era5-land-timeseries-sfc-windw298uq51.nc', 'reanalysis-era5-land-timeseries-sfc-2m-temperatureur9e67y8.nc', 'reanalysis-era5-land-timeseries-sfc-radiation-heat8dt6b1ly.nc', 'reanalysis-era5-land-timeseries-sfc-pressure-precipitationhpjbc90m.nc']
  - US-xYE: all 4 attempts failed; last error: expected exactly one .nc inside the returned archive, got ['reanalysis-era5-land-timeseries-sfc-windje7wo2re.nc', 'reanalysis-era5-land-timeseries-sfc-2m-temperaturelay2cynf.nc', 'reanalysis-era5-land-timeseries-sfc-radiation-heatxyxq2c_p.nc', 'reanalysis-era5-land-timeseries-sfc-pressure-precipitationb6olww6p.nc']
  - US-Ho1: all 4 attempts failed; last error: expected exactly one .nc inside the returned archive, got ['reanalysis-era5-land-timeseries-sfc-windi0gswofl.nc', 'reanalysis-era5-land-timeseries-sfc-2m-temperature3t9x8k5q.nc', 'reanalysis-era5-land-timeseries-sfc-radiation-heat6h7thbe1.nc', 'reanalysis-era5-land-timeseries-sfc-pressure-precipitationxkdnaph9.nc']
  - US-xST: all 4 attempts failed; last error: expected exactly one .nc inside the returned archive, got ['reanalysis-era5-land-timeseries-sfc-windgn34f915.nc', 'reanalysis-era5-land-timeseries-sfc-2m-temperaturezaprdepg.nc', 'reanalysis-era5-land-timeseries-sfc-radiation-heat08m1o9u5.nc', 'reanalysis-era5-land-timeseries-sfc-pressure-precipitation7wox84y7.nc']
  - US-UMB: all 4 attempts failed; last error: expected exactly one .nc inside the returned archive, got ['reanalysis-era5-land-timeseries-sfc-windztcfyiij.nc', 'reanalysis-era5-land-timeseries-sfc-2m-temperature53vvn9x7.nc', 'reanalysis-era5-land-timeseries-sfc-radiation-heatimedq_dg.nc', 'reanalysis-era5-land-timeseries-sfc-pressure-precipitationcf7roo9w.nc']
  - US-Wrc: all 4 attempts failed; last error: expected exactly one .nc inside the returned archive, got ['reanalysis-era5-land-timeseries-sfc-windm5ls78eq.nc', 'reanalysis-era5-land-timeseries-sfc-2m-temperature5z5n7_nq.nc', 'reanalysis-era5-land-timeseries-sfc-radiation-heatyhmo8t50.nc', 'reanalysis-era5-land-timeseries-sfc-pressure-precipitation8yel2nl9.nc']
  - US-xAB: all 4 attempts failed; last error: expected exactly one .nc inside the returned archive, got ['reanalysis-era5-land-timeseries-sfc-wind3x96ep23.nc', 'reanalysis-era5-land-timeseries-sfc-2m-temperaturez_oheqrg.nc', 'reanalysis-era5-land-timeseries-sfc-radiation-heat80609yep.nc', 'reanalysis-era5-land-timeseries-sfc-pressure-precipitationr6ra9qb0.nc']
  - US-WCr: all 4 attempts failed; last error: expected exactly one .nc inside the returned archive, got ['reanalysis-era5-land-timeseries-sfc-windvcrv2teu.nc', 'reanalysis-era5-land-timeseries-sfc-2m-temperaturejdsm8csg.nc', 'reanalysis-era5-land-timeseries-sfc-radiation-heat9gkhwmi9.nc', 'reanalysis-era5-land-timeseries-sfc-pressure-precipitationpqhy1krn.nc']
  - US-PFq: all 4 attempts failed; last error: expected exactly one .nc inside the returned archive, got ['reanalysis-era5-land-timeseries-sfc-wind1q3g93na.nc', 'reanalysis-era5-land-timeseries-sfc-2m-temperatureainnf56o.nc', 'reanalysis-era5-land-timeseries-sfc-radiation-heat2_1uzrs_.nc', 'reanalysis-era5-land-timeseries-sfc-pressure-precipitationa3ydok_u.nc']
  - US-PFh: all 4 attempts failed; last error: expected exactly one .nc inside the returned archive, got ['reanalysis-era5-land-timeseries-sfc-windeb1utf_j.nc', 'reanalysis-era5-land-timeseries-sfc-2m-temperaturen0umovco.nc', 'reanalysis-era5-land-timeseries-sfc-radiation-heatybg4h21u.nc', 'reanalysis-era5-land-timeseries-sfc-pressure-precipitation6tyoplhy.nc']
  - US-NMj: all 4 attempts failed; last error: expected exactly one .nc inside the returned archive, got ['reanalysis-era5-land-timeseries-sfc-windwqxwe62_.nc', 'reanalysis-era5-land-timeseries-sfc-2m-temperaturemiyxjqu0.nc', 'reanalysis-era5-land-timeseries-sfc-radiation-heataqpaffvk.nc', 'reanalysis-era5-land-timeseries-sfc-pressure-precipitationa493qe6w.nc']
  - US-PFb: all 4 attempts failed; last error: expected exactly one .nc inside the returned archive, got ['reanalysis-era5-land-timeseries-sfc-windx7bqmuka.nc', 'reanalysis-era5-land-timeseries-sfc-2m-temperaturenhha_4nt.nc', 'reanalysis-era5-land-timeseries-sfc-radiation-heatv85t7z3j.nc', 'reanalysis-era5-land-timeseries-sfc-pressure-precipitationmec50_up.nc']
  - US-PFL: all 4 attempts failed; last error: expected exactly one .nc inside the returned archive, got ['reanalysis-era5-land-timeseries-sfc-windnomiz_a9.nc', 'reanalysis-era5-land-timeseries-sfc-2m-temperatureo0iqc0qy.nc', 'reanalysis-era5-land-timeseries-sfc-radiation-heatb2yh0zhr.nc', 'reanalysis-era5-land-timeseries-sfc-pressure-precipitations9gef5gg.nc']
  - US-Wi0: all 4 attempts failed; last error: expected exactly one .nc inside the returned archive, got ['reanalysis-era5-land-timeseries-sfc-windtfiy4vrn.nc', 'reanalysis-era5-land-timeseries-sfc-2m-temperature938iuw5q.nc', 'reanalysis-era5-land-timeseries-sfc-radiation-heat3zv6q7yx.nc', 'reanalysis-era5-land-timeseries-sfc-pressure-precipitationvwrq40bo.nc']
  - US-Wi5: all 4 attempts failed; last error: expected exactly one .nc inside the returned archive, got ['reanalysis-era5-land-timeseries-sfc-wind18x1g675.nc', 'reanalysis-era5-land-timeseries-sfc-2m-temperaturewfoegh9z.nc', 'reanalysis-era5-land-timeseries-sfc-radiation-heatr_1m2nqc.nc', 'reanalysis-era5-land-timeseries-sfc-pressure-precipitationezhcz_7y.nc']
  - US-Wi1: all 4 attempts failed; last error: expected exactly one .nc inside the returned archive, got ['reanalysis-era5-land-timeseries-sfc-winds0lmtvg9.nc', 'reanalysis-era5-land-timeseries-sfc-2m-temperature_46mpw5u.nc', 'reanalysis-era5-land-timeseries-sfc-radiation-heatzj5dnv0_.nc', 'reanalysis-era5-land-timeseries-sfc-pressure-precipitation9ex07g5u.nc']
  - US-Wi8: all 4 attempts failed; last error: expected exactly one .nc inside the returned archive, got ['reanalysis-era5-land-timeseries-sfc-wind5fj3j68v.nc', 'reanalysis-era5-land-timeseries-sfc-2m-temperatureo7uo6a4z.nc', 'reanalysis-era5-land-timeseries-sfc-radiation-heatbas36r38.nc', 'reanalysis-era5-land-timeseries-sfc-pressure-precipitation5_t4st89.nc']
  - US-TEF: all 4 attempts failed; last error: expected exactly one .nc inside the returned archive, got ['reanalysis-era5-land-timeseries-sfc-windoa_dhu6i.nc', 'reanalysis-era5-land-timeseries-sfc-2m-temperatureuyzszk94.nc', 'reanalysis-era5-land-timeseries-sfc-radiation-heatsuriuven.nc', 'reanalysis-era5-land-timeseries-sfc-pressure-precipitation4n0ovwat.nc']
  - US-Blk: all 4 attempts failed; last error: expected exactly one .nc inside the returned archive, got ['reanalysis-era5-land-timeseries-sfc-wind8__opdy1.nc', 'reanalysis-era5-land-timeseries-sfc-2m-temperatureoxrhs08i.nc', 'reanalysis-era5-land-timeseries-sfc-radiation-heat7nyjlwt4.nc', 'reanalysis-era5-land-timeseries-sfc-pressure-precipitationgmd0n2li.nc']
Re-run the same command to retry; completed files are skipped.

finished   : 2026-08-05T05:55:05Z
exit status: 1
Some cells failed. Resubmit the same script -- completed files are skipped.
512	/vol_efthymios/NFS07/dd1136/T_and_C/input_data/era5_land
