job        : 37226
node       : soeepyc06
started    : 2026-08-14T16:14:19Z
stations   : /vol_efthymios/NFS07/dd1136/T_and_C/input_data/gcm_stations
co2        : /vol_efthymios/NFS07/dd1136/T_and_C/input_data/co2
output     : /vol_efthymios/NFS07/dd1136/T_and_C/input_data/gcm_meteo
precip     : block

args       : --dry-run --all
stations : 101   elevation known for 118 (badm_values=110, site_registry=8)
input    : /vol_efthymios/NFS07/dd1136/T_and_C/input_data/gcm_stations
output   : /vol_efthymios/NFS07/dd1136/T_and_C/input_data/gcm_meteo
precip   : block   seed 20260813

  GFDL-ESM4 historical (ECS 2.6 K): 12775 days, 101 stations
    US-Bar: {'hours': 306600, 'calendar': '365_day', 'humidity': 'hurs', 'cal_note': None, 'years': '1980-2014', 'Ta_C': [-43.4, 33.4], 'Ta_mean': 3.25, 'Pre_mbar': 981.1, 'Pr_mm_yr': 1356.8, 'Pr_max_h': 21.25, 'Rsw_max': 986.5, 'Ds_mean': 237.3, 'Ca': [338.7, 397.5]}
    US-Blk: {'hours': 306600, 'calendar': '365_day', 'humidity': 'hurs', 'cal_note': None, 'years': '1980-2014', 'Ta_C': [-51.1, 40.0], 'Ta_mean': 6.2, 'Pre_mbar': 826.5, 'Pr_mm_yr': 407.5, 'Pr_max_h': 7.7, 'Rsw_max': 991.8, 'Ds_mean': 578.3, 'Ca': [338.7, 397.5]}
    US-CPF: {'hours': 306600, 'calendar': '365_day', 'humidity': 'hurs', 'cal_note': None, 'years': '1980-2014', 'Ta_C': [-44.3, 30.5], 'Ta_mean': 0.65, 'Pre_mbar': 701.6, 'Pr_mm_yr': 418.0, 'Pr_max_h': 6.61, 'Rsw_max': 1051.1, 'Ds_mean': 412.7, 'Ca': [338.7, 397.5]}
    US-CPk: {'hours': 306600, 'calendar': '365_day', 'humidity': 'hurs', 'cal_note': None, 'years': '1980-2014', 'Ta_C': [-42.5, 33.8], 'Ta_mean': 3.0, 'Pre_mbar': 731.3, 'Pr_mm_yr': 371.3, 'Pr_max_h': 5.41, 'Rsw_max': 1046.8, 'Ds_mean': 485.7, 'Ca': [338.7, 397.5]}
    US-CRK: {'hours': 306600, 'calendar': '365_day', 'humidity': 'hurs', 'cal_note': None, 'years': '1980-2014', 'Ta_C': [-18.4, 46.3], 'Ta_mean': 19.49, 'Pre_mbar': 995.3, 'Pr_mm_yr': 1144.7, 'Pr_max_h': 16.85, 'Rsw_max': 1054.5, 'Ds_mean': 794.3, 'Ca': [338.7, 397.5]}
    US-CS2: {'hours': 306600, 'calendar': '365_day', 'humidity': 'hurs', 'cal_note': None, 'years': '1980-2014', 'Ta_C': [-40.6, 37.4], 'Ta_mean': 7.11, 'Pre_mbar': 974.6, 'Pr_mm_yr': 796.1, 'Pr_max_h': 9.42, 'Rsw_max': 972.9, 'Ds_mean': 380.1, 'Ca': [338.7, 397.5]}
    US-CZ2: {'hours': 306600, 'calendar': '365_day', 'humidity': 'hurs', 'cal_note': None, 'years': '1980-2014', 'Ta_C': [-19.7, 43.6], 'Ta_mean': 14.38, 'Pre_mbar': 883.1, 'Pr_mm_yr': 633.9, 'Pr_max_h': 19.57, 'Rsw_max': 1083.6, 'Ds_mean': 1064.3, 'Ca': [338.7, 397.5]}
    US-CZ3: {'hours': 306600, 'calendar': '365_day', 'humidity': 'hurs', 'cal_note': None, 'years': '1980-2014', 'Ta_C': [-26.8, 36.6], 'Ta_mean': 7.75, 'Pre_mbar': 797.9, 'Pr_mm_yr': 676.0, 'Pr_max_h': 22.07, 'Rsw_max': 1083.7, 'Ds_mean': 730.0, 'Ca': [338.7, 397.5]}
    US-CZ4: {'hours': 306600, 'calendar': '365_day', 'humidity': 'hurs', 'cal_note': None, 'years': '1980-2014', 'Ta_C': [-30.2, 32.9], 'Ta_mean': 4.44, 'Pre_mbar': 734.8, 'Pr_mm_yr': 722.1, 'Pr_max_h': 24.68, 'Rsw_max': 1084.1, 'Ds_mean': 605.8, 'Ca': [338.7, 397.5]}
    US-ChR: {'hours': 306600, 'calendar': '365_day', 'humidity': 'hurs', 'cal_note': None, 'years': '1980-2014', 'Ta_C': [-28.7, 46.9], 'Ta_mean': 15.06, 'Pre_mbar': 979.5, 'Pr_mm_yr': 1322.4, 'Pr_max_h': 15.97, 'Rsw_max': 996.5, 'Ds_mean': 473.5, 'Ca': [338.7, 397.5]}
    US-Cst: {'hours': 306600, 'calendar': '365_day', 'humidity': 'hurs', 'cal_note': None, 'years': '1980-2014', 'Ta_C': [-22.4, 44.9], 'Ta_mean': 18.23, 'Pre_mbar': 1007.3, 'Pr_mm_yr': 1331.7, 'Pr_max_h': 22.75, 'Rsw_max': 1046.0, 'Ds_mean': 646.4, 'Ca': [338.7, 397.5]}
    US-Cwt: {'hours': 306600, 'calendar': '365_day', 'humidity': 'hurs', 'cal_note': None, 'years': '1980-2014', 'Ta_C': [-31.2, 43.8], 'Ta_mean': 12.92, 'Pre_mbar': 933.7, 'Pr_mm_yr': 1661.3, 'Pr_max_h': 17.94, 'Rsw_max': 991.6, 'Ds_mean': 414.8, 'Ca': [338.7, 397.5]}
    US-DPP: {'hours': 306600, 'calendar': '365_day', 'humidity': 'hurs', 'cal_note': None, 'years': '1980-2014', 'Ta_C': [-9.1, 49.4], 'Ta_mean': 23.27, 'Pre_mbar': 1010.5, 'Pr_mm_yr': 1261.0, 'Pr_max_h': 11.36, 'Rsw_max': 995.9, 'Ds_mean': 767.0, 'Ca': [338.7, 397.5]}
    US-Dk2: {'hours': 306600, 'calendar': '365_day', 'humidity': 'hurs', 'cal_note': None, 'years': '1980-2014', 'Ta_C': [-28.4, 51.9], 'Ta_mean': 15.74, 'Pre_mbar': 993.3, 'Pr_mm_yr': 1138.0, 'Pr_max_h': 16.31, 'Rsw_max': 965.8, 'Ds_mean': 517.6, 'Ca': [338.7, 397.5]}
    US-Dk3: {'hours': 306600, 'calendar': '365_day', 'humidity': 'hurs', 'cal_note': None, 'years': '1980-2014', 'Ta_C': [-28.4, 51.9], 'Ta_mean': 15.74, 'Pre_mbar': 993.9, 'Pr_mm_yr': 1138.0, 'Pr_max_h': 16.31, 'Rsw_max': 965.8, 'Ds_mean': 517.6, 'Ca': [338.7, 397.5]}
    US-Fmf: {'hours': 306600, 'calendar': '365_day', 'humidity': 'hurs', 'cal_note': None, 'years': '1980-2014', 'Ta_C': [-31.1, 37.1], 'Ta_mean': 9.37, 'Pre_mbar': 784.3, 'Pr_mm_yr': 448.0, 'Pr_max_h': 12.61, 'Rsw_max': 1086.6, 'Ds_mean': 935.8, 'Ca': [338.7, 397.5]}
    US-Fuf: {'hours': 306600, 'calendar': '365_day', 'humidity': 'hurs', 'cal_note': None, 'years': '1980-2014', 'Ta_C': [-30.2, 37.0], 'Ta_mean': 9.42, 'Pre_mbar': 782.5, 'Pr_mm_yr': 483.2, 'Pr_max_h': 14.11, 'Rsw_max': 1086.0, 'Ds_mean': 937.0, 'Ca': [338.7, 397.5]}
    US-GBT: {'hours': 306600, 'calendar': '365_day', 'humidity': 'hurs', 'cal_note': None, 'years': '1980-2014', 'Ta_C': [-44.0, 33.7], 'Ta_mean': 2.86, 'Pre_mbar': 694.1, 'Pr_mm_yr': 341.2, 'Pr_max_h': 6.09, 'Rsw_max': 1042.7, 'Ds_mean': 482.0, 'Ca': [338.7, 397.5]}
    US-GLE: {'hours': 306600, 'calendar': '365_day', 'humidity': 'hurs', 'cal_note': None, 'years': '1980-2014', 'Ta_C': [-44.0, 33.7], 'Ta_mean': 2.86, 'Pre_mbar': 693.6, 'Pr_mm_yr': 341.2, 'Pr_max_h': 6.09, 'Rsw_max': 1042.7, 'Ds_mean': 482.0, 'Ca': [338.7, 397.5]}
    US-HB2: {'hours': 306600, 'calendar': '365_day', 'humidity': 'hurs', 'cal_note': None, 'years': '1980-2014', 'Ta_C': [-17.6, 41.6], 'Ta_mean': 18.98, 'Pre_mbar': 1012.7, 'Pr_mm_yr': 1274.3, 'Pr_max_h': 13.08, 'Rsw_max': 952.5, 'Ds_mean': 545.7, 'Ca': [338.7, 397.5]}
    US-HB3: {'hours': 306600, 'calendar': '365_day', 'humidity': 'hurs', 'cal_note': None, 'years': '1980-2014', 'Ta_C': [-17.6, 41.6], 'Ta_mean': 18.98, 'Pre_mbar': 1012.4, 'Pr_mm_yr': 1274.3, 'Pr_max_h': 13.08, 'Rsw_max': 952.5, 'Ds_mean': 545.7, 'Ca': [338.7, 397.5]}
    US-HBK: {'hours': 306600, 'calendar': '365_day', 'humidity': 'hurs', 'cal_note': None, 'years': '1980-2014', 'Ta_C': [-41.4, 37.5], 'Ta_mean': 5.82, 'Pre_mbar': 970.1, 'Pr_mm_yr': 1207.4, 'Pr_max_h': 18.69, 'Rsw_max': 986.3, 'Ds_mean': 293.4, 'Ca': [338.7, 397.5]}
    US-Ha1: {'hours': 306600, 'calendar': '365_day', 'humidity': 'hurs', 'cal_note': None, 'years': '1980-2014', 'Ta_C': [-37.6, 40.5], 'Ta_mean': 9.02, 'Pre_mbar': 973.2, 'Pr_mm_yr': 1152.7, 'Pr_max_h': 16.72, 'Rsw_max': 987.9, 'Ds_mean': 378.3, 'Ca': [338.7, 397.5]}
    US-Ha2: {'hours': 306600, 'calendar': '365_day', 'humidity': 'hurs', 'cal_note': None, 'years': '1980-2014', 'Ta_C': [-37.6, 40.5], 'Ta_mean': 9.02, 'Pre_mbar': 970.9, 'Pr_mm_yr': 1152.7, 'Pr_max_h': 16.72, 'Rsw_max': 987.9, 'Ds_mean': 378.3, 'Ca': [338.7, 397.5]}
    US-Ho1: {'hours': 306600, 'calendar': '365_day', 'humidity': 'hurs', 'cal_note': None, 'years': '1980-2014', 'Ta_C': [-38.6, 36.1], 'Ta_mean': 6.4, 'Pre_mbar': 1006.1, 'Pr_mm_yr': 1091.6, 'Pr_max_h': 13.49, 'Rsw_max': 982.4, 'Ds_mean': 302.2, 'Ca': [338.7, 397.5]}
    US-Ho2: {'hours': 306600, 'calendar': '365_day', 'humidity': 'hurs', 'cal_note': None, 'years': '1980-2014', 'Ta_C': [-38.6, 36.1], 'Ta_mean': 6.4, 'Pre_mbar': 1005.9, 'Pr_mm_yr': 1091.6, 'Pr_max_h': 13.49, 'Rsw_max': 982.4, 'Ds_mean': 302.2, 'Ca': [338.7, 397.5]}
    US-Ho3: {'hours': 306600, 'calendar': '365_day', 'humidity': 'hurs', 'cal_note': None, 'years': '1980-2014', 'Ta_C': [-38.6, 36.1], 'Ta_mean': 6.4, 'Pre_mbar': 1005.9, 'Pr_mm_yr': 1091.6, 'Pr_max_h': 13.49, 'Rsw_max': 982.4, 'Ds_mean': 302.2, 'Ca': [338.7, 397.5]}
    US-LPH: {'hours': 306600, 'calendar': '365_day', 'humidity': 'hurs', 'cal_note': None, 'years': '1980-2014', 'Ta_C': [-37.6, 40.5], 'Ta_mean': 9.02, 'Pre_mbar': 968.9, 'Pr_mm_yr': 1152.7, 'Pr_max_h': 16.72, 'Rsw_max': 987.8, 'Ds_mean': 378.3, 'Ca': [338.7, 397.5]}
    US-MEF: {'hours': 306600, 'calendar': '365_day', 'humidity': 'hurs', 'cal_note': None, 'years': '1980-2014', 'Ta_C': [-40.1, 35.1], 'Ta_mean': 5.3, 'Pre_mbar': 765.3, 'Pr_mm_yr': 400.1, 'Pr_max_h': 11.62, 'Rsw_max': 1071.9, 'Ds_mean': 529.3, 'Ca': [338.7, 397.5]}
    US-MMS: {'hours': 306600, 'calendar': '365_day', 'humidity': 'hurs', 'cal_note': None, 'years': '1980-2014', 'Ta_C': [-35.6, 45.8], 'Ta_mean': 12.24, 'Pre_mbar': 980.7, 'Pr_mm_yr': 1067.0, 'Pr_max_h': 10.02, 'Rsw_max': 1007.9, 'Ds_mean': 417.5, 'Ca': [338.7, 397.5]}
    US-MOz: {'hours': 306600, 'calendar': '365_day', 'humidity': 'hurs', 'cal_note': None, 'years': '1980-2014', 'Ta_C': [-36.2, 43.6], 'Ta_mean': 13.43, 'Pre_mbar': 987.2, 'Pr_mm_yr': 999.5, 'Pr_max_h': 11.77, 'Rsw_max': 1011.5, 'Ds_mean': 503.9, 'Ca': [338.7, 397.5]}
    US-MRf: {'hours': 306600, 'calendar': '365_day', 'humidity': 'hurs', 'cal_note': None, 'years': '1980-2014', 'Ta_C': [-20.9, 37.4], 'Ta_mean': 11.08, 'Pre_mbar': 982.1, 'Pr_mm_yr': 1418.0, 'Pr_max_h': 16.02, 'Rsw_max': 1028.3, 'Ds_mean': 380.3, 'Ca': [338.7, 397.5]}
    US-Me1: {'hours': 306600, 'calendar': '365_day', 'humidity': 'hurs', 'cal_note': None, 'years': '1980-2014', 'Ta_C': [-35.6, 38.9], 'Ta_mean': 7.83, 'Pre_mbar': 911.1, 'Pr_mm_yr': 905.3, 'Pr_max_h': 15.07, 'Rsw_max': 1029.9, 'Ds_mean': 450.4, 'Ca': [338.7, 397.5]}
    US-Me2: {'hours': 306600, 'calendar': '365_day', 'humidity': 'hurs', 'cal_note': None, 'years': '1980-2014', 'Ta_C': [-34.5, 39.9], 'Ta_mean': 8.68, 'Pre_mbar': 873.4, 'Pr_mm_yr': 781.0, 'Pr_max_h': 12.84, 'Rsw_max': 1035.1, 'Ds_mean': 491.7, 'Ca': [338.7, 397.5]}
    US-Me4: {'hours': 306600, 'calendar': '365_day', 'humidity': 'hurs', 'cal_note': None, 'years': '1980-2014', 'Ta_C': [-34.5, 39.9], 'Ta_mean': 8.68, 'Pre_mbar': 908.3, 'Pr_mm_yr': 781.0, 'Pr_max_h': 12.84, 'Rsw_max': 1034.8, 'Ds_mean': 491.7, 'Ca': [338.7, 397.5]}
    US-Me6: {'hours': 306600, 'calendar': '365_day', 'humidity': 'hurs', 'cal_note': None, 'years': '1980-2014', 'Ta_C': [-34.5, 39.9], 'Ta_mean': 8.68, 'Pre_mbar': 900.2, 'Pr_mm_yr': 781.0, 'Pr_max_h': 12.84, 'Rsw_max': 1035.9, 'Ds_mean': 491.7, 'Ca': [338.7, 397.5]}
    US-Me7: {'hours': 306600, 'calendar': '365_day', 'humidity': 'hurs', 'cal_note': None, 'years': '1980-2014', 'Ta_C': [-34.5, 39.9], 'Ta_mean': 8.68, 'Pre_mbar': 873.4, 'Pr_mm_yr': 781.0, 'Pr_max_h': 12.84, 'Rsw_max': 1035.1, 'Ds_mean': 491.7, 'Ca': [338.7, 397.5]}
    US-MtB: {'hours': 306600, 'calendar': '365_day', 'humidity': 'hurs', 'cal_note': None, 'years': '1980-2014', 'Ta_C': [-11.6, 45.3], 'Ta_mean': 17.01, 'Pre_mbar': 746.8, 'Pr_mm_yr': 367.7, 'Pr_max_h': 16.48, 'Rsw_max': 1116.2, 'Ds_mean': 1622.2, 'Ca': [338.7, 397.5]}
    US-NC2: {'hours': 306600, 'calendar': '365_day', 'humidity': 'hurs', 'cal_note': None, 'years': '1980-2014', 'Ta_C': [-16.6, 43.1], 'Ta_mean': 16.79, 'Pre_mbar': 1012.6, 'Pr_mm_yr': 1242.3, 'Pr_max_h': 14.78, 'Rsw_max': 955.5, 'Ds_mean': 510.2, 'Ca': [338.7, 397.5]}
    US-NC3: {'hours': 306600, 'calendar': '365_day', 'humidity': 'hurs', 'cal_note': None, 'years': '1980-2014', 'Ta_C': [-16.6, 43.1], 'Ta_mean': 16.79, 'Pre_mbar': 1012.6, 'Pr_mm_yr': 1242.3, 'Pr_max_h': 14.78, 'Rsw_max': 955.5, 'Ds_mean': 510.2, 'Ca': [338.7, 397.5]}
    US-NC5: {'hours': 306600, 'calendar': '365_day', 'humidity': 'hurs', 'cal_note': None, 'years': '1980-2014', 'Ta_C': [-27.2, 51.0], 'Ta_mean': 15.59, 'Pre_mbar': 998.7, 'Pr_mm_yr': 1122.6, 'Pr_max_h': 16.89, 'Rsw_max': 963.4, 'Ds_mean': 522.4, 'Ca': [338.7, 397.5]}
    US-NMj: {'hours': 306600, 'calendar': '365_day', 'humidity': 'hurs', 'cal_note': None, 'years': '1980-2014', 'Ta_C': [-49.9, 36.0], 'Ta_mean': 4.54, 'Pre_mbar': 967.0, 'Pr_mm_yr': 765.0, 'Pr_max_h': 8.86, 'Rsw_max': 948.9, 'Ds_mean': 342.3, 'Ca': [338.7, 397.5]}
    US-NR1: {'hours': 306600, 'calendar': '365_day', 'humidity': 'hurs', 'cal_note': None, 'years': '1980-2014', 'Ta_C': [-44.9, 30.8], 'Ta_mean': 0.3, 'Pre_mbar': 705.8, 'Pr_mm_yr': 431.2, 'Pr_max_h': 8.34, 'Rsw_max': 1056.7, 'Ds_mean': 395.3, 'Ca': [338.7, 397.5]}
    US-Oho: {'hours': 306600, 'calendar': '365_day', 'humidity': 'hurs', 'cal_note': None, 'years': '1980-2014', 'Ta_C': [-30.6, 40.9], 'Ta_mean': 10.31, 'Pre_mbar': 986.0, 'Pr_mm_yr': 864.4, 'Pr_max_h': 8.19, 'Rsw_max': 973.9, 'Ds_mean': 423.4, 'Ca': [338.7, 397.5]}
    US-PFL: {'hours': 306600, 'calendar': '365_day', 'humidity': 'hurs', 'cal_note': None, 'years': '1980-2014', 'Ta_C': [-40.5, 36.6], 'Ta_mean': 5.09, 'Pre_mbar': 959.0, 'Pr_mm_yr': 786.6, 'Pr_max_h': 8.79, 'Rsw_max': 960.3, 'Ds_mean': 339.4, 'Ca': [338.7, 397.5]}
    US-PFb: {'hours': 306600, 'calendar': '365_day', 'humidity': 'hurs', 'cal_note': None, 'years': '1980-2014', 'Ta_C': [-40.5, 36.6], 'Ta_mean': 5.09, 'Pre_mbar': 957.9, 'Pr_mm_yr': 786.6, 'Pr_max_h': 8.79, 'Rsw_max': 960.1, 'Ds_mean': 339.4, 'Ca': [338.7, 397.5]}
    US-PFc: {'hours': 306600, 'calendar': '365_day', 'humidity': 'hurs', 'cal_note': None, 'years': '1980-2014', 'Ta_C': [-40.5, 36.6], 'Ta_mean': 5.09, 'Pre_mbar': 958.0, 'Pr_mm_yr': 786.6, 'Pr_max_h': 8.79, 'Rsw_max': 960.2, 'Ds_mean': 339.4, 'Ca': [338.7, 397.5]}
    US-PFg: {'hours': 306600, 'calendar': '365_day', 'humidity': 'hurs', 'cal_note': None, 'years': '1980-2014', 'Ta_C': [-40.5, 36.6], 'Ta_mean': 5.09, 'Pre_mbar': 957.8, 'Pr_mm_yr': 786.6, 'Pr_max_h': 8.79, 'Rsw_max': 960.1, 'Ds_mean': 339.4, 'Ca': [338.7, 397.5]}
    US-PFh: {'hours': 306600, 'calendar': '365_day', 'humidity': 'hurs', 'cal_note': None, 'years': '1980-2014', 'Ta_C': [-42.0, 36.4], 'Ta_mean': 4.81, 'Pre_mbar': 959.1, 'Pr_mm_yr': 791.3, 'Pr_max_h': 8.43, 'Rsw_max': 959.0, 'Ds_mean': 337.3, 'Ca': [338.7, 397.5]}
    US-PFi: {'hours': 306600, 'calendar': '365_day', 'humidity': 'hurs', 'cal_note': None, 'years': '1980-2014', 'Ta_C': [-42.0, 36.4], 'Ta_mean': 4.81, 'Pre_mbar': 956.3, 'Pr_mm_yr': 791.3, 'Pr_max_h': 8.43, 'Rsw_max': 958.9, 'Ds_mean': 337.3, 'Ca': [338.7, 397.5]}
    US-PFj: {'hours': 306600, 'calendar': '365_day', 'humidity': 'hurs', 'cal_note': None, 'years': '1980-2014', 'Ta_C': [-42.0, 36.4], 'Ta_mean': 4.81, 'Pre_mbar': 956.7, 'Pr_mm_yr': 791.3, 'Pr_max_h': 8.43, 'Rsw_max': 958.9, 'Ds_mean': 337.3, 'Ca': [338.7, 397.5]}
    US-PFk: {'hours': 306600, 'calendar': '365_day', 'humidity': 'hurs', 'cal_note': None, 'years': '1980-2014', 'Ta_C': [-40.5, 36.6], 'Ta_mean': 5.09, 'Pre_mbar': 957.7, 'Pr_mm_yr': 786.6, 'Pr_max_h': 8.79, 'Rsw_max': 960.5, 'Ds_mean': 339.4, 'Ca': [338.7, 397.5]}
    US-PFm: {'hours': 306600, 'calendar': '365_day', 'humidity': 'hurs', 'cal_note': None, 'years': '1980-2014', 'Ta_C': [-40.5, 36.6], 'Ta_mean': 5.09, 'Pre_mbar': 956.7, 'Pr_mm_yr': 786.6, 'Pr_max_h': 8.79, 'Rsw_max': 960.4, 'Ds_mean': 339.4, 'Ca': [338.7, 397.5]}
    US-PFn: {'hours': 306600, 'calendar': '365_day', 'humidity': 'hurs', 'cal_note': None, 'years': '1980-2014', 'Ta_C': [-40.5, 36.6], 'Ta_mean': 5.09, 'Pre_mbar': 957.4, 'Pr_mm_yr': 786.6, 'Pr_max_h': 8.79, 'Rsw_max': 960.3, 'Ds_mean': 339.4, 'Ca': [338.7, 397.5]}
    US-PFp: {'hours': 306600, 'calendar': '365_day', 'humidity': 'hurs', 'cal_note': None, 'years': '1980-2014', 'Ta_C': [-40.5, 36.6], 'Ta_mean': 5.09, 'Pre_mbar': 955.3, 'Pr_mm_yr': 786.6, 'Pr_max_h': 8.79, 'Rsw_max': 960.3, 'Ds_mean': 339.4, 'Ca': [338.7, 397.5]}
    US-PFq: {'hours': 306600, 'calendar': '365_day', 'humidity': 'hurs', 'cal_note': None, 'years': '1980-2014', 'Ta_C': [-42.0, 36.4], 'Ta_mean': 4.81, 'Pre_mbar': 958.0, 'Pr_mm_yr': 791.3, 'Pr_max_h': 8.43, 'Rsw_max': 959.1, 'Ds_mean': 337.3, 'Ca': [338.7, 397.5]}
    US-PFs: {'hours': 306600, 'calendar': '365_day', 'humidity': 'hurs', 'cal_note': None, 'years': '1980-2014', 'Ta_C': [-42.0, 36.4], 'Ta_mean': 4.81, 'Pre_mbar': 956.2, 'Pr_mm_yr': 791.3, 'Pr_max_h': 8.43, 'Rsw_max': 959.1, 'Ds_mean': 337.3, 'Ca': [338.7, 397.5]}
    US-PFt: {'hours': 306600, 'calendar': '365_day', 'humidity': 'hurs', 'cal_note': None, 'years': '1980-2014', 'Ta_C': [-42.0, 36.4], 'Ta_mean': 4.81, 'Pre_mbar': 958.8, 'Pr_mm_yr': 791.3, 'Pr_max_h': 8.43, 'Rsw_max': 959.2, 'Ds_mean': 337.3, 'Ca': [338.7, 397.5]}
    US-SB1: {'hours': 306600, 'calendar': '365_day', 'humidity': 'hurs', 'cal_note': None, 'years': '1980-2014', 'Ta_C': [-31.5, 47.8], 'Ta_mean': 14.18, 'Pre_mbar': 984.6, 'Pr_mm_yr': 1020.5, 'Pr_max_h': 12.58, 'Rsw_max': 977.6, 'Ds_mean': 503.9, 'Ca': [338.7, 397.5]}
    US-SHC: {'hours': 306600, 'calendar': '365_day', 'humidity': 'hurs', 'cal_note': None, 'years': '1980-2014', 'Ta_C': [-36.4, 38.4], 'Ta_mean': 8.35, 'Pre_mbar': 805.6, 'Pr_mm_yr': 734.8, 'Pr_max_h': 17.13, 'Rsw_max': 1081.1, 'Ds_mean': 725.4, 'Ca': [338.7, 397.5]}
    US-SP1: {'hours': 306600, 'calendar': '365_day', 'humidity': 'hurs', 'cal_note': None, 'years': '1980-2014', 'Ta_C': [-11.4, 46.5], 'Ta_mean': 21.72, 'Pre_mbar': 1007.3, 'Pr_mm_yr': 1319.3, 'Pr_max_h': 13.65, 'Rsw_max': 992.9, 'Ds_mean': 697.3, 'Ca': [338.7, 397.5]}
    US-SP2: {'hours': 306600, 'calendar': '365_day', 'humidity': 'hurs', 'cal_note': None, 'years': '1980-2014', 'Ta_C': [-12.4, 46.3], 'Ta_mean': 21.38, 'Pre_mbar': 1007.3, 'Pr_mm_yr': 1325.1, 'Pr_max_h': 13.27, 'Rsw_max': 992.2, 'Ds_mean': 682.7, 'Ca': [338.7, 397.5]}
    US-SP3: {'hours': 306600, 'calendar': '365_day', 'humidity': 'hurs', 'cal_note': None, 'years': '1980-2014', 'Ta_C': [-12.4, 46.3], 'Ta_mean': 21.38, 'Pre_mbar': 1007.3, 'Pr_mm_yr': 1325.1, 'Pr_max_h': 13.27, 'Rsw_max': 992.4, 'Ds_mean': 682.7, 'Ca': [338.7, 397.5]}
    US-SP4: {'hours': 306600, 'calendar': '365_day', 'humidity': 'hurs', 'cal_note': None, 'years': '1980-2014', 'Ta_C': [-12.4, 46.3], 'Ta_mean': 21.38, 'Pre_mbar': 1007.6, 'Pr_mm_yr': 1325.1, 'Pr_max_h': 13.27, 'Rsw_max': 992.2, 'Ds_mean': 682.7, 'Ca': [338.7, 397.5]}
    US-SSH: {'hours': 306600, 'calendar': '365_day', 'humidity': 'hurs', 'cal_note': None, 'years': '1980-2014', 'Ta_C': [-32.8, 42.8], 'Ta_mean': 10.48, 'Pre_mbar': 976.7, 'Pr_mm_yr': 1015.7, 'Pr_max_h': 11.79, 'Rsw_max': 959.1, 'Ds_mean': 391.9, 'Ca': [338.7, 397.5]}
    US-Slt: {'hours': 306600, 'calendar': '365_day', 'humidity': 'hurs', 'cal_note': None, 'years': '1980-2014', 'Ta_C': [-24.3, 42.2], 'Ta_mean': 12.91, 'Pre_mbar': 1009.7, 'Pr_mm_yr': 1163.5, 'Pr_max_h': 16.93, 'Rsw_max': 1018.6, 'Ds_mean': 445.5, 'Ca': [338.7, 397.5]}
    US-TEF: {'hours': 306600, 'calendar': '365_day', 'humidity': 'hurs', 'cal_note': None, 'years': '1980-2014', 'Ta_C': [-53.6, 35.7], 'Ta_mean': 4.29, 'Pre_mbar': 776.8, 'Pr_mm_yr': 386.3, 'Pr_max_h': 6.52, 'Rsw_max': 977.7, 'Ds_mean': 473.2, 'Ca': [338.7, 397.5]}
    US-UMB: {'hours': 306600, 'calendar': '365_day', 'humidity': 'hurs', 'cal_note': None, 'years': '1980-2014', 'Ta_C': [-43.2, 36.3], 'Ta_mean': 6.29, 'Pre_mbar': 985.5, 'Pr_mm_yr': 812.3, 'Pr_max_h': 9.58, 'Rsw_max': 946.1, 'Ds_mean': 357.4, 'Ca': [338.7, 397.5]}
    US-UMd: {'hours': 306600, 'calendar': '365_day', 'humidity': 'hurs', 'cal_note': None, 'years': '1980-2014', 'Ta_C': [-43.2, 36.3], 'Ta_mean': 6.29, 'Pre_mbar': 984.9, 'Pr_mm_yr': 812.3, 'Pr_max_h': 9.58, 'Rsw_max': 946.1, 'Ds_mean': 357.4, 'Ca': [338.7, 397.5]}
    US-Vcm: {'hours': 306600, 'calendar': '365_day', 'humidity': 'hurs', 'cal_note': None, 'years': '1980-2014', 'Ta_C': [-43.2, 37.7], 'Ta_mean': 5.4, 'Pre_mbar': 709.7, 'Pr_mm_yr': 464.8, 'Pr_max_h': 7.93, 'Rsw_max': 1102.6, 'Ds_mean': 650.1, 'Ca': [338.7, 397.5]}
    US-Vcp: {'hours': 306600, 'calendar': '365_day', 'humidity': 'hurs', 'cal_note': None, 'years': '1980-2014', 'Ta_C': [-43.2, 37.7], 'Ta_mean': 5.4, 'Pre_mbar': 749.6, 'Pr_mm_yr': 464.8, 'Pr_max_h': 7.93, 'Rsw_max': 1102.7, 'Ds_mean': 650.1, 'Ca': [338.7, 397.5]}
    US-Vcs: {'hours': 306600, 'calendar': '365_day', 'humidity': 'hurs', 'cal_note': None, 'years': '1980-2014', 'Ta_C': [-43.2, 37.7], 'Ta_mean': 5.4, 'Pre_mbar': 731.2, 'Pr_mm_yr': 464.8, 'Pr_max_h': 7.93, 'Rsw_max': 1102.3, 'Ds_mean': 650.1, 'Ca': [338.7, 397.5]}
    US-WBW: {'hours': 306600, 'calendar': '365_day', 'humidity': 'hurs', 'cal_note': None, 'years': '1980-2014', 'Ta_C': [-28.7, 46.9], 'Ta_mean': 15.06, 'Pre_mbar': 979.8, 'Pr_mm_yr': 1322.4, 'Pr_max_h': 15.97, 'Rsw_max': 996.3, 'Ds_mean': 473.5, 'Ca': [338.7, 397.5]}
    US-WCr: {'hours': 306600, 'calendar': '365_day', 'humidity': 'hurs', 'cal_note': None, 'years': '1980-2014', 'Ta_C': [-42.0, 36.4], 'Ta_mean': 4.81, 'Pre_mbar': 952.7, 'Pr_mm_yr': 791.3, 'Pr_max_h': 8.43, 'Rsw_max': 959.8, 'Ds_mean': 337.3, 'Ca': [338.7, 397.5]}
    US-Wi1: {'hours': 306600, 'calendar': '365_day', 'humidity': 'hurs', 'cal_note': None, 'years': '1980-2014', 'Ta_C': [-41.1, 36.5], 'Ta_mean': 4.93, 'Pre_mbar': 971.8, 'Pr_mm_yr': 752.7, 'Pr_max_h': 9.68, 'Rsw_max': 954.3, 'Ds_mean': 325.3, 'Ca': [338.7, 397.5]}
    US-Wi2: {'hours': 306600, 'calendar': '365_day', 'humidity': 'hurs', 'cal_note': None, 'years': '1980-2014', 'Ta_C': [-41.1, 36.5], 'Ta_mean': 4.93, 'Pre_mbar': 966.9, 'Pr_mm_yr': 752.7, 'Pr_max_h': 9.68, 'Rsw_max': 954.6, 'Ds_mean': 325.3, 'Ca': [338.7, 397.5]}
    US-Wi3: {'hours': 306600, 'calendar': '365_day', 'humidity': 'hurs', 'cal_note': None, 'years': '1980-2014', 'Ta_C': [-41.1, 36.5], 'Ta_mean': 4.93, 'Pre_mbar': 965.1, 'Pr_mm_yr': 752.7, 'Pr_max_h': 9.68, 'Rsw_max': 954.9, 'Ds_mean': 325.3, 'Ca': [338.7, 397.5]}
    US-Wi4: {'hours': 306600, 'calendar': '365_day', 'humidity': 'hurs', 'cal_note': None, 'years': '1980-2014', 'Ta_C': [-41.1, 36.5], 'Ta_mean': 4.93, 'Pre_mbar': 971.8, 'Pr_mm_yr': 752.7, 'Pr_max_h': 9.68, 'Rsw_max': 954.3, 'Ds_mean': 325.3, 'Ca': [338.7, 397.5]}
    US-Wrc: {'hours': 306600, 'calendar': '365_day', 'humidity': 'hurs', 'cal_note': None, 'years': '1980-2014', 'Ta_C': [-35.2, 38.7], 'Ta_mean': 8.82, 'Pre_mbar': 969.6, 'Pr_mm_yr': 1893.6, 'Pr_max_h': 20.92, 'Rsw_max': 1014.4, 'Ds_mean': 405.9, 'Ca': [338.7, 397.5]}
    US-xAB: {'hours': 306600, 'calendar': '365_day', 'humidity': 'hurs', 'cal_note': None, 'years': '1980-2014', 'Ta_C': [-29.0, 39.7], 'Ta_mean': 11.04, 'Pre_mbar': 970.6, 'Pr_mm_yr': 1814.0, 'Pr_max_h': 17.04, 'Rsw_max': 1014.1, 'Ds_mean': 426.6, 'Ca': [338.7, 397.5]}
    US-xBL: {'hours': 306600, 'calendar': '365_day', 'humidity': 'hurs', 'cal_note': None, 'years': '1980-2014', 'Ta_C': [-30.4, 45.9], 'Ta_mean': 13.34, 'Pre_mbar': 991.5, 'Pr_mm_yr': 1002.1, 'Pr_max_h': 12.95, 'Rsw_max': 966.6, 'Ds_mean': 493.2, 'Ca': [338.7, 397.5]}
    US-xBR: {'hours': 306600, 'calendar': '365_day', 'humidity': 'hurs', 'cal_note': None, 'years': '1980-2014', 'Ta_C': [-43.4, 33.4], 'Ta_mean': 3.25, 'Pre_mbar': 985.8, 'Pr_mm_yr': 1356.8, 'Pr_max_h': 21.25, 'Rsw_max': 986.5, 'Ds_mean': 237.3, 'Ca': [338.7, 397.5]}
    US-xGR: {'hours': 306600, 'calendar': '365_day', 'humidity': 'hurs', 'cal_note': None, 'years': '1980-2014', 'Ta_C': [-32.8, 44.6], 'Ta_mean': 12.17, 'Pre_mbar': 946.0, 'Pr_mm_yr': 1371.0, 'Pr_max_h': 14.27, 'Rsw_max': 990.1, 'Ds_mean': 398.0, 'Ca': [338.7, 397.5]}
    US-xHA: {'hours': 306600, 'calendar': '365_day', 'humidity': 'hurs', 'cal_note': None, 'years': '1980-2014', 'Ta_C': [-37.6, 40.5], 'Ta_mean': 9.02, 'Pre_mbar': 971.9, 'Pr_mm_yr': 1152.7, 'Pr_max_h': 16.72, 'Rsw_max': 987.9, 'Ds_mean': 378.3, 'Ca': [338.7, 397.5]}
    US-xJE: {'hours': 306600, 'calendar': '365_day', 'humidity': 'hurs', 'cal_note': None, 'years': '1980-2014', 'Ta_C': [-19.1, 48.3], 'Ta_mean': 19.63, 'Pre_mbar': 1008.0, 'Pr_mm_yr': 1342.6, 'Pr_max_h': 15.22, 'Rsw_max': 993.8, 'Ds_mean': 654.2, 'Ca': [338.7, 397.5]}
    US-xLE: {'hours': 306600, 'calendar': '365_day', 'humidity': 'hurs', 'cal_note': None, 'years': '1980-2014', 'Ta_C': [-29.6, 49.2], 'Ta_mean': 19.15, 'Pre_mbar': 1010.9, 'Pr_mm_yr': 1439.2, 'Pr_max_h': 15.27, 'Rsw_max': 1026.1, 'Ds_mean': 638.5, 'Ca': [338.7, 397.5]}
    US-xML: {'hours': 306600, 'calendar': '365_day', 'humidity': 'hurs', 'cal_note': None, 'years': '1980-2014', 'Ta_C': [-32.9, 47.7], 'Ta_mean': 11.43, 'Pre_mbar': 886.6, 'Pr_mm_yr': 1035.0, 'Pr_max_h': 10.24, 'Rsw_max': 982.5, 'Ds_mean': 413.6, 'Ca': [338.7, 397.5]}
    US-xNW: {'hours': 306600, 'calendar': '365_day', 'humidity': 'hurs', 'cal_note': None, 'years': '1980-2014', 'Ta_C': [-44.9, 30.8], 'Ta_mean': 0.3, 'Pre_mbar': 668.1, 'Pr_mm_yr': 431.2, 'Pr_max_h': 8.34, 'Rsw_max': 1056.6, 'Ds_mean': 395.3, 'Ca': [338.7, 397.5]}
    US-xRM: {'hours': 306600, 'calendar': '365_day', 'humidity': 'hurs', 'cal_note': None, 'years': '1980-2014', 'Ta_C': [-45.4, 30.4], 'Ta_mean': 0.99, 'Pre_mbar': 731.9, 'Pr_mm_yr': 423.3, 'Pr_max_h': 7.44, 'Rsw_max': 1053.0, 'Ds_mean': 414.6, 'Ca': [338.7, 397.5]}
    US-xRN: {'hours': 306600, 'calendar': '365_day', 'humidity': 'hurs', 'cal_note': None, 'years': '1980-2014', 'Ta_C': [-28.7, 46.9], 'Ta_mean': 15.06, 'Pre_mbar': 973.9, 'Pr_mm_yr': 1322.4, 'Pr_max_h': 15.97, 'Rsw_max': 996.2, 'Ds_mean': 473.5, 'Ca': [338.7, 397.5]}
    US-xSB: {'hours': 306600, 'calendar': '365_day', 'humidity': 'hurs', 'cal_note': None, 'years': '1980-2014', 'Ta_C': [-12.0, 47.1], 'Ta_mean': 21.81, 'Pre_mbar': 1007.9, 'Pr_mm_yr': 1308.8, 'Pr_max_h': 13.55, 'Rsw_max': 989.1, 'Ds_mean': 701.6, 'Ca': [338.7, 397.5]}
    US-xSC: {'hours': 306600, 'calendar': '365_day', 'humidity': 'hurs', 'cal_note': None, 'years': '1980-2014', 'Ta_C': [-31.1, 45.6], 'Ta_mean': 13.19, 'Pre_mbar': 970.8, 'Pr_mm_yr': 1010.4, 'Pr_max_h': 13.24, 'Rsw_max': 966.7, 'Ds_mean': 491.8, 'Ca': [338.7, 397.5]}
    US-xSE: {'hours': 306600, 'calendar': '365_day', 'humidity': 'hurs', 'cal_note': None, 'years': '1980-2014', 'Ta_C': [-29.6, 45.6], 'Ta_mean': 14.4, 'Pre_mbar': 1011.4, 'Pr_mm_yr': 1117.1, 'Pr_max_h': 17.77, 'Rsw_max': 952.7, 'Ds_mean': 476.6, 'Ca': [338.7, 397.5]}
    US-xSP: {'hours': 306600, 'calendar': '365_day', 'humidity': 'hurs', 'cal_note': None, 'years': '1980-2014', 'Ta_C': [-19.7, 43.6], 'Ta_mean': 14.38, 'Pre_mbar': 883.1, 'Pr_mm_yr': 633.9, 'Pr_max_h': 19.57, 'Rsw_max': 1083.6, 'Ds_mean': 1064.3, 'Ca': [338.7, 397.5]}
    US-xST: {'hours': 306600, 'calendar': '365_day', 'humidity': 'hurs', 'cal_note': None, 'years': '1980-2014', 'Ta_C': [-46.2, 36.5], 'Ta_mean': 4.81, 'Pre_mbar': 957.1, 'Pr_mm_yr': 791.3, 'Pr_max_h': 9.3, 'Rsw_max': 961.1, 'Ds_mean': 343.0, 'Ca': [338.7, 397.5]}
    US-xTA: {'hours': 306600, 'calendar': '365_day', 'humidity': 'hurs', 'cal_note': None, 'years': '1980-2014', 'Ta_C': [-23.1, 46.4], 'Ta_mean': 18.15, 'Pre_mbar': 997.2, 'Pr_mm_yr': 1348.7, 'Pr_max_h': 14.62, 'Rsw_max': 1026.8, 'Ds_mean': 565.4, 'Ca': [338.7, 397.5]}
    US-xTE: {'hours': 306600, 'calendar': '365_day', 'humidity': 'hurs', 'cal_note': None, 'years': '1980-2014', 'Ta_C': [-26.8, 36.6], 'Ta_mean': 7.75, 'Pre_mbar': 785.5, 'Pr_mm_yr': 676.0, 'Pr_max_h': 22.07, 'Rsw_max': 1084.1, 'Ds_mean': 730.0, 'Ca': [338.7, 397.5]}
    US-xTR: {'hours': 306600, 'calendar': '365_day', 'humidity': 'hurs', 'cal_note': None, 'years': '1980-2014', 'Ta_C': [-45.1, 36.7], 'Ta_mean': 5.1, 'Pre_mbar': 958.1, 'Pr_mm_yr': 798.3, 'Pr_max_h': 9.66, 'Rsw_max': 961.7, 'Ds_mean': 348.1, 'Ca': [338.7, 397.5]}
    US-xUK: {'hours': 306600, 'calendar': '365_day', 'humidity': 'hurs', 'cal_note': None, 'years': '1980-2014', 'Ta_C': [-34.3, 41.5], 'Ta_mean': 13.73, 'Pre_mbar': 973.8, 'Pr_mm_yr': 961.0, 'Pr_max_h': 11.32, 'Rsw_max': 1017.9, 'Ds_mean': 600.1, 'Ca': [338.7, 397.5]}
    US-xWR: {'hours': 306600, 'calendar': '365_day', 'humidity': 'hurs', 'cal_note': None, 'years': '1980-2014', 'Ta_C': [-35.2, 38.7], 'Ta_mean': 8.82, 'Pre_mbar': 965.5, 'Pr_mm_yr': 1893.6, 'Pr_max_h': 20.92, 'Rsw_max': 1014.4, 'Ds_mean': 405.9, 'Ca': [338.7, 397.5]}
    US-xYE: {'hours': 306600, 'calendar': '365_day', 'humidity': 'hurs', 'cal_note': None, 'years': '1980-2014', 'Ta_C': [-47.5, 36.0], 'Ta_mean': 3.99, 'Pre_mbar': 788.4, 'Pr_mm_yr': 512.4, 'Pr_max_h': 7.66, 'Rsw_max': 1019.2, 'Ds_mean': 508.5, 'Ca': [338.7, 397.5]}
    -> 101/101 built

  GFDL-ESM4 ssp126 (ECS 2.6 K): 31390 days, 101 stations
    US-Bar: {'hours': 753360, 'calendar': '365_day', 'humidity': 'hurs', 'cal_note': None, 'years': '2015-2100', 'Ta_C': [-41.3, 35.1], 'Ta_mean': 5.02, 'Pre_mbar': 981.1, 'Pr_mm_yr': 1480.0, 'Pr_max_h': 16.09, 'Rsw_max': 990.7, 'Ds_mean': 277.8, 'Ca': [399.9, 474.0]}
    US-Blk: {'hours': 753360, 'calendar': '365_day', 'humidity': 'hurs', 'cal_note': None, 'years': '2015-2100', 'Ta_C': [-46.6, 40.9], 'Ta_mean': 7.54, 'Pre_mbar': 826.5, 'Pr_mm_yr': 467.1, 'Pr_max_h': 10.06, 'Rsw_max': 992.4, 'Ds_mean': 618.0, 'Ca': [399.9, 474.0]}
    US-CPF: {'hours': 753360, 'calendar': '365_day', 'humidity': 'hurs', 'cal_note': None, 'years': '2015-2100', 'Ta_C': [-47.7, 32.0], 'Ta_mean': 1.98, 'Pre_mbar': 701.6, 'Pr_mm_yr': 457.6, 'Pr_max_h': 8.03, 'Rsw_max': 1053.5, 'Ds_mean': 447.2, 'Ca': [399.9, 474.0]}
    US-CPk: {'hours': 753360, 'calendar': '365_day', 'humidity': 'hurs', 'cal_note': None, 'years': '2015-2100', 'Ta_C': [-41.3, 34.7], 'Ta_mean': 4.36, 'Pre_mbar': 731.3, 'Pr_mm_yr': 401.0, 'Pr_max_h': 6.24, 'Rsw_max': 1046.5, 'Ds_mean': 525.5, 'Ca': [399.9, 474.0]}
    US-CRK: {'hours': 753360, 'calendar': '365_day', 'humidity': 'hurs', 'cal_note': None, 'years': '2015-2100', 'Ta_C': [-16.7, 47.9], 'Ta_mean': 20.5, 'Pre_mbar': 995.3, 'Pr_mm_yr': 1190.1, 'Pr_max_h': 19.2, 'Rsw_max': 1058.9, 'Ds_mean': 874.9, 'Ca': [399.9, 474.0]}
    US-CS2: {'hours': 753360, 'calendar': '365_day', 'humidity': 'hurs', 'cal_note': None, 'years': '2015-2100', 'Ta_C': [-41.1, 40.0], 'Ta_mean': 8.7, 'Pre_mbar': 974.6, 'Pr_mm_yr': 854.1, 'Pr_max_h': 9.91, 'Rsw_max': 980.2, 'Ds_mean': 438.8, 'Ca': [399.9, 474.0]}
    US-CZ2: {'hours': 753360, 'calendar': '365_day', 'humidity': 'hurs', 'cal_note': None, 'years': '2015-2100', 'Ta_C': [-22.7, 45.7], 'Ta_mean': 15.72, 'Pre_mbar': 883.1, 'Pr_mm_yr': 627.8, 'Pr_max_h': 20.72, 'Rsw_max': 1087.2, 'Ds_mean': 1158.0, 'Ca': [399.9, 474.0]}
    US-CZ3: {'hours': 753360, 'calendar': '365_day', 'humidity': 'hurs', 'cal_note': None, 'years': '2015-2100', 'Ta_C': [-29.2, 38.9], 'Ta_mean': 9.08, 'Pre_mbar': 797.9, 'Pr_mm_yr': 678.3, 'Pr_max_h': 20.82, 'Rsw_max': 1087.2, 'Ds_mean': 796.3, 'Ca': [399.9, 474.0]}
    US-CZ4: {'hours': 753360, 'calendar': '365_day', 'humidity': 'hurs', 'cal_note': None, 'years': '2015-2100', 'Ta_C': [-32.1, 35.1], 'Ta_mean': 5.78, 'Pre_mbar': 734.8, 'Pr_mm_yr': 732.5, 'Pr_max_h': 25.11, 'Rsw_max': 1087.5, 'Ds_mean': 661.6, 'Ca': [399.9, 474.0]}
    US-ChR: {'hours': 753360, 'calendar': '365_day', 'humidity': 'hurs', 'cal_note': None, 'years': '2015-2100', 'Ta_C': [-29.4, 45.7], 'Ta_mean': 16.26, 'Pre_mbar': 979.5, 'Pr_mm_yr': 1448.4, 'Pr_max_h': 19.56, 'Rsw_max': 1002.4, 'Ds_mean': 543.3, 'Ca': [399.9, 474.0]}
    US-Cst: {'hours': 753360, 'calendar': '365_day', 'humidity': 'hurs', 'cal_note': None, 'years': '2015-2100', 'Ta_C': [-23.6, 48.3], 'Ta_mean': 19.34, 'Pre_mbar': 1007.3, 'Pr_mm_yr': 1381.6, 'Pr_max_h': 21.83, 'Rsw_max': 1049.0, 'Ds_mean': 735.6, 'Ca': [399.9, 474.0]}
    US-Cwt: {'hours': 753360, 'calendar': '365_day', 'humidity': 'hurs', 'cal_note': None, 'years': '2015-2100', 'Ta_C': [-29.9, 42.5], 'Ta_mean': 14.12, 'Pre_mbar': 933.7, 'Pr_mm_yr': 1829.7, 'Pr_max_h': 24.09, 'Rsw_max': 1002.5, 'Ds_mean': 466.4, 'Ca': [399.9, 474.0]}
    US-DPP: {'hours': 753360, 'calendar': '365_day', 'humidity': 'hurs', 'cal_note': None, 'years': '2015-2100', 'Ta_C': [-8.0, 49.5], 'Ta_mean': 24.55, 'Pre_mbar': 1010.5, 'Pr_mm_yr': 1326.9, 'Pr_max_h': 10.96, 'Rsw_max': 983.5, 'Ds_mean': 795.0, 'Ca': [399.9, 474.0]}
    US-Dk2: {'hours': 753360, 'calendar': '365_day', 'humidity': 'hurs', 'cal_note': None, 'years': '2015-2100', 'Ta_C': [-33.1, 45.4], 'Ta_mean': 16.84, 'Pre_mbar': 993.3, 'Pr_mm_yr': 1230.7, 'Pr_max_h': 13.49, 'Rsw_max': 963.1, 'Ds_mean': 548.7, 'Ca': [399.9, 474.0]}
    US-Dk3: {'hours': 753360, 'calendar': '365_day', 'humidity': 'hurs', 'cal_note': None, 'years': '2015-2100', 'Ta_C': [-33.1, 45.4], 'Ta_mean': 16.84, 'Pre_mbar': 993.9, 'Pr_mm_yr': 1230.7, 'Pr_max_h': 13.49, 'Rsw_max': 963.1, 'Ds_mean': 548.7, 'Ca': [399.9, 474.0]}
    US-Fmf: {'hours': 753360, 'calendar': '365_day', 'humidity': 'hurs', 'cal_note': None, 'years': '2015-2100', 'Ta_C': [-30.1, 39.4], 'Ta_mean': 10.69, 'Pre_mbar': 784.3, 'Pr_mm_yr': 463.9, 'Pr_max_h': 15.73, 'Rsw_max': 1096.0, 'Ds_mean': 1024.2, 'Ca': [399.9, 474.0]}
    US-Fuf: {'hours': 753360, 'calendar': '365_day', 'humidity': 'hurs', 'cal_note': None, 'years': '2015-2100', 'Ta_C': [-30.6, 39.5], 'Ta_mean': 10.75, 'Pre_mbar': 782.5, 'Pr_mm_yr': 502.1, 'Pr_max_h': 18.11, 'Rsw_max': 1095.5, 'Ds_mean': 1025.8, 'Ca': [399.9, 474.0]}
    US-GBT: {'hours': 753360, 'calendar': '365_day', 'humidity': 'hurs', 'cal_note': None, 'years': '2015-2100', 'Ta_C': [-40.4, 34.6], 'Ta_mean': 4.22, 'Pre_mbar': 694.1, 'Pr_mm_yr': 368.2, 'Pr_max_h': 6.33, 'Rsw_max': 1041.3, 'Ds_mean': 520.2, 'Ca': [399.9, 474.0]}
    US-GLE: {'hours': 753360, 'calendar': '365_day', 'humidity': 'hurs', 'cal_note': None, 'years': '2015-2100', 'Ta_C': [-40.4, 34.6], 'Ta_mean': 4.22, 'Pre_mbar': 693.6, 'Pr_mm_yr': 368.2, 'Pr_max_h': 6.33, 'Rsw_max': 1041.3, 'Ds_mean': 520.2, 'Ca': [399.9, 474.0]}
    US-HB2: {'hours': 753360, 'calendar': '365_day', 'humidity': 'hurs', 'cal_note': None, 'years': '2015-2100', 'Ta_C': [-13.1, 45.3], 'Ta_mean': 21.57, 'Pre_mbar': 1012.7, 'Pr_mm_yr': 1345.0, 'Pr_max_h': 14.52, 'Rsw_max': 957.7, 'Ds_mean': 565.0, 'Ca': [399.9, 474.0]}
    US-HB3: {'hours': 753360, 'calendar': '365_day', 'humidity': 'hurs', 'cal_note': None, 'years': '2015-2100', 'Ta_C': [-13.1, 45.3], 'Ta_mean': 21.57, 'Pre_mbar': 1012.4, 'Pr_mm_yr': 1345.0, 'Pr_max_h': 14.52, 'Rsw_max': 957.6, 'Ds_mean': 565.0, 'Ca': [399.9, 474.0]}
    US-HBK: {'hours': 753360, 'calendar': '365_day', 'humidity': 'hurs', 'cal_note': None, 'years': '2015-2100', 'Ta_C': [-40.5, 39.1], 'Ta_mean': 7.55, 'Pre_mbar': 970.1, 'Pr_mm_yr': 1317.7, 'Pr_max_h': 13.59, 'Rsw_max': 990.5, 'Ds_mean': 341.5, 'Ca': [399.9, 474.0]}
    US-Ha1: {'hours': 753360, 'calendar': '365_day', 'humidity': 'hurs', 'cal_note': None, 'years': '2015-2100', 'Ta_C': [-37.8, 41.6], 'Ta_mean': 10.62, 'Pre_mbar': 973.2, 'Pr_mm_yr': 1287.1, 'Pr_max_h': 16.37, 'Rsw_max': 995.0, 'Ds_mean': 437.0, 'Ca': [399.9, 474.0]}
    US-Ha2: {'hours': 753360, 'calendar': '365_day', 'humidity': 'hurs', 'cal_note': None, 'years': '2015-2100', 'Ta_C': [-37.8, 41.6], 'Ta_mean': 10.62, 'Pre_mbar': 970.9, 'Pr_mm_yr': 1287.1, 'Pr_max_h': 16.37, 'Rsw_max': 995.0, 'Ds_mean': 437.0, 'Ca': [399.9, 474.0]}
    US-Ho1: {'hours': 753360, 'calendar': '365_day', 'humidity': 'hurs', 'cal_note': None, 'years': '2015-2100', 'Ta_C': [-33.0, 37.9], 'Ta_mean': 8.08, 'Pre_mbar': 1006.1, 'Pr_mm_yr': 1210.3, 'Pr_max_h': 12.46, 'Rsw_max': 983.9, 'Ds_mean': 340.7, 'Ca': [399.9, 474.0]}
    US-Ho2: {'hours': 753360, 'calendar': '365_day', 'humidity': 'hurs', 'cal_note': None, 'years': '2015-2100', 'Ta_C': [-33.0, 37.9], 'Ta_mean': 8.08, 'Pre_mbar': 1005.9, 'Pr_mm_yr': 1210.3, 'Pr_max_h': 12.46, 'Rsw_max': 983.9, 'Ds_mean': 340.7, 'Ca': [399.9, 474.0]}
    US-Ho3: {'hours': 753360, 'calendar': '365_day', 'humidity': 'hurs', 'cal_note': None, 'years': '2015-2100', 'Ta_C': [-33.0, 37.9], 'Ta_mean': 8.08, 'Pre_mbar': 1005.9, 'Pr_mm_yr': 1210.3, 'Pr_max_h': 12.46, 'Rsw_max': 983.9, 'Ds_mean': 340.7, 'Ca': [399.9, 474.0]}
    US-LPH: {'hours': 753360, 'calendar': '365_day', 'humidity': 'hurs', 'cal_note': None, 'years': '2015-2100', 'Ta_C': [-37.8, 41.6], 'Ta_mean': 10.62, 'Pre_mbar': 968.9, 'Pr_mm_yr': 1287.1, 'Pr_max_h': 16.37, 'Rsw_max': 995.0, 'Ds_mean': 437.0, 'Ca': [399.9, 474.0]}
    US-MEF: {'hours': 753360, 'calendar': '365_day', 'humidity': 'hurs', 'cal_note': None, 'years': '2015-2100', 'Ta_C': [-38.2, 39.1], 'Ta_mean': 6.47, 'Pre_mbar': 765.3, 'Pr_mm_yr': 435.6, 'Pr_max_h': 10.57, 'Rsw_max': 1074.2, 'Ds_mean': 572.2, 'Ca': [399.9, 474.0]}
    US-MMS: {'hours': 753360, 'calendar': '365_day', 'humidity': 'hurs', 'cal_note': None, 'years': '2015-2100', 'Ta_C': [-34.6, 42.3], 'Ta_mean': 13.52, 'Pre_mbar': 980.7, 'Pr_mm_yr': 1195.9, 'Pr_max_h': 11.03, 'Rsw_max': 998.5, 'Ds_mean': 481.0, 'Ca': [399.9, 474.0]}
    US-MOz: {'hours': 753360, 'calendar': '365_day', 'humidity': 'hurs', 'cal_note': None, 'years': '2015-2100', 'Ta_C': [-34.4, 46.5], 'Ta_mean': 14.7, 'Pre_mbar': 987.2, 'Pr_mm_yr': 1068.2, 'Pr_max_h': 13.25, 'Rsw_max': 1029.1, 'Ds_mean': 595.6, 'Ca': [399.9, 474.0]}
    US-MRf: {'hours': 753360, 'calendar': '365_day', 'humidity': 'hurs', 'cal_note': None, 'years': '2015-2100', 'Ta_C': [-14.7, 38.8], 'Ta_mean': 12.97, 'Pre_mbar': 982.1, 'Pr_mm_yr': 1435.5, 'Pr_max_h': 19.32, 'Rsw_max': 1035.7, 'Ds_mean': 427.1, 'Ca': [399.9, 474.0]}
    US-Me1: FAILED -- Tetens inverse disagrees by 1.00e-03 Pa
    US-Me2: FAILED -- Tetens inverse disagrees by 1.00e-03 Pa
    US-Me4: FAILED -- Tetens inverse disagrees by 1.00e-03 Pa
    US-Me6: FAILED -- Tetens inverse disagrees by 1.00e-03 Pa
    US-Me7: FAILED -- Tetens inverse disagrees by 1.00e-03 Pa
    US-MtB: FAILED -- Tetens inverse disagrees by 1.00e-03 Pa
    US-NC2: {'hours': 753360, 'calendar': '365_day', 'humidity': 'hurs', 'cal_note': None, 'years': '2015-2100', 'Ta_C': [-18.4, 44.2], 'Ta_mean': 18.28, 'Pre_mbar': 1012.6, 'Pr_mm_yr': 1339.7, 'Pr_max_h': 18.64, 'Rsw_max': 958.2, 'Ds_mean': 539.4, 'Ca': [399.9, 474.0]}
    US-NC3: {'hours': 753360, 'calendar': '365_day', 'humidity': 'hurs', 'cal_note': None, 'years': '2015-2100', 'Ta_C': [-18.4, 44.2], 'Ta_mean': 18.28, 'Pre_mbar': 1012.6, 'Pr_mm_yr': 1339.7, 'Pr_max_h': 18.64, 'Rsw_max': 958.2, 'Ds_mean': 539.4, 'Ca': [399.9, 474.0]}
    US-NC5: {'hours': 753360, 'calendar': '365_day', 'humidity': 'hurs', 'cal_note': None, 'years': '2015-2100', 'Ta_C': [-32.0, 45.8], 'Ta_mean': 16.7, 'Pre_mbar': 998.7, 'Pr_mm_yr': 1208.4, 'Pr_max_h': 14.07, 'Rsw_max': 958.1, 'Ds_mean': 556.3, 'Ca': [399.9, 474.0]}
    US-NMj: {'hours': 753360, 'calendar': '365_day', 'humidity': 'hurs', 'cal_note': None, 'years': '2015-2100', 'Ta_C': [-45.1, 37.7], 'Ta_mean': 6.16, 'Pre_mbar': 967.0, 'Pr_mm_yr': 809.7, 'Pr_max_h': 10.95, 'Rsw_max': 953.2, 'Ds_mean': 389.1, 'Ca': [399.9, 474.0]}
    US-NR1: {'hours': 753360, 'calendar': '365_day', 'humidity': 'hurs', 'cal_note': None, 'years': '2015-2100', 'Ta_C': [-47.9, 32.2], 'Ta_mean': 1.56, 'Pre_mbar': 705.8, 'Pr_mm_yr': 474.1, 'Pr_max_h': 8.77, 'Rsw_max': 1059.0, 'Ds_mean': 427.8, 'Ca': [399.9, 474.0]}
    US-Oho: {'hours': 753360, 'calendar': '365_day', 'humidity': 'hurs', 'cal_note': None, 'years': '2015-2100', 'Ta_C': [-26.7, 44.2], 'Ta_mean': 11.7, 'Pre_mbar': 986.0, 'Pr_mm_yr': 950.6, 'Pr_max_h': 9.7, 'Rsw_max': 972.1, 'Ds_mean': 495.0, 'Ca': [399.9, 474.0]}
    US-PFL: {'hours': 753360, 'calendar': '365_day', 'humidity': 'hurs', 'cal_note': None, 'years': '2015-2100', 'Ta_C': [-43.8, 37.7], 'Ta_mean': 6.7, 'Pre_mbar': 959.0, 'Pr_mm_yr': 826.9, 'Pr_max_h': 11.69, 'Rsw_max': 964.3, 'Ds_mean': 394.6, 'Ca': [399.9, 474.0]}
    US-PFb: {'hours': 753360, 'calendar': '365_day', 'humidity': 'hurs', 'cal_note': None, 'years': '2015-2100', 'Ta_C': [-43.8, 37.7], 'Ta_mean': 6.7, 'Pre_mbar': 957.9, 'Pr_mm_yr': 826.9, 'Pr_max_h': 11.69, 'Rsw_max': 964.1, 'Ds_mean': 394.6, 'Ca': [399.9, 474.0]}
    US-PFc: {'hours': 753360, 'calendar': '365_day', 'humidity': 'hurs', 'cal_note': None, 'years': '2015-2100', 'Ta_C': [-43.8, 37.7], 'Ta_mean': 6.7, 'Pre_mbar': 958.0, 'Pr_mm_yr': 826.9, 'Pr_max_h': 11.69, 'Rsw_max': 964.1, 'Ds_mean': 394.6, 'Ca': [399.9, 474.0]}
    US-PFg: {'hours': 753360, 'calendar': '365_day', 'humidity': 'hurs', 'cal_note': None, 'years': '2015-2100', 'Ta_C': [-43.8, 37.7], 'Ta_mean': 6.7, 'Pre_mbar': 957.8, 'Pr_mm_yr': 826.9, 'Pr_max_h': 11.69, 'Rsw_max': 964.1, 'Ds_mean': 394.6, 'Ca': [399.9, 474.0]}
    US-PFh: {'hours': 753360, 'calendar': '365_day', 'humidity': 'hurs', 'cal_note': None, 'years': '2015-2100', 'Ta_C': [-44.5, 37.6], 'Ta_mean': 6.43, 'Pre_mbar': 959.1, 'Pr_mm_yr': 834.0, 'Pr_max_h': 11.43, 'Rsw_max': 963.6, 'Ds_mean': 391.5, 'Ca': [399.9, 474.0]}
    US-PFi: {'hours': 753360, 'calendar': '365_day', 'humidity': 'hurs', 'cal_note': None, 'years': '2015-2100', 'Ta_C': [-44.5, 37.6], 'Ta_mean': 6.43, 'Pre_mbar': 956.3, 'Pr_mm_yr': 834.0, 'Pr_max_h': 11.43, 'Rsw_max': 963.5, 'Ds_mean': 391.5, 'Ca': [399.9, 474.0]}
    US-PFj: {'hours': 753360, 'calendar': '365_day', 'humidity': 'hurs', 'cal_note': None, 'years': '2015-2100', 'Ta_C': [-44.5, 37.6], 'Ta_mean': 6.43, 'Pre_mbar': 956.7, 'Pr_mm_yr': 834.0, 'Pr_max_h': 11.43, 'Rsw_max': 963.6, 'Ds_mean': 391.5, 'Ca': [399.9, 474.0]}
    US-PFk: {'hours': 753360, 'calendar': '365_day', 'humidity': 'hurs', 'cal_note': None, 'years': '2015-2100', 'Ta_C': [-43.8, 37.7], 'Ta_mean': 6.7, 'Pre_mbar': 957.7, 'Pr_mm_yr': 826.9, 'Pr_max_h': 11.69, 'Rsw_max': 964.4, 'Ds_mean': 394.6, 'Ca': [399.9, 474.0]}
    US-PFm: {'hours': 753360, 'calendar': '365_day', 'humidity': 'hurs', 'cal_note': None, 'years': '2015-2100', 'Ta_C': [-43.8, 37.7], 'Ta_mean': 6.7, 'Pre_mbar': 956.7, 'Pr_mm_yr': 826.9, 'Pr_max_h': 11.69, 'Rsw_max': 964.4, 'Ds_mean': 394.6, 'Ca': [399.9, 474.0]}
    US-PFn: {'hours': 753360, 'calendar': '365_day', 'humidity': 'hurs', 'cal_note': None, 'years': '2015-2100', 'Ta_C': [-43.8, 37.7], 'Ta_mean': 6.7, 'Pre_mbar': 957.4, 'Pr_mm_yr': 826.9, 'Pr_max_h': 11.69, 'Rsw_max': 964.3, 'Ds_mean': 394.6, 'Ca': [399.9, 474.0]}
    US-PFp: {'hours': 753360, 'calendar': '365_day', 'humidity': 'hurs', 'cal_note': None, 'years': '2015-2100', 'Ta_C': [-43.8, 37.7], 'Ta_mean': 6.7, 'Pre_mbar': 955.3, 'Pr_mm_yr': 826.9, 'Pr_max_h': 11.69, 'Rsw_max': 964.3, 'Ds_mean': 394.6, 'Ca': [399.9, 474.0]}
    US-PFq: {'hours': 753360, 'calendar': '365_day', 'humidity': 'hurs', 'cal_note': None, 'years': '2015-2100', 'Ta_C': [-44.5, 37.6], 'Ta_mean': 6.43, 'Pre_mbar': 958.0, 'Pr_mm_yr': 834.0, 'Pr_max_h': 11.43, 'Rsw_max': 963.8, 'Ds_mean': 391.5, 'Ca': [399.9, 474.0]}
    US-PFs: {'hours': 753360, 'calendar': '365_day', 'humidity': 'hurs', 'cal_note': None, 'years': '2015-2100', 'Ta_C': [-44.5, 37.6], 'Ta_mean': 6.43, 'Pre_mbar': 956.2, 'Pr_mm_yr': 834.0, 'Pr_max_h': 11.43, 'Rsw_max': 963.7, 'Ds_mean': 391.5, 'Ca': [399.9, 474.0]}
    US-PFt: {'hours': 753360, 'calendar': '365_day', 'humidity': 'hurs', 'cal_note': None, 'years': '2015-2100', 'Ta_C': [-44.5, 37.6], 'Ta_mean': 6.43, 'Pre_mbar': 958.8, 'Pr_mm_yr': 834.0, 'Pr_max_h': 11.43, 'Rsw_max': 963.8, 'Ds_mean': 391.5, 'Ca': [399.9, 474.0]}
    US-SB1: {'hours': 753360, 'calendar': '365_day', 'humidity': 'hurs', 'cal_note': None, 'years': '2015-2100', 'Ta_C': [-28.4, 44.4], 'Ta_mean': 15.4, 'Pre_mbar': 984.6, 'Pr_mm_yr': 1110.7, 'Pr_max_h': 17.22, 'Rsw_max': 978.4, 'Ds_mean': 551.9, 'Ca': [399.9, 474.0]}
    US-SHC: {'hours': 753360, 'calendar': '365_day', 'humidity': 'hurs', 'cal_note': None, 'years': '2015-2100', 'Ta_C': [-34.3, 40.8], 'Ta_mean': 9.72, 'Pre_mbar': 805.6, 'Pr_mm_yr': 719.3, 'Pr_max_h': 16.4, 'Rsw_max': 1081.1, 'Ds_mean': 792.7, 'Ca': [399.9, 474.0]}
    US-SP1: {'hours': 753360, 'calendar': '365_day', 'humidity': 'hurs', 'cal_note': None, 'years': '2015-2100', 'Ta_C': [-10.6, 45.8], 'Ta_mean': 22.75, 'Pre_mbar': 1007.3, 'Pr_mm_yr': 1414.9, 'Pr_max_h': 16.5, 'Rsw_max': 986.9, 'Ds_mean': 729.1, 'Ca': [399.9, 474.0]}
    US-SP2: {'hours': 753360, 'calendar': '365_day', 'humidity': 'hurs', 'cal_note': None, 'years': '2015-2100', 'Ta_C': [-11.3, 45.9], 'Ta_mean': 22.42, 'Pre_mbar': 1007.3, 'Pr_mm_yr': 1418.6, 'Pr_max_h': 16.46, 'Rsw_max': 987.6, 'Ds_mean': 717.8, 'Ca': [399.9, 474.0]}
    US-SP3: {'hours': 753360, 'calendar': '365_day', 'humidity': 'hurs', 'cal_note': None, 'years': '2015-2100', 'Ta_C': [-11.3, 45.9], 'Ta_mean': 22.42, 'Pre_mbar': 1007.3, 'Pr_mm_yr': 1418.6, 'Pr_max_h': 16.46, 'Rsw_max': 987.8, 'Ds_mean': 717.8, 'Ca': [399.9, 474.0]}
    US-SP4: {'hours': 753360, 'calendar': '365_day', 'humidity': 'hurs', 'cal_note': None, 'years': '2015-2100', 'Ta_C': [-11.3, 45.9], 'Ta_mean': 22.42, 'Pre_mbar': 1007.6, 'Pr_mm_yr': 1418.6, 'Pr_max_h': 16.46, 'Rsw_max': 987.5, 'Ds_mean': 717.8, 'Ca': [399.9, 474.0]}
    US-SSH: {'hours': 753360, 'calendar': '365_day', 'humidity': 'hurs', 'cal_note': None, 'years': '2015-2100', 'Ta_C': [-30.4, 42.6], 'Ta_mean': 11.84, 'Pre_mbar': 976.7, 'Pr_mm_yr': 1112.3, 'Pr_max_h': 11.0, 'Rsw_max': 955.9, 'Ds_mean': 458.4, 'Ca': [399.9, 474.0]}
    US-Slt: {'hours': 753360, 'calendar': '365_day', 'humidity': 'hurs', 'cal_note': None, 'years': '2015-2100', 'Ta_C': [-23.2, 43.6], 'Ta_mean': 14.92, 'Pre_mbar': 1009.7, 'Pr_mm_yr': 1285.5, 'Pr_max_h': 18.92, 'Rsw_max': 1010.1, 'Ds_mean': 493.4, 'Ca': [399.9, 474.0]}
    US-TEF: {'hours': 753360, 'calendar': '365_day', 'humidity': 'hurs', 'cal_note': None, 'years': '2015-2100', 'Ta_C': [-44.3, 42.5], 'Ta_mean': 5.74, 'Pre_mbar': 776.8, 'Pr_mm_yr': 419.4, 'Pr_max_h': 7.28, 'Rsw_max': 984.2, 'Ds_mean': 504.8, 'Ca': [399.9, 474.0]}
    US-UMB: {'hours': 753360, 'calendar': '365_day', 'humidity': 'hurs', 'cal_note': None, 'years': '2015-2100', 'Ta_C': [-34.9, 38.4], 'Ta_mean': 7.87, 'Pre_mbar': 985.5, 'Pr_mm_yr': 860.9, 'Pr_max_h': 11.6, 'Rsw_max': 944.9, 'Ds_mean': 412.7, 'Ca': [399.9, 474.0]}
    US-UMd: {'hours': 753360, 'calendar': '365_day', 'humidity': 'hurs', 'cal_note': None, 'years': '2015-2100', 'Ta_C': [-34.9, 38.4], 'Ta_mean': 7.87, 'Pre_mbar': 984.9, 'Pr_mm_yr': 860.9, 'Pr_max_h': 11.6, 'Rsw_max': 944.9, 'Ds_mean': 412.7, 'Ca': [399.9, 474.0]}
    US-Vcm: {'hours': 753360, 'calendar': '365_day', 'humidity': 'hurs', 'cal_note': None, 'years': '2015-2100', 'Ta_C': [-43.8, 35.8], 'Ta_mean': 6.39, 'Pre_mbar': 709.7, 'Pr_mm_yr': 497.9, 'Pr_max_h': 13.68, 'Rsw_max': 1101.4, 'Ds_mean': 691.8, 'Ca': [399.9, 474.0]}
    US-Vcp: {'hours': 753360, 'calendar': '365_day', 'humidity': 'hurs', 'cal_note': None, 'years': '2015-2100', 'Ta_C': [-43.8, 35.8], 'Ta_mean': 6.39, 'Pre_mbar': 749.6, 'Pr_mm_yr': 497.9, 'Pr_max_h': 13.68, 'Rsw_max': 1101.5, 'Ds_mean': 691.8, 'Ca': [399.9, 474.0]}
    US-Vcs: {'hours': 753360, 'calendar': '365_day', 'humidity': 'hurs', 'cal_note': None, 'years': '2015-2100', 'Ta_C': [-43.8, 35.8], 'Ta_mean': 6.39, 'Pre_mbar': 731.2, 'Pr_mm_yr': 497.9, 'Pr_max_h': 13.68, 'Rsw_max': 1101.3, 'Ds_mean': 691.8, 'Ca': [399.9, 474.0]}
    US-WBW: {'hours': 753360, 'calendar': '365_day', 'humidity': 'hurs', 'cal_note': None, 'years': '2015-2100', 'Ta_C': [-29.4, 45.7], 'Ta_mean': 16.26, 'Pre_mbar': 979.8, 'Pr_mm_yr': 1448.4, 'Pr_max_h': 19.56, 'Rsw_max': 1002.3, 'Ds_mean': 543.3, 'Ca': [399.9, 474.0]}
    US-WCr: {'hours': 753360, 'calendar': '365_day', 'humidity': 'hurs', 'cal_note': None, 'years': '2015-2100', 'Ta_C': [-44.5, 37.6], 'Ta_mean': 6.43, 'Pre_mbar': 952.7, 'Pr_mm_yr': 834.0, 'Pr_max_h': 11.43, 'Rsw_max': 964.5, 'Ds_mean': 391.5, 'Ca': [399.9, 474.0]}
    US-Wi1: {'hours': 753360, 'calendar': '365_day', 'humidity': 'hurs', 'cal_note': None, 'years': '2015-2100', 'Ta_C': [-40.3, 37.7], 'Ta_mean': 6.55, 'Pre_mbar': 971.8, 'Pr_mm_yr': 790.5, 'Pr_max_h': 11.3, 'Rsw_max': 958.7, 'Ds_mean': 373.9, 'Ca': [399.9, 474.0]}
    US-Wi2: {'hours': 753360, 'calendar': '365_day', 'humidity': 'hurs', 'cal_note': None, 'years': '2015-2100', 'Ta_C': [-40.3, 37.7], 'Ta_mean': 6.55, 'Pre_mbar': 966.9, 'Pr_mm_yr': 790.5, 'Pr_max_h': 11.3, 'Rsw_max': 959.0, 'Ds_mean': 373.9, 'Ca': [399.9, 474.0]}
    US-Wi3: {'hours': 753360, 'calendar': '365_day', 'humidity': 'hurs', 'cal_note': None, 'years': '2015-2100', 'Ta_C': [-40.3, 37.7], 'Ta_mean': 6.55, 'Pre_mbar': 965.1, 'Pr_mm_yr': 790.5, 'Pr_max_h': 11.3, 'Rsw_max': 959.3, 'Ds_mean': 373.9, 'Ca': [399.9, 474.0]}
    US-Wi4: {'hours': 753360, 'calendar': '365_day', 'humidity': 'hurs', 'cal_note': None, 'years': '2015-2100', 'Ta_C': [-40.3, 37.7], 'Ta_mean': 6.55, 'Pre_mbar': 971.8, 'Pr_mm_yr': 790.5, 'Pr_max_h': 11.3, 'Rsw_max': 958.7, 'Ds_mean': 373.9, 'Ca': [399.9, 474.0]}
    US-Wrc: FAILED -- Tetens inverse disagrees by 1.00e-03 Pa
    US-xAB: {'hours': 753360, 'calendar': '365_day', 'humidity': 'hurs', 'cal_note': None, 'years': '2015-2100', 'Ta_C': [-23.8, 40.5], 'Ta_mean': 12.44, 'Pre_mbar': 970.6, 'Pr_mm_yr': 1859.9, 'Pr_max_h': 21.27, 'Rsw_max': 1015.9, 'Ds_mean': 503.1, 'Ca': [399.9, 474.0]}
    US-xBL: {'hours': 753360, 'calendar': '365_day', 'humidity': 'hurs', 'cal_note': None, 'years': '2015-2100', 'Ta_C': [-30.9, 46.3], 'Ta_mean': 14.59, 'Pre_mbar': 991.5, 'Pr_mm_yr': 1088.9, 'Pr_max_h': 13.72, 'Rsw_max': 970.4, 'Ds_mean': 557.2, 'Ca': [399.9, 474.0]}
    US-xBR: {'hours': 753360, 'calendar': '365_day', 'humidity': 'hurs', 'cal_note': None, 'years': '2015-2100', 'Ta_C': [-41.3, 35.1], 'Ta_mean': 5.02, 'Pre_mbar': 985.8, 'Pr_mm_yr': 1480.0, 'Pr_max_h': 16.09, 'Rsw_max': 990.7, 'Ds_mean': 277.8, 'Ca': [399.9, 474.0]}
    US-xGR: {'hours': 753360, 'calendar': '365_day', 'humidity': 'hurs', 'cal_note': None, 'years': '2015-2100', 'Ta_C': [-30.1, 43.6], 'Ta_mean': 13.39, 'Pre_mbar': 946.0, 'Pr_mm_yr': 1509.3, 'Pr_max_h': 17.55, 'Rsw_max': 1002.0, 'Ds_mean': 455.5, 'Ca': [399.9, 474.0]}
    US-xHA: {'hours': 753360, 'calendar': '365_day', 'humidity': 'hurs', 'cal_note': None, 'years': '2015-2100', 'Ta_C': [-37.8, 41.6], 'Ta_mean': 10.62, 'Pre_mbar': 971.9, 'Pr_mm_yr': 1287.1, 'Pr_max_h': 16.37, 'Rsw_max': 995.1, 'Ds_mean': 437.0, 'Ca': [399.9, 474.0]}
    US-xJE: {'hours': 753360, 'calendar': '365_day', 'humidity': 'hurs', 'cal_note': None, 'years': '2015-2100', 'Ta_C': [-19.7, 48.7], 'Ta_mean': 20.63, 'Pre_mbar': 1008.0, 'Pr_mm_yr': 1391.2, 'Pr_max_h': 17.36, 'Rsw_max': 1005.4, 'Ds_mean': 700.2, 'Ca': [399.9, 474.0]}
    US-xLE: {'hours': 753360, 'calendar': '365_day', 'humidity': 'hurs', 'cal_note': None, 'years': '2015-2100', 'Ta_C': [-23.1, 49.9], 'Ta_mean': 20.16, 'Pre_mbar': 1010.9, 'Pr_mm_yr': 1526.6, 'Pr_max_h': 19.06, 'Rsw_max': 1026.5, 'Ds_mean': 683.9, 'Ca': [399.9, 474.0]}
    US-xML: {'hours': 753360, 'calendar': '365_day', 'humidity': 'hurs', 'cal_note': None, 'years': '2015-2100', 'Ta_C': [-35.8, 42.3], 'Ta_mean': 12.67, 'Pre_mbar': 886.6, 'Pr_mm_yr': 1129.8, 'Pr_max_h': 13.03, 'Rsw_max': 987.6, 'Ds_mean': 468.5, 'Ca': [399.9, 474.0]}
    US-xNW: {'hours': 753360, 'calendar': '365_day', 'humidity': 'hurs', 'cal_note': None, 'years': '2015-2100', 'Ta_C': [-47.9, 32.2], 'Ta_mean': 1.56, 'Pre_mbar': 668.1, 'Pr_mm_yr': 474.1, 'Pr_max_h': 8.77, 'Rsw_max': 1058.9, 'Ds_mean': 427.8, 'Ca': [399.9, 474.0]}
    US-xRM: {'hours': 753360, 'calendar': '365_day', 'humidity': 'hurs', 'cal_note': None, 'years': '2015-2100', 'Ta_C': [-50.2, 31.7], 'Ta_mean': 2.28, 'Pre_mbar': 731.9, 'Pr_mm_yr': 467.5, 'Pr_max_h': 8.86, 'Rsw_max': 1054.6, 'Ds_mean': 447.6, 'Ca': [399.9, 474.0]}
    US-xRN: {'hours': 753360, 'calendar': '365_day', 'humidity': 'hurs', 'cal_note': None, 'years': '2015-2100', 'Ta_C': [-29.4, 45.7], 'Ta_mean': 16.26, 'Pre_mbar': 973.9, 'Pr_mm_yr': 1448.4, 'Pr_max_h': 19.56, 'Rsw_max': 1002.2, 'Ds_mean': 543.3, 'Ca': [399.9, 474.0]}
    US-xSB: {'hours': 753360, 'calendar': '365_day', 'humidity': 'hurs', 'cal_note': None, 'years': '2015-2100', 'Ta_C': [-12.0, 46.1], 'Ta_mean': 22.74, 'Pre_mbar': 1007.9, 'Pr_mm_yr': 1407.2, 'Pr_max_h': 15.82, 'Rsw_max': 986.4, 'Ds_mean': 735.3, 'Ca': [399.9, 474.0]}
    US-xSC: {'hours': 753360, 'calendar': '365_day', 'humidity': 'hurs', 'cal_note': None, 'years': '2015-2100', 'Ta_C': [-31.5, 45.9], 'Ta_mean': 14.43, 'Pre_mbar': 970.8, 'Pr_mm_yr': 1097.8, 'Pr_max_h': 14.34, 'Rsw_max': 972.0, 'Ds_mean': 551.6, 'Ca': [399.9, 474.0]}
    US-xSE: {'hours': 753360, 'calendar': '365_day', 'humidity': 'hurs', 'cal_note': None, 'years': '2015-2100', 'Ta_C': [-25.5, 46.2], 'Ta_mean': 15.74, 'Pre_mbar': 1011.4, 'Pr_mm_yr': 1197.6, 'Pr_max_h': 18.63, 'Rsw_max': 960.5, 'Ds_mean': 537.2, 'Ca': [399.9, 474.0]}
    US-xSP: {'hours': 753360, 'calendar': '365_day', 'humidity': 'hurs', 'cal_note': None, 'years': '2015-2100', 'Ta_C': [-22.7, 45.7], 'Ta_mean': 15.72, 'Pre_mbar': 883.1, 'Pr_mm_yr': 627.8, 'Pr_max_h': 20.72, 'Rsw_max': 1087.2, 'Ds_mean': 1158.0, 'Ca': [399.9, 474.0]}
    US-xST: {'hours': 753360, 'calendar': '365_day', 'humidity': 'hurs', 'cal_note': None, 'years': '2015-2100', 'Ta_C': [-48.6, 37.8], 'Ta_mean': 6.44, 'Pre_mbar': 957.1, 'Pr_mm_yr': 839.7, 'Pr_max_h': 13.26, 'Rsw_max': 968.0, 'Ds_mean': 398.6, 'Ca': [399.9, 474.0]}
    US-xTA: {'hours': 753360, 'calendar': '365_day', 'humidity': 'hurs', 'cal_note': None, 'years': '2015-2100', 'Ta_C': [-18.8, 46.7], 'Ta_mean': 19.21, 'Pre_mbar': 997.2, 'Pr_mm_yr': 1446.8, 'Pr_max_h': 16.48, 'Rsw_max': 1025.2, 'Ds_mean': 617.0, 'Ca': [399.9, 474.0]}
    US-xTE: {'hours': 753360, 'calendar': '365_day', 'humidity': 'hurs', 'cal_note': None, 'years': '2015-2100', 'Ta_C': [-29.2, 38.9], 'Ta_mean': 9.08, 'Pre_mbar': 785.5, 'Pr_mm_yr': 678.3, 'Pr_max_h': 20.82, 'Rsw_max': 1087.6, 'Ds_mean': 796.3, 'Ca': [399.9, 474.0]}
    US-xTR: {'hours': 753360, 'calendar': '365_day', 'humidity': 'hurs', 'cal_note': None, 'years': '2015-2100', 'Ta_C': [-49.5, 37.7], 'Ta_mean': 6.74, 'Pre_mbar': 958.1, 'Pr_mm_yr': 848.3, 'Pr_max_h': 13.08, 'Rsw_max': 969.1, 'Ds_mean': 404.9, 'Ca': [399.9, 474.0]}
    US-xUK: {'hours': 753360, 'calendar': '365_day', 'humidity': 'hurs', 'cal_note': None, 'years': '2015-2100', 'Ta_C': [-36.9, 46.7], 'Ta_mean': 15.09, 'Pre_mbar': 973.8, 'Pr_mm_yr': 1031.4, 'Pr_max_h': 14.85, 'Rsw_max': 1015.0, 'Ds_mean': 726.0, 'Ca': [399.9, 474.0]}
    US-xWR: FAILED -- Tetens inverse disagrees by 1.00e-03 Pa
    US-xYE: {'hours': 753360, 'calendar': '365_day', 'humidity': 'hurs', 'cal_note': None, 'years': '2015-2100', 'Ta_C': [-47.1, 37.7], 'Ta_mean': 5.33, 'Pre_mbar': 788.4, 'Pr_mm_yr': 559.4, 'Pr_max_h': 8.69, 'Rsw_max': 1016.9, 'Ds_mean': 535.5, 'Ca': [399.9, 474.0]}
    -> 93/101 built

  GFDL-ESM4 ssp585 (ECS 2.6 K): 31390 days, 101 stations
    US-Bar: {'hours': 753360, 'calendar': '365_day', 'humidity': 'hurs', 'cal_note': None, 'years': '2015-2100', 'Ta_C': [-39.4, 38.4], 'Ta_mean': 6.37, 'Pre_mbar': 981.1, 'Pr_mm_yr': 1505.3, 'Pr_max_h': 17.8, 'Rsw_max': 985.8, 'Ds_mean': 308.3, 'Ca': [399.9, 1135.2]}
    US-Blk: {'hours': 753360, 'calendar': '365_day', 'humidity': 'hurs', 'cal_note': None, 'years': '2015-2100', 'Ta_C': [-53.1, 44.5], 'Ta_mean': 8.72, 'Pre_mbar': 826.5, 'Pr_mm_yr': 467.8, 'Pr_max_h': 9.76, 'Rsw_max': 993.7, 'Ds_mean': 683.4, 'Ca': [399.9, 1135.2]}
    US-CPF: {'hours': 753360, 'calendar': '365_day', 'humidity': 'hurs', 'cal_note': None, 'years': '2015-2100', 'Ta_C': [-44.3, 35.1], 'Ta_mean': 3.25, 'Pre_mbar': 701.6, 'Pr_mm_yr': 438.4, 'Pr_max_h': 7.77, 'Rsw_max': 1053.4, 'Ds_mean': 505.9, 'Ca': [399.9, 1135.2]}
    US-CPk: {'hours': 753360, 'calendar': '365_day', 'humidity': 'hurs', 'cal_note': None, 'years': '2015-2100', 'Ta_C': [-41.9, 37.9], 'Ta_mean': 5.64, 'Pre_mbar': 731.3, 'Pr_mm_yr': 391.2, 'Pr_max_h': 7.1, 'Rsw_max': 1041.8, 'Ds_mean': 591.8, 'Ca': [399.9, 1135.2]}
    US-CRK: {'hours': 753360, 'calendar': '365_day', 'humidity': 'hurs', 'cal_note': None, 'years': '2015-2100', 'Ta_C': [-15.5, 51.3], 'Ta_mean': 21.86, 'Pre_mbar': 995.3, 'Pr_mm_yr': 1072.9, 'Pr_max_h': 19.15, 'Rsw_max': 1046.5, 'Ds_mean': 1028.5, 'Ca': [399.9, 1135.2]}
    US-CS2: {'hours': 753360, 'calendar': '365_day', 'humidity': 'hurs', 'cal_note': None, 'years': '2015-2100', 'Ta_C': [-36.7, 44.5], 'Ta_mean': 10.17, 'Pre_mbar': 974.6, 'Pr_mm_yr': 884.9, 'Pr_max_h': 11.21, 'Rsw_max': 973.5, 'Ds_mean': 486.3, 'Ca': [399.9, 1135.2]}
    US-CZ2: {'hours': 753360, 'calendar': '365_day', 'humidity': 'hurs', 'cal_note': None, 'years': '2015-2100', 'Ta_C': [-18.6, 47.3], 'Ta_mean': 16.74, 'Pre_mbar': 883.1, 'Pr_mm_yr': 674.6, 'Pr_max_h': 23.48, 'Rsw_max': 1077.3, 'Ds_mean': 1248.7, 'Ca': [399.9, 1135.2]}
    US-CZ3: {'hours': 753360, 'calendar': '365_day', 'humidity': 'hurs', 'cal_note': None, 'years': '2015-2100', 'Ta_C': [-25.3, 40.6], 'Ta_mean': 10.11, 'Pre_mbar': 797.9, 'Pr_mm_yr': 727.5, 'Pr_max_h': 24.92, 'Rsw_max': 1078.5, 'Ds_mean': 861.7, 'Ca': [399.9, 1135.2]}
    US-CZ4: {'hours': 753360, 'calendar': '365_day', 'humidity': 'hurs', 'cal_note': None, 'years': '2015-2100', 'Ta_C': [-28.3, 37.1], 'Ta_mean': 6.82, 'Pre_mbar': 734.8, 'Pr_mm_yr': 784.8, 'Pr_max_h': 28.51, 'Rsw_max': 1079.9, 'Ds_mean': 717.4, 'Ca': [399.9, 1135.2]}
    US-ChR: {'hours': 753360, 'calendar': '365_day', 'humidity': 'hurs', 'cal_note': None, 'years': '2015-2100', 'Ta_C': [-24.5, 52.5], 'Ta_mean': 17.43, 'Pre_mbar': 979.5, 'Pr_mm_yr': 1432.5, 'Pr_max_h': 17.2, 'Rsw_max': 994.5, 'Ds_mean': 622.2, 'Ca': [399.9, 1135.2]}
    US-Cst: {'hours': 753360, 'calendar': '365_day', 'humidity': 'hurs', 'cal_note': None, 'years': '2015-2100', 'Ta_C': [-22.2, 51.0], 'Ta_mean': 20.56, 'Pre_mbar': 1007.3, 'Pr_mm_yr': 1327.6, 'Pr_max_h': 20.32, 'Rsw_max': 1044.0, 'Ds_mean': 869.2, 'Ca': [399.9, 1135.2]}
    US-Cwt: {'hours': 753360, 'calendar': '365_day', 'humidity': 'hurs', 'cal_note': None, 'years': '2015-2100', 'Ta_C': [-28.5, 47.1], 'Ta_mean': 15.27, 'Pre_mbar': 933.7, 'Pr_mm_yr': 1828.9, 'Pr_max_h': 20.25, 'Rsw_max': 996.0, 'Ds_mean': 534.9, 'Ca': [399.9, 1135.2]}
    US-DPP: {'hours': 753360, 'calendar': '365_day', 'humidity': 'hurs', 'cal_note': None, 'years': '2015-2100', 'Ta_C': [-7.5, 51.4], 'Ta_mean': 25.22, 'Pre_mbar': 1010.5, 'Pr_mm_yr': 1303.9, 'Pr_max_h': 13.02, 'Rsw_max': 972.8, 'Ds_mean': 866.3, 'Ca': [399.9, 1135.2]}
    US-Dk2: {'hours': 753360, 'calendar': '365_day', 'humidity': 'hurs', 'cal_note': None, 'years': '2015-2100', 'Ta_C': [-26.4, 54.3], 'Ta_mean': 18.21, 'Pre_mbar': 993.3, 'Pr_mm_yr': 1251.2, 'Pr_max_h': 15.65, 'Rsw_max': 962.8, 'Ds_mean': 637.3, 'Ca': [399.9, 1135.2]}
    US-Dk3: {'hours': 753360, 'calendar': '365_day', 'humidity': 'hurs', 'cal_note': None, 'years': '2015-2100', 'Ta_C': [-26.4, 54.3], 'Ta_mean': 18.21, 'Pre_mbar': 993.9, 'Pr_mm_yr': 1251.2, 'Pr_max_h': 15.65, 'Rsw_max': 962.8, 'Ds_mean': 637.3, 'Ca': [399.9, 1135.2]}
    US-Fmf: {'hours': 753360, 'calendar': '365_day', 'humidity': 'hurs', 'cal_note': None, 'years': '2015-2100', 'Ta_C': [-26.4, 41.8], 'Ta_mean': 11.86, 'Pre_mbar': 784.3, 'Pr_mm_yr': 448.2, 'Pr_max_h': 15.23, 'Rsw_max': 1084.1, 'Ds_mean': 1127.0, 'Ca': [399.9, 1135.2]}
    US-Fuf: {'hours': 753360, 'calendar': '365_day', 'humidity': 'hurs', 'cal_note': None, 'years': '2015-2100', 'Ta_C': [-25.6, 41.8], 'Ta_mean': 11.92, 'Pre_mbar': 782.5, 'Pr_mm_yr': 483.7, 'Pr_max_h': 18.07, 'Rsw_max': 1083.4, 'Ds_mean': 1128.0, 'Ca': [399.9, 1135.2]}
    US-GBT: {'hours': 753360, 'calendar': '365_day', 'humidity': 'hurs', 'cal_note': None, 'years': '2015-2100', 'Ta_C': [-42.1, 37.9], 'Ta_mean': 5.51, 'Pre_mbar': 694.1, 'Pr_mm_yr': 360.1, 'Pr_max_h': 6.67, 'Rsw_max': 1037.2, 'Ds_mean': 586.3, 'Ca': [399.9, 1135.2]}
    US-GLE: {'hours': 753360, 'calendar': '365_day', 'humidity': 'hurs', 'cal_note': None, 'years': '2015-2100', 'Ta_C': [-42.1, 37.9], 'Ta_mean': 5.51, 'Pre_mbar': 693.6, 'Pr_mm_yr': 360.1, 'Pr_max_h': 6.67, 'Rsw_max': 1037.2, 'Ds_mean': 586.3, 'Ca': [399.9, 1135.2]}
    US-HB2: {'hours': 753360, 'calendar': '365_day', 'humidity': 'hurs', 'cal_note': None, 'years': '2015-2100', 'Ta_C': [-14.4, 45.0], 'Ta_mean': 21.22, 'Pre_mbar': 1012.7, 'Pr_mm_yr': 1334.1, 'Pr_max_h': 14.51, 'Rsw_max': 962.6, 'Ds_mean': 636.1, 'Ca': [399.9, 1135.2]}
    US-HB3: {'hours': 753360, 'calendar': '365_day', 'humidity': 'hurs', 'cal_note': None, 'years': '2015-2100', 'Ta_C': [-14.4, 45.0], 'Ta_mean': 21.22, 'Pre_mbar': 1012.4, 'Pr_mm_yr': 1334.1, 'Pr_max_h': 14.51, 'Rsw_max': 962.5, 'Ds_mean': 636.1, 'Ca': [399.9, 1135.2]}
    US-HBK: {'hours': 753360, 'calendar': '365_day', 'humidity': 'hurs', 'cal_note': None, 'years': '2015-2100', 'Ta_C': [-38.9, 41.9], 'Ta_mean': 8.91, 'Pre_mbar': 970.1, 'Pr_mm_yr': 1336.3, 'Pr_max_h': 16.55, 'Rsw_max': 987.5, 'Ds_mean': 377.8, 'Ca': [399.9, 1135.2]}
    US-Ha1: {'hours': 753360, 'calendar': '365_day', 'humidity': 'hurs', 'cal_note': None, 'years': '2015-2100', 'Ta_C': [-36.3, 44.8], 'Ta_mean': 11.95, 'Pre_mbar': 973.2, 'Pr_mm_yr': 1283.8, 'Pr_max_h': 16.3, 'Rsw_max': 980.0, 'Ds_mean': 476.1, 'Ca': [399.9, 1135.2]}
    US-Ha2: {'hours': 753360, 'calendar': '365_day', 'humidity': 'hurs', 'cal_note': None, 'years': '2015-2100', 'Ta_C': [-36.3, 44.8], 'Ta_mean': 11.95, 'Pre_mbar': 970.9, 'Pr_mm_yr': 1283.8, 'Pr_max_h': 16.3, 'Rsw_max': 980.0, 'Ds_mean': 476.1, 'Ca': [399.9, 1135.2]}
    US-Ho1: {'hours': 753360, 'calendar': '365_day', 'humidity': 'hurs', 'cal_note': None, 'years': '2015-2100', 'Ta_C': [-35.6, 43.1], 'Ta_mean': 9.42, 'Pre_mbar': 1006.1, 'Pr_mm_yr': 1209.4, 'Pr_max_h': 14.99, 'Rsw_max': 984.8, 'Ds_mean': 374.8, 'Ca': [399.9, 1135.2]}
    US-Ho2: {'hours': 753360, 'calendar': '365_day', 'humidity': 'hurs', 'cal_note': None, 'years': '2015-2100', 'Ta_C': [-35.6, 43.1], 'Ta_mean': 9.42, 'Pre_mbar': 1005.9, 'Pr_mm_yr': 1209.4, 'Pr_max_h': 14.99, 'Rsw_max': 984.8, 'Ds_mean': 374.8, 'Ca': [399.9, 1135.2]}
    US-Ho3: {'hours': 753360, 'calendar': '365_day', 'humidity': 'hurs', 'cal_note': None, 'years': '2015-2100', 'Ta_C': [-35.6, 43.1], 'Ta_mean': 9.42, 'Pre_mbar': 1005.9, 'Pr_mm_yr': 1209.4, 'Pr_max_h': 14.99, 'Rsw_max': 984.8, 'Ds_mean': 374.8, 'Ca': [399.9, 1135.2]}
    US-LPH: {'hours': 753360, 'calendar': '365_day', 'humidity': 'hurs', 'cal_note': None, 'years': '2015-2100', 'Ta_C': [-36.3, 44.8], 'Ta_mean': 11.95, 'Pre_mbar': 968.9, 'Pr_mm_yr': 1283.8, 'Pr_max_h': 16.3, 'Rsw_max': 980.0, 'Ds_mean': 476.1, 'Ca': [399.9, 1135.2]}
    US-MEF: {'hours': 753360, 'calendar': '365_day', 'humidity': 'hurs', 'cal_note': None, 'years': '2015-2100', 'Ta_C': [-42.5, 40.6], 'Ta_mean': 7.7, 'Pre_mbar': 765.3, 'Pr_mm_yr': 402.5, 'Pr_max_h': 12.28, 'Rsw_max': 1071.2, 'Ds_mean': 650.2, 'Ca': [399.9, 1135.2]}
    US-MMS: {'hours': 753360, 'calendar': '365_day', 'humidity': 'hurs', 'cal_note': None, 'years': '2015-2100', 'Ta_C': [-29.0, 48.3], 'Ta_mean': 14.75, 'Pre_mbar': 980.7, 'Pr_mm_yr': 1150.4, 'Pr_max_h': 12.2, 'Rsw_max': 991.0, 'Ds_mean': 541.4, 'Ca': [399.9, 1135.2]}
    US-MOz: {'hours': 753360, 'calendar': '365_day', 'humidity': 'hurs', 'cal_note': None, 'years': '2015-2100', 'Ta_C': [-33.8, 51.8], 'Ta_mean': 15.92, 'Pre_mbar': 987.2, 'Pr_mm_yr': 1001.6, 'Pr_max_h': 13.84, 'Rsw_max': 1010.1, 'Ds_mean': 725.1, 'Ca': [399.9, 1135.2]}
    US-MRf: {'hours': 753360, 'calendar': '365_day', 'humidity': 'hurs', 'cal_note': None, 'years': '2015-2100', 'Ta_C': [-12.2, 41.3], 'Ta_mean': 13.07, 'Pre_mbar': 982.1, 'Pr_mm_yr': 1441.4, 'Pr_max_h': 14.14, 'Rsw_max': 1021.6, 'Ds_mean': 452.3, 'Ca': [399.9, 1135.2]}
    US-Me1: FAILED -- Tetens inverse disagrees by 1.00e-03 Pa
    US-Me2: FAILED -- Tetens inverse disagrees by 1.00e-03 Pa
    US-Me4: FAILED -- Tetens inverse disagrees by 1.00e-03 Pa
    US-Me6: FAILED -- Tetens inverse disagrees by 1.00e-03 Pa
    US-Me7: FAILED -- Tetens inverse disagrees by 1.00e-03 Pa
    US-MtB: {'hours': 753360, 'calendar': '365_day', 'humidity': 'hurs', 'cal_note': None, 'years': '2015-2100', 'Ta_C': [-11.0, 46.6], 'Ta_mean': 19.44, 'Pre_mbar': 746.8, 'Pr_mm_yr': 334.9, 'Pr_max_h': 16.61, 'Rsw_max': 1117.4, 'Ds_mean': 1941.7, 'Ca': [399.9, 1135.2]}
    US-NC2: {'hours': 753360, 'calendar': '365_day', 'humidity': 'hurs', 'cal_note': None, 'years': '2015-2100', 'Ta_C': [-17.0, 47.1], 'Ta_mean': 19.23, 'Pre_mbar': 1012.6, 'Pr_mm_yr': 1348.0, 'Pr_max_h': 16.34, 'Rsw_max': 955.6, 'Ds_mean': 604.8, 'Ca': [399.9, 1135.2]}
    US-NC3: {'hours': 753360, 'calendar': '365_day', 'humidity': 'hurs', 'cal_note': None, 'years': '2015-2100', 'Ta_C': [-17.0, 47.1], 'Ta_mean': 19.23, 'Pre_mbar': 1012.6, 'Pr_mm_yr': 1348.0, 'Pr_max_h': 16.34, 'Rsw_max': 955.6, 'Ds_mean': 604.8, 'Ca': [399.9, 1135.2]}
    US-NC5: {'hours': 753360, 'calendar': '365_day', 'humidity': 'hurs', 'cal_note': None, 'years': '2015-2100', 'Ta_C': [-25.9, 53.2], 'Ta_mean': 18.08, 'Pre_mbar': 998.7, 'Pr_mm_yr': 1231.8, 'Pr_max_h': 15.94, 'Rsw_max': 959.9, 'Ds_mean': 643.8, 'Ca': [399.9, 1135.2]}
    US-NMj: {'hours': 753360, 'calendar': '365_day', 'humidity': 'hurs', 'cal_note': None, 'years': '2015-2100', 'Ta_C': [-40.6, 42.6], 'Ta_mean': 7.75, 'Pre_mbar': 967.0, 'Pr_mm_yr': 840.8, 'Pr_max_h': 11.93, 'Rsw_max': 943.0, 'Ds_mean': 429.1, 'Ca': [399.9, 1135.2]}
    US-NR1: {'hours': 753360, 'calendar': '365_day', 'humidity': 'hurs', 'cal_note': None, 'years': '2015-2100', 'Ta_C': [-45.7, 34.6], 'Ta_mean': 2.79, 'Pre_mbar': 705.8, 'Pr_mm_yr': 447.0, 'Pr_max_h': 8.14, 'Rsw_max': 1055.6, 'Ds_mean': 484.5, 'Ca': [399.9, 1135.2]}
    US-Oho: {'hours': 753360, 'calendar': '365_day', 'humidity': 'hurs', 'cal_note': None, 'years': '2015-2100', 'Ta_C': [-27.0, 47.7], 'Ta_mean': 13.05, 'Pre_mbar': 986.0, 'Pr_mm_yr': 940.1, 'Pr_max_h': 10.03, 'Rsw_max': 964.2, 'Ds_mean': 556.5, 'Ca': [399.9, 1135.2]}
    US-PFL: {'hours': 753360, 'calendar': '365_day', 'humidity': 'hurs', 'cal_note': None, 'years': '2015-2100', 'Ta_C': [-42.2, 42.6], 'Ta_mean': 8.26, 'Pre_mbar': 959.0, 'Pr_mm_yr': 859.1, 'Pr_max_h': 11.94, 'Rsw_max': 955.6, 'Ds_mean': 439.6, 'Ca': [399.9, 1135.2]}
    US-PFb: {'hours': 753360, 'calendar': '365_day', 'humidity': 'hurs', 'cal_note': None, 'years': '2015-2100', 'Ta_C': [-42.2, 42.6], 'Ta_mean': 8.26, 'Pre_mbar': 957.9, 'Pr_mm_yr': 859.1, 'Pr_max_h': 11.94, 'Rsw_max': 955.4, 'Ds_mean': 439.6, 'Ca': [399.9, 1135.2]}
    US-PFc: {'hours': 753360, 'calendar': '365_day', 'humidity': 'hurs', 'cal_note': None, 'years': '2015-2100', 'Ta_C': [-42.2, 42.6], 'Ta_mean': 8.26, 'Pre_mbar': 958.0, 'Pr_mm_yr': 859.1, 'Pr_max_h': 11.94, 'Rsw_max': 955.4, 'Ds_mean': 439.6, 'Ca': [399.9, 1135.2]}
    US-PFg: {'hours': 753360, 'calendar': '365_day', 'humidity': 'hurs', 'cal_note': None, 'years': '2015-2100', 'Ta_C': [-42.2, 42.6], 'Ta_mean': 8.26, 'Pre_mbar': 957.8, 'Pr_mm_yr': 859.1, 'Pr_max_h': 11.94, 'Rsw_max': 955.4, 'Ds_mean': 439.6, 'Ca': [399.9, 1135.2]}
    US-PFh: {'hours': 753360, 'calendar': '365_day', 'humidity': 'hurs', 'cal_note': None, 'years': '2015-2100', 'Ta_C': [-42.6, 42.5], 'Ta_mean': 7.99, 'Pre_mbar': 959.1, 'Pr_mm_yr': 865.7, 'Pr_max_h': 11.36, 'Rsw_max': 954.7, 'Ds_mean': 436.2, 'Ca': [399.9, 1135.2]}
    US-PFi: {'hours': 753360, 'calendar': '365_day', 'humidity': 'hurs', 'cal_note': None, 'years': '2015-2100', 'Ta_C': [-42.6, 42.5], 'Ta_mean': 7.99, 'Pre_mbar': 956.3, 'Pr_mm_yr': 865.7, 'Pr_max_h': 11.36, 'Rsw_max': 954.6, 'Ds_mean': 436.2, 'Ca': [399.9, 1135.2]}
    US-PFj: {'hours': 753360, 'calendar': '365_day', 'humidity': 'hurs', 'cal_note': None, 'years': '2015-2100', 'Ta_C': [-42.6, 42.5], 'Ta_mean': 7.99, 'Pre_mbar': 956.7, 'Pr_mm_yr': 865.7, 'Pr_max_h': 11.36, 'Rsw_max': 954.6, 'Ds_mean': 436.2, 'Ca': [399.9, 1135.2]}
    US-PFk: {'hours': 753360, 'calendar': '365_day', 'humidity': 'hurs', 'cal_note': None, 'years': '2015-2100', 'Ta_C': [-42.2, 42.6], 'Ta_mean': 8.26, 'Pre_mbar': 957.7, 'Pr_mm_yr': 859.1, 'Pr_max_h': 11.94, 'Rsw_max': 955.7, 'Ds_mean': 439.6, 'Ca': [399.9, 1135.2]}
    US-PFm: {'hours': 753360, 'calendar': '365_day', 'humidity': 'hurs', 'cal_note': None, 'years': '2015-2100', 'Ta_C': [-42.2, 42.6], 'Ta_mean': 8.26, 'Pre_mbar': 956.7, 'Pr_mm_yr': 859.1, 'Pr_max_h': 11.94, 'Rsw_max': 955.7, 'Ds_mean': 439.6, 'Ca': [399.9, 1135.2]}
    US-PFn: {'hours': 753360, 'calendar': '365_day', 'humidity': 'hurs', 'cal_note': None, 'years': '2015-2100', 'Ta_C': [-42.2, 42.6], 'Ta_mean': 8.26, 'Pre_mbar': 957.4, 'Pr_mm_yr': 859.1, 'Pr_max_h': 11.94, 'Rsw_max': 955.6, 'Ds_mean': 439.6, 'Ca': [399.9, 1135.2]}
    US-PFp: {'hours': 753360, 'calendar': '365_day', 'humidity': 'hurs', 'cal_note': None, 'years': '2015-2100', 'Ta_C': [-42.2, 42.6], 'Ta_mean': 8.26, 'Pre_mbar': 955.3, 'Pr_mm_yr': 859.1, 'Pr_max_h': 11.94, 'Rsw_max': 955.6, 'Ds_mean': 439.6, 'Ca': [399.9, 1135.2]}
    US-PFq: {'hours': 753360, 'calendar': '365_day', 'humidity': 'hurs', 'cal_note': None, 'years': '2015-2100', 'Ta_C': [-42.6, 42.5], 'Ta_mean': 7.99, 'Pre_mbar': 958.0, 'Pr_mm_yr': 865.7, 'Pr_max_h': 11.36, 'Rsw_max': 954.8, 'Ds_mean': 436.2, 'Ca': [399.9, 1135.2]}
    US-PFs: {'hours': 753360, 'calendar': '365_day', 'humidity': 'hurs', 'cal_note': None, 'years': '2015-2100', 'Ta_C': [-42.6, 42.5], 'Ta_mean': 7.99, 'Pre_mbar': 956.2, 'Pr_mm_yr': 865.7, 'Pr_max_h': 11.36, 'Rsw_max': 954.8, 'Ds_mean': 436.2, 'Ca': [399.9, 1135.2]}
    US-PFt: {'hours': 753360, 'calendar': '365_day', 'humidity': 'hurs', 'cal_note': None, 'years': '2015-2100', 'Ta_C': [-42.6, 42.5], 'Ta_mean': 7.99, 'Pre_mbar': 958.8, 'Pr_mm_yr': 865.7, 'Pr_max_h': 11.36, 'Rsw_max': 954.9, 'Ds_mean': 436.2, 'Ca': [399.9, 1135.2]}
    US-SB1: {'hours': 753360, 'calendar': '365_day', 'humidity': 'hurs', 'cal_note': None, 'years': '2015-2100', 'Ta_C': [-28.1, 50.5], 'Ta_mean': 16.69, 'Pre_mbar': 984.6, 'Pr_mm_yr': 1138.0, 'Pr_max_h': 17.24, 'Rsw_max': 970.5, 'Ds_mean': 632.4, 'Ca': [399.9, 1135.2]}
    US-SHC: {'hours': 753360, 'calendar': '365_day', 'humidity': 'hurs', 'cal_note': None, 'years': '2015-2100', 'Ta_C': [-26.9, 42.4], 'Ta_mean': 10.79, 'Pre_mbar': 805.6, 'Pr_mm_yr': 755.0, 'Pr_max_h': 20.55, 'Rsw_max': 1066.2, 'Ds_mean': 874.9, 'Ca': [399.9, 1135.2]}
    US-SP1: {'hours': 753360, 'calendar': '365_day', 'humidity': 'hurs', 'cal_note': None, 'years': '2015-2100', 'Ta_C': [-13.1, 50.5], 'Ta_mean': 23.82, 'Pre_mbar': 1007.3, 'Pr_mm_yr': 1394.8, 'Pr_max_h': 14.77, 'Rsw_max': 978.2, 'Ds_mean': 805.9, 'Ca': [399.9, 1135.2]}
    US-SP2: {'hours': 753360, 'calendar': '365_day', 'humidity': 'hurs', 'cal_note': None, 'years': '2015-2100', 'Ta_C': [-13.8, 50.5], 'Ta_mean': 23.51, 'Pre_mbar': 1007.3, 'Pr_mm_yr': 1399.6, 'Pr_max_h': 14.71, 'Rsw_max': 979.9, 'Ds_mean': 793.6, 'Ca': [399.9, 1135.2]}
    US-SP3: {'hours': 753360, 'calendar': '365_day', 'humidity': 'hurs', 'cal_note': None, 'years': '2015-2100', 'Ta_C': [-13.8, 50.5], 'Ta_mean': 23.51, 'Pre_mbar': 1007.3, 'Pr_mm_yr': 1399.6, 'Pr_max_h': 14.71, 'Rsw_max': 979.9, 'Ds_mean': 793.6, 'Ca': [399.9, 1135.2]}
    US-SP4: {'hours': 753360, 'calendar': '365_day', 'humidity': 'hurs', 'cal_note': None, 'years': '2015-2100', 'Ta_C': [-13.8, 50.5], 'Ta_mean': 23.51, 'Pre_mbar': 1007.6, 'Pr_mm_yr': 1399.6, 'Pr_max_h': 14.71, 'Rsw_max': 979.8, 'Ds_mean': 793.6, 'Ca': [399.9, 1135.2]}
    US-SSH: {'hours': 753360, 'calendar': '365_day', 'humidity': 'hurs', 'cal_note': None, 'years': '2015-2100', 'Ta_C': [-28.7, 46.2], 'Ta_mean': 13.13, 'Pre_mbar': 976.7, 'Pr_mm_yr': 1124.0, 'Pr_max_h': 13.27, 'Rsw_max': 954.6, 'Ds_mean': 501.1, 'Ca': [399.9, 1135.2]}
    US-Slt: {'hours': 753360, 'calendar': '365_day', 'humidity': 'hurs', 'cal_note': None, 'years': '2015-2100', 'Ta_C': [-23.7, 43.4], 'Ta_mean': 15.48, 'Pre_mbar': 1009.7, 'Pr_mm_yr': 1297.2, 'Pr_max_h': 17.27, 'Rsw_max': 1007.0, 'Ds_mean': 522.7, 'Ca': [399.9, 1135.2]}
    US-TEF: FAILED -- Tetens inverse disagrees by 1.00e-03 Pa
    US-UMB: {'hours': 753360, 'calendar': '365_day', 'humidity': 'hurs', 'cal_note': None, 'years': '2015-2100', 'Ta_C': [-33.9, 40.4], 'Ta_mean': 9.34, 'Pre_mbar': 985.5, 'Pr_mm_yr': 901.4, 'Pr_max_h': 10.3, 'Rsw_max': 946.0, 'Ds_mean': 452.8, 'Ca': [399.9, 1135.2]}
    US-UMd: {'hours': 753360, 'calendar': '365_day', 'humidity': 'hurs', 'cal_note': None, 'years': '2015-2100', 'Ta_C': [-33.9, 40.4], 'Ta_mean': 9.34, 'Pre_mbar': 984.9, 'Pr_mm_yr': 901.4, 'Pr_max_h': 10.3, 'Rsw_max': 945.9, 'Ds_mean': 452.8, 'Ca': [399.9, 1135.2]}
    US-Vcm: {'hours': 753360, 'calendar': '365_day', 'humidity': 'hurs', 'cal_note': None, 'years': '2015-2100', 'Ta_C': [-43.4, 40.7], 'Ta_mean': 7.81, 'Pre_mbar': 709.7, 'Pr_mm_yr': 455.3, 'Pr_max_h': 13.65, 'Rsw_max': 1099.8, 'Ds_mean': 787.7, 'Ca': [399.9, 1135.2]}
    US-Vcp: {'hours': 753360, 'calendar': '365_day', 'humidity': 'hurs', 'cal_note': None, 'years': '2015-2100', 'Ta_C': [-43.4, 40.7], 'Ta_mean': 7.81, 'Pre_mbar': 749.6, 'Pr_mm_yr': 455.3, 'Pr_max_h': 13.65, 'Rsw_max': 1100.0, 'Ds_mean': 787.7, 'Ca': [399.9, 1135.2]}
    US-Vcs: {'hours': 753360, 'calendar': '365_day', 'humidity': 'hurs', 'cal_note': None, 'years': '2015-2100', 'Ta_C': [-43.4, 40.7], 'Ta_mean': 7.81, 'Pre_mbar': 731.2, 'Pr_mm_yr': 455.3, 'Pr_max_h': 13.65, 'Rsw_max': 1099.6, 'Ds_mean': 787.7, 'Ca': [399.9, 1135.2]}
    US-WBW: {'hours': 753360, 'calendar': '365_day', 'humidity': 'hurs', 'cal_note': None, 'years': '2015-2100', 'Ta_C': [-24.5, 52.5], 'Ta_mean': 17.43, 'Pre_mbar': 979.8, 'Pr_mm_yr': 1432.5, 'Pr_max_h': 17.2, 'Rsw_max': 994.3, 'Ds_mean': 622.2, 'Ca': [399.9, 1135.2]}
    US-WCr: {'hours': 753360, 'calendar': '365_day', 'humidity': 'hurs', 'cal_note': None, 'years': '2015-2100', 'Ta_C': [-42.6, 42.5], 'Ta_mean': 7.99, 'Pre_mbar': 952.7, 'Pr_mm_yr': 865.7, 'Pr_max_h': 11.36, 'Rsw_max': 955.6, 'Ds_mean': 436.2, 'Ca': [399.9, 1135.2]}
    US-Wi1: {'hours': 753360, 'calendar': '365_day', 'humidity': 'hurs', 'cal_note': None, 'years': '2015-2100', 'Ta_C': [-38.3, 42.9], 'Ta_mean': 8.09, 'Pre_mbar': 971.8, 'Pr_mm_yr': 832.7, 'Pr_max_h': 11.31, 'Rsw_max': 952.0, 'Ds_mean': 413.4, 'Ca': [399.9, 1135.2]}
    US-Wi2: {'hours': 753360, 'calendar': '365_day', 'humidity': 'hurs', 'cal_note': None, 'years': '2015-2100', 'Ta_C': [-38.3, 42.9], 'Ta_mean': 8.09, 'Pre_mbar': 966.9, 'Pr_mm_yr': 832.7, 'Pr_max_h': 11.31, 'Rsw_max': 952.2, 'Ds_mean': 413.4, 'Ca': [399.9, 1135.2]}
    US-Wi3: {'hours': 753360, 'calendar': '365_day', 'humidity': 'hurs', 'cal_note': None, 'years': '2015-2100', 'Ta_C': [-38.3, 42.9], 'Ta_mean': 8.09, 'Pre_mbar': 965.1, 'Pr_mm_yr': 832.7, 'Pr_max_h': 11.31, 'Rsw_max': 952.5, 'Ds_mean': 413.4, 'Ca': [399.9, 1135.2]}
    US-Wi4: {'hours': 753360, 'calendar': '365_day', 'humidity': 'hurs', 'cal_note': None, 'years': '2015-2100', 'Ta_C': [-38.3, 42.9], 'Ta_mean': 8.09, 'Pre_mbar': 971.8, 'Pr_mm_yr': 832.7, 'Pr_max_h': 11.31, 'Rsw_max': 951.9, 'Ds_mean': 413.4, 'Ca': [399.9, 1135.2]}
    US-Wrc: {'hours': 753360, 'calendar': '365_day', 'humidity': 'hurs', 'cal_note': None, 'years': '2015-2100', 'Ta_C': [-23.1, 42.9], 'Ta_mean': 11.15, 'Pre_mbar': 969.6, 'Pr_mm_yr': 1975.1, 'Pr_max_h': 23.19, 'Rsw_max': 1010.4, 'Ds_mean': 538.1, 'Ca': [399.9, 1135.2]}
    US-xAB: {'hours': 753360, 'calendar': '365_day', 'humidity': 'hurs', 'cal_note': None, 'years': '2015-2100', 'Ta_C': [-18.5, 43.5], 'Ta_mean': 13.3, 'Pre_mbar': 970.6, 'Pr_mm_yr': 1881.8, 'Pr_max_h': 21.65, 'Rsw_max': 1008.7, 'Ds_mean': 555.6, 'Ca': [399.9, 1135.2]}
    US-xBL: {'hours': 753360, 'calendar': '365_day', 'humidity': 'hurs', 'cal_note': None, 'years': '2015-2100', 'Ta_C': [-29.5, 50.7], 'Ta_mean': 15.92, 'Pre_mbar': 991.5, 'Pr_mm_yr': 1112.7, 'Pr_max_h': 14.25, 'Rsw_max': 964.9, 'Ds_mean': 613.7, 'Ca': [399.9, 1135.2]}
    US-xBR: {'hours': 753360, 'calendar': '365_day', 'humidity': 'hurs', 'cal_note': None, 'years': '2015-2100', 'Ta_C': [-39.4, 38.4], 'Ta_mean': 6.37, 'Pre_mbar': 985.8, 'Pr_mm_yr': 1505.3, 'Pr_max_h': 17.8, 'Rsw_max': 985.8, 'Ds_mean': 308.3, 'Ca': [399.9, 1135.2]}
    US-xGR: {'hours': 753360, 'calendar': '365_day', 'humidity': 'hurs', 'cal_note': None, 'years': '2015-2100', 'Ta_C': [-32.2, 46.5], 'Ta_mean': 14.53, 'Pre_mbar': 946.0, 'Pr_mm_yr': 1502.0, 'Pr_max_h': 16.02, 'Rsw_max': 993.3, 'Ds_mean': 518.3, 'Ca': [399.9, 1135.2]}
    US-xHA: {'hours': 753360, 'calendar': '365_day', 'humidity': 'hurs', 'cal_note': None, 'years': '2015-2100', 'Ta_C': [-36.3, 44.8], 'Ta_mean': 11.95, 'Pre_mbar': 971.9, 'Pr_mm_yr': 1283.8, 'Pr_max_h': 16.3, 'Rsw_max': 980.0, 'Ds_mean': 476.1, 'Ca': [399.9, 1135.2]}
    US-xJE: {'hours': 753360, 'calendar': '365_day', 'humidity': 'hurs', 'cal_note': None, 'years': '2015-2100', 'Ta_C': [-20.1, 53.6], 'Ta_mean': 21.86, 'Pre_mbar': 1008.0, 'Pr_mm_yr': 1398.8, 'Pr_max_h': 19.6, 'Rsw_max': 995.3, 'Ds_mean': 800.0, 'Ca': [399.9, 1135.2]}
    US-xLE: {'hours': 753360, 'calendar': '365_day', 'humidity': 'hurs', 'cal_note': None, 'years': '2015-2100', 'Ta_C': [-24.6, 54.4], 'Ta_mean': 21.46, 'Pre_mbar': 1010.9, 'Pr_mm_yr': 1451.9, 'Pr_max_h': 19.2, 'Rsw_max': 1026.9, 'Ds_mean': 805.9, 'Ca': [399.9, 1135.2]}
    US-xML: {'hours': 753360, 'calendar': '365_day', 'humidity': 'hurs', 'cal_note': None, 'years': '2015-2100', 'Ta_C': [-28.4, 49.7], 'Ta_mean': 13.88, 'Pre_mbar': 886.6, 'Pr_mm_yr': 1144.5, 'Pr_max_h': 12.55, 'Rsw_max': 987.9, 'Ds_mean': 532.9, 'Ca': [399.9, 1135.2]}
    US-xNW: {'hours': 753360, 'calendar': '365_day', 'humidity': 'hurs', 'cal_note': None, 'years': '2015-2100', 'Ta_C': [-45.7, 34.6], 'Ta_mean': 2.79, 'Pre_mbar': 668.1, 'Pr_mm_yr': 447.0, 'Pr_max_h': 8.14, 'Rsw_max': 1055.5, 'Ds_mean': 484.5, 'Ca': [399.9, 1135.2]}
    US-xRM: {'hours': 753360, 'calendar': '365_day', 'humidity': 'hurs', 'cal_note': None, 'years': '2015-2100', 'Ta_C': [-44.5, 35.2], 'Ta_mean': 3.54, 'Pre_mbar': 731.9, 'Pr_mm_yr': 440.5, 'Pr_max_h': 7.88, 'Rsw_max': 1055.5, 'Ds_mean': 507.9, 'Ca': [399.9, 1135.2]}
    US-xRN: {'hours': 753360, 'calendar': '365_day', 'humidity': 'hurs', 'cal_note': None, 'years': '2015-2100', 'Ta_C': [-24.5, 52.5], 'Ta_mean': 17.43, 'Pre_mbar': 973.9, 'Pr_mm_yr': 1432.5, 'Pr_max_h': 17.2, 'Rsw_max': 994.3, 'Ds_mean': 622.2, 'Ca': [399.9, 1135.2]}
    US-xSB: {'hours': 753360, 'calendar': '365_day', 'humidity': 'hurs', 'cal_note': None, 'years': '2015-2100', 'Ta_C': [-14.0, 50.6], 'Ta_mean': 23.91, 'Pre_mbar': 1007.9, 'Pr_mm_yr': 1385.0, 'Pr_max_h': 14.67, 'Rsw_max': 978.8, 'Ds_mean': 811.8, 'Ca': [399.9, 1135.2]}
    US-xSC: {'hours': 753360, 'calendar': '365_day', 'humidity': 'hurs', 'cal_note': None, 'years': '2015-2100', 'Ta_C': [-29.9, 50.1], 'Ta_mean': 15.76, 'Pre_mbar': 970.8, 'Pr_mm_yr': 1123.3, 'Pr_max_h': 14.25, 'Rsw_max': 964.1, 'Ds_mean': 609.8, 'Ca': [399.9, 1135.2]}
    US-xSE: {'hours': 753360, 'calendar': '365_day', 'humidity': 'hurs', 'cal_note': None, 'years': '2015-2100', 'Ta_C': [-26.7, 49.5], 'Ta_mean': 17.02, 'Pre_mbar': 1011.4, 'Pr_mm_yr': 1227.9, 'Pr_max_h': 17.62, 'Rsw_max': 954.5, 'Ds_mean': 580.5, 'Ca': [399.9, 1135.2]}
    US-xSP: {'hours': 753360, 'calendar': '365_day', 'humidity': 'hurs', 'cal_note': None, 'years': '2015-2100', 'Ta_C': [-18.6, 47.3], 'Ta_mean': 16.74, 'Pre_mbar': 883.1, 'Pr_mm_yr': 674.6, 'Pr_max_h': 23.48, 'Rsw_max': 1077.3, 'Ds_mean': 1248.7, 'Ca': [399.9, 1135.2]}
    US-xST: {'hours': 753360, 'calendar': '365_day', 'humidity': 'hurs', 'cal_note': None, 'years': '2015-2100', 'Ta_C': [-44.4, 42.7], 'Ta_mean': 8.01, 'Pre_mbar': 957.1, 'Pr_mm_yr': 868.0, 'Pr_max_h': 11.84, 'Rsw_max': 957.2, 'Ds_mean': 445.5, 'Ca': [399.9, 1135.2]}
    US-xTA: {'hours': 753360, 'calendar': '365_day', 'humidity': 'hurs', 'cal_note': None, 'years': '2015-2100', 'Ta_C': [-24.4, 52.5], 'Ta_mean': 20.45, 'Pre_mbar': 997.2, 'Pr_mm_yr': 1386.9, 'Pr_max_h': 16.33, 'Rsw_max': 1025.8, 'Ds_mean': 746.9, 'Ca': [399.9, 1135.2]}
    US-xTE: {'hours': 753360, 'calendar': '365_day', 'humidity': 'hurs', 'cal_note': None, 'years': '2015-2100', 'Ta_C': [-25.3, 40.6], 'Ta_mean': 10.11, 'Pre_mbar': 785.5, 'Pr_mm_yr': 727.5, 'Pr_max_h': 24.92, 'Rsw_max': 1078.8, 'Ds_mean': 861.7, 'Ca': [399.9, 1135.2]}
    US-xTR: {'hours': 753360, 'calendar': '365_day', 'humidity': 'hurs', 'cal_note': None, 'years': '2015-2100', 'Ta_C': [-44.2, 42.8], 'Ta_mean': 8.3, 'Pre_mbar': 958.1, 'Pr_mm_yr': 876.7, 'Pr_max_h': 12.04, 'Rsw_max': 958.0, 'Ds_mean': 452.8, 'Ca': [399.9, 1135.2]}
    US-xUK: FAILED -- Tetens inverse disagrees by 1.00e-03 Pa
    US-xWR: {'hours': 753360, 'calendar': '365_day', 'humidity': 'hurs', 'cal_note': None, 'years': '2015-2100', 'Ta_C': [-23.1, 42.9], 'Ta_mean': 11.15, 'Pre_mbar': 965.5, 'Pr_mm_yr': 1975.1, 'Pr_max_h': 23.19, 'Rsw_max': 1010.4, 'Ds_mean': 538.1, 'Ca': [399.9, 1135.2]}
    US-xYE: FAILED -- Tetens inverse disagrees by 1.00e-03 Pa
    -> 93/101 built

  IPSL-CM6A-LR historical (ECS 4.6 K): 12784 days, 101 stations
    US-Bar: {'hours': 306816, 'calendar': 'standard', 'humidity': 'hurs', 'cal_note': None, 'years': '1980-2014', 'Ta_C': [-43.3, 31.9], 'Ta_mean': 3.41, 'Pre_mbar': 981.1, 'Pr_mm_yr': 1352.4, 'Pr_max_h': 13.39, 'Rsw_max': 983.9, 'Ds_mean': 241.1, 'Ca': [338.7, 397.5]}
    US-Blk: {'hours': 306816, 'calendar': 'standard', 'humidity': 'hurs', 'cal_note': None, 'years': '1980-2014', 'Ta_C': [-55.6, 39.0], 'Ta_mean': 6.2, 'Pre_mbar': 826.5, 'Pr_mm_yr': 430.0, 'Pr_max_h': 7.6, 'Rsw_max': 987.2, 'Ds_mean': 564.3, 'Ca': [338.7, 397.5]}
    US-CPF: {'hours': 306816, 'calendar': 'standard', 'humidity': 'hurs', 'cal_note': None, 'years': '1980-2014', 'Ta_C': [-50.8, 30.2], 'Ta_mean': 0.7, 'Pre_mbar': 701.6, 'Pr_mm_yr': 425.2, 'Pr_max_h': 6.1, 'Rsw_max': 1057.3, 'Ds_mean': 405.7, 'Ca': [338.7, 397.5]}
    US-CPk: {'hours': 306816, 'calendar': 'standard', 'humidity': 'hurs', 'cal_note': None, 'years': '1980-2014', 'Ta_C': [-47.9, 33.3], 'Ta_mean': 3.06, 'Pre_mbar': 731.3, 'Pr_mm_yr': 377.8, 'Pr_max_h': 4.07, 'Rsw_max': 1049.7, 'Ds_mean': 476.8, 'Ca': [338.7, 397.5]}
    US-CRK: {'hours': 306816, 'calendar': 'standard', 'humidity': 'hurs', 'cal_note': None, 'years': '1980-2014', 'Ta_C': [-18.7, 45.3], 'Ta_mean': 19.7, 'Pre_mbar': 995.3, 'Pr_mm_yr': 1131.1, 'Pr_max_h': 10.91, 'Rsw_max': 1038.3, 'Ds_mean': 792.1, 'Ca': [338.7, 397.5]}
    US-CS2: {'hours': 306816, 'calendar': 'standard', 'humidity': 'hurs', 'cal_note': None, 'years': '1980-2014', 'Ta_C': [-48.3, 38.2], 'Ta_mean': 7.19, 'Pre_mbar': 974.6, 'Pr_mm_yr': 806.9, 'Pr_max_h': 8.39, 'Rsw_max': 976.5, 'Ds_mean': 388.9, 'Ca': [338.7, 397.5]}
    US-CZ2: {'hours': 306816, 'calendar': 'standard', 'humidity': 'hurs', 'cal_note': None, 'years': '1980-2014', 'Ta_C': [-20.4, 41.9], 'Ta_mean': 14.53, 'Pre_mbar': 883.1, 'Pr_mm_yr': 629.0, 'Pr_max_h': 17.41, 'Rsw_max': 1085.8, 'Ds_mean': 1071.8, 'Ca': [338.7, 397.5]}
    US-CZ3: {'hours': 306816, 'calendar': 'standard', 'humidity': 'hurs', 'cal_note': None, 'years': '1980-2014', 'Ta_C': [-28.2, 35.1], 'Ta_mean': 7.9, 'Pre_mbar': 797.9, 'Pr_mm_yr': 670.1, 'Pr_max_h': 18.23, 'Rsw_max': 1086.3, 'Ds_mean': 736.3, 'Ca': [338.7, 397.5]}
    US-CZ4: {'hours': 306816, 'calendar': 'standard', 'humidity': 'hurs', 'cal_note': None, 'years': '1980-2014', 'Ta_C': [-32.3, 31.5], 'Ta_mean': 4.6, 'Pre_mbar': 734.8, 'Pr_mm_yr': 713.3, 'Pr_max_h': 19.02, 'Rsw_max': 1087.0, 'Ds_mean': 611.8, 'Ca': [338.7, 397.5]}
    US-ChR: {'hours': 306816, 'calendar': 'standard', 'humidity': 'hurs', 'cal_note': None, 'years': '1980-2014', 'Ta_C': [-27.4, 45.7], 'Ta_mean': 15.25, 'Pre_mbar': 979.5, 'Pr_mm_yr': 1360.0, 'Pr_max_h': 10.66, 'Rsw_max': 979.7, 'Ds_mean': 477.7, 'Ca': [338.7, 397.5]}
    US-Cst: {'hours': 306816, 'calendar': 'standard', 'humidity': 'hurs', 'cal_note': None, 'years': '1980-2014', 'Ta_C': [-17.8, 44.6], 'Ta_mean': 18.4, 'Pre_mbar': 1007.3, 'Pr_mm_yr': 1307.4, 'Pr_max_h': 15.22, 'Rsw_max': 1038.0, 'Ds_mean': 634.9, 'Ca': [338.7, 397.5]}
    US-Cwt: {'hours': 306816, 'calendar': 'standard', 'humidity': 'hurs', 'cal_note': None, 'years': '1980-2014', 'Ta_C': [-31.1, 40.6], 'Ta_mean': 13.11, 'Pre_mbar': 933.7, 'Pr_mm_yr': 1696.0, 'Pr_max_h': 13.15, 'Rsw_max': 983.7, 'Ds_mean': 419.9, 'Ca': [338.7, 397.5]}
    US-DPP: {'hours': 306816, 'calendar': 'standard', 'humidity': 'hurs', 'cal_note': None, 'years': '1980-2014', 'Ta_C': [-7.3, 44.4], 'Ta_mean': 23.39, 'Pre_mbar': 1010.5, 'Pr_mm_yr': 1278.8, 'Pr_max_h': 7.65, 'Rsw_max': 973.9, 'Ds_mean': 765.0, 'Ca': [338.7, 397.5]}
    US-Dk2: {'hours': 306816, 'calendar': 'standard', 'humidity': 'hurs', 'cal_note': None, 'years': '1980-2014', 'Ta_C': [-39.2, 44.5], 'Ta_mean': 15.88, 'Pre_mbar': 993.3, 'Pr_mm_yr': 1146.4, 'Pr_max_h': 10.21, 'Rsw_max': 955.5, 'Ds_mean': 514.6, 'Ca': [338.7, 397.5]}
    US-Dk3: {'hours': 306816, 'calendar': 'standard', 'humidity': 'hurs', 'cal_note': None, 'years': '1980-2014', 'Ta_C': [-39.2, 44.5], 'Ta_mean': 15.88, 'Pre_mbar': 993.9, 'Pr_mm_yr': 1146.4, 'Pr_max_h': 10.21, 'Rsw_max': 955.5, 'Ds_mean': 514.6, 'Ca': [338.7, 397.5]}
    US-Fmf: {'hours': 306816, 'calendar': 'standard', 'humidity': 'hurs', 'cal_note': None, 'years': '1980-2014', 'Ta_C': [-32.2, 36.5], 'Ta_mean': 9.48, 'Pre_mbar': 784.3, 'Pr_mm_yr': 491.4, 'Pr_max_h': 10.31, 'Rsw_max': 1083.3, 'Ds_mean': 924.4, 'Ca': [338.7, 397.5]}
    US-Fuf: {'hours': 306816, 'calendar': 'standard', 'humidity': 'hurs', 'cal_note': None, 'years': '1980-2014', 'Ta_C': [-31.1, 36.3], 'Ta_mean': 9.53, 'Pre_mbar': 782.5, 'Pr_mm_yr': 531.9, 'Pr_max_h': 12.4, 'Rsw_max': 1083.2, 'Ds_mean': 925.9, 'Ca': [338.7, 397.5]}
    US-GBT: {'hours': 306816, 'calendar': 'standard', 'humidity': 'hurs', 'cal_note': None, 'years': '1980-2014', 'Ta_C': [-47.3, 33.4], 'Ta_mean': 2.92, 'Pre_mbar': 694.1, 'Pr_mm_yr': 347.8, 'Pr_max_h': 3.98, 'Rsw_max': 1045.9, 'Ds_mean': 472.6, 'Ca': [338.7, 397.5]}
    US-GLE: {'hours': 306816, 'calendar': 'standard', 'humidity': 'hurs', 'cal_note': None, 'years': '1980-2014', 'Ta_C': [-47.3, 33.4], 'Ta_mean': 2.92, 'Pre_mbar': 693.6, 'Pr_mm_yr': 347.8, 'Pr_max_h': 3.98, 'Rsw_max': 1045.9, 'Ds_mean': 472.6, 'Ca': [338.7, 397.5]}
    US-HB2: {'hours': 306816, 'calendar': 'standard', 'humidity': 'hurs', 'cal_note': None, 'years': '1980-2014', 'Ta_C': [-15.3, 40.4], 'Ta_mean': 19.14, 'Pre_mbar': 1012.7, 'Pr_mm_yr': 1264.9, 'Pr_max_h': 8.53, 'Rsw_max': 950.8, 'Ds_mean': 556.7, 'Ca': [338.7, 397.5]}
    US-HB3: {'hours': 306816, 'calendar': 'standard', 'humidity': 'hurs', 'cal_note': None, 'years': '1980-2014', 'Ta_C': [-15.3, 40.4], 'Ta_mean': 19.14, 'Pre_mbar': 1012.4, 'Pr_mm_yr': 1264.9, 'Pr_max_h': 8.53, 'Rsw_max': 950.7, 'Ds_mean': 556.7, 'Ca': [338.7, 397.5]}
    US-HBK: {'hours': 306816, 'calendar': 'standard', 'humidity': 'hurs', 'cal_note': None, 'years': '1980-2014', 'Ta_C': [-42.2, 35.3], 'Ta_mean': 5.97, 'Pre_mbar': 970.1, 'Pr_mm_yr': 1199.5, 'Pr_max_h': 11.44, 'Rsw_max': 984.3, 'Ds_mean': 297.1, 'Ca': [338.7, 397.5]}
    US-Ha1: {'hours': 306816, 'calendar': 'standard', 'humidity': 'hurs', 'cal_note': None, 'years': '1980-2014', 'Ta_C': [-38.8, 38.5], 'Ta_mean': 9.15, 'Pre_mbar': 973.2, 'Pr_mm_yr': 1140.6, 'Pr_max_h': 11.35, 'Rsw_max': 984.2, 'Ds_mean': 380.7, 'Ca': [338.7, 397.5]}
    US-Ha2: {'hours': 306816, 'calendar': 'standard', 'humidity': 'hurs', 'cal_note': None, 'years': '1980-2014', 'Ta_C': [-38.8, 38.5], 'Ta_mean': 9.15, 'Pre_mbar': 970.9, 'Pr_mm_yr': 1140.6, 'Pr_max_h': 11.35, 'Rsw_max': 984.2, 'Ds_mean': 380.7, 'Ca': [338.7, 397.5]}
    US-Ho1: {'hours': 306816, 'calendar': 'standard', 'humidity': 'hurs', 'cal_note': None, 'years': '1980-2014', 'Ta_C': [-35.7, 35.9], 'Ta_mean': 6.55, 'Pre_mbar': 1006.1, 'Pr_mm_yr': 1101.8, 'Pr_max_h': 10.22, 'Rsw_max': 982.3, 'Ds_mean': 307.1, 'Ca': [338.7, 397.5]}
    US-Ho2: {'hours': 306816, 'calendar': 'standard', 'humidity': 'hurs', 'cal_note': None, 'years': '1980-2014', 'Ta_C': [-35.7, 35.9], 'Ta_mean': 6.55, 'Pre_mbar': 1005.9, 'Pr_mm_yr': 1101.8, 'Pr_max_h': 10.22, 'Rsw_max': 982.3, 'Ds_mean': 307.1, 'Ca': [338.7, 397.5]}
    US-Ho3: {'hours': 306816, 'calendar': 'standard', 'humidity': 'hurs', 'cal_note': None, 'years': '1980-2014', 'Ta_C': [-35.7, 35.9], 'Ta_mean': 6.55, 'Pre_mbar': 1005.9, 'Pr_mm_yr': 1101.8, 'Pr_max_h': 10.22, 'Rsw_max': 982.3, 'Ds_mean': 307.1, 'Ca': [338.7, 397.5]}
    US-LPH: {'hours': 306816, 'calendar': 'standard', 'humidity': 'hurs', 'cal_note': None, 'years': '1980-2014', 'Ta_C': [-38.8, 38.5], 'Ta_mean': 9.15, 'Pre_mbar': 968.9, 'Pr_mm_yr': 1140.6, 'Pr_max_h': 11.35, 'Rsw_max': 984.2, 'Ds_mean': 380.7, 'Ca': [338.7, 397.5]}
    US-MEF: {'hours': 306816, 'calendar': 'standard', 'humidity': 'hurs', 'cal_note': None, 'years': '1980-2014', 'Ta_C': [-41.8, 34.5], 'Ta_mean': 5.36, 'Pre_mbar': 765.3, 'Pr_mm_yr': 419.2, 'Pr_max_h': 8.68, 'Rsw_max': 1081.0, 'Ds_mean': 524.3, 'Ca': [338.7, 397.5]}
    US-MMS: {'hours': 306816, 'calendar': 'standard', 'humidity': 'hurs', 'cal_note': None, 'years': '1980-2014', 'Ta_C': [-35.6, 42.1], 'Ta_mean': 12.37, 'Pre_mbar': 980.7, 'Pr_mm_yr': 1087.3, 'Pr_max_h': 7.95, 'Rsw_max': 988.4, 'Ds_mean': 431.8, 'Ca': [338.7, 397.5]}
    US-MOz: {'hours': 306816, 'calendar': 'standard', 'humidity': 'hurs', 'cal_note': None, 'years': '1980-2014', 'Ta_C': [-34.5, 42.7], 'Ta_mean': 13.54, 'Pre_mbar': 987.2, 'Pr_mm_yr': 1021.0, 'Pr_max_h': 11.04, 'Rsw_max': 1013.4, 'Ds_mean': 506.3, 'Ca': [338.7, 397.5]}
    US-MRf: {'hours': 306816, 'calendar': 'standard', 'humidity': 'hurs', 'cal_note': None, 'years': '1980-2014', 'Ta_C': [-18.2, 33.5], 'Ta_mean': 11.13, 'Pre_mbar': 982.1, 'Pr_mm_yr': 1410.7, 'Pr_max_h': 12.51, 'Rsw_max': 1042.0, 'Ds_mean': 386.6, 'Ca': [338.7, 397.5]}
    US-Me1: {'hours': 306816, 'calendar': 'standard', 'humidity': 'hurs', 'cal_note': None, 'years': '1980-2014', 'Ta_C': [-33.6, 38.4], 'Ta_mean': 7.89, 'Pre_mbar': 911.1, 'Pr_mm_yr': 909.0, 'Pr_max_h': 9.17, 'Rsw_max': 1022.6, 'Ds_mean': 460.9, 'Ca': [338.7, 397.5]}
    US-Me2: {'hours': 306816, 'calendar': 'standard', 'humidity': 'hurs', 'cal_note': None, 'years': '1980-2014', 'Ta_C': [-31.7, 39.7], 'Ta_mean': 8.74, 'Pre_mbar': 873.4, 'Pr_mm_yr': 784.0, 'Pr_max_h': 8.29, 'Rsw_max': 1027.9, 'Ds_mean': 502.8, 'Ca': [338.7, 397.5]}
    US-Me4: {'hours': 306816, 'calendar': 'standard', 'humidity': 'hurs', 'cal_note': None, 'years': '1980-2014', 'Ta_C': [-31.7, 39.7], 'Ta_mean': 8.74, 'Pre_mbar': 908.3, 'Pr_mm_yr': 784.0, 'Pr_max_h': 8.29, 'Rsw_max': 1027.6, 'Ds_mean': 502.8, 'Ca': [338.7, 397.5]}
    US-Me6: {'hours': 306816, 'calendar': 'standard', 'humidity': 'hurs', 'cal_note': None, 'years': '1980-2014', 'Ta_C': [-31.7, 39.7], 'Ta_mean': 8.74, 'Pre_mbar': 900.2, 'Pr_mm_yr': 784.0, 'Pr_max_h': 8.29, 'Rsw_max': 1028.7, 'Ds_mean': 502.8, 'Ca': [338.7, 397.5]}
    US-Me7: {'hours': 306816, 'calendar': 'standard', 'humidity': 'hurs', 'cal_note': None, 'years': '1980-2014', 'Ta_C': [-31.7, 39.7], 'Ta_mean': 8.74, 'Pre_mbar': 873.4, 'Pr_mm_yr': 784.0, 'Pr_max_h': 8.29, 'Rsw_max': 1027.9, 'Ds_mean': 502.8, 'Ca': [338.7, 397.5]}
    US-MtB: {'hours': 306816, 'calendar': 'standard', 'humidity': 'hurs', 'cal_note': None, 'years': '1980-2014', 'Ta_C': [-18.2, 43.5], 'Ta_mean': 17.07, 'Pre_mbar': 746.8, 'Pr_mm_yr': 368.6, 'Pr_max_h': 8.52, 'Rsw_max': 1108.7, 'Ds_mean': 1601.4, 'Ca': [338.7, 397.5]}
    US-NC2: {'hours': 306816, 'calendar': 'standard', 'humidity': 'hurs', 'cal_note': None, 'years': '1980-2014', 'Ta_C': [-20.3, 41.6], 'Ta_mean': 16.9, 'Pre_mbar': 1012.6, 'Pr_mm_yr': 1260.0, 'Pr_max_h': 15.54, 'Rsw_max': 960.2, 'Ds_mean': 512.3, 'Ca': [338.7, 397.5]}
    US-NC3: {'hours': 306816, 'calendar': 'standard', 'humidity': 'hurs', 'cal_note': None, 'years': '1980-2014', 'Ta_C': [-20.3, 41.6], 'Ta_mean': 16.9, 'Pre_mbar': 1012.6, 'Pr_mm_yr': 1260.0, 'Pr_max_h': 15.54, 'Rsw_max': 960.2, 'Ds_mean': 512.3, 'Ca': [338.7, 397.5]}
    US-NC5: {'hours': 306816, 'calendar': 'standard', 'humidity': 'hurs', 'cal_note': None, 'years': '1980-2014', 'Ta_C': [-37.2, 44.5], 'Ta_mean': 15.73, 'Pre_mbar': 998.7, 'Pr_mm_yr': 1132.6, 'Pr_max_h': 9.0, 'Rsw_max': 950.0, 'Ds_mean': 518.1, 'Ca': [338.7, 397.5]}
    US-NMj: {'hours': 306816, 'calendar': 'standard', 'humidity': 'hurs', 'cal_note': None, 'years': '1980-2014', 'Ta_C': [-49.8, 35.4], 'Ta_mean': 4.6, 'Pre_mbar': 967.0, 'Pr_mm_yr': 744.8, 'Pr_max_h': 7.86, 'Rsw_max': 951.7, 'Ds_mean': 350.1, 'Ca': [338.7, 397.5]}
    US-NR1: {'hours': 306816, 'calendar': 'standard', 'humidity': 'hurs', 'cal_note': None, 'years': '1980-2014', 'Ta_C': [-48.9, 29.4], 'Ta_mean': 0.35, 'Pre_mbar': 705.8, 'Pr_mm_yr': 442.7, 'Pr_max_h': 6.37, 'Rsw_max': 1066.8, 'Ds_mean': 387.3, 'Ca': [338.7, 397.5]}
    US-Oho: {'hours': 306816, 'calendar': 'standard', 'humidity': 'hurs', 'cal_note': None, 'years': '1980-2014', 'Ta_C': [-35.9, 40.8], 'Ta_mean': 10.41, 'Pre_mbar': 986.0, 'Pr_mm_yr': 855.7, 'Pr_max_h': 7.02, 'Rsw_max': 966.4, 'Ds_mean': 440.3, 'Ca': [338.7, 397.5]}
    US-PFL: {'hours': 306816, 'calendar': 'standard', 'humidity': 'hurs', 'cal_note': None, 'years': '1980-2014', 'Ta_C': [-45.6, 35.8], 'Ta_mean': 5.12, 'Pre_mbar': 959.0, 'Pr_mm_yr': 791.4, 'Pr_max_h': 8.06, 'Rsw_max': 957.5, 'Ds_mean': 348.6, 'Ca': [338.7, 397.5]}
    US-PFb: {'hours': 306816, 'calendar': 'standard', 'humidity': 'hurs', 'cal_note': None, 'years': '1980-2014', 'Ta_C': [-45.6, 35.8], 'Ta_mean': 5.12, 'Pre_mbar': 957.9, 'Pr_mm_yr': 791.4, 'Pr_max_h': 8.06, 'Rsw_max': 957.3, 'Ds_mean': 348.6, 'Ca': [338.7, 397.5]}
    US-PFc: {'hours': 306816, 'calendar': 'standard', 'humidity': 'hurs', 'cal_note': None, 'years': '1980-2014', 'Ta_C': [-45.6, 35.8], 'Ta_mean': 5.12, 'Pre_mbar': 958.0, 'Pr_mm_yr': 791.4, 'Pr_max_h': 8.06, 'Rsw_max': 957.4, 'Ds_mean': 348.6, 'Ca': [338.7, 397.5]}
    US-PFg: {'hours': 306816, 'calendar': 'standard', 'humidity': 'hurs', 'cal_note': None, 'years': '1980-2014', 'Ta_C': [-45.6, 35.8], 'Ta_mean': 5.12, 'Pre_mbar': 957.8, 'Pr_mm_yr': 791.4, 'Pr_max_h': 8.06, 'Rsw_max': 957.3, 'Ds_mean': 348.6, 'Ca': [338.7, 397.5]}
    US-PFh: {'hours': 306816, 'calendar': 'standard', 'humidity': 'hurs', 'cal_note': None, 'years': '1980-2014', 'Ta_C': [-47.9, 35.6], 'Ta_mean': 4.85, 'Pre_mbar': 959.1, 'Pr_mm_yr': 796.5, 'Pr_max_h': 7.9, 'Rsw_max': 959.0, 'Ds_mean': 346.4, 'Ca': [338.7, 397.5]}
    US-PFi: {'hours': 306816, 'calendar': 'standard', 'humidity': 'hurs', 'cal_note': None, 'years': '1980-2014', 'Ta_C': [-47.9, 35.6], 'Ta_mean': 4.85, 'Pre_mbar': 956.3, 'Pr_mm_yr': 796.5, 'Pr_max_h': 7.9, 'Rsw_max': 958.9, 'Ds_mean': 346.4, 'Ca': [338.7, 397.5]}
    US-PFj: {'hours': 306816, 'calendar': 'standard', 'humidity': 'hurs', 'cal_note': None, 'years': '1980-2014', 'Ta_C': [-47.9, 35.6], 'Ta_mean': 4.85, 'Pre_mbar': 956.7, 'Pr_mm_yr': 796.5, 'Pr_max_h': 7.9, 'Rsw_max': 959.0, 'Ds_mean': 346.4, 'Ca': [338.7, 397.5]}
    US-PFk: {'hours': 306816, 'calendar': 'standard', 'humidity': 'hurs', 'cal_note': None, 'years': '1980-2014', 'Ta_C': [-45.6, 35.8], 'Ta_mean': 5.12, 'Pre_mbar': 957.7, 'Pr_mm_yr': 791.4, 'Pr_max_h': 8.06, 'Rsw_max': 957.7, 'Ds_mean': 348.6, 'Ca': [338.7, 397.5]}
    US-PFm: {'hours': 306816, 'calendar': 'standard', 'humidity': 'hurs', 'cal_note': None, 'years': '1980-2014', 'Ta_C': [-45.6, 35.8], 'Ta_mean': 5.12, 'Pre_mbar': 956.7, 'Pr_mm_yr': 791.4, 'Pr_max_h': 8.06, 'Rsw_max': 957.6, 'Ds_mean': 348.6, 'Ca': [338.7, 397.5]}
    US-PFn: {'hours': 306816, 'calendar': 'standard', 'humidity': 'hurs', 'cal_note': None, 'years': '1980-2014', 'Ta_C': [-45.6, 35.8], 'Ta_mean': 5.12, 'Pre_mbar': 957.4, 'Pr_mm_yr': 791.4, 'Pr_max_h': 8.06, 'Rsw_max': 957.5, 'Ds_mean': 348.6, 'Ca': [338.7, 397.5]}
    US-PFp: {'hours': 306816, 'calendar': 'standard', 'humidity': 'hurs', 'cal_note': None, 'years': '1980-2014', 'Ta_C': [-45.6, 35.8], 'Ta_mean': 5.12, 'Pre_mbar': 955.3, 'Pr_mm_yr': 791.4, 'Pr_max_h': 8.06, 'Rsw_max': 957.6, 'Ds_mean': 348.6, 'Ca': [338.7, 397.5]}
    US-PFq: {'hours': 306816, 'calendar': 'standard', 'humidity': 'hurs', 'cal_note': None, 'years': '1980-2014', 'Ta_C': [-47.9, 35.6], 'Ta_mean': 4.85, 'Pre_mbar': 958.0, 'Pr_mm_yr': 796.5, 'Pr_max_h': 7.9, 'Rsw_max': 959.2, 'Ds_mean': 346.4, 'Ca': [338.7, 397.5]}
    US-PFs: {'hours': 306816, 'calendar': 'standard', 'humidity': 'hurs', 'cal_note': None, 'years': '1980-2014', 'Ta_C': [-47.9, 35.6], 'Ta_mean': 4.85, 'Pre_mbar': 956.2, 'Pr_mm_yr': 796.5, 'Pr_max_h': 7.9, 'Rsw_max': 959.1, 'Ds_mean': 346.4, 'Ca': [338.7, 397.5]}
    US-PFt: {'hours': 306816, 'calendar': 'standard', 'humidity': 'hurs', 'cal_note': None, 'years': '1980-2014', 'Ta_C': [-47.9, 35.6], 'Ta_mean': 4.85, 'Pre_mbar': 958.8, 'Pr_mm_yr': 796.5, 'Pr_max_h': 7.9, 'Rsw_max': 959.2, 'Ds_mean': 346.4, 'Ca': [338.7, 397.5]}
    US-SB1: {'hours': 306816, 'calendar': 'standard', 'humidity': 'hurs', 'cal_note': None, 'years': '1980-2014', 'Ta_C': [-33.9, 43.8], 'Ta_mean': 14.31, 'Pre_mbar': 984.6, 'Pr_mm_yr': 1029.3, 'Pr_max_h': 8.69, 'Rsw_max': 957.9, 'Ds_mean': 503.4, 'Ca': [338.7, 397.5]}
    US-SHC: {'hours': 306816, 'calendar': 'standard', 'humidity': 'hurs', 'cal_note': None, 'years': '1980-2014', 'Ta_C': [-38.4, 38.4], 'Ta_mean': 8.48, 'Pre_mbar': 805.6, 'Pr_mm_yr': 727.4, 'Pr_max_h': 14.99, 'Rsw_max': 1085.9, 'Ds_mean': 747.7, 'Ca': [338.7, 397.5]}
    US-SP1: {'hours': 306816, 'calendar': 'standard', 'humidity': 'hurs', 'cal_note': None, 'years': '1980-2014', 'Ta_C': [-13.0, 44.6], 'Ta_mean': 21.86, 'Pre_mbar': 1007.3, 'Pr_mm_yr': 1321.2, 'Pr_max_h': 11.62, 'Rsw_max': 985.5, 'Ds_mean': 693.0, 'Ca': [338.7, 397.5]}
    US-SP2: {'hours': 306816, 'calendar': 'standard', 'humidity': 'hurs', 'cal_note': None, 'years': '1980-2014', 'Ta_C': [-14.4, 44.6], 'Ta_mean': 21.53, 'Pre_mbar': 1007.3, 'Pr_mm_yr': 1321.3, 'Pr_max_h': 11.96, 'Rsw_max': 990.7, 'Ds_mean': 680.1, 'Ca': [338.7, 397.5]}
    US-SP3: {'hours': 306816, 'calendar': 'standard', 'humidity': 'hurs', 'cal_note': None, 'years': '1980-2014', 'Ta_C': [-14.4, 44.6], 'Ta_mean': 21.53, 'Pre_mbar': 1007.3, 'Pr_mm_yr': 1321.3, 'Pr_max_h': 11.96, 'Rsw_max': 990.9, 'Ds_mean': 680.1, 'Ca': [338.7, 397.5]}
    US-SP4: {'hours': 306816, 'calendar': 'standard', 'humidity': 'hurs', 'cal_note': None, 'years': '1980-2014', 'Ta_C': [-14.4, 44.6], 'Ta_mean': 21.53, 'Pre_mbar': 1007.6, 'Pr_mm_yr': 1321.3, 'Pr_max_h': 11.96, 'Rsw_max': 990.6, 'Ds_mean': 680.1, 'Ca': [338.7, 397.5]}
    US-SSH: {'hours': 306816, 'calendar': 'standard', 'humidity': 'hurs', 'cal_note': None, 'years': '1980-2014', 'Ta_C': [-37.2, 42.5], 'Ta_mean': 10.6, 'Pre_mbar': 976.7, 'Pr_mm_yr': 1017.6, 'Pr_max_h': 10.07, 'Rsw_max': 951.4, 'Ds_mean': 399.4, 'Ca': [338.7, 397.5]}
    US-Slt: {'hours': 306816, 'calendar': 'standard', 'humidity': 'hurs', 'cal_note': None, 'years': '1980-2014', 'Ta_C': [-23.1, 40.6], 'Ta_mean': 12.98, 'Pre_mbar': 1009.7, 'Pr_mm_yr': 1171.6, 'Pr_max_h': 17.52, 'Rsw_max': 1004.6, 'Ds_mean': 452.5, 'Ca': [338.7, 397.5]}
    US-TEF: {'hours': 306816, 'calendar': 'standard', 'humidity': 'hurs', 'cal_note': None, 'years': '1980-2014', 'Ta_C': [-52.9, 36.3], 'Ta_mean': 4.36, 'Pre_mbar': 776.8, 'Pr_mm_yr': 387.8, 'Pr_max_h': 6.06, 'Rsw_max': 978.2, 'Ds_mean': 473.0, 'Ca': [338.7, 397.5]}
    US-UMB: {'hours': 306816, 'calendar': 'standard', 'humidity': 'hurs', 'cal_note': None, 'years': '1980-2014', 'Ta_C': [-38.7, 35.6], 'Ta_mean': 6.31, 'Pre_mbar': 985.5, 'Pr_mm_yr': 814.4, 'Pr_max_h': 8.65, 'Rsw_max': 940.0, 'Ds_mean': 370.3, 'Ca': [338.7, 397.5]}
    US-UMd: {'hours': 306816, 'calendar': 'standard', 'humidity': 'hurs', 'cal_note': None, 'years': '1980-2014', 'Ta_C': [-38.7, 35.6], 'Ta_mean': 6.31, 'Pre_mbar': 984.9, 'Pr_mm_yr': 814.4, 'Pr_max_h': 8.65, 'Rsw_max': 940.0, 'Ds_mean': 370.3, 'Ca': [338.7, 397.5]}
    US-Vcm: {'hours': 306816, 'calendar': 'standard', 'humidity': 'hurs', 'cal_note': None, 'years': '1980-2014', 'Ta_C': [-39.5, 34.9], 'Ta_mean': 5.42, 'Pre_mbar': 709.7, 'Pr_mm_yr': 506.4, 'Pr_max_h': 11.58, 'Rsw_max': 1097.3, 'Ds_mean': 632.4, 'Ca': [338.7, 397.5]}
    US-Vcp: {'hours': 306816, 'calendar': 'standard', 'humidity': 'hurs', 'cal_note': None, 'years': '1980-2014', 'Ta_C': [-39.5, 34.9], 'Ta_mean': 5.42, 'Pre_mbar': 749.6, 'Pr_mm_yr': 506.4, 'Pr_max_h': 11.58, 'Rsw_max': 1097.4, 'Ds_mean': 632.4, 'Ca': [338.7, 397.5]}
    US-Vcs: {'hours': 306816, 'calendar': 'standard', 'humidity': 'hurs', 'cal_note': None, 'years': '1980-2014', 'Ta_C': [-39.5, 34.9], 'Ta_mean': 5.42, 'Pre_mbar': 731.2, 'Pr_mm_yr': 506.4, 'Pr_max_h': 11.58, 'Rsw_max': 1097.2, 'Ds_mean': 632.4, 'Ca': [338.7, 397.5]}
    US-WBW: {'hours': 306816, 'calendar': 'standard', 'humidity': 'hurs', 'cal_note': None, 'years': '1980-2014', 'Ta_C': [-27.4, 45.7], 'Ta_mean': 15.25, 'Pre_mbar': 979.8, 'Pr_mm_yr': 1360.0, 'Pr_max_h': 10.66, 'Rsw_max': 979.5, 'Ds_mean': 477.7, 'Ca': [338.7, 397.5]}
    US-WCr: {'hours': 306816, 'calendar': 'standard', 'humidity': 'hurs', 'cal_note': None, 'years': '1980-2014', 'Ta_C': [-47.9, 35.6], 'Ta_mean': 4.85, 'Pre_mbar': 952.7, 'Pr_mm_yr': 796.5, 'Pr_max_h': 7.9, 'Rsw_max': 959.9, 'Ds_mean': 346.4, 'Ca': [338.7, 397.5]}
    US-Wi1: {'hours': 306816, 'calendar': 'standard', 'humidity': 'hurs', 'cal_note': None, 'years': '1980-2014', 'Ta_C': [-42.8, 34.3], 'Ta_mean': 4.96, 'Pre_mbar': 971.8, 'Pr_mm_yr': 730.4, 'Pr_max_h': 6.82, 'Rsw_max': 953.2, 'Ds_mean': 333.4, 'Ca': [338.7, 397.5]}
    US-Wi2: {'hours': 306816, 'calendar': 'standard', 'humidity': 'hurs', 'cal_note': None, 'years': '1980-2014', 'Ta_C': [-42.8, 34.3], 'Ta_mean': 4.96, 'Pre_mbar': 966.9, 'Pr_mm_yr': 730.4, 'Pr_max_h': 6.82, 'Rsw_max': 953.4, 'Ds_mean': 333.4, 'Ca': [338.7, 397.5]}
    US-Wi3: {'hours': 306816, 'calendar': 'standard', 'humidity': 'hurs', 'cal_note': None, 'years': '1980-2014', 'Ta_C': [-42.8, 34.3], 'Ta_mean': 4.96, 'Pre_mbar': 965.1, 'Pr_mm_yr': 730.4, 'Pr_max_h': 6.82, 'Rsw_max': 953.7, 'Ds_mean': 333.4, 'Ca': [338.7, 397.5]}
    US-Wi4: {'hours': 306816, 'calendar': 'standard', 'humidity': 'hurs', 'cal_note': None, 'years': '1980-2014', 'Ta_C': [-42.8, 34.3], 'Ta_mean': 4.96, 'Pre_mbar': 971.8, 'Pr_mm_yr': 730.4, 'Pr_max_h': 6.82, 'Rsw_max': 953.1, 'Ds_mean': 333.4, 'Ca': [338.7, 397.5]}
    US-Wrc: {'hours': 306816, 'calendar': 'standard', 'humidity': 'hurs', 'cal_note': None, 'years': '1980-2014', 'Ta_C': [-36.1, 38.3], 'Ta_mean': 8.91, 'Pre_mbar': 969.6, 'Pr_mm_yr': 1901.0, 'Pr_max_h': 17.87, 'Rsw_max': 1009.6, 'Ds_mean': 418.0, 'Ca': [338.7, 397.5]}
    US-xAB: {'hours': 306816, 'calendar': 'standard', 'humidity': 'hurs', 'cal_note': None, 'years': '1980-2014', 'Ta_C': [-33.3, 39.7], 'Ta_mean': 11.14, 'Pre_mbar': 970.6, 'Pr_mm_yr': 1819.4, 'Pr_max_h': 16.72, 'Rsw_max': 1011.0, 'Ds_mean': 445.6, 'Ca': [338.7, 397.5]}
    US-xBL: {'hours': 306816, 'calendar': 'standard', 'humidity': 'hurs', 'cal_note': None, 'years': '1980-2014', 'Ta_C': [-33.6, 44.7], 'Ta_mean': 13.46, 'Pre_mbar': 991.5, 'Pr_mm_yr': 1000.2, 'Pr_max_h': 10.41, 'Rsw_max': 960.5, 'Ds_mean': 497.8, 'Ca': [338.7, 397.5]}
    US-xBR: {'hours': 306816, 'calendar': 'standard', 'humidity': 'hurs', 'cal_note': None, 'years': '1980-2014', 'Ta_C': [-43.3, 31.9], 'Ta_mean': 3.41, 'Pre_mbar': 985.8, 'Pr_mm_yr': 1352.4, 'Pr_max_h': 13.39, 'Rsw_max': 983.9, 'Ds_mean': 241.1, 'Ca': [338.7, 397.5]}
    US-xGR: {'hours': 306816, 'calendar': 'standard', 'humidity': 'hurs', 'cal_note': None, 'years': '1980-2014', 'Ta_C': [-32.8, 40.8], 'Ta_mean': 12.36, 'Pre_mbar': 946.0, 'Pr_mm_yr': 1408.9, 'Pr_max_h': 12.16, 'Rsw_max': 980.2, 'Ds_mean': 403.9, 'Ca': [338.7, 397.5]}
    US-xHA: {'hours': 306816, 'calendar': 'standard', 'humidity': 'hurs', 'cal_note': None, 'years': '1980-2014', 'Ta_C': [-38.8, 38.5], 'Ta_mean': 9.15, 'Pre_mbar': 971.9, 'Pr_mm_yr': 1140.6, 'Pr_max_h': 11.35, 'Rsw_max': 984.2, 'Ds_mean': 380.7, 'Ca': [338.7, 397.5]}
    US-xJE: {'hours': 306816, 'calendar': 'standard', 'humidity': 'hurs', 'cal_note': None, 'years': '1980-2014', 'Ta_C': [-19.9, 46.4], 'Ta_mean': 19.77, 'Pre_mbar': 1008.0, 'Pr_mm_yr': 1342.5, 'Pr_max_h': 12.34, 'Rsw_max': 986.1, 'Ds_mean': 642.0, 'Ca': [338.7, 397.5]}
    US-xLE: {'hours': 306816, 'calendar': 'standard', 'humidity': 'hurs', 'cal_note': None, 'years': '1980-2014', 'Ta_C': [-27.7, 47.9], 'Ta_mean': 19.27, 'Pre_mbar': 1010.9, 'Pr_mm_yr': 1433.1, 'Pr_max_h': 15.94, 'Rsw_max': 1022.0, 'Ds_mean': 619.4, 'Ca': [338.7, 397.5]}
    US-xML: {'hours': 306816, 'calendar': 'standard', 'humidity': 'hurs', 'cal_note': None, 'years': '1980-2014', 'Ta_C': [-37.3, 40.5], 'Ta_mean': 11.57, 'Pre_mbar': 886.6, 'Pr_mm_yr': 1049.4, 'Pr_max_h': 7.7, 'Rsw_max': 971.8, 'Ds_mean': 418.0, 'Ca': [338.7, 397.5]}
    US-xNW: {'hours': 306816, 'calendar': 'standard', 'humidity': 'hurs', 'cal_note': None, 'years': '1980-2014', 'Ta_C': [-48.9, 29.4], 'Ta_mean': 0.35, 'Pre_mbar': 668.1, 'Pr_mm_yr': 442.7, 'Pr_max_h': 6.37, 'Rsw_max': 1066.6, 'Ds_mean': 387.3, 'Ca': [338.7, 397.5]}
    US-xRM: {'hours': 306816, 'calendar': 'standard', 'humidity': 'hurs', 'cal_note': None, 'years': '1980-2014', 'Ta_C': [-48.6, 30.0], 'Ta_mean': 1.05, 'Pre_mbar': 731.9, 'Pr_mm_yr': 432.3, 'Pr_max_h': 6.24, 'Rsw_max': 1062.5, 'Ds_mean': 406.5, 'Ca': [338.7, 397.5]}
    US-xRN: {'hours': 306816, 'calendar': 'standard', 'humidity': 'hurs', 'cal_note': None, 'years': '1980-2014', 'Ta_C': [-27.4, 45.7], 'Ta_mean': 15.25, 'Pre_mbar': 973.9, 'Pr_mm_yr': 1360.0, 'Pr_max_h': 10.66, 'Rsw_max': 979.5, 'Ds_mean': 477.7, 'Ca': [338.7, 397.5]}
    US-xSB: {'hours': 306816, 'calendar': 'standard', 'humidity': 'hurs', 'cal_note': None, 'years': '1980-2014', 'Ta_C': [-11.6, 43.8], 'Ta_mean': 21.93, 'Pre_mbar': 1007.9, 'Pr_mm_yr': 1308.4, 'Pr_max_h': 10.62, 'Rsw_max': 982.9, 'Ds_mean': 694.4, 'Ca': [338.7, 397.5]}
    US-xSC: {'hours': 306816, 'calendar': 'standard', 'humidity': 'hurs', 'cal_note': None, 'years': '1980-2014', 'Ta_C': [-32.3, 44.4], 'Ta_mean': 13.31, 'Pre_mbar': 970.8, 'Pr_mm_yr': 1010.9, 'Pr_max_h': 10.58, 'Rsw_max': 958.1, 'Ds_mean': 495.4, 'Ca': [338.7, 397.5]}
    US-xSE: {'hours': 306816, 'calendar': 'standard', 'humidity': 'hurs', 'cal_note': None, 'years': '1980-2014', 'Ta_C': [-25.8, 42.9], 'Ta_mean': 14.49, 'Pre_mbar': 1011.4, 'Pr_mm_yr': 1116.1, 'Pr_max_h': 11.16, 'Rsw_max': 961.5, 'Ds_mean': 480.8, 'Ca': [338.7, 397.5]}
    US-xSP: {'hours': 306816, 'calendar': 'standard', 'humidity': 'hurs', 'cal_note': None, 'years': '1980-2014', 'Ta_C': [-20.4, 41.9], 'Ta_mean': 14.53, 'Pre_mbar': 883.1, 'Pr_mm_yr': 629.0, 'Pr_max_h': 17.41, 'Rsw_max': 1085.7, 'Ds_mean': 1071.8, 'Ca': [338.7, 397.5]}
    US-xST: {'hours': 306816, 'calendar': 'standard', 'humidity': 'hurs', 'cal_note': None, 'years': '1980-2014', 'Ta_C': [-49.4, 36.8], 'Ta_mean': 4.84, 'Pre_mbar': 957.1, 'Pr_mm_yr': 811.7, 'Pr_max_h': 8.07, 'Rsw_max': 962.5, 'Ds_mean': 352.2, 'Ca': [338.7, 397.5]}
    US-xTA: {'hours': 306816, 'calendar': 'standard', 'humidity': 'hurs', 'cal_note': None, 'years': '1980-2014', 'Ta_C': [-33.8, 47.1], 'Ta_mean': 18.33, 'Pre_mbar': 997.2, 'Pr_mm_yr': 1354.7, 'Pr_max_h': 13.64, 'Rsw_max': 1019.4, 'Ds_mean': 560.3, 'Ca': [338.7, 397.5]}
    US-xTE: {'hours': 306816, 'calendar': 'standard', 'humidity': 'hurs', 'cal_note': None, 'years': '1980-2014', 'Ta_C': [-28.2, 35.1], 'Ta_mean': 7.9, 'Pre_mbar': 785.5, 'Pr_mm_yr': 670.1, 'Pr_max_h': 18.23, 'Rsw_max': 1086.7, 'Ds_mean': 736.3, 'Ca': [338.7, 397.5]}
    US-xTR: {'hours': 306816, 'calendar': 'standard', 'humidity': 'hurs', 'cal_note': None, 'years': '1980-2014', 'Ta_C': [-48.1, 36.5], 'Ta_mean': 5.14, 'Pre_mbar': 958.1, 'Pr_mm_yr': 817.4, 'Pr_max_h': 7.24, 'Rsw_max': 964.0, 'Ds_mean': 356.2, 'Ca': [338.7, 397.5]}
    US-xUK: {'hours': 306816, 'calendar': 'standard', 'humidity': 'hurs', 'cal_note': None, 'years': '1980-2014', 'Ta_C': [-39.8, 41.6], 'Ta_mean': 13.82, 'Pre_mbar': 973.8, 'Pr_mm_yr': 991.6, 'Pr_max_h': 14.92, 'Rsw_max': 1012.0, 'Ds_mean': 606.4, 'Ca': [338.7, 397.5]}
    US-xWR: {'hours': 306816, 'calendar': 'standard', 'humidity': 'hurs', 'cal_note': None, 'years': '1980-2014', 'Ta_C': [-36.1, 38.3], 'Ta_mean': 8.91, 'Pre_mbar': 965.5, 'Pr_mm_yr': 1901.0, 'Pr_max_h': 17.87, 'Rsw_max': 1009.6, 'Ds_mean': 418.0, 'Ca': [338.7, 397.5]}
    US-xYE: {'hours': 306816, 'calendar': 'standard', 'humidity': 'hurs', 'cal_note': None, 'years': '1980-2014', 'Ta_C': [-50.7, 35.3], 'Ta_mean': 3.98, 'Pre_mbar': 788.4, 'Pr_mm_yr': 524.3, 'Pr_max_h': 4.99, 'Rsw_max': 1022.4, 'Ds_mean': 503.2, 'Ca': [338.7, 397.5]}
    -> 101/101 built

  IPSL-CM6A-LR ssp126 (ECS 4.6 K): 31411 days, 101 stations
    US-Bar: {'hours': 753864, 'calendar': 'standard', 'humidity': 'hurs', 'cal_note': None, 'years': '2015-2100', 'Ta_C': [-39.3, 35.2], 'Ta_mean': 5.57, 'Pre_mbar': 981.1, 'Pr_mm_yr': 1390.5, 'Pr_max_h': 11.5, 'Rsw_max': 982.2, 'Ds_mean': 284.5, 'Ca': [399.9, 474.0]}
    US-Blk: {'hours': 753864, 'calendar': 'standard', 'humidity': 'hurs', 'cal_note': None, 'years': '2015-2100', 'Ta_C': [-50.1, 40.0], 'Ta_mean': 8.02, 'Pre_mbar': 826.5, 'Pr_mm_yr': 434.3, 'Pr_max_h': 6.3, 'Rsw_max': 991.0, 'Ds_mean': 677.0, 'Ca': [399.9, 474.0]}
    US-CPF: {'hours': 753864, 'calendar': 'standard', 'humidity': 'hurs', 'cal_note': None, 'years': '2015-2100', 'Ta_C': [-52.8, 33.2], 'Ta_mean': 2.29, 'Pre_mbar': 701.6, 'Pr_mm_yr': 484.0, 'Pr_max_h': 6.19, 'Rsw_max': 1056.2, 'Ds_mean': 463.8, 'Ca': [399.9, 474.0]}
    US-CPk: {'hours': 753864, 'calendar': 'standard', 'humidity': 'hurs', 'cal_note': None, 'years': '2015-2100', 'Ta_C': [-52.0, 36.8], 'Ta_mean': 4.68, 'Pre_mbar': 731.3, 'Pr_mm_yr': 428.8, 'Pr_max_h': 4.99, 'Rsw_max': 1047.1, 'Ds_mean': 548.3, 'Ca': [399.9, 474.0]}
    US-CRK: {'hours': 753864, 'calendar': 'standard', 'humidity': 'hurs', 'cal_note': None, 'years': '2015-2100', 'Ta_C': [-14.8, 49.1], 'Ta_mean': 21.13, 'Pre_mbar': 995.3, 'Pr_mm_yr': 1225.1, 'Pr_max_h': 15.38, 'Rsw_max': 1042.4, 'Ds_mean': 866.6, 'Ca': [399.9, 474.0]}
    US-CS2: {'hours': 753864, 'calendar': 'standard', 'humidity': 'hurs', 'cal_note': None, 'years': '2015-2100', 'Ta_C': [-42.6, 40.1], 'Ta_mean': 9.38, 'Pre_mbar': 974.6, 'Pr_mm_yr': 837.5, 'Pr_max_h': 10.18, 'Rsw_max': 971.5, 'Ds_mean': 481.6, 'Ca': [399.9, 474.0]}
    US-CZ2: FAILED -- Tetens inverse disagrees by 1.00e-03 Pa
    US-CZ3: FAILED -- Tetens inverse disagrees by 1.00e-03 Pa
    US-CZ4: FAILED -- Tetens inverse disagrees by 1.00e-03 Pa
    US-ChR: {'hours': 753864, 'calendar': 'standard', 'humidity': 'hurs', 'cal_note': None, 'years': '2015-2100', 'Ta_C': [-26.5, 48.4], 'Ta_mean': 16.99, 'Pre_mbar': 979.5, 'Pr_mm_yr': 1469.4, 'Pr_max_h': 14.84, 'Rsw_max': 991.6, 'Ds_mean': 538.8, 'Ca': [399.9, 474.0]}
    US-Cst: {'hours': 753864, 'calendar': 'standard', 'humidity': 'hurs', 'cal_note': None, 'years': '2015-2100', 'Ta_C': [-15.8, 49.1], 'Ta_mean': 19.93, 'Pre_mbar': 1007.3, 'Pr_mm_yr': 1500.7, 'Pr_max_h': 21.89, 'Rsw_max': 1037.3, 'Ds_mean': 678.9, 'Ca': [399.9, 474.0]}
    US-Cwt: {'hours': 753864, 'calendar': 'standard', 'humidity': 'hurs', 'cal_note': None, 'years': '2015-2100', 'Ta_C': [-26.4, 45.0], 'Ta_mean': 14.81, 'Pre_mbar': 933.7, 'Pr_mm_yr': 1851.6, 'Pr_max_h': 15.06, 'Rsw_max': 991.2, 'Ds_mean': 467.8, 'Ca': [399.9, 474.0]}
    US-DPP: {'hours': 753864, 'calendar': 'standard', 'humidity': 'hurs', 'cal_note': None, 'years': '2015-2100', 'Ta_C': [-4.4, 51.5], 'Ta_mean': 26.46, 'Pre_mbar': 1010.5, 'Pr_mm_yr': 1330.7, 'Pr_max_h': 8.7, 'Rsw_max': 992.6, 'Ds_mean': 817.8, 'Ca': [399.9, 474.0]}
    US-Dk2: {'hours': 753864, 'calendar': 'standard', 'humidity': 'hurs', 'cal_note': None, 'years': '2015-2100', 'Ta_C': [-25.7, 49.8], 'Ta_mean': 17.77, 'Pre_mbar': 993.3, 'Pr_mm_yr': 1241.6, 'Pr_max_h': 11.08, 'Rsw_max': 957.3, 'Ds_mean': 579.2, 'Ca': [399.9, 474.0]}
    US-Dk3: {'hours': 753864, 'calendar': 'standard', 'humidity': 'hurs', 'cal_note': None, 'years': '2015-2100', 'Ta_C': [-25.7, 49.8], 'Ta_mean': 17.77, 'Pre_mbar': 993.9, 'Pr_mm_yr': 1241.6, 'Pr_max_h': 11.08, 'Rsw_max': 957.3, 'Ds_mean': 579.2, 'Ca': [399.9, 474.0]}
    US-Fmf: {'hours': 753864, 'calendar': 'standard', 'humidity': 'hurs', 'cal_note': None, 'years': '2015-2100', 'Ta_C': [-37.8, 39.0], 'Ta_mean': 11.07, 'Pre_mbar': 784.3, 'Pr_mm_yr': 478.5, 'Pr_max_h': 10.45, 'Rsw_max': 1084.2, 'Ds_mean': 1061.6, 'Ca': [399.9, 474.0]}
    US-Fuf: FAILED -- Tetens inverse disagrees by 1.00e-03 Pa
    US-GBT: {'hours': 753864, 'calendar': 'standard', 'humidity': 'hurs', 'cal_note': None, 'years': '2015-2100', 'Ta_C': [-53.8, 37.1], 'Ta_mean': 4.53, 'Pre_mbar': 694.1, 'Pr_mm_yr': 392.8, 'Pr_max_h': 4.45, 'Rsw_max': 1045.3, 'Ds_mean': 545.0, 'Ca': [399.9, 474.0]}
    US-GLE: {'hours': 753864, 'calendar': 'standard', 'humidity': 'hurs', 'cal_note': None, 'years': '2015-2100', 'Ta_C': [-53.8, 37.1], 'Ta_mean': 4.53, 'Pre_mbar': 693.6, 'Pr_mm_yr': 392.8, 'Pr_max_h': 4.45, 'Rsw_max': 1045.3, 'Ds_mean': 545.0, 'Ca': [399.9, 474.0]}
    US-HB2: {'hours': 753864, 'calendar': 'standard', 'humidity': 'hurs', 'cal_note': None, 'years': '2015-2100', 'Ta_C': [-14.4, 45.1], 'Ta_mean': 21.87, 'Pre_mbar': 1012.7, 'Pr_mm_yr': 1355.7, 'Pr_max_h': 9.51, 'Rsw_max': 949.8, 'Ds_mean': 595.5, 'Ca': [399.9, 474.0]}
    US-HB3: {'hours': 753864, 'calendar': 'standard', 'humidity': 'hurs', 'cal_note': None, 'years': '2015-2100', 'Ta_C': [-14.4, 45.1], 'Ta_mean': 21.87, 'Pre_mbar': 1012.4, 'Pr_mm_yr': 1355.7, 'Pr_max_h': 9.51, 'Rsw_max': 949.8, 'Ds_mean': 595.5, 'Ca': [399.9, 474.0]}
    US-HBK: {'hours': 753864, 'calendar': 'standard', 'humidity': 'hurs', 'cal_note': None, 'years': '2015-2100', 'Ta_C': [-36.2, 38.1], 'Ta_mean': 8.25, 'Pre_mbar': 970.1, 'Pr_mm_yr': 1238.7, 'Pr_max_h': 10.73, 'Rsw_max': 985.8, 'Ds_mean': 347.2, 'Ca': [399.9, 474.0]}
    US-Ha1: {'hours': 753864, 'calendar': 'standard', 'humidity': 'hurs', 'cal_note': None, 'years': '2015-2100', 'Ta_C': [-34.3, 41.4], 'Ta_mean': 11.44, 'Pre_mbar': 973.2, 'Pr_mm_yr': 1181.7, 'Pr_max_h': 11.77, 'Rsw_max': 992.9, 'Ds_mean': 442.5, 'Ca': [399.9, 474.0]}
    US-Ha2: {'hours': 753864, 'calendar': 'standard', 'humidity': 'hurs', 'cal_note': None, 'years': '2015-2100', 'Ta_C': [-34.3, 41.4], 'Ta_mean': 11.44, 'Pre_mbar': 970.9, 'Pr_mm_yr': 1181.7, 'Pr_max_h': 11.77, 'Rsw_max': 992.9, 'Ds_mean': 442.5, 'Ca': [399.9, 474.0]}
    US-Ho1: {'hours': 753864, 'calendar': 'standard', 'humidity': 'hurs', 'cal_note': None, 'years': '2015-2100', 'Ta_C': [-33.9, 39.2], 'Ta_mean': 8.7, 'Pre_mbar': 1006.1, 'Pr_mm_yr': 1146.2, 'Pr_max_h': 8.84, 'Rsw_max': 985.7, 'Ds_mean': 357.4, 'Ca': [399.9, 474.0]}
    US-Ho2: {'hours': 753864, 'calendar': 'standard', 'humidity': 'hurs', 'cal_note': None, 'years': '2015-2100', 'Ta_C': [-33.9, 39.2], 'Ta_mean': 8.7, 'Pre_mbar': 1005.9, 'Pr_mm_yr': 1146.2, 'Pr_max_h': 8.84, 'Rsw_max': 985.7, 'Ds_mean': 357.4, 'Ca': [399.9, 474.0]}
    US-Ho3: {'hours': 753864, 'calendar': 'standard', 'humidity': 'hurs', 'cal_note': None, 'years': '2015-2100', 'Ta_C': [-33.9, 39.2], 'Ta_mean': 8.7, 'Pre_mbar': 1005.9, 'Pr_mm_yr': 1146.2, 'Pr_max_h': 8.84, 'Rsw_max': 985.7, 'Ds_mean': 357.4, 'Ca': [399.9, 474.0]}
    US-LPH: {'hours': 753864, 'calendar': 'standard', 'humidity': 'hurs', 'cal_note': None, 'years': '2015-2100', 'Ta_C': [-34.3, 41.4], 'Ta_mean': 11.44, 'Pre_mbar': 968.9, 'Pr_mm_yr': 1181.7, 'Pr_max_h': 11.77, 'Rsw_max': 992.9, 'Ds_mean': 442.5, 'Ca': [399.9, 474.0]}
    US-MEF: {'hours': 753864, 'calendar': 'standard', 'humidity': 'hurs', 'cal_note': None, 'years': '2015-2100', 'Ta_C': [-49.8, 36.3], 'Ta_mean': 6.81, 'Pre_mbar': 765.3, 'Pr_mm_yr': 473.9, 'Pr_max_h': 7.8, 'Rsw_max': 1081.2, 'Ds_mean': 593.4, 'Ca': [399.9, 474.0]}
    US-MMS: {'hours': 753864, 'calendar': 'standard', 'humidity': 'hurs', 'cal_note': None, 'years': '2015-2100', 'Ta_C': [-31.3, 44.4], 'Ta_mean': 14.43, 'Pre_mbar': 980.7, 'Pr_mm_yr': 1180.2, 'Pr_max_h': 10.92, 'Rsw_max': 987.8, 'Ds_mean': 511.1, 'Ca': [399.9, 474.0]}
    US-MOz: {'hours': 753864, 'calendar': 'standard', 'humidity': 'hurs', 'cal_note': None, 'years': '2015-2100', 'Ta_C': [-40.6, 45.3], 'Ta_mean': 15.6, 'Pre_mbar': 987.2, 'Pr_mm_yr': 1071.3, 'Pr_max_h': 11.87, 'Rsw_max': 1021.9, 'Ds_mean': 596.2, 'Ca': [399.9, 474.0]}
    US-MRf: {'hours': 753864, 'calendar': 'standard', 'humidity': 'hurs', 'cal_note': None, 'years': '2015-2100', 'Ta_C': [-17.7, 37.0], 'Ta_mean': 13.57, 'Pre_mbar': 982.1, 'Pr_mm_yr': 1420.9, 'Pr_max_h': 16.6, 'Rsw_max': 1038.7, 'Ds_mean': 425.9, 'Ca': [399.9, 474.0]}
    US-Me1: {'hours': 753864, 'calendar': 'standard', 'humidity': 'hurs', 'cal_note': None, 'years': '2015-2100', 'Ta_C': [-33.0, 39.3], 'Ta_mean': 9.34, 'Pre_mbar': 911.1, 'Pr_mm_yr': 934.0, 'Pr_max_h': 10.82, 'Rsw_max': 1027.9, 'Ds_mean': 531.5, 'Ca': [399.9, 474.0]}
    US-Me2: {'hours': 753864, 'calendar': 'standard', 'humidity': 'hurs', 'cal_note': None, 'years': '2015-2100', 'Ta_C': [-33.0, 40.5], 'Ta_mean': 10.18, 'Pre_mbar': 873.4, 'Pr_mm_yr': 808.3, 'Pr_max_h': 9.72, 'Rsw_max': 1032.5, 'Ds_mean': 578.5, 'Ca': [399.9, 474.0]}
    US-Me4: {'hours': 753864, 'calendar': 'standard', 'humidity': 'hurs', 'cal_note': None, 'years': '2015-2100', 'Ta_C': [-33.0, 40.5], 'Ta_mean': 10.18, 'Pre_mbar': 908.3, 'Pr_mm_yr': 808.3, 'Pr_max_h': 9.72, 'Rsw_max': 1032.2, 'Ds_mean': 578.5, 'Ca': [399.9, 474.0]}
    US-Me6: {'hours': 753864, 'calendar': 'standard', 'humidity': 'hurs', 'cal_note': None, 'years': '2015-2100', 'Ta_C': [-33.0, 40.5], 'Ta_mean': 10.18, 'Pre_mbar': 900.2, 'Pr_mm_yr': 808.3, 'Pr_max_h': 9.72, 'Rsw_max': 1033.3, 'Ds_mean': 578.5, 'Ca': [399.9, 474.0]}
    US-Me7: {'hours': 753864, 'calendar': 'standard', 'humidity': 'hurs', 'cal_note': None, 'years': '2015-2100', 'Ta_C': [-33.0, 40.5], 'Ta_mean': 10.18, 'Pre_mbar': 873.4, 'Pr_mm_yr': 808.3, 'Pr_max_h': 9.72, 'Rsw_max': 1032.5, 'Ds_mean': 578.5, 'Ca': [399.9, 474.0]}
    US-MtB: FAILED -- Tetens inverse disagrees by 1.00e-03 Pa
    US-NC2: {'hours': 753864, 'calendar': 'standard', 'humidity': 'hurs', 'cal_note': None, 'years': '2015-2100', 'Ta_C': [-16.4, 45.0], 'Ta_mean': 19.56, 'Pre_mbar': 1012.6, 'Pr_mm_yr': 1314.3, 'Pr_max_h': 12.88, 'Rsw_max': 956.1, 'Ds_mean': 574.1, 'Ca': [399.9, 474.0]}
    US-NC3: {'hours': 753864, 'calendar': 'standard', 'humidity': 'hurs', 'cal_note': None, 'years': '2015-2100', 'Ta_C': [-16.4, 45.0], 'Ta_mean': 19.56, 'Pre_mbar': 1012.6, 'Pr_mm_yr': 1314.3, 'Pr_max_h': 12.88, 'Rsw_max': 956.1, 'Ds_mean': 574.1, 'Ca': [399.9, 474.0]}
    US-NC5: {'hours': 753864, 'calendar': 'standard', 'humidity': 'hurs', 'cal_note': None, 'years': '2015-2100', 'Ta_C': [-25.5, 48.4], 'Ta_mean': 17.64, 'Pre_mbar': 998.7, 'Pr_mm_yr': 1223.1, 'Pr_max_h': 11.22, 'Rsw_max': 953.7, 'Ds_mean': 587.4, 'Ca': [399.9, 474.0]}
    US-NMj: {'hours': 753864, 'calendar': 'standard', 'humidity': 'hurs', 'cal_note': None, 'years': '2015-2100', 'Ta_C': [-39.5, 38.1], 'Ta_mean': 6.93, 'Pre_mbar': 967.0, 'Pr_mm_yr': 717.8, 'Pr_max_h': 8.39, 'Rsw_max': 949.5, 'Ds_mean': 427.5, 'Ca': [399.9, 474.0]}
    US-NR1: {'hours': 753864, 'calendar': 'standard', 'humidity': 'hurs', 'cal_note': None, 'years': '2015-2100', 'Ta_C': [-51.2, 31.9], 'Ta_mean': 1.88, 'Pre_mbar': 705.8, 'Pr_mm_yr': 501.3, 'Pr_max_h': 5.62, 'Rsw_max': 1062.2, 'Ds_mean': 441.1, 'Ca': [399.9, 474.0]}
    US-Oho: {'hours': 753864, 'calendar': 'standard', 'humidity': 'hurs', 'cal_note': None, 'years': '2015-2100', 'Ta_C': [-27.5, 43.1], 'Ta_mean': 12.46, 'Pre_mbar': 986.0, 'Pr_mm_yr': 911.2, 'Pr_max_h': 8.04, 'Rsw_max': 969.5, 'Ds_mean': 533.1, 'Ca': [399.9, 474.0]}
    US-PFL: {'hours': 753864, 'calendar': 'standard', 'humidity': 'hurs', 'cal_note': None, 'years': '2015-2100', 'Ta_C': [-45.1, 39.5], 'Ta_mean': 7.34, 'Pre_mbar': 959.0, 'Pr_mm_yr': 794.0, 'Pr_max_h': 10.13, 'Rsw_max': 957.4, 'Ds_mean': 430.4, 'Ca': [399.9, 474.0]}
    US-PFb: {'hours': 753864, 'calendar': 'standard', 'humidity': 'hurs', 'cal_note': None, 'years': '2015-2100', 'Ta_C': [-45.1, 39.5], 'Ta_mean': 7.34, 'Pre_mbar': 957.9, 'Pr_mm_yr': 794.0, 'Pr_max_h': 10.13, 'Rsw_max': 957.2, 'Ds_mean': 430.4, 'Ca': [399.9, 474.0]}
    US-PFc: {'hours': 753864, 'calendar': 'standard', 'humidity': 'hurs', 'cal_note': None, 'years': '2015-2100', 'Ta_C': [-45.1, 39.5], 'Ta_mean': 7.34, 'Pre_mbar': 958.0, 'Pr_mm_yr': 794.0, 'Pr_max_h': 10.13, 'Rsw_max': 957.2, 'Ds_mean': 430.4, 'Ca': [399.9, 474.0]}
    US-PFg: {'hours': 753864, 'calendar': 'standard', 'humidity': 'hurs', 'cal_note': None, 'years': '2015-2100', 'Ta_C': [-45.1, 39.5], 'Ta_mean': 7.34, 'Pre_mbar': 957.8, 'Pr_mm_yr': 794.0, 'Pr_max_h': 10.13, 'Rsw_max': 957.2, 'Ds_mean': 430.4, 'Ca': [399.9, 474.0]}
    US-PFh: {'hours': 753864, 'calendar': 'standard', 'humidity': 'hurs', 'cal_note': None, 'years': '2015-2100', 'Ta_C': [-46.0, 39.5], 'Ta_mean': 7.06, 'Pre_mbar': 959.1, 'Pr_mm_yr': 798.8, 'Pr_max_h': 11.2, 'Rsw_max': 957.6, 'Ds_mean': 426.9, 'Ca': [399.9, 474.0]}
    US-PFi: {'hours': 753864, 'calendar': 'standard', 'humidity': 'hurs', 'cal_note': None, 'years': '2015-2100', 'Ta_C': [-46.0, 39.5], 'Ta_mean': 7.06, 'Pre_mbar': 956.3, 'Pr_mm_yr': 798.8, 'Pr_max_h': 11.2, 'Rsw_max': 957.4, 'Ds_mean': 426.9, 'Ca': [399.9, 474.0]}
    US-PFj: {'hours': 753864, 'calendar': 'standard', 'humidity': 'hurs', 'cal_note': None, 'years': '2015-2100', 'Ta_C': [-46.0, 39.5], 'Ta_mean': 7.06, 'Pre_mbar': 956.7, 'Pr_mm_yr': 798.8, 'Pr_max_h': 11.2, 'Rsw_max': 957.5, 'Ds_mean': 426.9, 'Ca': [399.9, 474.0]}
    US-PFk: {'hours': 753864, 'calendar': 'standard', 'humidity': 'hurs', 'cal_note': None, 'years': '2015-2100', 'Ta_C': [-45.1, 39.5], 'Ta_mean': 7.34, 'Pre_mbar': 957.7, 'Pr_mm_yr': 794.0, 'Pr_max_h': 10.13, 'Rsw_max': 957.5, 'Ds_mean': 430.4, 'Ca': [399.9, 474.0]}
    US-PFm: {'hours': 753864, 'calendar': 'standard', 'humidity': 'hurs', 'cal_note': None, 'years': '2015-2100', 'Ta_C': [-45.1, 39.5], 'Ta_mean': 7.34, 'Pre_mbar': 956.7, 'Pr_mm_yr': 794.0, 'Pr_max_h': 10.13, 'Rsw_max': 957.5, 'Ds_mean': 430.4, 'Ca': [399.9, 474.0]}
    US-PFn: {'hours': 753864, 'calendar': 'standard', 'humidity': 'hurs', 'cal_note': None, 'years': '2015-2100', 'Ta_C': [-45.1, 39.5], 'Ta_mean': 7.34, 'Pre_mbar': 957.4, 'Pr_mm_yr': 794.0, 'Pr_max_h': 10.13, 'Rsw_max': 957.4, 'Ds_mean': 430.4, 'Ca': [399.9, 474.0]}
    US-PFp: {'hours': 753864, 'calendar': 'standard', 'humidity': 'hurs', 'cal_note': None, 'years': '2015-2100', 'Ta_C': [-45.1, 39.5], 'Ta_mean': 7.34, 'Pre_mbar': 955.3, 'Pr_mm_yr': 794.0, 'Pr_max_h': 10.13, 'Rsw_max': 957.4, 'Ds_mean': 430.4, 'Ca': [399.9, 474.0]}
    US-PFq: {'hours': 753864, 'calendar': 'standard', 'humidity': 'hurs', 'cal_note': None, 'years': '2015-2100', 'Ta_C': [-46.0, 39.5], 'Ta_mean': 7.06, 'Pre_mbar': 958.0, 'Pr_mm_yr': 798.8, 'Pr_max_h': 11.2, 'Rsw_max': 957.7, 'Ds_mean': 426.9, 'Ca': [399.9, 474.0]}
    US-PFs: {'hours': 753864, 'calendar': 'standard', 'humidity': 'hurs', 'cal_note': None, 'years': '2015-2100', 'Ta_C': [-46.0, 39.5], 'Ta_mean': 7.06, 'Pre_mbar': 956.2, 'Pr_mm_yr': 798.8, 'Pr_max_h': 11.2, 'Rsw_max': 957.7, 'Ds_mean': 426.9, 'Ca': [399.9, 474.0]}
    US-PFt: {'hours': 753864, 'calendar': 'standard', 'humidity': 'hurs', 'cal_note': None, 'years': '2015-2100', 'Ta_C': [-46.0, 39.5], 'Ta_mean': 7.06, 'Pre_mbar': 958.8, 'Pr_mm_yr': 798.8, 'Pr_max_h': 11.2, 'Rsw_max': 957.8, 'Ds_mean': 426.9, 'Ca': [399.9, 474.0]}
    US-SB1: {'hours': 753864, 'calendar': 'standard', 'humidity': 'hurs', 'cal_note': None, 'years': '2015-2100', 'Ta_C': [-25.4, 46.5], 'Ta_mean': 16.25, 'Pre_mbar': 984.6, 'Pr_mm_yr': 1112.7, 'Pr_max_h': 9.99, 'Rsw_max': 964.1, 'Ds_mean': 590.6, 'Ca': [399.9, 474.0]}
    US-SHC: {'hours': 753864, 'calendar': 'standard', 'humidity': 'hurs', 'cal_note': None, 'years': '2015-2100', 'Ta_C': [-40.0, 40.6], 'Ta_mean': 9.89, 'Pre_mbar': 805.6, 'Pr_mm_yr': 741.2, 'Pr_max_h': 18.96, 'Rsw_max': 1079.9, 'Ds_mean': 844.6, 'Ca': [399.9, 474.0]}
    US-SP1: {'hours': 753864, 'calendar': 'standard', 'humidity': 'hurs', 'cal_note': None, 'years': '2015-2100', 'Ta_C': [-9.6, 49.2], 'Ta_mean': 24.17, 'Pre_mbar': 1007.3, 'Pr_mm_yr': 1409.0, 'Pr_max_h': 12.03, 'Rsw_max': 985.1, 'Ds_mean': 726.1, 'Ca': [399.9, 474.0]}
    US-SP2: {'hours': 753864, 'calendar': 'standard', 'humidity': 'hurs', 'cal_note': None, 'years': '2015-2100', 'Ta_C': [-11.3, 49.3], 'Ta_mean': 23.76, 'Pre_mbar': 1007.3, 'Pr_mm_yr': 1417.2, 'Pr_max_h': 11.11, 'Rsw_max': 982.6, 'Ds_mean': 712.7, 'Ca': [399.9, 474.0]}
    US-SP3: {'hours': 753864, 'calendar': 'standard', 'humidity': 'hurs', 'cal_note': None, 'years': '2015-2100', 'Ta_C': [-11.3, 49.3], 'Ta_mean': 23.76, 'Pre_mbar': 1007.3, 'Pr_mm_yr': 1417.2, 'Pr_max_h': 11.11, 'Rsw_max': 982.8, 'Ds_mean': 712.7, 'Ca': [399.9, 474.0]}
    US-SP4: {'hours': 753864, 'calendar': 'standard', 'humidity': 'hurs', 'cal_note': None, 'years': '2015-2100', 'Ta_C': [-11.3, 49.3], 'Ta_mean': 23.76, 'Pre_mbar': 1007.6, 'Pr_mm_yr': 1417.2, 'Pr_max_h': 11.11, 'Rsw_max': 982.5, 'Ds_mean': 712.7, 'Ca': [399.9, 474.0]}
    US-SSH: {'hours': 753864, 'calendar': 'standard', 'humidity': 'hurs', 'cal_note': None, 'years': '2015-2100', 'Ta_C': [-32.2, 45.0], 'Ta_mean': 12.59, 'Pre_mbar': 976.7, 'Pr_mm_yr': 1066.2, 'Pr_max_h': 11.14, 'Rsw_max': 955.4, 'Ds_mean': 482.8, 'Ca': [399.9, 474.0]}
    US-Slt: {'hours': 753864, 'calendar': 'standard', 'humidity': 'hurs', 'cal_note': None, 'years': '2015-2100', 'Ta_C': [-20.9, 45.7], 'Ta_mean': 15.47, 'Pre_mbar': 1009.7, 'Pr_mm_yr': 1225.2, 'Pr_max_h': 18.79, 'Rsw_max': 1008.9, 'Ds_mean': 530.7, 'Ca': [399.9, 474.0]}
    US-TEF: {'hours': 753864, 'calendar': 'standard', 'humidity': 'hurs', 'cal_note': None, 'years': '2015-2100', 'Ta_C': [-53.9, 38.1], 'Ta_mean': 6.09, 'Pre_mbar': 776.8, 'Pr_mm_yr': 412.0, 'Pr_max_h': 7.42, 'Rsw_max': 980.0, 'Ds_mean': 564.9, 'Ca': [399.9, 474.0]}
    US-UMB: {'hours': 753864, 'calendar': 'standard', 'humidity': 'hurs', 'cal_note': None, 'years': '2015-2100', 'Ta_C': [-32.8, 37.6], 'Ta_mean': 8.57, 'Pre_mbar': 985.5, 'Pr_mm_yr': 836.8, 'Pr_max_h': 11.17, 'Rsw_max': 939.4, 'Ds_mean': 456.0, 'Ca': [399.9, 474.0]}
    US-UMd: {'hours': 753864, 'calendar': 'standard', 'humidity': 'hurs', 'cal_note': None, 'years': '2015-2100', 'Ta_C': [-32.8, 37.6], 'Ta_mean': 8.57, 'Pre_mbar': 984.9, 'Pr_mm_yr': 836.8, 'Pr_max_h': 11.17, 'Rsw_max': 939.4, 'Ds_mean': 456.0, 'Ca': [399.9, 474.0]}
    US-Vcm: FAILED -- Tetens inverse disagrees by 1.00e-03 Pa
    US-Vcp: FAILED -- Tetens inverse disagrees by 1.00e-03 Pa
    US-Vcs: FAILED -- Tetens inverse disagrees by 1.00e-03 Pa
    US-WBW: {'hours': 753864, 'calendar': 'standard', 'humidity': 'hurs', 'cal_note': None, 'years': '2015-2100', 'Ta_C': [-26.5, 48.4], 'Ta_mean': 16.99, 'Pre_mbar': 979.8, 'Pr_mm_yr': 1469.4, 'Pr_max_h': 14.84, 'Rsw_max': 991.4, 'Ds_mean': 538.8, 'Ca': [399.9, 474.0]}
    US-WCr: {'hours': 753864, 'calendar': 'standard', 'humidity': 'hurs', 'cal_note': None, 'years': '2015-2100', 'Ta_C': [-46.0, 39.5], 'Ta_mean': 7.06, 'Pre_mbar': 952.7, 'Pr_mm_yr': 798.8, 'Pr_max_h': 11.2, 'Rsw_max': 958.4, 'Ds_mean': 426.9, 'Ca': [399.9, 474.0]}
    US-Wi1: {'hours': 753864, 'calendar': 'standard', 'humidity': 'hurs', 'cal_note': None, 'years': '2015-2100', 'Ta_C': [-40.7, 38.3], 'Ta_mean': 7.22, 'Pre_mbar': 971.8, 'Pr_mm_yr': 710.8, 'Pr_max_h': 9.43, 'Rsw_max': 949.9, 'Ds_mean': 412.0, 'Ca': [399.9, 474.0]}
    US-Wi2: {'hours': 753864, 'calendar': 'standard', 'humidity': 'hurs', 'cal_note': None, 'years': '2015-2100', 'Ta_C': [-40.7, 38.3], 'Ta_mean': 7.22, 'Pre_mbar': 966.9, 'Pr_mm_yr': 710.8, 'Pr_max_h': 9.43, 'Rsw_max': 950.2, 'Ds_mean': 412.0, 'Ca': [399.9, 474.0]}
    US-Wi3: {'hours': 753864, 'calendar': 'standard', 'humidity': 'hurs', 'cal_note': None, 'years': '2015-2100', 'Ta_C': [-40.7, 38.3], 'Ta_mean': 7.22, 'Pre_mbar': 965.1, 'Pr_mm_yr': 710.8, 'Pr_max_h': 9.43, 'Rsw_max': 950.5, 'Ds_mean': 412.0, 'Ca': [399.9, 474.0]}
    US-Wi4: {'hours': 753864, 'calendar': 'standard', 'humidity': 'hurs', 'cal_note': None, 'years': '2015-2100', 'Ta_C': [-40.7, 38.3], 'Ta_mean': 7.22, 'Pre_mbar': 971.8, 'Pr_mm_yr': 710.8, 'Pr_max_h': 9.43, 'Rsw_max': 949.8, 'Ds_mean': 412.0, 'Ca': [399.9, 474.0]}
    US-Wrc: {'hours': 753864, 'calendar': 'standard', 'humidity': 'hurs', 'cal_note': None, 'years': '2015-2100', 'Ta_C': [-29.3, 39.6], 'Ta_mean': 10.35, 'Pre_mbar': 969.6, 'Pr_mm_yr': 1942.6, 'Pr_max_h': 22.54, 'Rsw_max': 1009.2, 'Ds_mean': 484.7, 'Ca': [399.9, 474.0]}
    US-xAB: {'hours': 753864, 'calendar': 'standard', 'humidity': 'hurs', 'cal_note': None, 'years': '2015-2100', 'Ta_C': [-25.9, 41.3], 'Ta_mean': 12.54, 'Pre_mbar': 970.6, 'Pr_mm_yr': 1852.1, 'Pr_max_h': 22.47, 'Rsw_max': 1006.3, 'Ds_mean': 514.1, 'Ca': [399.9, 474.0]}
    US-xBL: {'hours': 753864, 'calendar': 'standard', 'humidity': 'hurs', 'cal_note': None, 'years': '2015-2100', 'Ta_C': [-27.9, 47.1], 'Ta_mean': 15.45, 'Pre_mbar': 991.5, 'Pr_mm_yr': 1069.4, 'Pr_max_h': 13.65, 'Rsw_max': 959.1, 'Ds_mean': 588.1, 'Ca': [399.9, 474.0]}
    US-xBR: {'hours': 753864, 'calendar': 'standard', 'humidity': 'hurs', 'cal_note': None, 'years': '2015-2100', 'Ta_C': [-39.3, 35.2], 'Ta_mean': 5.57, 'Pre_mbar': 985.8, 'Pr_mm_yr': 1390.5, 'Pr_max_h': 11.5, 'Rsw_max': 982.2, 'Ds_mean': 284.5, 'Ca': [399.9, 474.0]}
    US-xGR: {'hours': 753864, 'calendar': 'standard', 'humidity': 'hurs', 'cal_note': None, 'years': '2015-2100', 'Ta_C': [-27.6, 45.2], 'Ta_mean': 14.08, 'Pre_mbar': 946.0, 'Pr_mm_yr': 1527.3, 'Pr_max_h': 14.83, 'Rsw_max': 991.2, 'Ds_mean': 454.7, 'Ca': [399.9, 474.0]}
    US-xHA: {'hours': 753864, 'calendar': 'standard', 'humidity': 'hurs', 'cal_note': None, 'years': '2015-2100', 'Ta_C': [-34.3, 41.4], 'Ta_mean': 11.44, 'Pre_mbar': 971.9, 'Pr_mm_yr': 1181.7, 'Pr_max_h': 11.77, 'Rsw_max': 992.9, 'Ds_mean': 442.5, 'Ca': [399.9, 474.0]}
    US-xJE: {'hours': 753864, 'calendar': 'standard', 'humidity': 'hurs', 'cal_note': None, 'years': '2015-2100', 'Ta_C': [-18.1, 49.0], 'Ta_mean': 21.36, 'Pre_mbar': 1008.0, 'Pr_mm_yr': 1476.7, 'Pr_max_h': 17.9, 'Rsw_max': 980.2, 'Ds_mean': 684.0, 'Ca': [399.9, 474.0]}
    US-xLE: {'hours': 753864, 'calendar': 'standard', 'humidity': 'hurs', 'cal_note': None, 'years': '2015-2100', 'Ta_C': [-19.5, 50.7], 'Ta_mean': 20.76, 'Pre_mbar': 1010.9, 'Pr_mm_yr': 1617.5, 'Pr_max_h': 18.95, 'Rsw_max': 1024.9, 'Ds_mean': 658.0, 'Ca': [399.9, 474.0]}
    US-xML: {'hours': 753864, 'calendar': 'standard', 'humidity': 'hurs', 'cal_note': None, 'years': '2015-2100', 'Ta_C': [-28.0, 44.1], 'Ta_mean': 13.45, 'Pre_mbar': 886.6, 'Pr_mm_yr': 1130.2, 'Pr_max_h': 9.08, 'Rsw_max': 977.0, 'Ds_mean': 488.7, 'Ca': [399.9, 474.0]}
    US-xNW: {'hours': 753864, 'calendar': 'standard', 'humidity': 'hurs', 'cal_note': None, 'years': '2015-2100', 'Ta_C': [-51.2, 31.9], 'Ta_mean': 1.88, 'Pre_mbar': 668.1, 'Pr_mm_yr': 501.3, 'Pr_max_h': 5.62, 'Rsw_max': 1062.1, 'Ds_mean': 441.1, 'Ca': [399.9, 474.0]}
    US-xRM: {'hours': 753864, 'calendar': 'standard', 'humidity': 'hurs', 'cal_note': None, 'years': '2015-2100', 'Ta_C': [-51.4, 32.9], 'Ta_mean': 2.59, 'Pre_mbar': 731.9, 'Pr_mm_yr': 488.5, 'Pr_max_h': 6.24, 'Rsw_max': 1057.5, 'Ds_mean': 463.3, 'Ca': [399.9, 474.0]}
    US-xRN: {'hours': 753864, 'calendar': 'standard', 'humidity': 'hurs', 'cal_note': None, 'years': '2015-2100', 'Ta_C': [-26.5, 48.4], 'Ta_mean': 16.99, 'Pre_mbar': 973.9, 'Pr_mm_yr': 1469.4, 'Pr_max_h': 14.84, 'Rsw_max': 991.4, 'Ds_mean': 538.8, 'Ca': [399.9, 474.0]}
    US-xSB: {'hours': 753864, 'calendar': 'standard', 'humidity': 'hurs', 'cal_note': None, 'years': '2015-2100', 'Ta_C': [-7.6, 48.5], 'Ta_mean': 24.56, 'Pre_mbar': 1007.9, 'Pr_mm_yr': 1386.8, 'Pr_max_h': 10.75, 'Rsw_max': 983.6, 'Ds_mean': 727.7, 'Ca': [399.9, 474.0]}
    US-xSC: {'hours': 753864, 'calendar': 'standard', 'humidity': 'hurs', 'cal_note': None, 'years': '2015-2100', 'Ta_C': [-26.6, 46.4], 'Ta_mean': 15.3, 'Pre_mbar': 970.8, 'Pr_mm_yr': 1083.0, 'Pr_max_h': 14.29, 'Rsw_max': 958.4, 'Ds_mean': 583.8, 'Ca': [399.9, 474.0]}
    US-xSE: {'hours': 753864, 'calendar': 'standard', 'humidity': 'hurs', 'cal_note': None, 'years': '2015-2100', 'Ta_C': [-21.5, 47.1], 'Ta_mean': 16.88, 'Pre_mbar': 1011.4, 'Pr_mm_yr': 1183.5, 'Pr_max_h': 14.63, 'Rsw_max': 968.8, 'Ds_mean': 563.9, 'Ca': [399.9, 474.0]}
    US-xSP: FAILED -- Tetens inverse disagrees by 1.00e-03 Pa
    US-xST: {'hours': 753864, 'calendar': 'standard', 'humidity': 'hurs', 'cal_note': None, 'years': '2015-2100', 'Ta_C': [-45.4, 40.0], 'Ta_mean': 7.03, 'Pre_mbar': 957.1, 'Pr_mm_yr': 824.6, 'Pr_max_h': 11.32, 'Rsw_max': 958.4, 'Ds_mean': 433.5, 'Ca': [399.9, 474.0]}
    US-xTA: {'hours': 753864, 'calendar': 'standard', 'humidity': 'hurs', 'cal_note': None, 'years': '2015-2100', 'Ta_C': [-17.0, 49.0], 'Ta_mean': 19.91, 'Pre_mbar': 997.2, 'Pr_mm_yr': 1507.9, 'Pr_max_h': 19.19, 'Rsw_max': 1025.6, 'Ds_mean': 601.9, 'Ca': [399.9, 474.0]}
    US-xTE: FAILED -- Tetens inverse disagrees by 1.00e-03 Pa
    US-xTR: {'hours': 753864, 'calendar': 'standard', 'humidity': 'hurs', 'cal_note': None, 'years': '2015-2100', 'Ta_C': [-44.5, 39.5], 'Ta_mean': 7.33, 'Pre_mbar': 958.1, 'Pr_mm_yr': 833.3, 'Pr_max_h': 9.97, 'Rsw_max': 960.4, 'Ds_mean': 438.9, 'Ca': [399.9, 474.0]}
    US-xUK: {'hours': 753864, 'calendar': 'standard', 'humidity': 'hurs', 'cal_note': None, 'years': '2015-2100', 'Ta_C': [-43.4, 44.5], 'Ta_mean': 15.83, 'Pre_mbar': 973.8, 'Pr_mm_yr': 1033.1, 'Pr_max_h': 16.5, 'Rsw_max': 1015.4, 'Ds_mean': 718.8, 'Ca': [399.9, 474.0]}
    US-xWR: {'hours': 753864, 'calendar': 'standard', 'humidity': 'hurs', 'cal_note': None, 'years': '2015-2100', 'Ta_C': [-29.3, 39.6], 'Ta_mean': 10.35, 'Pre_mbar': 965.5, 'Pr_mm_yr': 1942.6, 'Pr_max_h': 22.54, 'Rsw_max': 1009.2, 'Ds_mean': 484.7, 'Ca': [399.9, 474.0]}
    US-xYE: FAILED -- Tetens inverse disagrees by 1.00e-03 Pa
    -> 90/101 built

  IPSL-CM6A-LR ssp585 (ECS 4.6 K): 31411 days, 101 stations
    US-Bar: {'hours': 753864, 'calendar': 'standard', 'humidity': 'hurs', 'cal_note': None, 'years': '2015-2100', 'Ta_C': [-39.9, 42.5], 'Ta_mean': 7.59, 'Pre_mbar': 981.1, 'Pr_mm_yr': 1431.8, 'Pr_max_h': 13.51, 'Rsw_max': 979.0, 'Ds_mean': 353.6, 'Ca': [399.9, 1135.2]}
    US-Blk: {'hours': 753864, 'calendar': 'standard', 'humidity': 'hurs', 'cal_note': None, 'years': '2015-2100', 'Ta_C': [-54.3, 46.7], 'Ta_mean': 10.24, 'Pre_mbar': 826.5, 'Pr_mm_yr': 428.0, 'Pr_max_h': 6.92, 'Rsw_max': 986.0, 'Ds_mean': 883.9, 'Ca': [399.9, 1135.2]}
    US-CPF: {'hours': 753864, 'calendar': 'standard', 'humidity': 'hurs', 'cal_note': None, 'years': '2015-2100', 'Ta_C': [-54.1, 37.6], 'Ta_mean': 4.24, 'Pre_mbar': 701.6, 'Pr_mm_yr': 521.9, 'Pr_max_h': 7.5, 'Rsw_max': 1054.3, 'Ds_mean': 573.4, 'Ca': [399.9, 1135.2]}
    US-CPk: FAILED -- Tetens inverse disagrees by 1.00e-03 Pa
    US-CRK: {'hours': 753864, 'calendar': 'standard', 'humidity': 'hurs', 'cal_note': None, 'years': '2015-2100', 'Ta_C': [-16.2, 55.6], 'Ta_mean': 22.91, 'Pre_mbar': 995.3, 'Pr_mm_yr': 1215.4, 'Pr_max_h': 13.43, 'Rsw_max': 1047.5, 'Ds_mean': 1001.7, 'Ca': [399.9, 1135.2]}
    US-CS2: {'hours': 753864, 'calendar': 'standard', 'humidity': 'hurs', 'cal_note': None, 'years': '2015-2100', 'Ta_C': [-42.7, 45.9], 'Ta_mean': 11.7, 'Pre_mbar': 974.6, 'Pr_mm_yr': 824.0, 'Pr_max_h': 9.11, 'Rsw_max': 964.5, 'Ds_mean': 623.8, 'Ca': [399.9, 1135.2]}
    US-CZ2: FAILED -- Tetens inverse disagrees by 1.00e-03 Pa
    US-CZ3: FAILED -- Tetens inverse disagrees by 1.00e-03 Pa
    US-CZ4: FAILED -- Tetens inverse disagrees by 1.00e-03 Pa
    US-ChR: {'hours': 753864, 'calendar': 'standard', 'humidity': 'hurs', 'cal_note': None, 'years': '2015-2100', 'Ta_C': [-24.0, 54.3], 'Ta_mean': 18.99, 'Pre_mbar': 979.5, 'Pr_mm_yr': 1520.4, 'Pr_max_h': 16.08, 'Rsw_max': 991.3, 'Ds_mean': 663.2, 'Ca': [399.9, 1135.2]}
    US-Cst: {'hours': 753864, 'calendar': 'standard', 'humidity': 'hurs', 'cal_note': None, 'years': '2015-2100', 'Ta_C': [-31.0, 54.4], 'Ta_mean': 21.82, 'Pre_mbar': 1007.3, 'Pr_mm_yr': 1493.2, 'Pr_max_h': 23.01, 'Rsw_max': 1018.9, 'Ds_mean': 816.0, 'Ca': [399.9, 1135.2]}
    US-Cwt: {'hours': 753864, 'calendar': 'standard', 'humidity': 'hurs', 'cal_note': None, 'years': '2015-2100', 'Ta_C': [-29.5, 48.9], 'Ta_mean': 16.76, 'Pre_mbar': 933.7, 'Pr_mm_yr': 1926.6, 'Pr_max_h': 18.4, 'Rsw_max': 994.8, 'Ds_mean': 563.0, 'Ca': [399.9, 1135.2]}
    US-DPP: {'hours': 753864, 'calendar': 'standard', 'humidity': 'hurs', 'cal_note': None, 'years': '2015-2100', 'Ta_C': [-7.2, 48.8], 'Ta_mean': 26.09, 'Pre_mbar': 1010.5, 'Pr_mm_yr': 1380.9, 'Pr_max_h': 10.4, 'Rsw_max': 996.9, 'Ds_mean': 900.1, 'Ca': [399.9, 1135.2]}
    US-Dk2: {'hours': 753864, 'calendar': 'standard', 'humidity': 'hurs', 'cal_note': None, 'years': '2015-2100', 'Ta_C': [-20.9, 53.5], 'Ta_mean': 19.77, 'Pre_mbar': 993.3, 'Pr_mm_yr': 1332.1, 'Pr_max_h': 12.17, 'Rsw_max': 951.7, 'Ds_mean': 692.4, 'Ca': [399.9, 1135.2]}
    US-Dk3: {'hours': 753864, 'calendar': 'standard', 'humidity': 'hurs', 'cal_note': None, 'years': '2015-2100', 'Ta_C': [-20.9, 53.5], 'Ta_mean': 19.77, 'Pre_mbar': 993.9, 'Pr_mm_yr': 1332.1, 'Pr_max_h': 12.17, 'Rsw_max': 951.7, 'Ds_mean': 692.4, 'Ca': [399.9, 1135.2]}
    US-Fmf: FAILED -- Tetens inverse disagrees by 1.00e-03 Pa
    US-Fuf: FAILED -- Tetens inverse disagrees by 1.00e-03 Pa
    US-GBT: FAILED -- Tetens inverse disagrees by 1.00e-03 Pa
    US-GLE: FAILED -- Tetens inverse disagrees by 1.00e-03 Pa
    US-HB2: {'hours': 753864, 'calendar': 'standard', 'humidity': 'hurs', 'cal_note': None, 'years': '2015-2100', 'Ta_C': [-12.1, 44.9], 'Ta_mean': 22.28, 'Pre_mbar': 1012.7, 'Pr_mm_yr': 1395.6, 'Pr_max_h': 9.66, 'Rsw_max': 943.5, 'Ds_mean': 669.2, 'Ca': [399.9, 1135.2]}
    US-HB3: {'hours': 753864, 'calendar': 'standard', 'humidity': 'hurs', 'cal_note': None, 'years': '2015-2100', 'Ta_C': [-12.1, 44.9], 'Ta_mean': 22.28, 'Pre_mbar': 1012.4, 'Pr_mm_yr': 1395.6, 'Pr_max_h': 9.66, 'Rsw_max': 943.4, 'Ds_mean': 669.2, 'Ca': [399.9, 1135.2]}
    US-HBK: {'hours': 753864, 'calendar': 'standard', 'humidity': 'hurs', 'cal_note': None, 'years': '2015-2100', 'Ta_C': [-38.7, 45.3], 'Ta_mean': 10.16, 'Pre_mbar': 970.1, 'Pr_mm_yr': 1278.0, 'Pr_max_h': 11.75, 'Rsw_max': 973.7, 'Ds_mean': 428.9, 'Ca': [399.9, 1135.2]}
    US-Ha1: {'hours': 753864, 'calendar': 'standard', 'humidity': 'hurs', 'cal_note': None, 'years': '2015-2100', 'Ta_C': [-34.0, 47.8], 'Ta_mean': 13.32, 'Pre_mbar': 973.2, 'Pr_mm_yr': 1222.1, 'Pr_max_h': 12.57, 'Rsw_max': 988.1, 'Ds_mean': 536.1, 'Ca': [399.9, 1135.2]}
    US-Ha2: {'hours': 753864, 'calendar': 'standard', 'humidity': 'hurs', 'cal_note': None, 'years': '2015-2100', 'Ta_C': [-34.0, 47.8], 'Ta_mean': 13.32, 'Pre_mbar': 970.9, 'Pr_mm_yr': 1222.1, 'Pr_max_h': 12.57, 'Rsw_max': 988.1, 'Ds_mean': 536.1, 'Ca': [399.9, 1135.2]}
    US-Ho1: {'hours': 753864, 'calendar': 'standard', 'humidity': 'hurs', 'cal_note': None, 'years': '2015-2100', 'Ta_C': [-32.9, 46.2], 'Ta_mean': 10.73, 'Pre_mbar': 1006.1, 'Pr_mm_yr': 1171.2, 'Pr_max_h': 10.62, 'Rsw_max': 977.4, 'Ds_mean': 439.6, 'Ca': [399.9, 1135.2]}
    US-Ho2: {'hours': 753864, 'calendar': 'standard', 'humidity': 'hurs', 'cal_note': None, 'years': '2015-2100', 'Ta_C': [-32.9, 46.2], 'Ta_mean': 10.73, 'Pre_mbar': 1005.9, 'Pr_mm_yr': 1171.2, 'Pr_max_h': 10.62, 'Rsw_max': 977.4, 'Ds_mean': 439.6, 'Ca': [399.9, 1135.2]}
    US-Ho3: {'hours': 753864, 'calendar': 'standard', 'humidity': 'hurs', 'cal_note': None, 'years': '2015-2100', 'Ta_C': [-32.9, 46.2], 'Ta_mean': 10.73, 'Pre_mbar': 1005.9, 'Pr_mm_yr': 1171.2, 'Pr_max_h': 10.62, 'Rsw_max': 977.4, 'Ds_mean': 439.6, 'Ca': [399.9, 1135.2]}
    US-LPH: {'hours': 753864, 'calendar': 'standard', 'humidity': 'hurs', 'cal_note': None, 'years': '2015-2100', 'Ta_C': [-34.0, 47.8], 'Ta_mean': 13.32, 'Pre_mbar': 968.9, 'Pr_mm_yr': 1222.1, 'Pr_max_h': 12.57, 'Rsw_max': 988.1, 'Ds_mean': 536.1, 'Ca': [399.9, 1135.2]}
    US-MEF: {'hours': 753864, 'calendar': 'standard', 'humidity': 'hurs', 'cal_note': None, 'years': '2015-2100', 'Ta_C': [-47.6, 40.8], 'Ta_mean': 8.76, 'Pre_mbar': 765.3, 'Pr_mm_yr': 479.3, 'Pr_max_h': 7.26, 'Rsw_max': 1074.8, 'Ds_mean': 730.3, 'Ca': [399.9, 1135.2]}
    US-MMS: {'hours': 753864, 'calendar': 'standard', 'humidity': 'hurs', 'cal_note': None, 'years': '2015-2100', 'Ta_C': [-33.6, 50.2], 'Ta_mean': 16.48, 'Pre_mbar': 980.7, 'Pr_mm_yr': 1204.6, 'Pr_max_h': 11.71, 'Rsw_max': 985.5, 'Ds_mean': 643.2, 'Ca': [399.9, 1135.2]}
    US-MOz: {'hours': 753864, 'calendar': 'standard', 'humidity': 'hurs', 'cal_note': None, 'years': '2015-2100', 'Ta_C': [-38.2, 49.1], 'Ta_mean': 17.69, 'Pre_mbar': 987.2, 'Pr_mm_yr': 1093.6, 'Pr_max_h': 13.73, 'Rsw_max': 1011.0, 'Ds_mean': 742.1, 'Ca': [399.9, 1135.2]}
    US-MRf: {'hours': 753864, 'calendar': 'standard', 'humidity': 'hurs', 'cal_note': None, 'years': '2015-2100', 'Ta_C': [-16.2, 42.0], 'Ta_mean': 13.94, 'Pre_mbar': 982.1, 'Pr_mm_yr': 1369.5, 'Pr_max_h': 17.02, 'Rsw_max': 1032.6, 'Ds_mean': 490.6, 'Ca': [399.9, 1135.2]}
    US-Me1: {'hours': 753864, 'calendar': 'standard', 'humidity': 'hurs', 'cal_note': None, 'years': '2015-2100', 'Ta_C': [-29.3, 46.4], 'Ta_mean': 11.26, 'Pre_mbar': 911.1, 'Pr_mm_yr': 940.0, 'Pr_max_h': 13.43, 'Rsw_max': 1027.2, 'Ds_mean': 665.5, 'Ca': [399.9, 1135.2]}
    US-Me2: {'hours': 753864, 'calendar': 'standard', 'humidity': 'hurs', 'cal_note': None, 'years': '2015-2100', 'Ta_C': [-28.7, 47.5], 'Ta_mean': 12.11, 'Pre_mbar': 873.4, 'Pr_mm_yr': 822.3, 'Pr_max_h': 12.29, 'Rsw_max': 1032.9, 'Ds_mean': 721.8, 'Ca': [399.9, 1135.2]}
    US-Me4: {'hours': 753864, 'calendar': 'standard', 'humidity': 'hurs', 'cal_note': None, 'years': '2015-2100', 'Ta_C': [-28.7, 47.5], 'Ta_mean': 12.11, 'Pre_mbar': 908.3, 'Pr_mm_yr': 822.3, 'Pr_max_h': 12.29, 'Rsw_max': 1032.6, 'Ds_mean': 721.8, 'Ca': [399.9, 1135.2]}
    US-Me6: {'hours': 753864, 'calendar': 'standard', 'humidity': 'hurs', 'cal_note': None, 'years': '2015-2100', 'Ta_C': [-28.7, 47.5], 'Ta_mean': 12.11, 'Pre_mbar': 900.2, 'Pr_mm_yr': 822.3, 'Pr_max_h': 12.29, 'Rsw_max': 1033.6, 'Ds_mean': 721.8, 'Ca': [399.9, 1135.2]}
    US-Me7: {'hours': 753864, 'calendar': 'standard', 'humidity': 'hurs', 'cal_note': None, 'years': '2015-2100', 'Ta_C': [-28.7, 47.5], 'Ta_mean': 12.11, 'Pre_mbar': 873.4, 'Pr_mm_yr': 822.3, 'Pr_max_h': 12.29, 'Rsw_max': 1032.9, 'Ds_mean': 721.8, 'Ca': [399.9, 1135.2]}
    US-MtB: FAILED -- Tetens inverse disagrees by 1.00e-03 Pa
    US-NC2: {'hours': 753864, 'calendar': 'standard', 'humidity': 'hurs', 'cal_note': None, 'years': '2015-2100', 'Ta_C': [-15.4, 47.8], 'Ta_mean': 20.48, 'Pre_mbar': 1012.6, 'Pr_mm_yr': 1372.9, 'Pr_max_h': 12.93, 'Rsw_max': 957.2, 'Ds_mean': 660.5, 'Ca': [399.9, 1135.2]}
    US-NC3: {'hours': 753864, 'calendar': 'standard', 'humidity': 'hurs', 'cal_note': None, 'years': '2015-2100', 'Ta_C': [-15.4, 47.8], 'Ta_mean': 20.48, 'Pre_mbar': 1012.6, 'Pr_mm_yr': 1372.9, 'Pr_max_h': 12.93, 'Rsw_max': 957.3, 'Ds_mean': 660.5, 'Ca': [399.9, 1135.2]}
    US-NC5: {'hours': 753864, 'calendar': 'standard', 'humidity': 'hurs', 'cal_note': None, 'years': '2015-2100', 'Ta_C': [-25.1, 53.8], 'Ta_mean': 19.65, 'Pre_mbar': 998.7, 'Pr_mm_yr': 1312.7, 'Pr_max_h': 10.8, 'Rsw_max': 949.0, 'Ds_mean': 704.4, 'Ca': [399.9, 1135.2]}
    US-NMj: {'hours': 753864, 'calendar': 'standard', 'humidity': 'hurs', 'cal_note': None, 'years': '2015-2100', 'Ta_C': [-43.3, 43.2], 'Ta_mean': 9.18, 'Pre_mbar': 967.0, 'Pr_mm_yr': 693.7, 'Pr_max_h': 8.54, 'Rsw_max': 950.6, 'Ds_mean': 525.3, 'Ca': [399.9, 1135.2]}
    US-NR1: {'hours': 753864, 'calendar': 'standard', 'humidity': 'hurs', 'cal_note': None, 'years': '2015-2100', 'Ta_C': [-51.4, 36.7], 'Ta_mean': 3.83, 'Pre_mbar': 705.8, 'Pr_mm_yr': 532.6, 'Pr_max_h': 5.61, 'Rsw_max': 1058.0, 'Ds_mean': 545.8, 'Ca': [399.9, 1135.2]}
    US-Oho: {'hours': 753864, 'calendar': 'standard', 'humidity': 'hurs', 'cal_note': None, 'years': '2015-2100', 'Ta_C': [-28.7, 48.3], 'Ta_mean': 14.5, 'Pre_mbar': 986.0, 'Pr_mm_yr': 916.2, 'Pr_max_h': 7.49, 'Rsw_max': 962.2, 'Ds_mean': 664.3, 'Ca': [399.9, 1135.2]}
    US-PFL: {'hours': 753864, 'calendar': 'standard', 'humidity': 'hurs', 'cal_note': None, 'years': '2015-2100', 'Ta_C': [-48.3, 46.1], 'Ta_mean': 9.8, 'Pre_mbar': 959.0, 'Pr_mm_yr': 796.8, 'Pr_max_h': 10.9, 'Rsw_max': 951.2, 'Ds_mean': 558.2, 'Ca': [399.9, 1135.2]}
    US-PFb: {'hours': 753864, 'calendar': 'standard', 'humidity': 'hurs', 'cal_note': None, 'years': '2015-2100', 'Ta_C': [-48.3, 46.1], 'Ta_mean': 9.8, 'Pre_mbar': 957.9, 'Pr_mm_yr': 796.8, 'Pr_max_h': 10.9, 'Rsw_max': 951.0, 'Ds_mean': 558.2, 'Ca': [399.9, 1135.2]}
    US-PFc: {'hours': 753864, 'calendar': 'standard', 'humidity': 'hurs', 'cal_note': None, 'years': '2015-2100', 'Ta_C': [-48.3, 46.1], 'Ta_mean': 9.8, 'Pre_mbar': 958.0, 'Pr_mm_yr': 796.8, 'Pr_max_h': 10.9, 'Rsw_max': 951.1, 'Ds_mean': 558.2, 'Ca': [399.9, 1135.2]}
    US-PFg: {'hours': 753864, 'calendar': 'standard', 'humidity': 'hurs', 'cal_note': None, 'years': '2015-2100', 'Ta_C': [-48.3, 46.1], 'Ta_mean': 9.8, 'Pre_mbar': 957.8, 'Pr_mm_yr': 796.8, 'Pr_max_h': 10.9, 'Rsw_max': 951.0, 'Ds_mean': 558.2, 'Ca': [399.9, 1135.2]}
    US-PFh: {'hours': 753864, 'calendar': 'standard', 'humidity': 'hurs', 'cal_note': None, 'years': '2015-2100', 'Ta_C': [-48.8, 45.9], 'Ta_mean': 9.52, 'Pre_mbar': 959.1, 'Pr_mm_yr': 803.0, 'Pr_max_h': 11.22, 'Rsw_max': 951.8, 'Ds_mean': 552.0, 'Ca': [399.9, 1135.2]}
    US-PFi: {'hours': 753864, 'calendar': 'standard', 'humidity': 'hurs', 'cal_note': None, 'years': '2015-2100', 'Ta_C': [-48.8, 45.9], 'Ta_mean': 9.52, 'Pre_mbar': 956.3, 'Pr_mm_yr': 803.0, 'Pr_max_h': 11.22, 'Rsw_max': 951.6, 'Ds_mean': 552.0, 'Ca': [399.9, 1135.2]}
    US-PFj: {'hours': 753864, 'calendar': 'standard', 'humidity': 'hurs', 'cal_note': None, 'years': '2015-2100', 'Ta_C': [-48.8, 45.9], 'Ta_mean': 9.52, 'Pre_mbar': 956.7, 'Pr_mm_yr': 803.0, 'Pr_max_h': 11.22, 'Rsw_max': 951.7, 'Ds_mean': 552.0, 'Ca': [399.9, 1135.2]}
    US-PFk: {'hours': 753864, 'calendar': 'standard', 'humidity': 'hurs', 'cal_note': None, 'years': '2015-2100', 'Ta_C': [-48.3, 46.1], 'Ta_mean': 9.8, 'Pre_mbar': 957.7, 'Pr_mm_yr': 796.8, 'Pr_max_h': 10.9, 'Rsw_max': 951.4, 'Ds_mean': 558.2, 'Ca': [399.9, 1135.2]}
    US-PFm: {'hours': 753864, 'calendar': 'standard', 'humidity': 'hurs', 'cal_note': None, 'years': '2015-2100', 'Ta_C': [-48.3, 46.1], 'Ta_mean': 9.8, 'Pre_mbar': 956.7, 'Pr_mm_yr': 796.8, 'Pr_max_h': 10.9, 'Rsw_max': 951.4, 'Ds_mean': 558.2, 'Ca': [399.9, 1135.2]}
    US-PFn: {'hours': 753864, 'calendar': 'standard', 'humidity': 'hurs', 'cal_note': None, 'years': '2015-2100', 'Ta_C': [-48.3, 46.1], 'Ta_mean': 9.8, 'Pre_mbar': 957.4, 'Pr_mm_yr': 796.8, 'Pr_max_h': 10.9, 'Rsw_max': 951.2, 'Ds_mean': 558.2, 'Ca': [399.9, 1135.2]}
    US-PFp: {'hours': 753864, 'calendar': 'standard', 'humidity': 'hurs', 'cal_note': None, 'years': '2015-2100', 'Ta_C': [-48.3, 46.1], 'Ta_mean': 9.8, 'Pre_mbar': 955.3, 'Pr_mm_yr': 796.8, 'Pr_max_h': 10.9, 'Rsw_max': 951.3, 'Ds_mean': 558.2, 'Ca': [399.9, 1135.2]}
    US-PFq: {'hours': 753864, 'calendar': 'standard', 'humidity': 'hurs', 'cal_note': None, 'years': '2015-2100', 'Ta_C': [-48.8, 45.9], 'Ta_mean': 9.52, 'Pre_mbar': 958.0, 'Pr_mm_yr': 803.0, 'Pr_max_h': 11.22, 'Rsw_max': 951.9, 'Ds_mean': 552.0, 'Ca': [399.9, 1135.2]}
    US-PFs: {'hours': 753864, 'calendar': 'standard', 'humidity': 'hurs', 'cal_note': None, 'years': '2015-2100', 'Ta_C': [-48.8, 45.9], 'Ta_mean': 9.52, 'Pre_mbar': 956.2, 'Pr_mm_yr': 803.0, 'Pr_max_h': 11.22, 'Rsw_max': 951.9, 'Ds_mean': 552.0, 'Ca': [399.9, 1135.2]}
    US-PFt: {'hours': 753864, 'calendar': 'standard', 'humidity': 'hurs', 'cal_note': None, 'years': '2015-2100', 'Ta_C': [-48.8, 45.9], 'Ta_mean': 9.52, 'Pre_mbar': 958.8, 'Pr_mm_yr': 803.0, 'Pr_max_h': 11.22, 'Rsw_max': 952.0, 'Ds_mean': 552.0, 'Ca': [399.9, 1135.2]}
    US-SB1: {'hours': 753864, 'calendar': 'standard', 'humidity': 'hurs', 'cal_note': None, 'years': '2015-2100', 'Ta_C': [-36.8, 52.4], 'Ta_mean': 18.27, 'Pre_mbar': 984.6, 'Pr_mm_yr': 1171.3, 'Pr_max_h': 10.84, 'Rsw_max': 958.3, 'Ds_mean': 727.4, 'Ca': [399.9, 1135.2]}
    US-SHC: {'hours': 753864, 'calendar': 'standard', 'humidity': 'hurs', 'cal_note': None, 'years': '2015-2100', 'Ta_C': [-41.6, 44.9], 'Ta_mean': 11.84, 'Pre_mbar': 805.6, 'Pr_mm_yr': 738.5, 'Pr_max_h': 18.09, 'Rsw_max': 1072.5, 'Ds_mean': 989.9, 'Ca': [399.9, 1135.2]}
    US-SP1: {'hours': 753864, 'calendar': 'standard', 'humidity': 'hurs', 'cal_note': None, 'years': '2015-2100', 'Ta_C': [-12.7, 49.9], 'Ta_mean': 24.77, 'Pre_mbar': 1007.3, 'Pr_mm_yr': 1498.7, 'Pr_max_h': 11.43, 'Rsw_max': 988.0, 'Ds_mean': 825.3, 'Ca': [399.9, 1135.2]}
    US-SP2: {'hours': 753864, 'calendar': 'standard', 'humidity': 'hurs', 'cal_note': None, 'years': '2015-2100', 'Ta_C': [-13.4, 50.3], 'Ta_mean': 24.51, 'Pre_mbar': 1007.3, 'Pr_mm_yr': 1508.5, 'Pr_max_h': 11.39, 'Rsw_max': 990.5, 'Ds_mean': 811.1, 'Ca': [399.9, 1135.2]}
    US-SP3: {'hours': 753864, 'calendar': 'standard', 'humidity': 'hurs', 'cal_note': None, 'years': '2015-2100', 'Ta_C': [-13.4, 50.3], 'Ta_mean': 24.51, 'Pre_mbar': 1007.3, 'Pr_mm_yr': 1508.5, 'Pr_max_h': 11.39, 'Rsw_max': 990.7, 'Ds_mean': 811.1, 'Ca': [399.9, 1135.2]}
    US-SP4: {'hours': 753864, 'calendar': 'standard', 'humidity': 'hurs', 'cal_note': None, 'years': '2015-2100', 'Ta_C': [-13.4, 50.3], 'Ta_mean': 24.51, 'Pre_mbar': 1007.6, 'Pr_mm_yr': 1508.5, 'Pr_max_h': 11.39, 'Rsw_max': 990.4, 'Ds_mean': 811.1, 'Ca': [399.9, 1135.2]}
    US-SSH: {'hours': 753864, 'calendar': 'standard', 'humidity': 'hurs', 'cal_note': None, 'years': '2015-2100', 'Ta_C': [-34.3, 51.0], 'Ta_mean': 14.68, 'Pre_mbar': 976.7, 'Pr_mm_yr': 1127.2, 'Pr_max_h': 12.54, 'Rsw_max': 948.9, 'Ds_mean': 606.4, 'Ca': [399.9, 1135.2]}
    US-Slt: {'hours': 753864, 'calendar': 'standard', 'humidity': 'hurs', 'cal_note': None, 'years': '2015-2100', 'Ta_C': [-20.1, 48.0], 'Ta_mean': 16.89, 'Pre_mbar': 1009.7, 'Pr_mm_yr': 1270.2, 'Pr_max_h': 15.07, 'Rsw_max': 998.3, 'Ds_mean': 630.2, 'Ca': [399.9, 1135.2]}
    US-TEF: {'hours': 753864, 'calendar': 'standard', 'humidity': 'hurs', 'cal_note': None, 'years': '2015-2100', 'Ta_C': [-47.1, 45.5], 'Ta_mean': 8.14, 'Pre_mbar': 776.8, 'Pr_mm_yr': 396.3, 'Pr_max_h': 7.04, 'Rsw_max': 978.5, 'Ds_mean': 743.4, 'Ca': [399.9, 1135.2]}
    US-UMB: {'hours': 753864, 'calendar': 'standard', 'humidity': 'hurs', 'cal_note': None, 'years': '2015-2100', 'Ta_C': [-35.9, 44.1], 'Ta_mean': 10.81, 'Pre_mbar': 985.5, 'Pr_mm_yr': 810.7, 'Pr_max_h': 12.34, 'Rsw_max': 942.5, 'Ds_mean': 583.9, 'Ca': [399.9, 1135.2]}
    US-UMd: {'hours': 753864, 'calendar': 'standard', 'humidity': 'hurs', 'cal_note': None, 'years': '2015-2100', 'Ta_C': [-35.9, 44.1], 'Ta_mean': 10.81, 'Pre_mbar': 984.9, 'Pr_mm_yr': 810.7, 'Pr_max_h': 12.34, 'Rsw_max': 942.5, 'Ds_mean': 583.9, 'Ca': [399.9, 1135.2]}
    US-Vcm: FAILED -- Tetens inverse disagrees by 1.00e-03 Pa
    US-Vcp: FAILED -- Tetens inverse disagrees by 1.00e-03 Pa
    US-Vcs: FAILED -- Tetens inverse disagrees by 1.00e-03 Pa
    US-WBW: {'hours': 753864, 'calendar': 'standard', 'humidity': 'hurs', 'cal_note': None, 'years': '2015-2100', 'Ta_C': [-24.0, 54.3], 'Ta_mean': 18.99, 'Pre_mbar': 979.8, 'Pr_mm_yr': 1520.4, 'Pr_max_h': 16.08, 'Rsw_max': 991.1, 'Ds_mean': 663.2, 'Ca': [399.9, 1135.2]}
    US-WCr: {'hours': 753864, 'calendar': 'standard', 'humidity': 'hurs', 'cal_note': None, 'years': '2015-2100', 'Ta_C': [-48.9, 45.9], 'Ta_mean': 9.52, 'Pre_mbar': 952.7, 'Pr_mm_yr': 803.0, 'Pr_max_h': 11.22, 'Rsw_max': 952.6, 'Ds_mean': 552.0, 'Ca': [399.9, 1135.2]}
    US-Wi1: {'hours': 753864, 'calendar': 'standard', 'humidity': 'hurs', 'cal_note': None, 'years': '2015-2100', 'Ta_C': [-42.5, 44.0], 'Ta_mean': 9.59, 'Pre_mbar': 971.8, 'Pr_mm_yr': 697.0, 'Pr_max_h': 10.25, 'Rsw_max': 950.5, 'Ds_mean': 521.3, 'Ca': [399.9, 1135.2]}
    US-Wi2: {'hours': 753864, 'calendar': 'standard', 'humidity': 'hurs', 'cal_note': None, 'years': '2015-2100', 'Ta_C': [-42.5, 44.0], 'Ta_mean': 9.59, 'Pre_mbar': 966.9, 'Pr_mm_yr': 697.0, 'Pr_max_h': 10.25, 'Rsw_max': 950.8, 'Ds_mean': 521.3, 'Ca': [399.9, 1135.2]}
    US-Wi3: {'hours': 753864, 'calendar': 'standard', 'humidity': 'hurs', 'cal_note': None, 'years': '2015-2100', 'Ta_C': [-42.5, 44.0], 'Ta_mean': 9.59, 'Pre_mbar': 965.1, 'Pr_mm_yr': 697.0, 'Pr_max_h': 10.25, 'Rsw_max': 951.1, 'Ds_mean': 521.3, 'Ca': [399.9, 1135.2]}
    US-Wi4: {'hours': 753864, 'calendar': 'standard', 'humidity': 'hurs', 'cal_note': None, 'years': '2015-2100', 'Ta_C': [-42.5, 44.0], 'Ta_mean': 9.59, 'Pre_mbar': 971.8, 'Pr_mm_yr': 697.0, 'Pr_max_h': 10.25, 'Rsw_max': 950.5, 'Ds_mean': 521.3, 'Ca': [399.9, 1135.2]}
    US-Wrc: {'hours': 753864, 'calendar': 'standard', 'humidity': 'hurs', 'cal_note': None, 'years': '2015-2100', 'Ta_C': [-28.7, 46.7], 'Ta_mean': 12.2, 'Pre_mbar': 969.6, 'Pr_mm_yr': 1861.8, 'Pr_max_h': 27.05, 'Rsw_max': 1005.0, 'Ds_mean': 609.6, 'Ca': [399.9, 1135.2]}
    US-xAB: {'hours': 753864, 'calendar': 'standard', 'humidity': 'hurs', 'cal_note': None, 'years': '2015-2100', 'Ta_C': [-25.5, 48.0], 'Ta_mean': 14.36, 'Pre_mbar': 970.6, 'Pr_mm_yr': 1768.3, 'Pr_max_h': 27.97, 'Rsw_max': 1003.6, 'Ds_mean': 641.1, 'Ca': [399.9, 1135.2]}
    US-xBL: {'hours': 753864, 'calendar': 'standard', 'humidity': 'hurs', 'cal_note': None, 'years': '2015-2100', 'Ta_C': [-32.8, 53.2], 'Ta_mean': 17.54, 'Pre_mbar': 991.5, 'Pr_mm_yr': 1128.8, 'Pr_max_h': 13.26, 'Rsw_max': 960.7, 'Ds_mean': 726.9, 'Ca': [399.9, 1135.2]}
    US-xBR: {'hours': 753864, 'calendar': 'standard', 'humidity': 'hurs', 'cal_note': None, 'years': '2015-2100', 'Ta_C': [-39.9, 42.5], 'Ta_mean': 7.59, 'Pre_mbar': 985.8, 'Pr_mm_yr': 1431.8, 'Pr_max_h': 13.51, 'Rsw_max': 979.0, 'Ds_mean': 353.6, 'Ca': [399.9, 1135.2]}
    US-xGR: {'hours': 753864, 'calendar': 'standard', 'humidity': 'hurs', 'cal_note': None, 'years': '2015-2100', 'Ta_C': [-30.8, 49.3], 'Ta_mean': 16.05, 'Pre_mbar': 946.0, 'Pr_mm_yr': 1582.7, 'Pr_max_h': 19.31, 'Rsw_max': 992.0, 'Ds_mean': 555.0, 'Ca': [399.9, 1135.2]}
    US-xHA: {'hours': 753864, 'calendar': 'standard', 'humidity': 'hurs', 'cal_note': None, 'years': '2015-2100', 'Ta_C': [-34.0, 47.8], 'Ta_mean': 13.32, 'Pre_mbar': 971.9, 'Pr_mm_yr': 1222.1, 'Pr_max_h': 12.57, 'Rsw_max': 988.1, 'Ds_mean': 536.1, 'Ca': [399.9, 1135.2]}
    US-xJE: {'hours': 753864, 'calendar': 'standard', 'humidity': 'hurs', 'cal_note': None, 'years': '2015-2100', 'Ta_C': [-18.1, 52.7], 'Ta_mean': 23.03, 'Pre_mbar': 1008.0, 'Pr_mm_yr': 1549.1, 'Pr_max_h': 15.97, 'Rsw_max': 991.6, 'Ds_mean': 778.7, 'Ca': [399.9, 1135.2]}
    US-xLE: {'hours': 753864, 'calendar': 'standard', 'humidity': 'hurs', 'cal_note': None, 'years': '2015-2100', 'Ta_C': [-20.0, 53.5], 'Ta_mean': 22.6, 'Pre_mbar': 1010.9, 'Pr_mm_yr': 1634.8, 'Pr_max_h': 18.26, 'Rsw_max': 1025.9, 'Ds_mean': 757.7, 'Ca': [399.9, 1135.2]}
    US-xML: {'hours': 753864, 'calendar': 'standard', 'humidity': 'hurs', 'cal_note': None, 'years': '2015-2100', 'Ta_C': [-37.8, 49.5], 'Ta_mean': 15.47, 'Pre_mbar': 886.6, 'Pr_mm_yr': 1187.0, 'Pr_max_h': 9.45, 'Rsw_max': 974.9, 'Ds_mean': 609.1, 'Ca': [399.9, 1135.2]}
    US-xNW: {'hours': 753864, 'calendar': 'standard', 'humidity': 'hurs', 'cal_note': None, 'years': '2015-2100', 'Ta_C': [-51.4, 36.7], 'Ta_mean': 3.83, 'Pre_mbar': 668.1, 'Pr_mm_yr': 532.6, 'Pr_max_h': 5.61, 'Rsw_max': 1057.9, 'Ds_mean': 545.8, 'Ca': [399.9, 1135.2]}
    US-xRM: {'hours': 753864, 'calendar': 'standard', 'humidity': 'hurs', 'cal_note': None, 'years': '2015-2100', 'Ta_C': [-53.2, 37.6], 'Ta_mean': 4.53, 'Pre_mbar': 731.9, 'Pr_mm_yr': 520.4, 'Pr_max_h': 6.9, 'Rsw_max': 1053.3, 'Ds_mean': 573.4, 'Ca': [399.9, 1135.2]}
    US-xRN: {'hours': 753864, 'calendar': 'standard', 'humidity': 'hurs', 'cal_note': None, 'years': '2015-2100', 'Ta_C': [-24.0, 54.3], 'Ta_mean': 18.99, 'Pre_mbar': 973.9, 'Pr_mm_yr': 1520.4, 'Pr_max_h': 16.08, 'Rsw_max': 991.0, 'Ds_mean': 663.2, 'Ca': [399.9, 1135.2]}
    US-xSB: {'hours': 753864, 'calendar': 'standard', 'humidity': 'hurs', 'cal_note': None, 'years': '2015-2100', 'Ta_C': [-11.5, 49.0], 'Ta_mean': 24.8, 'Pre_mbar': 1007.9, 'Pr_mm_yr': 1465.1, 'Pr_max_h': 10.52, 'Rsw_max': 985.6, 'Ds_mean': 823.5, 'Ca': [399.9, 1135.2]}
    US-xSC: {'hours': 753864, 'calendar': 'standard', 'humidity': 'hurs', 'cal_note': None, 'years': '2015-2100', 'Ta_C': [-34.0, 52.5], 'Ta_mean': 17.39, 'Pre_mbar': 970.8, 'Pr_mm_yr': 1143.3, 'Pr_max_h': 13.21, 'Rsw_max': 959.4, 'Ds_mean': 719.2, 'Ca': [399.9, 1135.2]}
    US-xSE: {'hours': 753864, 'calendar': 'standard', 'humidity': 'hurs', 'cal_note': None, 'years': '2015-2100', 'Ta_C': [-25.5, 51.2], 'Ta_mean': 18.49, 'Pre_mbar': 1011.4, 'Pr_mm_yr': 1243.9, 'Pr_max_h': 13.87, 'Rsw_max': 961.5, 'Ds_mean': 688.7, 'Ca': [399.9, 1135.2]}
    US-xSP: FAILED -- Tetens inverse disagrees by 1.00e-03 Pa
    US-xST: {'hours': 753864, 'calendar': 'standard', 'humidity': 'hurs', 'cal_note': None, 'years': '2015-2100', 'Ta_C': [-49.7, 46.4], 'Ta_mean': 9.49, 'Pre_mbar': 957.1, 'Pr_mm_yr': 831.7, 'Pr_max_h': 11.95, 'Rsw_max': 954.4, 'Ds_mean': 566.2, 'Ca': [399.9, 1135.2]}
    US-xTA: {'hours': 753864, 'calendar': 'standard', 'humidity': 'hurs', 'cal_note': None, 'years': '2015-2100', 'Ta_C': [-20.1, 53.8], 'Ta_mean': 21.78, 'Pre_mbar': 997.2, 'Pr_mm_yr': 1541.6, 'Pr_max_h': 19.4, 'Rsw_max': 1019.8, 'Ds_mean': 701.6, 'Ca': [399.9, 1135.2]}
    US-xTE: FAILED -- Tetens inverse disagrees by 1.00e-03 Pa
    US-xTR: {'hours': 753864, 'calendar': 'standard', 'humidity': 'hurs', 'cal_note': None, 'years': '2015-2100', 'Ta_C': [-48.7, 46.3], 'Ta_mean': 9.77, 'Pre_mbar': 958.1, 'Pr_mm_yr': 835.2, 'Pr_max_h': 11.44, 'Rsw_max': 953.9, 'Ds_mean': 572.5, 'Ca': [399.9, 1135.2]}
    US-xUK: {'hours': 753864, 'calendar': 'standard', 'humidity': 'hurs', 'cal_note': None, 'years': '2015-2100', 'Ta_C': [-34.1, 49.2], 'Ta_mean': 17.96, 'Pre_mbar': 973.8, 'Pr_mm_yr': 1032.5, 'Pr_max_h': 15.75, 'Rsw_max': 1010.5, 'Ds_mean': 889.8, 'Ca': [399.9, 1135.2]}
    US-xWR: {'hours': 753864, 'calendar': 'standard', 'humidity': 'hurs', 'cal_note': None, 'years': '2015-2100', 'Ta_C': [-28.7, 46.7], 'Ta_mean': 12.2, 'Pre_mbar': 965.5, 'Pr_mm_yr': 1861.8, 'Pr_max_h': 27.05, 'Rsw_max': 1005.0, 'Ds_mean': 609.6, 'Ca': [399.9, 1135.2]}
    US-xYE: FAILED -- Tetens inverse disagrees by 1.00e-03 Pa
    -> 86/101 built

  MPI-ESM1-2-HR historical (ECS 3.0 K): 12784 days, 101 stations
    US-Bar: {'hours': 306816, 'calendar': 'proleptic_gregorian', 'humidity': 'hurs', 'cal_note': None, 'years': '1980-2014', 'Ta_C': [-42.1, 33.3], 'Ta_mean': 3.26, 'Pre_mbar': 981.1, 'Pr_mm_yr': 1359.4, 'Pr_max_h': 21.49, 'Rsw_max': 987.2, 'Ds_mean': 240.3, 'Ca': [338.7, 397.5]}
    US-Blk: {'hours': 306816, 'calendar': 'proleptic_gregorian', 'humidity': 'hurs', 'cal_note': None, 'years': '1980-2014', 'Ta_C': [-49.3, 39.5], 'Ta_mean': 6.15, 'Pre_mbar': 826.5, 'Pr_mm_yr': 412.2, 'Pr_max_h': 8.53, 'Rsw_max': 987.8, 'Ds_mean': 573.0, 'Ca': [338.7, 397.5]}
    US-CPF: {'hours': 306816, 'calendar': 'proleptic_gregorian', 'humidity': 'hurs', 'cal_note': None, 'years': '1980-2014', 'Ta_C': [-49.0, 30.6], 'Ta_mean': 0.58, 'Pre_mbar': 701.6, 'Pr_mm_yr': 420.5, 'Pr_max_h': 6.36, 'Rsw_max': 1047.9, 'Ds_mean': 408.9, 'Ca': [338.7, 397.5]}
    US-CPk: {'hours': 306816, 'calendar': 'proleptic_gregorian', 'humidity': 'hurs', 'cal_note': None, 'years': '1980-2014', 'Ta_C': [-46.8, 34.8], 'Ta_mean': 2.92, 'Pre_mbar': 731.3, 'Pr_mm_yr': 377.5, 'Pr_max_h': 5.52, 'Rsw_max': 1041.4, 'Ds_mean': 479.7, 'Ca': [338.7, 397.5]}
    US-CRK: {'hours': 306816, 'calendar': 'proleptic_gregorian', 'humidity': 'hurs', 'cal_note': None, 'years': '1980-2014', 'Ta_C': [-15.7, 45.4], 'Ta_mean': 19.59, 'Pre_mbar': 995.3, 'Pr_mm_yr': 1126.6, 'Pr_max_h': 14.73, 'Rsw_max': 1048.9, 'Ds_mean': 801.0, 'Ca': [338.7, 397.5]}
    US-CS2: {'hours': 306816, 'calendar': 'proleptic_gregorian', 'humidity': 'hurs', 'cal_note': None, 'years': '1980-2014', 'Ta_C': [-45.3, 39.4], 'Ta_mean': 7.13, 'Pre_mbar': 974.6, 'Pr_mm_yr': 814.7, 'Pr_max_h': 9.16, 'Rsw_max': 977.0, 'Ds_mean': 383.2, 'Ca': [338.7, 397.5]}
    US-CZ2: {'hours': 306816, 'calendar': 'proleptic_gregorian', 'humidity': 'hurs', 'cal_note': None, 'years': '1980-2014', 'Ta_C': [-20.1, 43.1], 'Ta_mean': 14.31, 'Pre_mbar': 883.1, 'Pr_mm_yr': 672.2, 'Pr_max_h': 24.06, 'Rsw_max': 1081.3, 'Ds_mean': 1054.4, 'Ca': [338.7, 397.5]}
    US-CZ3: {'hours': 306816, 'calendar': 'proleptic_gregorian', 'humidity': 'hurs', 'cal_note': None, 'years': '1980-2014', 'Ta_C': [-29.6, 36.2], 'Ta_mean': 7.67, 'Pre_mbar': 797.9, 'Pr_mm_yr': 726.0, 'Pr_max_h': 29.1, 'Rsw_max': 1081.7, 'Ds_mean': 724.6, 'Ca': [338.7, 397.5]}
    US-CZ4: {'hours': 306816, 'calendar': 'proleptic_gregorian', 'humidity': 'hurs', 'cal_note': None, 'years': '1980-2014', 'Ta_C': [-33.2, 32.5], 'Ta_mean': 4.37, 'Pre_mbar': 734.8, 'Pr_mm_yr': 777.5, 'Pr_max_h': 31.19, 'Rsw_max': 1083.2, 'Ds_mean': 601.6, 'Ca': [338.7, 397.5]}
    US-ChR: {'hours': 306816, 'calendar': 'proleptic_gregorian', 'humidity': 'hurs', 'cal_note': None, 'years': '1980-2014', 'Ta_C': [-23.8, 48.8], 'Ta_mean': 15.13, 'Pre_mbar': 979.5, 'Pr_mm_yr': 1357.7, 'Pr_max_h': 17.09, 'Rsw_max': 997.4, 'Ds_mean': 477.0, 'Ca': [338.7, 397.5]}
    US-Cst: {'hours': 306816, 'calendar': 'proleptic_gregorian', 'humidity': 'hurs', 'cal_note': None, 'years': '1980-2014', 'Ta_C': [-16.4, 45.2], 'Ta_mean': 18.26, 'Pre_mbar': 1007.3, 'Pr_mm_yr': 1356.9, 'Pr_max_h': 31.47, 'Rsw_max': 1054.9, 'Ds_mean': 645.9, 'Ca': [338.7, 397.5]}
    US-Cwt: {'hours': 306816, 'calendar': 'proleptic_gregorian', 'humidity': 'hurs', 'cal_note': None, 'years': '1980-2014', 'Ta_C': [-26.5, 45.4], 'Ta_mean': 12.98, 'Pre_mbar': 933.7, 'Pr_mm_yr': 1713.8, 'Pr_max_h': 16.39, 'Rsw_max': 994.9, 'Ds_mean': 414.9, 'Ca': [338.7, 397.5]}
    US-DPP: {'hours': 306816, 'calendar': 'proleptic_gregorian', 'humidity': 'hurs', 'cal_note': None, 'years': '1980-2014', 'Ta_C': [-10.8, 48.8], 'Ta_mean': 23.35, 'Pre_mbar': 1010.5, 'Pr_mm_yr': 1254.9, 'Pr_max_h': 8.84, 'Rsw_max': 974.9, 'Ds_mean': 769.0, 'Ca': [338.7, 397.5]}
    US-Dk2: {'hours': 306816, 'calendar': 'proleptic_gregorian', 'humidity': 'hurs', 'cal_note': None, 'years': '1980-2014', 'Ta_C': [-23.4, 51.1], 'Ta_mean': 15.77, 'Pre_mbar': 993.3, 'Pr_mm_yr': 1151.1, 'Pr_max_h': 17.08, 'Rsw_max': 967.5, 'Ds_mean': 513.4, 'Ca': [338.7, 397.5]}
    US-Dk3: {'hours': 306816, 'calendar': 'proleptic_gregorian', 'humidity': 'hurs', 'cal_note': None, 'years': '1980-2014', 'Ta_C': [-23.4, 51.1], 'Ta_mean': 15.77, 'Pre_mbar': 993.9, 'Pr_mm_yr': 1151.1, 'Pr_max_h': 17.08, 'Rsw_max': 967.5, 'Ds_mean': 513.4, 'Ca': [338.7, 397.5]}
    US-Fmf: {'hours': 306816, 'calendar': 'proleptic_gregorian', 'humidity': 'hurs', 'cal_note': None, 'years': '1980-2014', 'Ta_C': [-26.9, 38.0], 'Ta_mean': 9.31, 'Pre_mbar': 784.3, 'Pr_mm_yr': 481.2, 'Pr_max_h': 11.84, 'Rsw_max': 1082.2, 'Ds_mean': 919.6, 'Ca': [338.7, 397.5]}
    US-Fuf: {'hours': 306816, 'calendar': 'proleptic_gregorian', 'humidity': 'hurs', 'cal_note': None, 'years': '1980-2014', 'Ta_C': [-26.9, 37.7], 'Ta_mean': 9.37, 'Pre_mbar': 782.5, 'Pr_mm_yr': 520.5, 'Pr_max_h': 12.5, 'Rsw_max': 1081.7, 'Ds_mean': 920.4, 'Ca': [338.7, 397.5]}
    US-GBT: {'hours': 306816, 'calendar': 'proleptic_gregorian', 'humidity': 'hurs', 'cal_note': None, 'years': '1980-2014', 'Ta_C': [-47.5, 36.1], 'Ta_mean': 2.78, 'Pre_mbar': 694.1, 'Pr_mm_yr': 347.3, 'Pr_max_h': 5.92, 'Rsw_max': 1036.6, 'Ds_mean': 475.6, 'Ca': [338.7, 397.5]}
    US-GLE: {'hours': 306816, 'calendar': 'proleptic_gregorian', 'humidity': 'hurs', 'cal_note': None, 'years': '1980-2014', 'Ta_C': [-47.5, 36.1], 'Ta_mean': 2.78, 'Pre_mbar': 693.6, 'Pr_mm_yr': 347.3, 'Pr_max_h': 5.92, 'Rsw_max': 1036.6, 'Ds_mean': 475.6, 'Ca': [338.7, 397.5]}
    US-HB2: {'hours': 306816, 'calendar': 'proleptic_gregorian', 'humidity': 'hurs', 'cal_note': None, 'years': '1980-2014', 'Ta_C': [-17.3, 39.7], 'Ta_mean': 18.97, 'Pre_mbar': 1012.7, 'Pr_mm_yr': 1300.2, 'Pr_max_h': 9.1, 'Rsw_max': 964.9, 'Ds_mean': 539.7, 'Ca': [338.7, 397.5]}
    US-HB3: {'hours': 306816, 'calendar': 'proleptic_gregorian', 'humidity': 'hurs', 'cal_note': None, 'years': '1980-2014', 'Ta_C': [-17.3, 39.7], 'Ta_mean': 18.97, 'Pre_mbar': 1012.4, 'Pr_mm_yr': 1300.2, 'Pr_max_h': 9.1, 'Rsw_max': 964.9, 'Ds_mean': 539.7, 'Ca': [338.7, 397.5]}
    US-HBK: {'hours': 306816, 'calendar': 'proleptic_gregorian', 'humidity': 'hurs', 'cal_note': None, 'years': '1980-2014', 'Ta_C': [-39.5, 36.9], 'Ta_mean': 5.84, 'Pre_mbar': 970.1, 'Pr_mm_yr': 1210.0, 'Pr_max_h': 18.84, 'Rsw_max': 986.7, 'Ds_mean': 296.2, 'Ca': [338.7, 397.5]}
    US-Ha1: {'hours': 306816, 'calendar': 'proleptic_gregorian', 'humidity': 'hurs', 'cal_note': None, 'years': '1980-2014', 'Ta_C': [-34.5, 40.7], 'Ta_mean': 9.05, 'Pre_mbar': 973.2, 'Pr_mm_yr': 1158.0, 'Pr_max_h': 15.97, 'Rsw_max': 995.6, 'Ds_mean': 379.9, 'Ca': [338.7, 397.5]}
    US-Ha2: {'hours': 306816, 'calendar': 'proleptic_gregorian', 'humidity': 'hurs', 'cal_note': None, 'years': '1980-2014', 'Ta_C': [-34.5, 40.7], 'Ta_mean': 9.05, 'Pre_mbar': 970.9, 'Pr_mm_yr': 1158.0, 'Pr_max_h': 15.97, 'Rsw_max': 995.6, 'Ds_mean': 379.9, 'Ca': [338.7, 397.5]}
    US-Ho1: {'hours': 306816, 'calendar': 'proleptic_gregorian', 'humidity': 'hurs', 'cal_note': None, 'years': '1980-2014', 'Ta_C': [-38.8, 35.4], 'Ta_mean': 6.42, 'Pre_mbar': 1006.1, 'Pr_mm_yr': 1102.3, 'Pr_max_h': 12.56, 'Rsw_max': 984.7, 'Ds_mean': 305.2, 'Ca': [338.7, 397.5]}
    US-Ho2: {'hours': 306816, 'calendar': 'proleptic_gregorian', 'humidity': 'hurs', 'cal_note': None, 'years': '1980-2014', 'Ta_C': [-38.8, 35.4], 'Ta_mean': 6.42, 'Pre_mbar': 1005.9, 'Pr_mm_yr': 1102.3, 'Pr_max_h': 12.56, 'Rsw_max': 984.7, 'Ds_mean': 305.2, 'Ca': [338.7, 397.5]}
    US-Ho3: {'hours': 306816, 'calendar': 'proleptic_gregorian', 'humidity': 'hurs', 'cal_note': None, 'years': '1980-2014', 'Ta_C': [-38.8, 35.4], 'Ta_mean': 6.42, 'Pre_mbar': 1005.9, 'Pr_mm_yr': 1102.3, 'Pr_max_h': 12.56, 'Rsw_max': 984.6, 'Ds_mean': 305.2, 'Ca': [338.7, 397.5]}
    US-LPH: {'hours': 306816, 'calendar': 'proleptic_gregorian', 'humidity': 'hurs', 'cal_note': None, 'years': '1980-2014', 'Ta_C': [-34.5, 40.7], 'Ta_mean': 9.05, 'Pre_mbar': 968.9, 'Pr_mm_yr': 1158.0, 'Pr_max_h': 15.97, 'Rsw_max': 995.6, 'Ds_mean': 379.9, 'Ca': [338.7, 397.5]}
    US-MEF: {'hours': 306816, 'calendar': 'proleptic_gregorian', 'humidity': 'hurs', 'cal_note': None, 'years': '1980-2014', 'Ta_C': [-44.4, 34.9], 'Ta_mean': 5.27, 'Pre_mbar': 765.3, 'Pr_mm_yr': 406.1, 'Pr_max_h': 10.35, 'Rsw_max': 1064.2, 'Ds_mean': 527.6, 'Ca': [338.7, 397.5]}
    US-MMS: {'hours': 306816, 'calendar': 'proleptic_gregorian', 'humidity': 'hurs', 'cal_note': None, 'years': '1980-2014', 'Ta_C': [-30.6, 41.8], 'Ta_mean': 12.26, 'Pre_mbar': 980.7, 'Pr_mm_yr': 1097.2, 'Pr_max_h': 9.49, 'Rsw_max': 994.0, 'Ds_mean': 424.0, 'Ca': [338.7, 397.5]}
    US-MOz: {'hours': 306816, 'calendar': 'proleptic_gregorian', 'humidity': 'hurs', 'cal_note': None, 'years': '1980-2014', 'Ta_C': [-26.2, 44.0], 'Ta_mean': 13.47, 'Pre_mbar': 987.2, 'Pr_mm_yr': 1014.7, 'Pr_max_h': 12.96, 'Rsw_max': 1021.1, 'Ds_mean': 512.3, 'Ca': [338.7, 397.5]}
    US-MRf: {'hours': 306816, 'calendar': 'proleptic_gregorian', 'humidity': 'hurs', 'cal_note': None, 'years': '1980-2014', 'Ta_C': [-16.8, 36.7], 'Ta_mean': 11.06, 'Pre_mbar': 982.1, 'Pr_mm_yr': 1439.3, 'Pr_max_h': 14.14, 'Rsw_max': 1021.6, 'Ds_mean': 389.1, 'Ca': [338.7, 397.5]}
    US-Me1: {'hours': 306816, 'calendar': 'proleptic_gregorian', 'humidity': 'hurs', 'cal_note': None, 'years': '1980-2014', 'Ta_C': [-30.9, 39.2], 'Ta_mean': 7.8, 'Pre_mbar': 911.1, 'Pr_mm_yr': 921.8, 'Pr_max_h': 13.04, 'Rsw_max': 1020.1, 'Ds_mean': 453.9, 'Ca': [338.7, 397.5]}
    US-Me2: {'hours': 306816, 'calendar': 'proleptic_gregorian', 'humidity': 'hurs', 'cal_note': None, 'years': '1980-2014', 'Ta_C': [-31.6, 40.3], 'Ta_mean': 8.64, 'Pre_mbar': 873.4, 'Pr_mm_yr': 795.8, 'Pr_max_h': 11.26, 'Rsw_max': 1026.8, 'Ds_mean': 495.0, 'Ca': [338.7, 397.5]}
    US-Me4: {'hours': 306816, 'calendar': 'proleptic_gregorian', 'humidity': 'hurs', 'cal_note': None, 'years': '1980-2014', 'Ta_C': [-31.6, 40.3], 'Ta_mean': 8.64, 'Pre_mbar': 908.3, 'Pr_mm_yr': 795.8, 'Pr_max_h': 11.26, 'Rsw_max': 1026.5, 'Ds_mean': 495.0, 'Ca': [338.7, 397.5]}
    US-Me6: {'hours': 306816, 'calendar': 'proleptic_gregorian', 'humidity': 'hurs', 'cal_note': None, 'years': '1980-2014', 'Ta_C': [-31.6, 40.3], 'Ta_mean': 8.64, 'Pre_mbar': 900.2, 'Pr_mm_yr': 795.8, 'Pr_max_h': 11.26, 'Rsw_max': 1027.6, 'Ds_mean': 495.0, 'Ca': [338.7, 397.5]}
    US-Me7: {'hours': 306816, 'calendar': 'proleptic_gregorian', 'humidity': 'hurs', 'cal_note': None, 'years': '1980-2014', 'Ta_C': [-31.6, 40.3], 'Ta_mean': 8.64, 'Pre_mbar': 873.4, 'Pr_mm_yr': 795.8, 'Pr_max_h': 11.26, 'Rsw_max': 1026.8, 'Ds_mean': 495.0, 'Ca': [338.7, 397.5]}
    US-MtB: {'hours': 306816, 'calendar': 'proleptic_gregorian', 'humidity': 'hurs', 'cal_note': None, 'years': '1980-2014', 'Ta_C': [-13.3, 46.1], 'Ta_mean': 16.96, 'Pre_mbar': 746.8, 'Pr_mm_yr': 376.7, 'Pr_max_h': 12.79, 'Rsw_max': 1107.5, 'Ds_mean': 1594.8, 'Ca': [338.7, 397.5]}
    US-NC2: {'hours': 306816, 'calendar': 'proleptic_gregorian', 'humidity': 'hurs', 'cal_note': None, 'years': '1980-2014', 'Ta_C': [-18.2, 42.7], 'Ta_mean': 16.77, 'Pre_mbar': 1012.6, 'Pr_mm_yr': 1281.7, 'Pr_max_h': 17.54, 'Rsw_max': 955.4, 'Ds_mean': 507.0, 'Ca': [338.7, 397.5]}
    US-NC3: {'hours': 306816, 'calendar': 'proleptic_gregorian', 'humidity': 'hurs', 'cal_note': None, 'years': '1980-2014', 'Ta_C': [-18.2, 42.7], 'Ta_mean': 16.77, 'Pre_mbar': 1012.6, 'Pr_mm_yr': 1281.7, 'Pr_max_h': 17.54, 'Rsw_max': 955.5, 'Ds_mean': 507.0, 'Ca': [338.7, 397.5]}
    US-NC5: {'hours': 306816, 'calendar': 'proleptic_gregorian', 'humidity': 'hurs', 'cal_note': None, 'years': '1980-2014', 'Ta_C': [-24.4, 51.4], 'Ta_mean': 15.63, 'Pre_mbar': 998.7, 'Pr_mm_yr': 1132.6, 'Pr_max_h': 18.29, 'Rsw_max': 967.0, 'Ds_mean': 519.4, 'Ca': [338.7, 397.5]}
    US-NMj: {'hours': 306816, 'calendar': 'proleptic_gregorian', 'humidity': 'hurs', 'cal_note': None, 'years': '1980-2014', 'Ta_C': [-45.8, 35.9], 'Ta_mean': 4.48, 'Pre_mbar': 967.0, 'Pr_mm_yr': 795.5, 'Pr_max_h': 7.95, 'Rsw_max': 957.6, 'Ds_mean': 345.3, 'Ca': [338.7, 397.5]}
    US-NR1: {'hours': 306816, 'calendar': 'proleptic_gregorian', 'humidity': 'hurs', 'cal_note': None, 'years': '1980-2014', 'Ta_C': [-47.6, 30.2], 'Ta_mean': 0.23, 'Pre_mbar': 705.8, 'Pr_mm_yr': 431.5, 'Pr_max_h': 7.32, 'Rsw_max': 1047.9, 'Ds_mean': 390.2, 'Ca': [338.7, 397.5]}
    US-Oho: {'hours': 306816, 'calendar': 'proleptic_gregorian', 'humidity': 'hurs', 'cal_note': None, 'years': '1980-2014', 'Ta_C': [-26.6, 41.6], 'Ta_mean': 10.3, 'Pre_mbar': 986.0, 'Pr_mm_yr': 876.8, 'Pr_max_h': 8.38, 'Rsw_max': 968.3, 'Ds_mean': 430.8, 'Ca': [338.7, 397.5]}
    US-PFL: {'hours': 306816, 'calendar': 'proleptic_gregorian', 'humidity': 'hurs', 'cal_note': None, 'years': '1980-2014', 'Ta_C': [-49.2, 36.9], 'Ta_mean': 5.05, 'Pre_mbar': 959.0, 'Pr_mm_yr': 807.2, 'Pr_max_h': 11.52, 'Rsw_max': 957.2, 'Ds_mean': 344.9, 'Ca': [338.7, 397.5]}
    US-PFb: {'hours': 306816, 'calendar': 'proleptic_gregorian', 'humidity': 'hurs', 'cal_note': None, 'years': '1980-2014', 'Ta_C': [-49.2, 36.9], 'Ta_mean': 5.05, 'Pre_mbar': 957.9, 'Pr_mm_yr': 807.2, 'Pr_max_h': 11.52, 'Rsw_max': 957.0, 'Ds_mean': 344.9, 'Ca': [338.7, 397.5]}
    US-PFc: {'hours': 306816, 'calendar': 'proleptic_gregorian', 'humidity': 'hurs', 'cal_note': None, 'years': '1980-2014', 'Ta_C': [-49.2, 36.9], 'Ta_mean': 5.05, 'Pre_mbar': 958.0, 'Pr_mm_yr': 807.2, 'Pr_max_h': 11.52, 'Rsw_max': 957.1, 'Ds_mean': 344.9, 'Ca': [338.7, 397.5]}
    US-PFg: {'hours': 306816, 'calendar': 'proleptic_gregorian', 'humidity': 'hurs', 'cal_note': None, 'years': '1980-2014', 'Ta_C': [-49.2, 36.9], 'Ta_mean': 5.05, 'Pre_mbar': 957.8, 'Pr_mm_yr': 807.2, 'Pr_max_h': 11.52, 'Rsw_max': 957.0, 'Ds_mean': 344.9, 'Ca': [338.7, 397.5]}
    US-PFh: {'hours': 306816, 'calendar': 'proleptic_gregorian', 'humidity': 'hurs', 'cal_note': None, 'years': '1980-2014', 'Ta_C': [-50.7, 36.8], 'Ta_mean': 4.78, 'Pre_mbar': 959.1, 'Pr_mm_yr': 814.4, 'Pr_max_h': 11.81, 'Rsw_max': 958.6, 'Ds_mean': 342.9, 'Ca': [338.7, 397.5]}
    US-PFi: {'hours': 306816, 'calendar': 'proleptic_gregorian', 'humidity': 'hurs', 'cal_note': None, 'years': '1980-2014', 'Ta_C': [-50.7, 36.8], 'Ta_mean': 4.78, 'Pre_mbar': 956.3, 'Pr_mm_yr': 814.4, 'Pr_max_h': 11.81, 'Rsw_max': 958.5, 'Ds_mean': 342.9, 'Ca': [338.7, 397.5]}
    US-PFj: {'hours': 306816, 'calendar': 'proleptic_gregorian', 'humidity': 'hurs', 'cal_note': None, 'years': '1980-2014', 'Ta_C': [-50.7, 36.8], 'Ta_mean': 4.78, 'Pre_mbar': 956.7, 'Pr_mm_yr': 814.4, 'Pr_max_h': 11.81, 'Rsw_max': 958.6, 'Ds_mean': 342.9, 'Ca': [338.7, 397.5]}
    US-PFk: {'hours': 306816, 'calendar': 'proleptic_gregorian', 'humidity': 'hurs', 'cal_note': None, 'years': '1980-2014', 'Ta_C': [-49.2, 36.9], 'Ta_mean': 5.05, 'Pre_mbar': 957.7, 'Pr_mm_yr': 807.2, 'Pr_max_h': 11.52, 'Rsw_max': 957.4, 'Ds_mean': 344.9, 'Ca': [338.7, 397.5]}
    US-PFm: {'hours': 306816, 'calendar': 'proleptic_gregorian', 'humidity': 'hurs', 'cal_note': None, 'years': '1980-2014', 'Ta_C': [-49.2, 36.9], 'Ta_mean': 5.05, 'Pre_mbar': 956.7, 'Pr_mm_yr': 807.2, 'Pr_max_h': 11.52, 'Rsw_max': 957.3, 'Ds_mean': 344.9, 'Ca': [338.7, 397.5]}
    US-PFn: {'hours': 306816, 'calendar': 'proleptic_gregorian', 'humidity': 'hurs', 'cal_note': None, 'years': '1980-2014', 'Ta_C': [-49.2, 36.9], 'Ta_mean': 5.05, 'Pre_mbar': 957.4, 'Pr_mm_yr': 807.2, 'Pr_max_h': 11.52, 'Rsw_max': 957.2, 'Ds_mean': 344.9, 'Ca': [338.7, 397.5]}
    US-PFp: {'hours': 306816, 'calendar': 'proleptic_gregorian', 'humidity': 'hurs', 'cal_note': None, 'years': '1980-2014', 'Ta_C': [-49.2, 36.9], 'Ta_mean': 5.05, 'Pre_mbar': 955.3, 'Pr_mm_yr': 807.2, 'Pr_max_h': 11.52, 'Rsw_max': 957.2, 'Ds_mean': 344.9, 'Ca': [338.7, 397.5]}
    US-PFq: {'hours': 306816, 'calendar': 'proleptic_gregorian', 'humidity': 'hurs', 'cal_note': None, 'years': '1980-2014', 'Ta_C': [-50.7, 36.8], 'Ta_mean': 4.78, 'Pre_mbar': 958.0, 'Pr_mm_yr': 814.4, 'Pr_max_h': 11.81, 'Rsw_max': 958.8, 'Ds_mean': 342.9, 'Ca': [338.7, 397.5]}
    US-PFs: {'hours': 306816, 'calendar': 'proleptic_gregorian', 'humidity': 'hurs', 'cal_note': None, 'years': '1980-2014', 'Ta_C': [-50.7, 36.8], 'Ta_mean': 4.78, 'Pre_mbar': 956.2, 'Pr_mm_yr': 814.4, 'Pr_max_h': 11.81, 'Rsw_max': 958.7, 'Ds_mean': 342.9, 'Ca': [338.7, 397.5]}
    US-PFt: {'hours': 306816, 'calendar': 'proleptic_gregorian', 'humidity': 'hurs', 'cal_note': None, 'years': '1980-2014', 'Ta_C': [-50.7, 36.8], 'Ta_mean': 4.78, 'Pre_mbar': 958.8, 'Pr_mm_yr': 814.4, 'Pr_max_h': 11.81, 'Rsw_max': 958.8, 'Ds_mean': 342.9, 'Ca': [338.7, 397.5]}
    US-SB1: {'hours': 306816, 'calendar': 'proleptic_gregorian', 'humidity': 'hurs', 'cal_note': None, 'years': '1980-2014', 'Ta_C': [-24.7, 47.5], 'Ta_mean': 14.22, 'Pre_mbar': 984.6, 'Pr_mm_yr': 1014.7, 'Pr_max_h': 17.48, 'Rsw_max': 972.6, 'Ds_mean': 502.5, 'Ca': [338.7, 397.5]}
    US-SHC: {'hours': 306816, 'calendar': 'proleptic_gregorian', 'humidity': 'hurs', 'cal_note': None, 'years': '1980-2014', 'Ta_C': [-34.1, 38.7], 'Ta_mean': 8.28, 'Pre_mbar': 805.6, 'Pr_mm_yr': 753.3, 'Pr_max_h': 18.18, 'Rsw_max': 1071.2, 'Ds_mean': 726.4, 'Ca': [338.7, 397.5]}
    US-SP1: {'hours': 306816, 'calendar': 'proleptic_gregorian', 'humidity': 'hurs', 'cal_note': None, 'years': '1980-2014', 'Ta_C': [-10.7, 44.5], 'Ta_mean': 21.73, 'Pre_mbar': 1007.3, 'Pr_mm_yr': 1329.7, 'Pr_max_h': 13.48, 'Rsw_max': 979.5, 'Ds_mean': 688.4, 'Ca': [338.7, 397.5]}
    US-SP2: {'hours': 306816, 'calendar': 'proleptic_gregorian', 'humidity': 'hurs', 'cal_note': None, 'years': '1980-2014', 'Ta_C': [-11.6, 44.1], 'Ta_mean': 21.38, 'Pre_mbar': 1007.3, 'Pr_mm_yr': 1344.4, 'Pr_max_h': 13.62, 'Rsw_max': 978.2, 'Ds_mean': 673.2, 'Ca': [338.7, 397.5]}
    US-SP3: {'hours': 306816, 'calendar': 'proleptic_gregorian', 'humidity': 'hurs', 'cal_note': None, 'years': '1980-2014', 'Ta_C': [-11.6, 44.1], 'Ta_mean': 21.38, 'Pre_mbar': 1007.3, 'Pr_mm_yr': 1344.4, 'Pr_max_h': 13.62, 'Rsw_max': 978.4, 'Ds_mean': 673.2, 'Ca': [338.7, 397.5]}
    US-SP4: {'hours': 306816, 'calendar': 'proleptic_gregorian', 'humidity': 'hurs', 'cal_note': None, 'years': '1980-2014', 'Ta_C': [-11.6, 44.1], 'Ta_mean': 21.38, 'Pre_mbar': 1007.6, 'Pr_mm_yr': 1344.4, 'Pr_max_h': 13.62, 'Rsw_max': 978.1, 'Ds_mean': 673.2, 'Ca': [338.7, 397.5]}
    US-SSH: {'hours': 306816, 'calendar': 'proleptic_gregorian', 'humidity': 'hurs', 'cal_note': None, 'years': '1980-2014', 'Ta_C': [-25.6, 41.6], 'Ta_mean': 10.53, 'Pre_mbar': 976.7, 'Pr_mm_yr': 1016.5, 'Pr_max_h': 10.6, 'Rsw_max': 958.0, 'Ds_mean': 402.5, 'Ca': [338.7, 397.5]}
    US-Slt: {'hours': 306816, 'calendar': 'proleptic_gregorian', 'humidity': 'hurs', 'cal_note': None, 'years': '1980-2014', 'Ta_C': [-23.9, 41.4], 'Ta_mean': 12.94, 'Pre_mbar': 1009.7, 'Pr_mm_yr': 1188.0, 'Pr_max_h': 21.46, 'Rsw_max': 1022.4, 'Ds_mean': 448.1, 'Ca': [338.7, 397.5]}
    US-TEF: {'hours': 306816, 'calendar': 'proleptic_gregorian', 'humidity': 'hurs', 'cal_note': None, 'years': '1980-2014', 'Ta_C': [-46.1, 36.0], 'Ta_mean': 4.22, 'Pre_mbar': 776.8, 'Pr_mm_yr': 382.8, 'Pr_max_h': 10.28, 'Rsw_max': 980.6, 'Ds_mean': 467.7, 'Ca': [338.7, 397.5]}
    US-UMB: {'hours': 306816, 'calendar': 'proleptic_gregorian', 'humidity': 'hurs', 'cal_note': None, 'years': '1980-2014', 'Ta_C': [-35.3, 36.1], 'Ta_mean': 6.26, 'Pre_mbar': 985.5, 'Pr_mm_yr': 845.3, 'Pr_max_h': 8.44, 'Rsw_max': 958.2, 'Ds_mean': 359.1, 'Ca': [338.7, 397.5]}
    US-UMd: {'hours': 306816, 'calendar': 'proleptic_gregorian', 'humidity': 'hurs', 'cal_note': None, 'years': '1980-2014', 'Ta_C': [-35.3, 36.1], 'Ta_mean': 6.26, 'Pre_mbar': 984.9, 'Pr_mm_yr': 845.3, 'Pr_max_h': 8.44, 'Rsw_max': 958.1, 'Ds_mean': 359.1, 'Ca': [338.7, 397.5]}
    US-Vcm: {'hours': 306816, 'calendar': 'proleptic_gregorian', 'humidity': 'hurs', 'cal_note': None, 'years': '1980-2014', 'Ta_C': [-42.3, 36.9], 'Ta_mean': 5.37, 'Pre_mbar': 709.7, 'Pr_mm_yr': 500.2, 'Pr_max_h': 13.74, 'Rsw_max': 1097.5, 'Ds_mean': 633.1, 'Ca': [338.7, 397.5]}
    US-Vcp: {'hours': 306816, 'calendar': 'proleptic_gregorian', 'humidity': 'hurs', 'cal_note': None, 'years': '1980-2014', 'Ta_C': [-42.3, 36.9], 'Ta_mean': 5.37, 'Pre_mbar': 749.6, 'Pr_mm_yr': 500.2, 'Pr_max_h': 13.74, 'Rsw_max': 1097.5, 'Ds_mean': 633.1, 'Ca': [338.7, 397.5]}
    US-Vcs: {'hours': 306816, 'calendar': 'proleptic_gregorian', 'humidity': 'hurs', 'cal_note': None, 'years': '1980-2014', 'Ta_C': [-42.3, 36.9], 'Ta_mean': 5.37, 'Pre_mbar': 731.2, 'Pr_mm_yr': 500.2, 'Pr_max_h': 13.74, 'Rsw_max': 1097.2, 'Ds_mean': 633.1, 'Ca': [338.7, 397.5]}
    US-WBW: {'hours': 306816, 'calendar': 'proleptic_gregorian', 'humidity': 'hurs', 'cal_note': None, 'years': '1980-2014', 'Ta_C': [-23.8, 48.8], 'Ta_mean': 15.13, 'Pre_mbar': 979.8, 'Pr_mm_yr': 1357.7, 'Pr_max_h': 17.09, 'Rsw_max': 997.2, 'Ds_mean': 477.0, 'Ca': [338.7, 397.5]}
    US-WCr: {'hours': 306816, 'calendar': 'proleptic_gregorian', 'humidity': 'hurs', 'cal_note': None, 'years': '1980-2014', 'Ta_C': [-50.7, 36.8], 'Ta_mean': 4.78, 'Pre_mbar': 952.7, 'Pr_mm_yr': 814.4, 'Pr_max_h': 11.81, 'Rsw_max': 959.5, 'Ds_mean': 342.9, 'Ca': [338.7, 397.5]}
    US-Wi1: {'hours': 306816, 'calendar': 'proleptic_gregorian', 'humidity': 'hurs', 'cal_note': None, 'years': '1980-2014', 'Ta_C': [-44.1, 36.6], 'Ta_mean': 4.86, 'Pre_mbar': 971.8, 'Pr_mm_yr': 768.6, 'Pr_max_h': 9.3, 'Rsw_max': 953.6, 'Ds_mean': 328.4, 'Ca': [338.7, 397.5]}
    US-Wi2: {'hours': 306816, 'calendar': 'proleptic_gregorian', 'humidity': 'hurs', 'cal_note': None, 'years': '1980-2014', 'Ta_C': [-44.1, 36.6], 'Ta_mean': 4.86, 'Pre_mbar': 966.9, 'Pr_mm_yr': 768.6, 'Pr_max_h': 9.3, 'Rsw_max': 953.8, 'Ds_mean': 328.4, 'Ca': [338.7, 397.5]}
    US-Wi3: {'hours': 306816, 'calendar': 'proleptic_gregorian', 'humidity': 'hurs', 'cal_note': None, 'years': '1980-2014', 'Ta_C': [-44.1, 36.6], 'Ta_mean': 4.86, 'Pre_mbar': 965.1, 'Pr_mm_yr': 768.6, 'Pr_max_h': 9.3, 'Rsw_max': 954.1, 'Ds_mean': 328.4, 'Ca': [338.7, 397.5]}
    US-Wi4: {'hours': 306816, 'calendar': 'proleptic_gregorian', 'humidity': 'hurs', 'cal_note': None, 'years': '1980-2014', 'Ta_C': [-44.1, 36.6], 'Ta_mean': 4.86, 'Pre_mbar': 971.8, 'Pr_mm_yr': 768.6, 'Pr_max_h': 9.3, 'Rsw_max': 953.5, 'Ds_mean': 328.4, 'Ca': [338.7, 397.5]}
    US-Wrc: {'hours': 306816, 'calendar': 'proleptic_gregorian', 'humidity': 'hurs', 'cal_note': None, 'years': '1980-2014', 'Ta_C': [-26.5, 39.4], 'Ta_mean': 8.81, 'Pre_mbar': 969.6, 'Pr_mm_yr': 1913.9, 'Pr_max_h': 23.38, 'Rsw_max': 1012.3, 'Ds_mean': 409.5, 'Ca': [338.7, 397.5]}
    US-xAB: {'hours': 306816, 'calendar': 'proleptic_gregorian', 'humidity': 'hurs', 'cal_note': None, 'years': '1980-2014', 'Ta_C': [-21.0, 39.8], 'Ta_mean': 11.03, 'Pre_mbar': 970.6, 'Pr_mm_yr': 1838.6, 'Pr_max_h': 21.05, 'Rsw_max': 1002.8, 'Ds_mean': 431.6, 'Ca': [338.7, 397.5]}
    US-xBL: {'hours': 306816, 'calendar': 'proleptic_gregorian', 'humidity': 'hurs', 'cal_note': None, 'years': '1980-2014', 'Ta_C': [-23.0, 46.7], 'Ta_mean': 13.42, 'Pre_mbar': 991.5, 'Pr_mm_yr': 984.2, 'Pr_max_h': 11.47, 'Rsw_max': 965.7, 'Ds_mean': 502.2, 'Ca': [338.7, 397.5]}
    US-xBR: {'hours': 306816, 'calendar': 'proleptic_gregorian', 'humidity': 'hurs', 'cal_note': None, 'years': '1980-2014', 'Ta_C': [-42.1, 33.3], 'Ta_mean': 3.26, 'Pre_mbar': 985.8, 'Pr_mm_yr': 1359.4, 'Pr_max_h': 21.49, 'Rsw_max': 987.2, 'Ds_mean': 240.3, 'Ca': [338.7, 397.5]}
    US-xGR: {'hours': 306816, 'calendar': 'proleptic_gregorian', 'humidity': 'hurs', 'cal_note': None, 'years': '1980-2014', 'Ta_C': [-26.6, 44.0], 'Ta_mean': 12.23, 'Pre_mbar': 946.0, 'Pr_mm_yr': 1413.4, 'Pr_max_h': 14.76, 'Rsw_max': 993.6, 'Ds_mean': 399.1, 'Ca': [338.7, 397.5]}
    US-xHA: {'hours': 306816, 'calendar': 'proleptic_gregorian', 'humidity': 'hurs', 'cal_note': None, 'years': '1980-2014', 'Ta_C': [-34.5, 40.7], 'Ta_mean': 9.05, 'Pre_mbar': 971.9, 'Pr_mm_yr': 1158.0, 'Pr_max_h': 15.97, 'Rsw_max': 995.6, 'Ds_mean': 379.9, 'Ca': [338.7, 397.5]}
    US-xJE: {'hours': 306816, 'calendar': 'proleptic_gregorian', 'humidity': 'hurs', 'cal_note': None, 'years': '1980-2014', 'Ta_C': [-18.6, 49.1], 'Ta_mean': 19.64, 'Pre_mbar': 1008.0, 'Pr_mm_yr': 1384.0, 'Pr_max_h': 15.33, 'Rsw_max': 997.1, 'Ds_mean': 641.1, 'Ca': [338.7, 397.5]}
    US-xLE: {'hours': 306816, 'calendar': 'proleptic_gregorian', 'humidity': 'hurs', 'cal_note': None, 'years': '1980-2014', 'Ta_C': [-23.0, 47.5], 'Ta_mean': 19.15, 'Pre_mbar': 1010.9, 'Pr_mm_yr': 1478.0, 'Pr_max_h': 16.22, 'Rsw_max': 1018.4, 'Ds_mean': 620.2, 'Ca': [338.7, 397.5]}
    US-xML: {'hours': 306816, 'calendar': 'proleptic_gregorian', 'humidity': 'hurs', 'cal_note': None, 'years': '1980-2014', 'Ta_C': [-28.2, 47.5], 'Ta_mean': 11.45, 'Pre_mbar': 886.6, 'Pr_mm_yr': 1042.8, 'Pr_max_h': 9.27, 'Rsw_max': 989.2, 'Ds_mean': 416.2, 'Ca': [338.7, 397.5]}
    US-xNW: {'hours': 306816, 'calendar': 'proleptic_gregorian', 'humidity': 'hurs', 'cal_note': None, 'years': '1980-2014', 'Ta_C': [-47.6, 30.2], 'Ta_mean': 0.23, 'Pre_mbar': 668.1, 'Pr_mm_yr': 431.5, 'Pr_max_h': 7.32, 'Rsw_max': 1047.7, 'Ds_mean': 390.2, 'Ca': [338.7, 397.5]}
    US-xRM: {'hours': 306816, 'calendar': 'proleptic_gregorian', 'humidity': 'hurs', 'cal_note': None, 'years': '1980-2014', 'Ta_C': [-47.3, 30.7], 'Ta_mean': 0.93, 'Pre_mbar': 731.9, 'Pr_mm_yr': 423.2, 'Pr_max_h': 6.26, 'Rsw_max': 1047.4, 'Ds_mean': 409.2, 'Ca': [338.7, 397.5]}
    US-xRN: {'hours': 306816, 'calendar': 'proleptic_gregorian', 'humidity': 'hurs', 'cal_note': None, 'years': '1980-2014', 'Ta_C': [-23.8, 48.8], 'Ta_mean': 15.13, 'Pre_mbar': 973.9, 'Pr_mm_yr': 1357.7, 'Pr_max_h': 17.09, 'Rsw_max': 997.1, 'Ds_mean': 477.0, 'Ca': [338.7, 397.5]}
    US-xSB: {'hours': 306816, 'calendar': 'proleptic_gregorian', 'humidity': 'hurs', 'cal_note': None, 'years': '1980-2014', 'Ta_C': [-10.5, 43.6], 'Ta_mean': 21.81, 'Pre_mbar': 1007.9, 'Pr_mm_yr': 1321.5, 'Pr_max_h': 12.94, 'Rsw_max': 979.6, 'Ds_mean': 689.5, 'Ca': [338.7, 397.5]}
    US-xSC: {'hours': 306816, 'calendar': 'proleptic_gregorian', 'humidity': 'hurs', 'cal_note': None, 'years': '1980-2014', 'Ta_C': [-23.5, 47.0], 'Ta_mean': 13.27, 'Pre_mbar': 970.8, 'Pr_mm_yr': 991.2, 'Pr_max_h': 13.29, 'Rsw_max': 969.3, 'Ds_mean': 501.0, 'Ca': [338.7, 397.5]}
    US-xSE: {'hours': 306816, 'calendar': 'proleptic_gregorian', 'humidity': 'hurs', 'cal_note': None, 'years': '1980-2014', 'Ta_C': [-23.2, 45.9], 'Ta_mean': 14.46, 'Pre_mbar': 1011.4, 'Pr_mm_yr': 1104.2, 'Pr_max_h': 14.4, 'Rsw_max': 962.4, 'Ds_mean': 488.0, 'Ca': [338.7, 397.5]}
    US-xSP: {'hours': 306816, 'calendar': 'proleptic_gregorian', 'humidity': 'hurs', 'cal_note': None, 'years': '1980-2014', 'Ta_C': [-20.1, 43.1], 'Ta_mean': 14.31, 'Pre_mbar': 883.1, 'Pr_mm_yr': 672.2, 'Pr_max_h': 24.06, 'Rsw_max': 1081.2, 'Ds_mean': 1054.4, 'Ca': [338.7, 397.5]}
    US-xST: {'hours': 306816, 'calendar': 'proleptic_gregorian', 'humidity': 'hurs', 'cal_note': None, 'years': '1980-2014', 'Ta_C': [-49.8, 37.3], 'Ta_mean': 4.79, 'Pre_mbar': 957.1, 'Pr_mm_yr': 817.1, 'Pr_max_h': 11.66, 'Rsw_max': 963.4, 'Ds_mean': 347.6, 'Ca': [338.7, 397.5]}
    US-xTA: {'hours': 306816, 'calendar': 'proleptic_gregorian', 'humidity': 'hurs', 'cal_note': None, 'years': '1980-2014', 'Ta_C': [-18.6, 44.8], 'Ta_mean': 18.2, 'Pre_mbar': 997.2, 'Pr_mm_yr': 1389.7, 'Pr_max_h': 12.4, 'Rsw_max': 1030.0, 'Ds_mean': 555.9, 'Ca': [338.7, 397.5]}
    US-xTE: {'hours': 306816, 'calendar': 'proleptic_gregorian', 'humidity': 'hurs', 'cal_note': None, 'years': '1980-2014', 'Ta_C': [-29.6, 36.2], 'Ta_mean': 7.67, 'Pre_mbar': 785.5, 'Pr_mm_yr': 726.0, 'Pr_max_h': 29.1, 'Rsw_max': 1082.1, 'Ds_mean': 724.6, 'Ca': [338.7, 397.5]}
    US-xTR: {'hours': 306816, 'calendar': 'proleptic_gregorian', 'humidity': 'hurs', 'cal_note': None, 'years': '1980-2014', 'Ta_C': [-48.8, 37.7], 'Ta_mean': 5.09, 'Pre_mbar': 958.1, 'Pr_mm_yr': 823.2, 'Pr_max_h': 12.13, 'Rsw_max': 963.2, 'Ds_mean': 352.7, 'Ca': [338.7, 397.5]}
    US-xUK: {'hours': 306816, 'calendar': 'proleptic_gregorian', 'humidity': 'hurs', 'cal_note': None, 'years': '1980-2014', 'Ta_C': [-32.2, 42.9], 'Ta_mean': 13.74, 'Pre_mbar': 973.8, 'Pr_mm_yr': 976.6, 'Pr_max_h': 13.94, 'Rsw_max': 1014.0, 'Ds_mean': 612.9, 'Ca': [338.7, 397.5]}
    US-xWR: {'hours': 306816, 'calendar': 'proleptic_gregorian', 'humidity': 'hurs', 'cal_note': None, 'years': '1980-2014', 'Ta_C': [-26.5, 39.4], 'Ta_mean': 8.81, 'Pre_mbar': 965.5, 'Pr_mm_yr': 1913.9, 'Pr_max_h': 23.38, 'Rsw_max': 1012.3, 'Ds_mean': 409.5, 'Ca': [338.7, 397.5]}
    US-xYE: {'hours': 306816, 'calendar': 'proleptic_gregorian', 'humidity': 'hurs', 'cal_note': None, 'years': '1980-2014', 'Ta_C': [-47.8, 36.3], 'Ta_mean': 3.93, 'Pre_mbar': 788.4, 'Pr_mm_yr': 525.9, 'Pr_max_h': 8.01, 'Rsw_max': 1014.0, 'Ds_mean': 501.3, 'Ca': [338.7, 397.5]}
    -> 101/101 built

  MPI-ESM1-2-HR ssp126 (ECS 3.0 K): 31411 days, 101 stations
    US-Bar: {'hours': 753864, 'calendar': 'proleptic_gregorian', 'humidity': 'hurs', 'cal_note': None, 'years': '2015-2100', 'Ta_C': [-34.2, 33.9], 'Ta_mean': 4.81, 'Pre_mbar': 981.1, 'Pr_mm_yr': 1419.5, 'Pr_max_h': 18.62, 'Rsw_max': 995.2, 'Ds_mean': 266.8, 'Ca': [399.9, 474.0]}
    US-Blk: {'hours': 753864, 'calendar': 'proleptic_gregorian', 'humidity': 'hurs', 'cal_note': None, 'years': '2015-2100', 'Ta_C': [-47.4, 44.1], 'Ta_mean': 7.52, 'Pre_mbar': 826.5, 'Pr_mm_yr': 385.8, 'Pr_max_h': 8.5, 'Rsw_max': 992.1, 'Ds_mean': 674.9, 'Ca': [399.9, 474.0]}
    US-CPF: {'hours': 753864, 'calendar': 'proleptic_gregorian', 'humidity': 'hurs', 'cal_note': None, 'years': '2015-2100', 'Ta_C': [-43.3, 36.7], 'Ta_mean': 1.69, 'Pre_mbar': 701.6, 'Pr_mm_yr': 417.1, 'Pr_max_h': 7.65, 'Rsw_max': 1053.8, 'Ds_mean': 454.7, 'Ca': [399.9, 474.0]}
    US-CPk: {'hours': 753864, 'calendar': 'proleptic_gregorian', 'humidity': 'hurs', 'cal_note': None, 'years': '2015-2100', 'Ta_C': [-43.6, 39.0], 'Ta_mean': 4.05, 'Pre_mbar': 731.3, 'Pr_mm_yr': 372.9, 'Pr_max_h': 6.69, 'Rsw_max': 1046.7, 'Ds_mean': 533.0, 'Ca': [399.9, 474.0]}
    US-CRK: {'hours': 753864, 'calendar': 'proleptic_gregorian', 'humidity': 'hurs', 'cal_note': None, 'years': '2015-2100', 'Ta_C': [-20.4, 47.9], 'Ta_mean': 20.78, 'Pre_mbar': 995.3, 'Pr_mm_yr': 1093.8, 'Pr_max_h': 17.55, 'Rsw_max': 1073.4, 'Ds_mean': 938.5, 'Ca': [399.9, 474.0]}
    US-CS2: {'hours': 753864, 'calendar': 'proleptic_gregorian', 'humidity': 'hurs', 'cal_note': None, 'years': '2015-2100', 'Ta_C': [-38.8, 39.3], 'Ta_mean': 8.62, 'Pre_mbar': 974.6, 'Pr_mm_yr': 838.1, 'Pr_max_h': 12.46, 'Rsw_max': 989.8, 'Ds_mean': 439.5, 'Ca': [399.9, 474.0]}
    US-CZ2: {'hours': 753864, 'calendar': 'proleptic_gregorian', 'humidity': 'hurs', 'cal_note': None, 'years': '2015-2100', 'Ta_C': [-26.6, 44.8], 'Ta_mean': 15.25, 'Pre_mbar': 883.1, 'Pr_mm_yr': 678.8, 'Pr_max_h': 22.87, 'Rsw_max': 1083.4, 'Ds_mean': 1120.8, 'Ca': [399.9, 474.0]}
    US-CZ3: {'hours': 753864, 'calendar': 'proleptic_gregorian', 'humidity': 'hurs', 'cal_note': None, 'years': '2015-2100', 'Ta_C': [-35.9, 38.3], 'Ta_mean': 8.64, 'Pre_mbar': 797.9, 'Pr_mm_yr': 736.4, 'Pr_max_h': 28.22, 'Rsw_max': 1085.0, 'Ds_mean': 775.2, 'Ca': [399.9, 474.0]}
    US-CZ4: {'hours': 753864, 'calendar': 'proleptic_gregorian', 'humidity': 'hurs', 'cal_note': None, 'years': '2015-2100', 'Ta_C': [-40.4, 34.6], 'Ta_mean': 5.36, 'Pre_mbar': 734.8, 'Pr_mm_yr': 799.2, 'Pr_max_h': 31.36, 'Rsw_max': 1088.4, 'Ds_mean': 646.4, 'Ca': [399.9, 474.0]}
    US-ChR: {'hours': 753864, 'calendar': 'proleptic_gregorian', 'humidity': 'hurs', 'cal_note': None, 'years': '2015-2100', 'Ta_C': [-24.8, 43.3], 'Ta_mean': 16.16, 'Pre_mbar': 979.5, 'Pr_mm_yr': 1390.7, 'Pr_max_h': 16.99, 'Rsw_max': 1016.9, 'Ds_mean': 515.4, 'Ca': [399.9, 474.0]}
    US-Cst: {'hours': 753864, 'calendar': 'proleptic_gregorian', 'humidity': 'hurs', 'cal_note': None, 'years': '2015-2100', 'Ta_C': [-21.3, 46.9], 'Ta_mean': 19.59, 'Pre_mbar': 1007.3, 'Pr_mm_yr': 1294.8, 'Pr_max_h': 22.12, 'Rsw_max': 1054.8, 'Ds_mean': 784.4, 'Ca': [399.9, 474.0]}
    US-Cwt: {'hours': 753864, 'calendar': 'proleptic_gregorian', 'humidity': 'hurs', 'cal_note': None, 'years': '2015-2100', 'Ta_C': [-26.2, 42.4], 'Ta_mean': 14.04, 'Pre_mbar': 933.7, 'Pr_mm_yr': 1749.2, 'Pr_max_h': 22.04, 'Rsw_max': 1008.5, 'Ds_mean': 462.9, 'Ca': [399.9, 474.0]}
    US-DPP: {'hours': 753864, 'calendar': 'proleptic_gregorian', 'humidity': 'hurs', 'cal_note': None, 'years': '2015-2100', 'Ta_C': [-13.8, 49.6], 'Ta_mean': 24.37, 'Pre_mbar': 1010.5, 'Pr_mm_yr': 1243.1, 'Pr_max_h': 11.59, 'Rsw_max': 991.6, 'Ds_mean': 826.2, 'Ca': [399.9, 474.0]}
    US-Dk2: {'hours': 753864, 'calendar': 'proleptic_gregorian', 'humidity': 'hurs', 'cal_note': None, 'years': '2015-2100', 'Ta_C': [-26.0, 46.2], 'Ta_mean': 16.92, 'Pre_mbar': 993.3, 'Pr_mm_yr': 1208.6, 'Pr_max_h': 14.7, 'Rsw_max': 974.1, 'Ds_mean': 549.9, 'Ca': [399.9, 474.0]}
    US-Dk3: {'hours': 753864, 'calendar': 'proleptic_gregorian', 'humidity': 'hurs', 'cal_note': None, 'years': '2015-2100', 'Ta_C': [-26.0, 46.2], 'Ta_mean': 16.92, 'Pre_mbar': 993.9, 'Pr_mm_yr': 1208.6, 'Pr_max_h': 14.7, 'Rsw_max': 974.1, 'Ds_mean': 549.9, 'Ca': [399.9, 474.0]}
    US-Fmf: {'hours': 753864, 'calendar': 'proleptic_gregorian', 'humidity': 'hurs', 'cal_note': None, 'years': '2015-2100', 'Ta_C': [-39.3, 39.7], 'Ta_mean': 10.43, 'Pre_mbar': 784.3, 'Pr_mm_yr': 467.6, 'Pr_max_h': 15.72, 'Rsw_max': 1087.3, 'Ds_mean': 1015.4, 'Ca': [399.9, 474.0]}
    US-Fuf: {'hours': 753864, 'calendar': 'proleptic_gregorian', 'humidity': 'hurs', 'cal_note': None, 'years': '2015-2100', 'Ta_C': [-38.3, 38.7], 'Ta_mean': 10.48, 'Pre_mbar': 782.5, 'Pr_mm_yr': 497.1, 'Pr_max_h': 18.23, 'Rsw_max': 1087.2, 'Ds_mean': 1015.4, 'Ca': [399.9, 474.0]}
    US-GBT: {'hours': 753864, 'calendar': 'proleptic_gregorian', 'humidity': 'hurs', 'cal_note': None, 'years': '2015-2100', 'Ta_C': [-44.5, 38.7], 'Ta_mean': 3.9, 'Pre_mbar': 694.1, 'Pr_mm_yr': 340.6, 'Pr_max_h': 6.6, 'Rsw_max': 1042.0, 'Ds_mean': 529.1, 'Ca': [399.9, 474.0]}
    US-GLE: {'hours': 753864, 'calendar': 'proleptic_gregorian', 'humidity': 'hurs', 'cal_note': None, 'years': '2015-2100', 'Ta_C': [-44.5, 38.7], 'Ta_mean': 3.9, 'Pre_mbar': 693.6, 'Pr_mm_yr': 340.6, 'Pr_max_h': 6.6, 'Rsw_max': 1042.0, 'Ds_mean': 529.1, 'Ca': [399.9, 474.0]}
    US-HB2: {'hours': 753864, 'calendar': 'proleptic_gregorian', 'humidity': 'hurs', 'cal_note': None, 'years': '2015-2100', 'Ta_C': [-10.4, 43.5], 'Ta_mean': 21.81, 'Pre_mbar': 1012.7, 'Pr_mm_yr': 1301.9, 'Pr_max_h': 11.4, 'Rsw_max': 973.9, 'Ds_mean': 593.7, 'Ca': [399.9, 474.0]}
    US-HB3: {'hours': 753864, 'calendar': 'proleptic_gregorian', 'humidity': 'hurs', 'cal_note': None, 'years': '2015-2100', 'Ta_C': [-10.4, 43.5], 'Ta_mean': 21.81, 'Pre_mbar': 1012.4, 'Pr_mm_yr': 1301.9, 'Pr_max_h': 11.4, 'Rsw_max': 973.9, 'Ds_mean': 593.7, 'Ca': [399.9, 474.0]}
    US-HBK: {'hours': 753864, 'calendar': 'proleptic_gregorian', 'humidity': 'hurs', 'cal_note': None, 'years': '2015-2100', 'Ta_C': [-33.6, 37.5], 'Ta_mean': 7.36, 'Pre_mbar': 970.1, 'Pr_mm_yr': 1263.7, 'Pr_max_h': 16.44, 'Rsw_max': 992.6, 'Ds_mean': 327.9, 'Ca': [399.9, 474.0]}
    US-Ha1: {'hours': 753864, 'calendar': 'proleptic_gregorian', 'humidity': 'hurs', 'cal_note': None, 'years': '2015-2100', 'Ta_C': [-29.6, 40.8], 'Ta_mean': 10.52, 'Pre_mbar': 973.2, 'Pr_mm_yr': 1201.9, 'Pr_max_h': 14.74, 'Rsw_max': 1006.5, 'Ds_mean': 425.9, 'Ca': [399.9, 474.0]}
    US-Ha2: {'hours': 753864, 'calendar': 'proleptic_gregorian', 'humidity': 'hurs', 'cal_note': None, 'years': '2015-2100', 'Ta_C': [-29.6, 40.8], 'Ta_mean': 10.52, 'Pre_mbar': 970.9, 'Pr_mm_yr': 1201.9, 'Pr_max_h': 14.74, 'Rsw_max': 1006.5, 'Ds_mean': 425.9, 'Ca': [399.9, 474.0]}
    US-Ho1: {'hours': 753864, 'calendar': 'proleptic_gregorian', 'humidity': 'hurs', 'cal_note': None, 'years': '2015-2100', 'Ta_C': [-30.6, 37.0], 'Ta_mean': 7.95, 'Pre_mbar': 1006.1, 'Pr_mm_yr': 1149.0, 'Pr_max_h': 15.35, 'Rsw_max': 991.8, 'Ds_mean': 337.0, 'Ca': [399.9, 474.0]}
    US-Ho2: {'hours': 753864, 'calendar': 'proleptic_gregorian', 'humidity': 'hurs', 'cal_note': None, 'years': '2015-2100', 'Ta_C': [-30.6, 37.0], 'Ta_mean': 7.95, 'Pre_mbar': 1005.9, 'Pr_mm_yr': 1149.0, 'Pr_max_h': 15.35, 'Rsw_max': 991.7, 'Ds_mean': 337.0, 'Ca': [399.9, 474.0]}
    US-Ho3: {'hours': 753864, 'calendar': 'proleptic_gregorian', 'humidity': 'hurs', 'cal_note': None, 'years': '2015-2100', 'Ta_C': [-30.6, 37.0], 'Ta_mean': 7.95, 'Pre_mbar': 1005.9, 'Pr_mm_yr': 1149.0, 'Pr_max_h': 15.35, 'Rsw_max': 991.8, 'Ds_mean': 337.0, 'Ca': [399.9, 474.0]}
    US-LPH: {'hours': 753864, 'calendar': 'proleptic_gregorian', 'humidity': 'hurs', 'cal_note': None, 'years': '2015-2100', 'Ta_C': [-29.6, 40.8], 'Ta_mean': 10.52, 'Pre_mbar': 968.9, 'Pr_mm_yr': 1201.9, 'Pr_max_h': 14.74, 'Rsw_max': 1006.5, 'Ds_mean': 425.9, 'Ca': [399.9, 474.0]}
    US-MEF: {'hours': 753864, 'calendar': 'proleptic_gregorian', 'humidity': 'hurs', 'cal_note': None, 'years': '2015-2100', 'Ta_C': [-42.0, 37.9], 'Ta_mean': 6.39, 'Pre_mbar': 765.3, 'Pr_mm_yr': 385.0, 'Pr_max_h': 10.15, 'Rsw_max': 1079.5, 'Ds_mean': 590.2, 'Ca': [399.9, 474.0]}
    US-MMS: {'hours': 753864, 'calendar': 'proleptic_gregorian', 'humidity': 'hurs', 'cal_note': None, 'years': '2015-2100', 'Ta_C': [-28.4, 43.3], 'Ta_mean': 13.56, 'Pre_mbar': 980.7, 'Pr_mm_yr': 1114.4, 'Pr_max_h': 13.96, 'Rsw_max': 1005.7, 'Ds_mean': 479.9, 'Ca': [399.9, 474.0]}
    US-MOz: {'hours': 753864, 'calendar': 'proleptic_gregorian', 'humidity': 'hurs', 'cal_note': None, 'years': '2015-2100', 'Ta_C': [-26.2, 46.3], 'Ta_mean': 14.96, 'Pre_mbar': 987.2, 'Pr_mm_yr': 996.4, 'Pr_max_h': 13.7, 'Rsw_max': 1038.1, 'Ds_mean': 630.7, 'Ca': [399.9, 474.0]}
    US-MRf: {'hours': 753864, 'calendar': 'proleptic_gregorian', 'humidity': 'hurs', 'cal_note': None, 'years': '2015-2100', 'Ta_C': [-15.8, 40.6], 'Ta_mean': 11.95, 'Pre_mbar': 982.1, 'Pr_mm_yr': 1443.6, 'Pr_max_h': 20.14, 'Rsw_max': 1017.3, 'Ds_mean': 419.7, 'Ca': [399.9, 474.0]}
    US-Me1: {'hours': 753864, 'calendar': 'proleptic_gregorian', 'humidity': 'hurs', 'cal_note': None, 'years': '2015-2100', 'Ta_C': [-35.3, 42.6], 'Ta_mean': 8.7, 'Pre_mbar': 911.1, 'Pr_mm_yr': 967.5, 'Pr_max_h': 14.94, 'Rsw_max': 1020.5, 'Ds_mean': 493.2, 'Ca': [399.9, 474.0]}
    US-Me2: {'hours': 753864, 'calendar': 'proleptic_gregorian', 'humidity': 'hurs', 'cal_note': None, 'years': '2015-2100', 'Ta_C': [-34.8, 43.9], 'Ta_mean': 9.54, 'Pre_mbar': 873.4, 'Pr_mm_yr': 836.6, 'Pr_max_h': 13.55, 'Rsw_max': 1023.0, 'Ds_mean': 537.2, 'Ca': [399.9, 474.0]}
    US-Me4: {'hours': 753864, 'calendar': 'proleptic_gregorian', 'humidity': 'hurs', 'cal_note': None, 'years': '2015-2100', 'Ta_C': [-34.8, 43.9], 'Ta_mean': 9.54, 'Pre_mbar': 908.3, 'Pr_mm_yr': 836.6, 'Pr_max_h': 13.55, 'Rsw_max': 1022.7, 'Ds_mean': 537.2, 'Ca': [399.9, 474.0]}
    US-Me6: {'hours': 753864, 'calendar': 'proleptic_gregorian', 'humidity': 'hurs', 'cal_note': None, 'years': '2015-2100', 'Ta_C': [-34.8, 43.9], 'Ta_mean': 9.54, 'Pre_mbar': 900.2, 'Pr_mm_yr': 836.6, 'Pr_max_h': 13.55, 'Rsw_max': 1023.8, 'Ds_mean': 537.2, 'Ca': [399.9, 474.0]}
    US-Me7: {'hours': 753864, 'calendar': 'proleptic_gregorian', 'humidity': 'hurs', 'cal_note': None, 'years': '2015-2100', 'Ta_C': [-34.8, 43.9], 'Ta_mean': 9.54, 'Pre_mbar': 873.4, 'Pr_mm_yr': 836.6, 'Pr_max_h': 13.55, 'Rsw_max': 1022.9, 'Ds_mean': 537.2, 'Ca': [399.9, 474.0]}
    US-MtB: {'hours': 753864, 'calendar': 'proleptic_gregorian', 'humidity': 'hurs', 'cal_note': None, 'years': '2015-2100', 'Ta_C': [-14.7, 46.1], 'Ta_mean': 18.13, 'Pre_mbar': 746.8, 'Pr_mm_yr': 319.5, 'Pr_max_h': 12.51, 'Rsw_max': 1119.8, 'Ds_mean': 1762.7, 'Ca': [399.9, 474.0]}
    US-NC2: {'hours': 753864, 'calendar': 'proleptic_gregorian', 'humidity': 'hurs', 'cal_note': None, 'years': '2015-2100', 'Ta_C': [-15.6, 43.5], 'Ta_mean': 18.07, 'Pre_mbar': 1012.6, 'Pr_mm_yr': 1276.6, 'Pr_max_h': 15.67, 'Rsw_max': 961.9, 'Ds_mean': 564.4, 'Ca': [399.9, 474.0]}
    US-NC3: {'hours': 753864, 'calendar': 'proleptic_gregorian', 'humidity': 'hurs', 'cal_note': None, 'years': '2015-2100', 'Ta_C': [-15.6, 43.5], 'Ta_mean': 18.07, 'Pre_mbar': 1012.6, 'Pr_mm_yr': 1276.6, 'Pr_max_h': 15.67, 'Rsw_max': 961.9, 'Ds_mean': 564.4, 'Ca': [399.9, 474.0]}
    US-NC5: {'hours': 753864, 'calendar': 'proleptic_gregorian', 'humidity': 'hurs', 'cal_note': None, 'years': '2015-2100', 'Ta_C': [-27.5, 47.0], 'Ta_mean': 16.79, 'Pre_mbar': 998.7, 'Pr_mm_yr': 1189.9, 'Pr_max_h': 15.31, 'Rsw_max': 972.5, 'Ds_mean': 556.7, 'Ca': [399.9, 474.0]}
    US-NMj: {'hours': 753864, 'calendar': 'proleptic_gregorian', 'humidity': 'hurs', 'cal_note': None, 'years': '2015-2100', 'Ta_C': [-41.7, 37.8], 'Ta_mean': 6.0, 'Pre_mbar': 967.0, 'Pr_mm_yr': 798.6, 'Pr_max_h': 10.45, 'Rsw_max': 957.7, 'Ds_mean': 394.5, 'Ca': [399.9, 474.0]}
    US-NR1: {'hours': 753864, 'calendar': 'proleptic_gregorian', 'humidity': 'hurs', 'cal_note': None, 'years': '2015-2100', 'Ta_C': [-42.6, 34.0], 'Ta_mean': 1.35, 'Pre_mbar': 705.8, 'Pr_mm_yr': 424.9, 'Pr_max_h': 8.36, 'Rsw_max': 1063.7, 'Ds_mean': 435.9, 'Ca': [399.9, 474.0]}
    US-Oho: {'hours': 753864, 'calendar': 'proleptic_gregorian', 'humidity': 'hurs', 'cal_note': None, 'years': '2015-2100', 'Ta_C': [-30.0, 42.1], 'Ta_mean': 11.71, 'Pre_mbar': 986.0, 'Pr_mm_yr': 907.1, 'Pr_max_h': 9.89, 'Rsw_max': 981.9, 'Ds_mean': 482.0, 'Ca': [399.9, 474.0]}
    US-PFL: {'hours': 753864, 'calendar': 'proleptic_gregorian', 'humidity': 'hurs', 'cal_note': None, 'years': '2015-2100', 'Ta_C': [-44.2, 37.7], 'Ta_mean': 6.53, 'Pre_mbar': 959.0, 'Pr_mm_yr': 818.7, 'Pr_max_h': 10.36, 'Rsw_max': 966.2, 'Ds_mean': 398.2, 'Ca': [399.9, 474.0]}
    US-PFb: {'hours': 753864, 'calendar': 'proleptic_gregorian', 'humidity': 'hurs', 'cal_note': None, 'years': '2015-2100', 'Ta_C': [-44.2, 37.7], 'Ta_mean': 6.53, 'Pre_mbar': 957.9, 'Pr_mm_yr': 818.7, 'Pr_max_h': 10.36, 'Rsw_max': 966.0, 'Ds_mean': 398.2, 'Ca': [399.9, 474.0]}
    US-PFc: {'hours': 753864, 'calendar': 'proleptic_gregorian', 'humidity': 'hurs', 'cal_note': None, 'years': '2015-2100', 'Ta_C': [-44.2, 37.7], 'Ta_mean': 6.53, 'Pre_mbar': 958.0, 'Pr_mm_yr': 818.7, 'Pr_max_h': 10.36, 'Rsw_max': 966.1, 'Ds_mean': 398.2, 'Ca': [399.9, 474.0]}
    US-PFg: {'hours': 753864, 'calendar': 'proleptic_gregorian', 'humidity': 'hurs', 'cal_note': None, 'years': '2015-2100', 'Ta_C': [-44.2, 37.7], 'Ta_mean': 6.53, 'Pre_mbar': 957.8, 'Pr_mm_yr': 818.7, 'Pr_max_h': 10.36, 'Rsw_max': 966.0, 'Ds_mean': 398.2, 'Ca': [399.9, 474.0]}
    US-PFh: {'hours': 753864, 'calendar': 'proleptic_gregorian', 'humidity': 'hurs', 'cal_note': None, 'years': '2015-2100', 'Ta_C': [-45.7, 37.6], 'Ta_mean': 6.26, 'Pre_mbar': 959.1, 'Pr_mm_yr': 826.6, 'Pr_max_h': 10.31, 'Rsw_max': 966.6, 'Ds_mean': 394.6, 'Ca': [399.9, 474.0]}
    US-PFi: {'hours': 753864, 'calendar': 'proleptic_gregorian', 'humidity': 'hurs', 'cal_note': None, 'years': '2015-2100', 'Ta_C': [-45.7, 37.6], 'Ta_mean': 6.26, 'Pre_mbar': 956.3, 'Pr_mm_yr': 826.6, 'Pr_max_h': 10.31, 'Rsw_max': 966.5, 'Ds_mean': 394.6, 'Ca': [399.9, 474.0]}
    US-PFj: {'hours': 753864, 'calendar': 'proleptic_gregorian', 'humidity': 'hurs', 'cal_note': None, 'years': '2015-2100', 'Ta_C': [-45.7, 37.6], 'Ta_mean': 6.26, 'Pre_mbar': 956.7, 'Pr_mm_yr': 826.6, 'Pr_max_h': 10.31, 'Rsw_max': 966.6, 'Ds_mean': 394.6, 'Ca': [399.9, 474.0]}
    US-PFk: {'hours': 753864, 'calendar': 'proleptic_gregorian', 'humidity': 'hurs', 'cal_note': None, 'years': '2015-2100', 'Ta_C': [-44.2, 37.7], 'Ta_mean': 6.53, 'Pre_mbar': 957.7, 'Pr_mm_yr': 818.7, 'Pr_max_h': 10.36, 'Rsw_max': 966.4, 'Ds_mean': 398.2, 'Ca': [399.9, 474.0]}
    US-PFm: {'hours': 753864, 'calendar': 'proleptic_gregorian', 'humidity': 'hurs', 'cal_note': None, 'years': '2015-2100', 'Ta_C': [-44.2, 37.7], 'Ta_mean': 6.53, 'Pre_mbar': 956.7, 'Pr_mm_yr': 818.7, 'Pr_max_h': 10.36, 'Rsw_max': 966.3, 'Ds_mean': 398.2, 'Ca': [399.9, 474.0]}
    US-PFn: {'hours': 753864, 'calendar': 'proleptic_gregorian', 'humidity': 'hurs', 'cal_note': None, 'years': '2015-2100', 'Ta_C': [-44.2, 37.7], 'Ta_mean': 6.53, 'Pre_mbar': 957.4, 'Pr_mm_yr': 818.7, 'Pr_max_h': 10.36, 'Rsw_max': 966.2, 'Ds_mean': 398.2, 'Ca': [399.9, 474.0]}
    US-PFp: {'hours': 753864, 'calendar': 'proleptic_gregorian', 'humidity': 'hurs', 'cal_note': None, 'years': '2015-2100', 'Ta_C': [-44.2, 37.7], 'Ta_mean': 6.53, 'Pre_mbar': 955.3, 'Pr_mm_yr': 818.7, 'Pr_max_h': 10.36, 'Rsw_max': 966.2, 'Ds_mean': 398.2, 'Ca': [399.9, 474.0]}
    US-PFq: {'hours': 753864, 'calendar': 'proleptic_gregorian', 'humidity': 'hurs', 'cal_note': None, 'years': '2015-2100', 'Ta_C': [-45.7, 37.6], 'Ta_mean': 6.26, 'Pre_mbar': 958.0, 'Pr_mm_yr': 826.6, 'Pr_max_h': 10.31, 'Rsw_max': 966.8, 'Ds_mean': 394.6, 'Ca': [399.9, 474.0]}
    US-PFs: {'hours': 753864, 'calendar': 'proleptic_gregorian', 'humidity': 'hurs', 'cal_note': None, 'years': '2015-2100', 'Ta_C': [-45.7, 37.6], 'Ta_mean': 6.26, 'Pre_mbar': 956.2, 'Pr_mm_yr': 826.6, 'Pr_max_h': 10.31, 'Rsw_max': 966.7, 'Ds_mean': 394.6, 'Ca': [399.9, 474.0]}
    US-PFt: {'hours': 753864, 'calendar': 'proleptic_gregorian', 'humidity': 'hurs', 'cal_note': None, 'years': '2015-2100', 'Ta_C': [-45.7, 37.6], 'Ta_mean': 6.26, 'Pre_mbar': 958.8, 'Pr_mm_yr': 826.6, 'Pr_max_h': 10.31, 'Rsw_max': 966.8, 'Ds_mean': 394.6, 'Ca': [399.9, 474.0]}
    US-SB1: {'hours': 753864, 'calendar': 'proleptic_gregorian', 'humidity': 'hurs', 'cal_note': None, 'years': '2015-2100', 'Ta_C': [-24.4, 45.9], 'Ta_mean': 15.39, 'Pre_mbar': 984.6, 'Pr_mm_yr': 1066.4, 'Pr_max_h': 12.96, 'Rsw_max': 978.5, 'Ds_mean': 544.3, 'Ca': [399.9, 474.0]}
    US-SHC: {'hours': 753864, 'calendar': 'proleptic_gregorian', 'humidity': 'hurs', 'cal_note': None, 'years': '2015-2100', 'Ta_C': [-39.5, 40.4], 'Ta_mean': 9.24, 'Pre_mbar': 805.6, 'Pr_mm_yr': 795.0, 'Pr_max_h': 15.91, 'Rsw_max': 1068.3, 'Ds_mean': 775.7, 'Ca': [399.9, 474.0]}
    US-SP1: {'hours': 753864, 'calendar': 'proleptic_gregorian', 'humidity': 'hurs', 'cal_note': None, 'years': '2015-2100', 'Ta_C': [-14.2, 44.6], 'Ta_mean': 22.73, 'Pre_mbar': 1007.3, 'Pr_mm_yr': 1318.0, 'Pr_max_h': 14.48, 'Rsw_max': 995.1, 'Ds_mean': 741.5, 'Ca': [399.9, 474.0]}
    US-SP2: {'hours': 753864, 'calendar': 'proleptic_gregorian', 'humidity': 'hurs', 'cal_note': None, 'years': '2015-2100', 'Ta_C': [-13.3, 44.7], 'Ta_mean': 22.46, 'Pre_mbar': 1007.3, 'Pr_mm_yr': 1345.7, 'Pr_max_h': 15.09, 'Rsw_max': 995.0, 'Ds_mean': 724.2, 'Ca': [399.9, 474.0]}
    US-SP3: {'hours': 753864, 'calendar': 'proleptic_gregorian', 'humidity': 'hurs', 'cal_note': None, 'years': '2015-2100', 'Ta_C': [-13.3, 44.7], 'Ta_mean': 22.46, 'Pre_mbar': 1007.3, 'Pr_mm_yr': 1345.7, 'Pr_max_h': 15.09, 'Rsw_max': 995.2, 'Ds_mean': 724.2, 'Ca': [399.9, 474.0]}
    US-SP4: {'hours': 753864, 'calendar': 'proleptic_gregorian', 'humidity': 'hurs', 'cal_note': None, 'years': '2015-2100', 'Ta_C': [-13.3, 44.7], 'Ta_mean': 22.46, 'Pre_mbar': 1007.6, 'Pr_mm_yr': 1345.7, 'Pr_max_h': 15.09, 'Rsw_max': 994.9, 'Ds_mean': 724.2, 'Ca': [399.9, 474.0]}
    US-SSH: {'hours': 753864, 'calendar': 'proleptic_gregorian', 'humidity': 'hurs', 'cal_note': None, 'years': '2015-2100', 'Ta_C': [-24.3, 42.9], 'Ta_mean': 11.85, 'Pre_mbar': 976.7, 'Pr_mm_yr': 1057.7, 'Pr_max_h': 13.05, 'Rsw_max': 968.2, 'Ds_mean': 450.4, 'Ca': [399.9, 474.0]}
    US-Slt: {'hours': 753864, 'calendar': 'proleptic_gregorian', 'humidity': 'hurs', 'cal_note': None, 'years': '2015-2100', 'Ta_C': [-19.1, 43.2], 'Ta_mean': 14.86, 'Pre_mbar': 1009.7, 'Pr_mm_yr': 1203.4, 'Pr_max_h': 19.31, 'Rsw_max': 1022.7, 'Ds_mean': 508.5, 'Ca': [399.9, 474.0]}
    US-TEF: {'hours': 753864, 'calendar': 'proleptic_gregorian', 'humidity': 'hurs', 'cal_note': None, 'years': '2015-2100', 'Ta_C': [-52.8, 37.6], 'Ta_mean': 5.36, 'Pre_mbar': 776.8, 'Pr_mm_yr': 395.4, 'Pr_max_h': 8.19, 'Rsw_max': 973.0, 'Ds_mean': 514.9, 'Ca': [399.9, 474.0]}
    US-UMB: {'hours': 753864, 'calendar': 'proleptic_gregorian', 'humidity': 'hurs', 'cal_note': None, 'years': '2015-2100', 'Ta_C': [-38.4, 38.0], 'Ta_mean': 7.86, 'Pre_mbar': 985.5, 'Pr_mm_yr': 870.5, 'Pr_max_h': 10.45, 'Rsw_max': 959.2, 'Ds_mean': 413.8, 'Ca': [399.9, 474.0]}
    US-UMd: {'hours': 753864, 'calendar': 'proleptic_gregorian', 'humidity': 'hurs', 'cal_note': None, 'years': '2015-2100', 'Ta_C': [-38.4, 38.0], 'Ta_mean': 7.86, 'Pre_mbar': 984.9, 'Pr_mm_yr': 870.5, 'Pr_max_h': 10.45, 'Rsw_max': 959.2, 'Ds_mean': 413.8, 'Ca': [399.9, 474.0]}
    US-Vcm: {'hours': 753864, 'calendar': 'proleptic_gregorian', 'humidity': 'hurs', 'cal_note': None, 'years': '2015-2100', 'Ta_C': [-49.3, 37.5], 'Ta_mean': 6.51, 'Pre_mbar': 709.7, 'Pr_mm_yr': 455.2, 'Pr_max_h': 11.15, 'Rsw_max': 1106.1, 'Ds_mean': 709.9, 'Ca': [399.9, 474.0]}
    US-Vcp: {'hours': 753864, 'calendar': 'proleptic_gregorian', 'humidity': 'hurs', 'cal_note': None, 'years': '2015-2100', 'Ta_C': [-49.3, 37.5], 'Ta_mean': 6.51, 'Pre_mbar': 749.6, 'Pr_mm_yr': 455.2, 'Pr_max_h': 11.15, 'Rsw_max': 1106.2, 'Ds_mean': 709.9, 'Ca': [399.9, 474.0]}
    US-Vcs: {'hours': 753864, 'calendar': 'proleptic_gregorian', 'humidity': 'hurs', 'cal_note': None, 'years': '2015-2100', 'Ta_C': [-49.3, 37.5], 'Ta_mean': 6.51, 'Pre_mbar': 731.2, 'Pr_mm_yr': 455.2, 'Pr_max_h': 11.15, 'Rsw_max': 1105.9, 'Ds_mean': 709.9, 'Ca': [399.9, 474.0]}
    US-WBW: {'hours': 753864, 'calendar': 'proleptic_gregorian', 'humidity': 'hurs', 'cal_note': None, 'years': '2015-2100', 'Ta_C': [-24.8, 43.3], 'Ta_mean': 16.16, 'Pre_mbar': 979.8, 'Pr_mm_yr': 1390.7, 'Pr_max_h': 16.99, 'Rsw_max': 1016.7, 'Ds_mean': 515.4, 'Ca': [399.9, 474.0]}
    US-WCr: {'hours': 753864, 'calendar': 'proleptic_gregorian', 'humidity': 'hurs', 'cal_note': None, 'years': '2015-2100', 'Ta_C': [-45.7, 37.6], 'Ta_mean': 6.26, 'Pre_mbar': 952.7, 'Pr_mm_yr': 826.6, 'Pr_max_h': 10.31, 'Rsw_max': 967.4, 'Ds_mean': 394.6, 'Ca': [399.9, 474.0]}
    US-Wi1: {'hours': 753864, 'calendar': 'proleptic_gregorian', 'humidity': 'hurs', 'cal_note': None, 'years': '2015-2100', 'Ta_C': [-42.1, 38.4], 'Ta_mean': 6.35, 'Pre_mbar': 971.8, 'Pr_mm_yr': 773.0, 'Pr_max_h': 10.94, 'Rsw_max': 960.0, 'Ds_mean': 385.5, 'Ca': [399.9, 474.0]}
    US-Wi2: {'hours': 753864, 'calendar': 'proleptic_gregorian', 'humidity': 'hurs', 'cal_note': None, 'years': '2015-2100', 'Ta_C': [-42.1, 38.4], 'Ta_mean': 6.35, 'Pre_mbar': 966.9, 'Pr_mm_yr': 773.0, 'Pr_max_h': 10.94, 'Rsw_max': 960.2, 'Ds_mean': 385.5, 'Ca': [399.9, 474.0]}
    US-Wi3: {'hours': 753864, 'calendar': 'proleptic_gregorian', 'humidity': 'hurs', 'cal_note': None, 'years': '2015-2100', 'Ta_C': [-42.1, 38.4], 'Ta_mean': 6.35, 'Pre_mbar': 965.1, 'Pr_mm_yr': 773.0, 'Pr_max_h': 10.94, 'Rsw_max': 960.5, 'Ds_mean': 385.5, 'Ca': [399.9, 474.0]}
    US-Wi4: {'hours': 753864, 'calendar': 'proleptic_gregorian', 'humidity': 'hurs', 'cal_note': None, 'years': '2015-2100', 'Ta_C': [-42.1, 38.4], 'Ta_mean': 6.35, 'Pre_mbar': 971.8, 'Pr_mm_yr': 773.0, 'Pr_max_h': 10.94, 'Rsw_max': 959.9, 'Ds_mean': 385.5, 'Ca': [399.9, 474.0]}
    US-Wrc: {'hours': 753864, 'calendar': 'proleptic_gregorian', 'humidity': 'hurs', 'cal_note': None, 'years': '2015-2100', 'Ta_C': [-34.9, 42.3], 'Ta_mean': 9.74, 'Pre_mbar': 969.6, 'Pr_mm_yr': 1994.2, 'Pr_max_h': 24.69, 'Rsw_max': 1002.9, 'Ds_mean': 448.6, 'Ca': [399.9, 474.0]}
    US-xAB: {'hours': 753864, 'calendar': 'proleptic_gregorian', 'humidity': 'hurs', 'cal_note': None, 'years': '2015-2100', 'Ta_C': [-26.7, 42.0], 'Ta_mean': 11.95, 'Pre_mbar': 970.6, 'Pr_mm_yr': 1888.3, 'Pr_max_h': 22.47, 'Rsw_max': 1003.1, 'Ds_mean': 473.0, 'Ca': [399.9, 474.0]}
    US-xBL: {'hours': 753864, 'calendar': 'proleptic_gregorian', 'humidity': 'hurs', 'cal_note': None, 'years': '2015-2100', 'Ta_C': [-23.2, 45.9], 'Ta_mean': 14.7, 'Pre_mbar': 991.5, 'Pr_mm_yr': 1037.6, 'Pr_max_h': 12.47, 'Rsw_max': 977.7, 'Ds_mean': 548.6, 'Ca': [399.9, 474.0]}
    US-xBR: {'hours': 753864, 'calendar': 'proleptic_gregorian', 'humidity': 'hurs', 'cal_note': None, 'years': '2015-2100', 'Ta_C': [-34.2, 33.9], 'Ta_mean': 4.81, 'Pre_mbar': 985.8, 'Pr_mm_yr': 1419.5, 'Pr_max_h': 18.62, 'Rsw_max': 995.2, 'Ds_mean': 266.8, 'Ca': [399.9, 474.0]}
    US-xGR: {'hours': 753864, 'calendar': 'proleptic_gregorian', 'humidity': 'hurs', 'cal_note': None, 'years': '2015-2100', 'Ta_C': [-27.9, 39.2], 'Ta_mean': 13.29, 'Pre_mbar': 946.0, 'Pr_mm_yr': 1458.8, 'Pr_max_h': 17.59, 'Rsw_max': 1010.1, 'Ds_mean': 438.1, 'Ca': [399.9, 474.0]}
    US-xHA: {'hours': 753864, 'calendar': 'proleptic_gregorian', 'humidity': 'hurs', 'cal_note': None, 'years': '2015-2100', 'Ta_C': [-29.6, 40.8], 'Ta_mean': 10.52, 'Pre_mbar': 971.9, 'Pr_mm_yr': 1201.9, 'Pr_max_h': 14.74, 'Rsw_max': 1006.5, 'Ds_mean': 425.9, 'Ca': [399.9, 474.0]}
    US-xJE: {'hours': 753864, 'calendar': 'proleptic_gregorian', 'humidity': 'hurs', 'cal_note': None, 'years': '2015-2100', 'Ta_C': [-19.3, 48.8], 'Ta_mean': 20.6, 'Pre_mbar': 1008.0, 'Pr_mm_yr': 1430.4, 'Pr_max_h': 18.11, 'Rsw_max': 1017.0, 'Ds_mean': 683.0, 'Ca': [399.9, 474.0]}
    US-xLE: {'hours': 753864, 'calendar': 'proleptic_gregorian', 'humidity': 'hurs', 'cal_note': None, 'years': '2015-2100', 'Ta_C': [-21.0, 49.9], 'Ta_mean': 20.14, 'Pre_mbar': 1010.9, 'Pr_mm_yr': 1534.8, 'Pr_max_h': 20.74, 'Rsw_max': 1035.5, 'Ds_mean': 687.4, 'Ca': [399.9, 474.0]}
    US-xML: {'hours': 753864, 'calendar': 'proleptic_gregorian', 'humidity': 'hurs', 'cal_note': None, 'years': '2015-2100', 'Ta_C': [-26.8, 41.5], 'Ta_mean': 12.63, 'Pre_mbar': 886.6, 'Pr_mm_yr': 1076.9, 'Pr_max_h': 11.68, 'Rsw_max': 984.5, 'Ds_mean': 464.6, 'Ca': [399.9, 474.0]}
    US-xNW: {'hours': 753864, 'calendar': 'proleptic_gregorian', 'humidity': 'hurs', 'cal_note': None, 'years': '2015-2100', 'Ta_C': [-42.6, 34.0], 'Ta_mean': 1.35, 'Pre_mbar': 668.1, 'Pr_mm_yr': 424.9, 'Pr_max_h': 8.36, 'Rsw_max': 1063.6, 'Ds_mean': 435.9, 'Ca': [399.9, 474.0]}
    US-xRM: {'hours': 753864, 'calendar': 'proleptic_gregorian', 'humidity': 'hurs', 'cal_note': None, 'years': '2015-2100', 'Ta_C': [-42.4, 34.7], 'Ta_mean': 2.06, 'Pre_mbar': 731.9, 'Pr_mm_yr': 416.2, 'Pr_max_h': 7.59, 'Rsw_max': 1058.1, 'Ds_mean': 457.4, 'Ca': [399.9, 474.0]}
    US-xRN: {'hours': 753864, 'calendar': 'proleptic_gregorian', 'humidity': 'hurs', 'cal_note': None, 'years': '2015-2100', 'Ta_C': [-24.8, 43.3], 'Ta_mean': 16.16, 'Pre_mbar': 973.9, 'Pr_mm_yr': 1390.7, 'Pr_max_h': 16.99, 'Rsw_max': 1016.7, 'Ds_mean': 515.4, 'Ca': [399.9, 474.0]}
    US-xSB: {'hours': 753864, 'calendar': 'proleptic_gregorian', 'humidity': 'hurs', 'cal_note': None, 'years': '2015-2100', 'Ta_C': [-14.8, 43.9], 'Ta_mean': 22.82, 'Pre_mbar': 1007.9, 'Pr_mm_yr': 1341.8, 'Pr_max_h': 14.47, 'Rsw_max': 991.5, 'Ds_mean': 740.7, 'Ca': [399.9, 474.0]}
    US-xSC: {'hours': 753864, 'calendar': 'proleptic_gregorian', 'humidity': 'hurs', 'cal_note': None, 'years': '2015-2100', 'Ta_C': [-24.2, 46.3], 'Ta_mean': 14.55, 'Pre_mbar': 970.8, 'Pr_mm_yr': 1048.2, 'Pr_max_h': 13.08, 'Rsw_max': 978.5, 'Ds_mean': 545.1, 'Ca': [399.9, 474.0]}
    US-xSE: {'hours': 753864, 'calendar': 'proleptic_gregorian', 'humidity': 'hurs', 'cal_note': None, 'years': '2015-2100', 'Ta_C': [-20.7, 47.0], 'Ta_mean': 15.8, 'Pre_mbar': 1011.4, 'Pr_mm_yr': 1124.4, 'Pr_max_h': 17.69, 'Rsw_max': 969.6, 'Ds_mean': 547.4, 'Ca': [399.9, 474.0]}
    US-xSP: {'hours': 753864, 'calendar': 'proleptic_gregorian', 'humidity': 'hurs', 'cal_note': None, 'years': '2015-2100', 'Ta_C': [-26.6, 44.8], 'Ta_mean': 15.25, 'Pre_mbar': 883.1, 'Pr_mm_yr': 678.8, 'Pr_max_h': 22.87, 'Rsw_max': 1083.4, 'Ds_mean': 1120.8, 'Ca': [399.9, 474.0]}
    US-xST: {'hours': 753864, 'calendar': 'proleptic_gregorian', 'humidity': 'hurs', 'cal_note': None, 'years': '2015-2100', 'Ta_C': [-44.7, 37.8], 'Ta_mean': 6.26, 'Pre_mbar': 957.1, 'Pr_mm_yr': 830.7, 'Pr_max_h': 9.93, 'Rsw_max': 972.3, 'Ds_mean': 398.1, 'Ca': [399.9, 474.0]}
    US-xTA: {'hours': 753864, 'calendar': 'proleptic_gregorian', 'humidity': 'hurs', 'cal_note': None, 'years': '2015-2100', 'Ta_C': [-21.2, 46.8], 'Ta_mean': 19.2, 'Pre_mbar': 997.2, 'Pr_mm_yr': 1428.6, 'Pr_max_h': 17.38, 'Rsw_max': 1039.2, 'Ds_mean': 624.8, 'Ca': [399.9, 474.0]}
    US-xTE: {'hours': 753864, 'calendar': 'proleptic_gregorian', 'humidity': 'hurs', 'cal_note': None, 'years': '2015-2100', 'Ta_C': [-35.9, 38.3], 'Ta_mean': 8.64, 'Pre_mbar': 785.5, 'Pr_mm_yr': 736.4, 'Pr_max_h': 28.22, 'Rsw_max': 1085.4, 'Ds_mean': 775.2, 'Ca': [399.9, 474.0]}
    US-xTR: {'hours': 753864, 'calendar': 'proleptic_gregorian', 'humidity': 'hurs', 'cal_note': None, 'years': '2015-2100', 'Ta_C': [-43.7, 38.3], 'Ta_mean': 6.55, 'Pre_mbar': 958.1, 'Pr_mm_yr': 840.2, 'Pr_max_h': 10.69, 'Rsw_max': 974.3, 'Ds_mean': 403.9, 'Ca': [399.9, 474.0]}
    US-xUK: {'hours': 753864, 'calendar': 'proleptic_gregorian', 'humidity': 'hurs', 'cal_note': None, 'years': '2015-2100', 'Ta_C': [-26.6, 46.0], 'Ta_mean': 15.35, 'Pre_mbar': 973.8, 'Pr_mm_yr': 904.0, 'Pr_max_h': 14.45, 'Rsw_max': 1027.9, 'Ds_mean': 756.6, 'Ca': [399.9, 474.0]}
    US-xWR: {'hours': 753864, 'calendar': 'proleptic_gregorian', 'humidity': 'hurs', 'cal_note': None, 'years': '2015-2100', 'Ta_C': [-34.9, 42.3], 'Ta_mean': 9.74, 'Pre_mbar': 965.5, 'Pr_mm_yr': 1994.2, 'Pr_max_h': 24.69, 'Rsw_max': 1002.9, 'Ds_mean': 448.6, 'Ca': [399.9, 474.0]}
    US-xYE: {'hours': 753864, 'calendar': 'proleptic_gregorian', 'humidity': 'hurs', 'cal_note': None, 'years': '2015-2100', 'Ta_C': [-42.0, 36.1], 'Ta_mean': 5.08, 'Pre_mbar': 788.4, 'Pr_mm_yr': 537.5, 'Pr_max_h': 7.14, 'Rsw_max': 1018.2, 'Ds_mean': 555.1, 'Ca': [399.9, 474.0]}
    -> 101/101 built

  MPI-ESM1-2-HR ssp585 (ECS 3.0 K): 31411 days, 101 stations
    US-Bar: {'hours': 753864, 'calendar': 'proleptic_gregorian', 'humidity': 'hurs', 'cal_note': None, 'years': '2015-2100', 'Ta_C': [-35.2, 39.4], 'Ta_mean': 6.52, 'Pre_mbar': 981.1, 'Pr_mm_yr': 1438.2, 'Pr_max_h': 18.64, 'Rsw_max': 992.8, 'Ds_mean': 319.0, 'Ca': [399.9, 1135.2]}
    US-Blk: {'hours': 753864, 'calendar': 'proleptic_gregorian', 'humidity': 'hurs', 'cal_note': None, 'years': '2015-2100', 'Ta_C': [-45.0, 50.2], 'Ta_mean': 8.98, 'Pre_mbar': 826.5, 'Pr_mm_yr': 388.7, 'Pr_max_h': 10.48, 'Rsw_max': 996.0, 'Ds_mean': 787.0, 'Ca': [399.9, 1135.2]}
    US-CPF: {'hours': 753864, 'calendar': 'proleptic_gregorian', 'humidity': 'hurs', 'cal_note': None, 'years': '2015-2100', 'Ta_C': [-46.3, 36.3], 'Ta_mean': 3.17, 'Pre_mbar': 701.6, 'Pr_mm_yr': 419.8, 'Pr_max_h': 7.13, 'Rsw_max': 1055.1, 'Ds_mean': 519.4, 'Ca': [399.9, 1135.2]}
    US-CPk: {'hours': 753864, 'calendar': 'proleptic_gregorian', 'humidity': 'hurs', 'cal_note': None, 'years': '2015-2100', 'Ta_C': [-38.9, 38.3], 'Ta_mean': 5.56, 'Pre_mbar': 731.3, 'Pr_mm_yr': 378.6, 'Pr_max_h': 6.61, 'Rsw_max': 1044.3, 'Ds_mean': 609.4, 'Ca': [399.9, 1135.2]}
    US-CRK: {'hours': 753864, 'calendar': 'proleptic_gregorian', 'humidity': 'hurs', 'cal_note': None, 'years': '2015-2100', 'Ta_C': [-14.6, 47.7], 'Ta_mean': 21.99, 'Pre_mbar': 995.3, 'Pr_mm_yr': 1056.8, 'Pr_max_h': 17.12, 'Rsw_max': 1075.1, 'Ds_mean': 1030.2, 'Ca': [399.9, 1135.2]}
    US-CS2: {'hours': 753864, 'calendar': 'proleptic_gregorian', 'humidity': 'hurs', 'cal_note': None, 'years': '2015-2100', 'Ta_C': [-37.9, 46.4], 'Ta_mean': 10.29, 'Pre_mbar': 974.6, 'Pr_mm_yr': 829.4, 'Pr_max_h': 12.54, 'Rsw_max': 982.5, 'Ds_mean': 571.1, 'Ca': [399.9, 1135.2]}
    US-CZ2: {'hours': 753864, 'calendar': 'proleptic_gregorian', 'humidity': 'hurs', 'cal_note': None, 'years': '2015-2100', 'Ta_C': [-21.8, 47.9], 'Ta_mean': 16.62, 'Pre_mbar': 883.1, 'Pr_mm_yr': 639.9, 'Pr_max_h': 22.77, 'Rsw_max': 1082.1, 'Ds_mean': 1252.3, 'Ca': [399.9, 1135.2]}
    US-CZ3: {'hours': 753864, 'calendar': 'proleptic_gregorian', 'humidity': 'hurs', 'cal_note': None, 'years': '2015-2100', 'Ta_C': [-30.9, 41.0], 'Ta_mean': 10.02, 'Pre_mbar': 797.9, 'Pr_mm_yr': 691.5, 'Pr_max_h': 27.16, 'Rsw_max': 1082.6, 'Ds_mean': 868.9, 'Ca': [399.9, 1135.2]}
    US-CZ4: {'hours': 753864, 'calendar': 'proleptic_gregorian', 'humidity': 'hurs', 'cal_note': None, 'years': '2015-2100', 'Ta_C': [-35.2, 37.6], 'Ta_mean': 6.76, 'Pre_mbar': 734.8, 'Pr_mm_yr': 755.7, 'Pr_max_h': 31.64, 'Rsw_max': 1084.3, 'Ds_mean': 724.9, 'Ca': [399.9, 1135.2]}
    US-ChR: {'hours': 753864, 'calendar': 'proleptic_gregorian', 'humidity': 'hurs', 'cal_note': None, 'years': '2015-2100', 'Ta_C': [-20.1, 48.1], 'Ta_mean': 17.58, 'Pre_mbar': 979.5, 'Pr_mm_yr': 1425.0, 'Pr_max_h': 15.82, 'Rsw_max': 1004.3, 'Ds_mean': 660.2, 'Ca': [399.9, 1135.2]}
    US-Cst: {'hours': 753864, 'calendar': 'proleptic_gregorian', 'humidity': 'hurs', 'cal_note': None, 'years': '2015-2100', 'Ta_C': [-17.8, 46.8], 'Ta_mean': 20.78, 'Pre_mbar': 1007.3, 'Pr_mm_yr': 1348.0, 'Pr_max_h': 23.03, 'Rsw_max': 1050.2, 'Ds_mean': 853.7, 'Ca': [399.9, 1135.2]}
    US-Cwt: {'hours': 753864, 'calendar': 'proleptic_gregorian', 'humidity': 'hurs', 'cal_note': None, 'years': '2015-2100', 'Ta_C': [-23.8, 44.9], 'Ta_mean': 15.34, 'Pre_mbar': 933.7, 'Pr_mm_yr': 1846.8, 'Pr_max_h': 25.69, 'Rsw_max': 1002.8, 'Ds_mean': 556.4, 'Ca': [399.9, 1135.2]}
    US-DPP: {'hours': 753864, 'calendar': 'proleptic_gregorian', 'humidity': 'hurs', 'cal_note': None, 'years': '2015-2100', 'Ta_C': [-10.6, 48.8], 'Ta_mean': 25.41, 'Pre_mbar': 1010.5, 'Pr_mm_yr': 1298.0, 'Pr_max_h': 10.38, 'Rsw_max': 979.5, 'Ds_mean': 885.5, 'Ca': [399.9, 1135.2]}
    US-Dk2: {'hours': 753864, 'calendar': 'proleptic_gregorian', 'humidity': 'hurs', 'cal_note': None, 'years': '2015-2100', 'Ta_C': [-19.6, 52.9], 'Ta_mean': 18.35, 'Pre_mbar': 993.3, 'Pr_mm_yr': 1248.7, 'Pr_max_h': 15.89, 'Rsw_max': 965.4, 'Ds_mean': 647.4, 'Ca': [399.9, 1135.2]}
    US-Dk3: {'hours': 753864, 'calendar': 'proleptic_gregorian', 'humidity': 'hurs', 'cal_note': None, 'years': '2015-2100', 'Ta_C': [-19.6, 52.9], 'Ta_mean': 18.35, 'Pre_mbar': 993.9, 'Pr_mm_yr': 1248.7, 'Pr_max_h': 15.89, 'Rsw_max': 965.4, 'Ds_mean': 647.4, 'Ca': [399.9, 1135.2]}
    US-Fmf: {'hours': 753864, 'calendar': 'proleptic_gregorian', 'humidity': 'hurs', 'cal_note': None, 'years': '2015-2100', 'Ta_C': [-23.9, 43.3], 'Ta_mean': 11.85, 'Pre_mbar': 784.3, 'Pr_mm_yr': 458.8, 'Pr_max_h': 15.71, 'Rsw_max': 1082.8, 'Ds_mean': 1129.5, 'Ca': [399.9, 1135.2]}
    US-Fuf: {'hours': 753864, 'calendar': 'proleptic_gregorian', 'humidity': 'hurs', 'cal_note': None, 'years': '2015-2100', 'Ta_C': [-23.4, 42.6], 'Ta_mean': 11.91, 'Pre_mbar': 782.5, 'Pr_mm_yr': 489.6, 'Pr_max_h': 18.22, 'Rsw_max': 1082.5, 'Ds_mean': 1128.8, 'Ca': [399.9, 1135.2]}
    US-GBT: {'hours': 753864, 'calendar': 'proleptic_gregorian', 'humidity': 'hurs', 'cal_note': None, 'years': '2015-2100', 'Ta_C': [-39.8, 38.3], 'Ta_mean': 5.42, 'Pre_mbar': 694.1, 'Pr_mm_yr': 346.2, 'Pr_max_h': 6.28, 'Rsw_max': 1044.6, 'Ds_mean': 605.3, 'Ca': [399.9, 1135.2]}
    US-GLE: {'hours': 753864, 'calendar': 'proleptic_gregorian', 'humidity': 'hurs', 'cal_note': None, 'years': '2015-2100', 'Ta_C': [-39.8, 38.3], 'Ta_mean': 5.42, 'Pre_mbar': 693.6, 'Pr_mm_yr': 346.2, 'Pr_max_h': 6.28, 'Rsw_max': 1044.6, 'Ds_mean': 605.3, 'Ca': [399.9, 1135.2]}
    US-HB2: {'hours': 753864, 'calendar': 'proleptic_gregorian', 'humidity': 'hurs', 'cal_note': None, 'years': '2015-2100', 'Ta_C': [-14.1, 42.5], 'Ta_mean': 21.05, 'Pre_mbar': 1012.7, 'Pr_mm_yr': 1374.9, 'Pr_max_h': 11.16, 'Rsw_max': 962.7, 'Ds_mean': 615.3, 'Ca': [399.9, 1135.2]}
    US-HB3: {'hours': 753864, 'calendar': 'proleptic_gregorian', 'humidity': 'hurs', 'cal_note': None, 'years': '2015-2100', 'Ta_C': [-14.1, 42.5], 'Ta_mean': 21.05, 'Pre_mbar': 1012.4, 'Pr_mm_yr': 1374.9, 'Pr_max_h': 11.16, 'Rsw_max': 962.7, 'Ds_mean': 615.3, 'Ca': [399.9, 1135.2]}
    US-HBK: {'hours': 753864, 'calendar': 'proleptic_gregorian', 'humidity': 'hurs', 'cal_note': None, 'years': '2015-2100', 'Ta_C': [-33.4, 43.1], 'Ta_mean': 9.06, 'Pre_mbar': 970.1, 'Pr_mm_yr': 1279.3, 'Pr_max_h': 14.1, 'Rsw_max': 993.5, 'Ds_mean': 389.6, 'Ca': [399.9, 1135.2]}
    US-Ha1: {'hours': 753864, 'calendar': 'proleptic_gregorian', 'humidity': 'hurs', 'cal_note': None, 'years': '2015-2100', 'Ta_C': [-31.4, 45.0], 'Ta_mean': 12.21, 'Pre_mbar': 973.2, 'Pr_mm_yr': 1203.3, 'Pr_max_h': 14.99, 'Rsw_max': 1006.6, 'Ds_mean': 501.0, 'Ca': [399.9, 1135.2]}
    US-Ha2: {'hours': 753864, 'calendar': 'proleptic_gregorian', 'humidity': 'hurs', 'cal_note': None, 'years': '2015-2100', 'Ta_C': [-31.4, 45.0], 'Ta_mean': 12.21, 'Pre_mbar': 970.9, 'Pr_mm_yr': 1203.3, 'Pr_max_h': 14.99, 'Rsw_max': 1006.6, 'Ds_mean': 501.0, 'Ca': [399.9, 1135.2]}
    US-Ho1: {'hours': 753864, 'calendar': 'proleptic_gregorian', 'humidity': 'hurs', 'cal_note': None, 'years': '2015-2100', 'Ta_C': [-33.3, 42.1], 'Ta_mean': 9.61, 'Pre_mbar': 1006.1, 'Pr_mm_yr': 1145.6, 'Pr_max_h': 15.58, 'Rsw_max': 990.0, 'Ds_mean': 389.4, 'Ca': [399.9, 1135.2]}
    US-Ho2: {'hours': 753864, 'calendar': 'proleptic_gregorian', 'humidity': 'hurs', 'cal_note': None, 'years': '2015-2100', 'Ta_C': [-33.3, 42.1], 'Ta_mean': 9.61, 'Pre_mbar': 1005.9, 'Pr_mm_yr': 1145.6, 'Pr_max_h': 15.58, 'Rsw_max': 990.0, 'Ds_mean': 389.4, 'Ca': [399.9, 1135.2]}
    US-Ho3: {'hours': 753864, 'calendar': 'proleptic_gregorian', 'humidity': 'hurs', 'cal_note': None, 'years': '2015-2100', 'Ta_C': [-33.3, 42.1], 'Ta_mean': 9.61, 'Pre_mbar': 1005.9, 'Pr_mm_yr': 1145.6, 'Pr_max_h': 15.58, 'Rsw_max': 990.0, 'Ds_mean': 389.4, 'Ca': [399.9, 1135.2]}
    US-LPH: {'hours': 753864, 'calendar': 'proleptic_gregorian', 'humidity': 'hurs', 'cal_note': None, 'years': '2015-2100', 'Ta_C': [-31.4, 45.0], 'Ta_mean': 12.21, 'Pre_mbar': 968.9, 'Pr_mm_yr': 1203.3, 'Pr_max_h': 14.99, 'Rsw_max': 1006.6, 'Ds_mean': 501.0, 'Ca': [399.9, 1135.2]}
    US-MEF: {'hours': 753864, 'calendar': 'proleptic_gregorian', 'humidity': 'hurs', 'cal_note': None, 'years': '2015-2100', 'Ta_C': [-41.2, 39.9], 'Ta_mean': 7.87, 'Pre_mbar': 765.3, 'Pr_mm_yr': 370.6, 'Pr_max_h': 10.39, 'Rsw_max': 1068.3, 'Ds_mean': 672.1, 'Ca': [399.9, 1135.2]}
    US-MMS: {'hours': 753864, 'calendar': 'proleptic_gregorian', 'humidity': 'hurs', 'cal_note': None, 'years': '2015-2100', 'Ta_C': [-25.0, 47.4], 'Ta_mean': 15.08, 'Pre_mbar': 980.7, 'Pr_mm_yr': 1145.9, 'Pr_max_h': 12.2, 'Rsw_max': 1001.3, 'Ds_mean': 584.7, 'Ca': [399.9, 1135.2]}
    US-MOz: {'hours': 753864, 'calendar': 'proleptic_gregorian', 'humidity': 'hurs', 'cal_note': None, 'years': '2015-2100', 'Ta_C': [-28.6, 47.8], 'Ta_mean': 16.22, 'Pre_mbar': 987.2, 'Pr_mm_yr': 1021.9, 'Pr_max_h': 14.53, 'Rsw_max': 1027.4, 'Ds_mean': 716.3, 'Ca': [399.9, 1135.2]}
    US-MRf: {'hours': 753864, 'calendar': 'proleptic_gregorian', 'humidity': 'hurs', 'cal_note': None, 'years': '2015-2100', 'Ta_C': [-16.4, 42.9], 'Ta_mean': 12.92, 'Pre_mbar': 982.1, 'Pr_mm_yr': 1408.2, 'Pr_max_h': 17.72, 'Rsw_max': 1008.4, 'Ds_mean': 473.3, 'Ca': [399.9, 1135.2]}
    US-Me1: {'hours': 753864, 'calendar': 'proleptic_gregorian', 'humidity': 'hurs', 'cal_note': None, 'years': '2015-2100', 'Ta_C': [-27.2, 44.3], 'Ta_mean': 9.96, 'Pre_mbar': 911.1, 'Pr_mm_yr': 951.1, 'Pr_max_h': 14.55, 'Rsw_max': 1017.0, 'Ds_mean': 575.0, 'Ca': [399.9, 1135.2]}
    US-Me2: {'hours': 753864, 'calendar': 'proleptic_gregorian', 'humidity': 'hurs', 'cal_note': None, 'years': '2015-2100', 'Ta_C': [-26.6, 45.5], 'Ta_mean': 10.81, 'Pre_mbar': 873.4, 'Pr_mm_yr': 821.1, 'Pr_max_h': 13.17, 'Rsw_max': 1021.4, 'Ds_mean': 625.2, 'Ca': [399.9, 1135.2]}
    US-Me4: {'hours': 753864, 'calendar': 'proleptic_gregorian', 'humidity': 'hurs', 'cal_note': None, 'years': '2015-2100', 'Ta_C': [-26.6, 45.5], 'Ta_mean': 10.81, 'Pre_mbar': 908.3, 'Pr_mm_yr': 821.1, 'Pr_max_h': 13.17, 'Rsw_max': 1021.1, 'Ds_mean': 625.2, 'Ca': [399.9, 1135.2]}
    US-Me6: {'hours': 753864, 'calendar': 'proleptic_gregorian', 'humidity': 'hurs', 'cal_note': None, 'years': '2015-2100', 'Ta_C': [-26.6, 45.5], 'Ta_mean': 10.81, 'Pre_mbar': 900.2, 'Pr_mm_yr': 821.1, 'Pr_max_h': 13.17, 'Rsw_max': 1022.2, 'Ds_mean': 625.2, 'Ca': [399.9, 1135.2]}
    US-Me7: {'hours': 753864, 'calendar': 'proleptic_gregorian', 'humidity': 'hurs', 'cal_note': None, 'years': '2015-2100', 'Ta_C': [-26.6, 45.5], 'Ta_mean': 10.81, 'Pre_mbar': 873.4, 'Pr_mm_yr': 821.1, 'Pr_max_h': 13.17, 'Rsw_max': 1021.4, 'Ds_mean': 625.2, 'Ca': [399.9, 1135.2]}
    US-MtB: {'hours': 753864, 'calendar': 'proleptic_gregorian', 'humidity': 'hurs', 'cal_note': None, 'years': '2015-2100', 'Ta_C': [-14.3, 48.1], 'Ta_mean': 19.59, 'Pre_mbar': 746.8, 'Pr_mm_yr': 326.9, 'Pr_max_h': 13.09, 'Rsw_max': 1123.0, 'Ds_mean': 1953.8, 'Ca': [399.9, 1135.2]}
    US-NC2: {'hours': 753864, 'calendar': 'proleptic_gregorian', 'humidity': 'hurs', 'cal_note': None, 'years': '2015-2100', 'Ta_C': [-15.9, 45.4], 'Ta_mean': 19.12, 'Pre_mbar': 1012.6, 'Pr_mm_yr': 1358.8, 'Pr_max_h': 18.07, 'Rsw_max': 959.8, 'Ds_mean': 595.0, 'Ca': [399.9, 1135.2]}
    US-NC3: {'hours': 753864, 'calendar': 'proleptic_gregorian', 'humidity': 'hurs', 'cal_note': None, 'years': '2015-2100', 'Ta_C': [-15.9, 45.4], 'Ta_mean': 19.12, 'Pre_mbar': 1012.6, 'Pr_mm_yr': 1358.8, 'Pr_max_h': 18.07, 'Rsw_max': 959.8, 'Ds_mean': 595.0, 'Ca': [399.9, 1135.2]}
    US-NC5: {'hours': 753864, 'calendar': 'proleptic_gregorian', 'humidity': 'hurs', 'cal_note': None, 'years': '2015-2100', 'Ta_C': [-20.3, 51.5], 'Ta_mean': 18.24, 'Pre_mbar': 998.7, 'Pr_mm_yr': 1224.0, 'Pr_max_h': 15.4, 'Rsw_max': 966.9, 'Ds_mean': 658.0, 'Ca': [399.9, 1135.2]}
    US-NMj: {'hours': 753864, 'calendar': 'proleptic_gregorian', 'humidity': 'hurs', 'cal_note': None, 'years': '2015-2100', 'Ta_C': [-39.5, 42.1], 'Ta_mean': 7.81, 'Pre_mbar': 967.0, 'Pr_mm_yr': 803.3, 'Pr_max_h': 10.49, 'Rsw_max': 956.7, 'Ds_mean': 478.9, 'Ca': [399.9, 1135.2]}
    US-NR1: {'hours': 753864, 'calendar': 'proleptic_gregorian', 'humidity': 'hurs', 'cal_note': None, 'years': '2015-2100', 'Ta_C': [-44.1, 34.4], 'Ta_mean': 2.83, 'Pre_mbar': 705.8, 'Pr_mm_yr': 425.1, 'Pr_max_h': 8.38, 'Rsw_max': 1051.0, 'Ds_mean': 497.9, 'Ca': [399.9, 1135.2]}
    US-Oho: {'hours': 753864, 'calendar': 'proleptic_gregorian', 'humidity': 'hurs', 'cal_note': None, 'years': '2015-2100', 'Ta_C': [-23.8, 47.9], 'Ta_mean': 13.36, 'Pre_mbar': 986.0, 'Pr_mm_yr': 902.5, 'Pr_max_h': 10.25, 'Rsw_max': 977.4, 'Ds_mean': 629.3, 'Ca': [399.9, 1135.2]}
    US-PFL: {'hours': 753864, 'calendar': 'proleptic_gregorian', 'humidity': 'hurs', 'cal_note': None, 'years': '2015-2100', 'Ta_C': [-43.8, 43.8], 'Ta_mean': 8.27, 'Pre_mbar': 959.0, 'Pr_mm_yr': 817.5, 'Pr_max_h': 11.8, 'Rsw_max': 963.9, 'Ds_mean': 505.8, 'Ca': [399.9, 1135.2]}
    US-PFb: {'hours': 753864, 'calendar': 'proleptic_gregorian', 'humidity': 'hurs', 'cal_note': None, 'years': '2015-2100', 'Ta_C': [-43.8, 43.8], 'Ta_mean': 8.27, 'Pre_mbar': 957.9, 'Pr_mm_yr': 817.5, 'Pr_max_h': 11.8, 'Rsw_max': 963.7, 'Ds_mean': 505.8, 'Ca': [399.9, 1135.2]}
    US-PFc: {'hours': 753864, 'calendar': 'proleptic_gregorian', 'humidity': 'hurs', 'cal_note': None, 'years': '2015-2100', 'Ta_C': [-43.8, 43.8], 'Ta_mean': 8.27, 'Pre_mbar': 958.0, 'Pr_mm_yr': 817.5, 'Pr_max_h': 11.8, 'Rsw_max': 963.7, 'Ds_mean': 505.8, 'Ca': [399.9, 1135.2]}
    US-PFg: {'hours': 753864, 'calendar': 'proleptic_gregorian', 'humidity': 'hurs', 'cal_note': None, 'years': '2015-2100', 'Ta_C': [-43.8, 43.8], 'Ta_mean': 8.27, 'Pre_mbar': 957.8, 'Pr_mm_yr': 817.5, 'Pr_max_h': 11.8, 'Rsw_max': 963.7, 'Ds_mean': 505.8, 'Ca': [399.9, 1135.2]}
    US-PFh: {'hours': 753864, 'calendar': 'proleptic_gregorian', 'humidity': 'hurs', 'cal_note': None, 'years': '2015-2100', 'Ta_C': [-44.5, 43.7], 'Ta_mean': 8.0, 'Pre_mbar': 959.1, 'Pr_mm_yr': 826.6, 'Pr_max_h': 11.84, 'Rsw_max': 963.6, 'Ds_mean': 500.7, 'Ca': [399.9, 1135.2]}
    US-PFi: {'hours': 753864, 'calendar': 'proleptic_gregorian', 'humidity': 'hurs', 'cal_note': None, 'years': '2015-2100', 'Ta_C': [-44.5, 43.7], 'Ta_mean': 8.0, 'Pre_mbar': 956.3, 'Pr_mm_yr': 826.6, 'Pr_max_h': 11.84, 'Rsw_max': 963.5, 'Ds_mean': 500.7, 'Ca': [399.9, 1135.2]}
    US-PFj: {'hours': 753864, 'calendar': 'proleptic_gregorian', 'humidity': 'hurs', 'cal_note': None, 'years': '2015-2100', 'Ta_C': [-44.5, 43.7], 'Ta_mean': 8.0, 'Pre_mbar': 956.7, 'Pr_mm_yr': 826.6, 'Pr_max_h': 11.84, 'Rsw_max': 963.6, 'Ds_mean': 500.7, 'Ca': [399.9, 1135.2]}
    US-PFk: {'hours': 753864, 'calendar': 'proleptic_gregorian', 'humidity': 'hurs', 'cal_note': None, 'years': '2015-2100', 'Ta_C': [-43.8, 43.8], 'Ta_mean': 8.27, 'Pre_mbar': 957.7, 'Pr_mm_yr': 817.5, 'Pr_max_h': 11.8, 'Rsw_max': 964.0, 'Ds_mean': 505.8, 'Ca': [399.9, 1135.2]}
    US-PFm: {'hours': 753864, 'calendar': 'proleptic_gregorian', 'humidity': 'hurs', 'cal_note': None, 'years': '2015-2100', 'Ta_C': [-43.8, 43.8], 'Ta_mean': 8.27, 'Pre_mbar': 956.7, 'Pr_mm_yr': 817.5, 'Pr_max_h': 11.8, 'Rsw_max': 964.0, 'Ds_mean': 505.8, 'Ca': [399.9, 1135.2]}
    US-PFn: {'hours': 753864, 'calendar': 'proleptic_gregorian', 'humidity': 'hurs', 'cal_note': None, 'years': '2015-2100', 'Ta_C': [-43.8, 43.8], 'Ta_mean': 8.27, 'Pre_mbar': 957.4, 'Pr_mm_yr': 817.5, 'Pr_max_h': 11.8, 'Rsw_max': 963.9, 'Ds_mean': 505.8, 'Ca': [399.9, 1135.2]}
    US-PFp: {'hours': 753864, 'calendar': 'proleptic_gregorian', 'humidity': 'hurs', 'cal_note': None, 'years': '2015-2100', 'Ta_C': [-43.8, 43.8], 'Ta_mean': 8.27, 'Pre_mbar': 955.3, 'Pr_mm_yr': 817.5, 'Pr_max_h': 11.8, 'Rsw_max': 963.9, 'Ds_mean': 505.8, 'Ca': [399.9, 1135.2]}
    US-PFq: {'hours': 753864, 'calendar': 'proleptic_gregorian', 'humidity': 'hurs', 'cal_note': None, 'years': '2015-2100', 'Ta_C': [-44.5, 43.7], 'Ta_mean': 8.0, 'Pre_mbar': 958.0, 'Pr_mm_yr': 826.6, 'Pr_max_h': 11.84, 'Rsw_max': 963.8, 'Ds_mean': 500.7, 'Ca': [399.9, 1135.2]}
    US-PFs: {'hours': 753864, 'calendar': 'proleptic_gregorian', 'humidity': 'hurs', 'cal_note': None, 'years': '2015-2100', 'Ta_C': [-44.5, 43.7], 'Ta_mean': 8.0, 'Pre_mbar': 956.2, 'Pr_mm_yr': 826.6, 'Pr_max_h': 11.84, 'Rsw_max': 963.7, 'Ds_mean': 500.7, 'Ca': [399.9, 1135.2]}
    US-PFt: {'hours': 753864, 'calendar': 'proleptic_gregorian', 'humidity': 'hurs', 'cal_note': None, 'years': '2015-2100', 'Ta_C': [-44.5, 43.7], 'Ta_mean': 8.0, 'Pre_mbar': 958.8, 'Pr_mm_yr': 826.6, 'Pr_max_h': 11.84, 'Rsw_max': 963.8, 'Ds_mean': 500.7, 'Ca': [399.9, 1135.2]}
    US-SB1: {'hours': 753864, 'calendar': 'proleptic_gregorian', 'humidity': 'hurs', 'cal_note': None, 'years': '2015-2100', 'Ta_C': [-21.3, 49.2], 'Ta_mean': 16.8, 'Pre_mbar': 984.6, 'Pr_mm_yr': 1115.1, 'Pr_max_h': 15.53, 'Rsw_max': 980.2, 'Ds_mean': 666.2, 'Ca': [399.9, 1135.2]}
    US-SHC: {'hours': 753864, 'calendar': 'proleptic_gregorian', 'humidity': 'hurs', 'cal_note': None, 'years': '2015-2100', 'Ta_C': [-33.4, 43.2], 'Ta_mean': 10.58, 'Pre_mbar': 805.6, 'Pr_mm_yr': 776.9, 'Pr_max_h': 17.57, 'Rsw_max': 1073.2, 'Ds_mean': 870.3, 'Ca': [399.9, 1135.2]}
    US-SP1: {'hours': 753864, 'calendar': 'proleptic_gregorian', 'humidity': 'hurs', 'cal_note': None, 'years': '2015-2100', 'Ta_C': [-10.9, 46.6], 'Ta_mean': 23.82, 'Pre_mbar': 1007.3, 'Pr_mm_yr': 1406.5, 'Pr_max_h': 15.15, 'Rsw_max': 994.7, 'Ds_mean': 786.9, 'Ca': [399.9, 1135.2]}
    US-SP2: {'hours': 753864, 'calendar': 'proleptic_gregorian', 'humidity': 'hurs', 'cal_note': None, 'years': '2015-2100', 'Ta_C': [-10.8, 47.0], 'Ta_mean': 23.47, 'Pre_mbar': 1007.3, 'Pr_mm_yr': 1436.5, 'Pr_max_h': 14.52, 'Rsw_max': 991.0, 'Ds_mean': 768.5, 'Ca': [399.9, 1135.2]}
    US-SP3: {'hours': 753864, 'calendar': 'proleptic_gregorian', 'humidity': 'hurs', 'cal_note': None, 'years': '2015-2100', 'Ta_C': [-10.8, 47.0], 'Ta_mean': 23.47, 'Pre_mbar': 1007.3, 'Pr_mm_yr': 1436.5, 'Pr_max_h': 14.52, 'Rsw_max': 991.2, 'Ds_mean': 768.5, 'Ca': [399.9, 1135.2]}
    US-SP4: {'hours': 753864, 'calendar': 'proleptic_gregorian', 'humidity': 'hurs', 'cal_note': None, 'years': '2015-2100', 'Ta_C': [-10.8, 47.0], 'Ta_mean': 23.47, 'Pre_mbar': 1007.6, 'Pr_mm_yr': 1436.5, 'Pr_max_h': 14.52, 'Rsw_max': 990.9, 'Ds_mean': 768.5, 'Ca': [399.9, 1135.2]}
    US-SSH: {'hours': 753864, 'calendar': 'proleptic_gregorian', 'humidity': 'hurs', 'cal_note': None, 'years': '2015-2100', 'Ta_C': [-23.3, 48.2], 'Ta_mean': 13.36, 'Pre_mbar': 976.7, 'Pr_mm_yr': 1080.7, 'Pr_max_h': 13.07, 'Rsw_max': 971.2, 'Ds_mean': 574.7, 'Ca': [399.9, 1135.2]}
    US-Slt: {'hours': 753864, 'calendar': 'proleptic_gregorian', 'humidity': 'hurs', 'cal_note': None, 'years': '2015-2100', 'Ta_C': [-18.5, 44.2], 'Ta_mean': 15.74, 'Pre_mbar': 1009.7, 'Pr_mm_yr': 1255.7, 'Pr_max_h': 22.06, 'Rsw_max': 1023.0, 'Ds_mean': 568.5, 'Ca': [399.9, 1135.2]}
    US-TEF: {'hours': 753864, 'calendar': 'proleptic_gregorian', 'humidity': 'hurs', 'cal_note': None, 'years': '2015-2100', 'Ta_C': [-47.8, 42.3], 'Ta_mean': 6.81, 'Pre_mbar': 776.8, 'Pr_mm_yr': 384.7, 'Pr_max_h': 8.27, 'Rsw_max': 972.2, 'Ds_mean': 607.5, 'Ca': [399.9, 1135.2]}
    US-UMB: {'hours': 753864, 'calendar': 'proleptic_gregorian', 'humidity': 'hurs', 'cal_note': None, 'years': '2015-2100', 'Ta_C': [-33.3, 42.7], 'Ta_mean': 9.64, 'Pre_mbar': 985.5, 'Pr_mm_yr': 871.4, 'Pr_max_h': 11.5, 'Rsw_max': 956.9, 'Ds_mean': 514.1, 'Ca': [399.9, 1135.2]}
    US-UMd: {'hours': 753864, 'calendar': 'proleptic_gregorian', 'humidity': 'hurs', 'cal_note': None, 'years': '2015-2100', 'Ta_C': [-33.3, 42.7], 'Ta_mean': 9.64, 'Pre_mbar': 984.9, 'Pr_mm_yr': 871.4, 'Pr_max_h': 11.5, 'Rsw_max': 956.9, 'Ds_mean': 514.1, 'Ca': [399.9, 1135.2]}
    US-Vcm: {'hours': 753864, 'calendar': 'proleptic_gregorian', 'humidity': 'hurs', 'cal_note': None, 'years': '2015-2100', 'Ta_C': [-41.0, 40.6], 'Ta_mean': 8.07, 'Pre_mbar': 709.7, 'Pr_mm_yr': 428.9, 'Pr_max_h': 9.67, 'Rsw_max': 1111.2, 'Ds_mean': 808.9, 'Ca': [399.9, 1135.2]}
    US-Vcp: {'hours': 753864, 'calendar': 'proleptic_gregorian', 'humidity': 'hurs', 'cal_note': None, 'years': '2015-2100', 'Ta_C': [-41.0, 40.6], 'Ta_mean': 8.07, 'Pre_mbar': 749.6, 'Pr_mm_yr': 428.9, 'Pr_max_h': 9.67, 'Rsw_max': 1111.2, 'Ds_mean': 808.9, 'Ca': [399.9, 1135.2]}
    US-Vcs: {'hours': 753864, 'calendar': 'proleptic_gregorian', 'humidity': 'hurs', 'cal_note': None, 'years': '2015-2100', 'Ta_C': [-41.0, 40.6], 'Ta_mean': 8.07, 'Pre_mbar': 731.2, 'Pr_mm_yr': 428.9, 'Pr_max_h': 9.67, 'Rsw_max': 1110.8, 'Ds_mean': 808.9, 'Ca': [399.9, 1135.2]}
    US-WBW: {'hours': 753864, 'calendar': 'proleptic_gregorian', 'humidity': 'hurs', 'cal_note': None, 'years': '2015-2100', 'Ta_C': [-20.1, 48.1], 'Ta_mean': 17.58, 'Pre_mbar': 979.8, 'Pr_mm_yr': 1425.0, 'Pr_max_h': 15.82, 'Rsw_max': 1004.1, 'Ds_mean': 660.2, 'Ca': [399.9, 1135.2]}
    US-WCr: {'hours': 753864, 'calendar': 'proleptic_gregorian', 'humidity': 'hurs', 'cal_note': None, 'years': '2015-2100', 'Ta_C': [-44.5, 43.7], 'Ta_mean': 8.0, 'Pre_mbar': 952.7, 'Pr_mm_yr': 826.6, 'Pr_max_h': 11.84, 'Rsw_max': 964.5, 'Ds_mean': 500.7, 'Ca': [399.9, 1135.2]}
    US-Wi1: {'hours': 753864, 'calendar': 'proleptic_gregorian', 'humidity': 'hurs', 'cal_note': None, 'years': '2015-2100', 'Ta_C': [-43.5, 42.9], 'Ta_mean': 8.12, 'Pre_mbar': 971.8, 'Pr_mm_yr': 773.8, 'Pr_max_h': 11.55, 'Rsw_max': 956.6, 'Ds_mean': 478.8, 'Ca': [399.9, 1135.2]}
    US-Wi2: {'hours': 753864, 'calendar': 'proleptic_gregorian', 'humidity': 'hurs', 'cal_note': None, 'years': '2015-2100', 'Ta_C': [-43.5, 42.9], 'Ta_mean': 8.12, 'Pre_mbar': 966.9, 'Pr_mm_yr': 773.8, 'Pr_max_h': 11.55, 'Rsw_max': 956.8, 'Ds_mean': 478.8, 'Ca': [399.9, 1135.2]}
    US-Wi3: {'hours': 753864, 'calendar': 'proleptic_gregorian', 'humidity': 'hurs', 'cal_note': None, 'years': '2015-2100', 'Ta_C': [-43.5, 42.9], 'Ta_mean': 8.12, 'Pre_mbar': 965.1, 'Pr_mm_yr': 773.8, 'Pr_max_h': 11.55, 'Rsw_max': 957.1, 'Ds_mean': 478.8, 'Ca': [399.9, 1135.2]}
    US-Wi4: {'hours': 753864, 'calendar': 'proleptic_gregorian', 'humidity': 'hurs', 'cal_note': None, 'years': '2015-2100', 'Ta_C': [-43.5, 42.9], 'Ta_mean': 8.12, 'Pre_mbar': 971.8, 'Pr_mm_yr': 773.8, 'Pr_max_h': 11.55, 'Rsw_max': 956.5, 'Ds_mean': 478.8, 'Ca': [399.9, 1135.2]}
    US-Wrc: {'hours': 753864, 'calendar': 'proleptic_gregorian', 'humidity': 'hurs', 'cal_note': None, 'years': '2015-2100', 'Ta_C': [-25.5, 44.6], 'Ta_mean': 10.94, 'Pre_mbar': 969.6, 'Pr_mm_yr': 1977.3, 'Pr_max_h': 23.01, 'Rsw_max': 1011.5, 'Ds_mean': 525.7, 'Ca': [399.9, 1135.2]}
    US-xAB: {'hours': 753864, 'calendar': 'proleptic_gregorian', 'humidity': 'hurs', 'cal_note': None, 'years': '2015-2100', 'Ta_C': [-18.8, 44.3], 'Ta_mean': 13.11, 'Pre_mbar': 970.6, 'Pr_mm_yr': 1844.1, 'Pr_max_h': 21.72, 'Rsw_max': 1005.4, 'Ds_mean': 552.1, 'Ca': [399.9, 1135.2]}
    US-xBL: {'hours': 753864, 'calendar': 'proleptic_gregorian', 'humidity': 'hurs', 'cal_note': None, 'years': '2015-2100', 'Ta_C': [-22.5, 51.7], 'Ta_mean': 16.2, 'Pre_mbar': 991.5, 'Pr_mm_yr': 1066.4, 'Pr_max_h': 14.98, 'Rsw_max': 972.8, 'Ds_mean': 682.3, 'Ca': [399.9, 1135.2]}
    US-xBR: {'hours': 753864, 'calendar': 'proleptic_gregorian', 'humidity': 'hurs', 'cal_note': None, 'years': '2015-2100', 'Ta_C': [-35.2, 39.4], 'Ta_mean': 6.52, 'Pre_mbar': 985.8, 'Pr_mm_yr': 1438.2, 'Pr_max_h': 18.64, 'Rsw_max': 992.8, 'Ds_mean': 319.0, 'Ca': [399.9, 1135.2]}
    US-xGR: {'hours': 753864, 'calendar': 'proleptic_gregorian', 'humidity': 'hurs', 'cal_note': None, 'years': '2015-2100', 'Ta_C': [-24.4, 43.9], 'Ta_mean': 14.64, 'Pre_mbar': 946.0, 'Pr_mm_yr': 1502.6, 'Pr_max_h': 17.45, 'Rsw_max': 996.0, 'Ds_mean': 544.7, 'Ca': [399.9, 1135.2]}
    US-xHA: {'hours': 753864, 'calendar': 'proleptic_gregorian', 'humidity': 'hurs', 'cal_note': None, 'years': '2015-2100', 'Ta_C': [-31.4, 45.0], 'Ta_mean': 12.21, 'Pre_mbar': 971.9, 'Pr_mm_yr': 1203.3, 'Pr_max_h': 14.99, 'Rsw_max': 1006.6, 'Ds_mean': 501.0, 'Ca': [399.9, 1135.2]}
    US-xJE: {'hours': 753864, 'calendar': 'proleptic_gregorian', 'humidity': 'hurs', 'cal_note': None, 'years': '2015-2100', 'Ta_C': [-17.4, 51.8], 'Ta_mean': 21.88, 'Pre_mbar': 1008.0, 'Pr_mm_yr': 1472.8, 'Pr_max_h': 19.68, 'Rsw_max': 1008.5, 'Ds_mean': 758.2, 'Ca': [399.9, 1135.2]}
    US-xLE: {'hours': 753864, 'calendar': 'proleptic_gregorian', 'humidity': 'hurs', 'cal_note': None, 'years': '2015-2100', 'Ta_C': [-17.4, 50.3], 'Ta_mean': 21.35, 'Pre_mbar': 1010.9, 'Pr_mm_yr': 1591.3, 'Pr_max_h': 19.49, 'Rsw_max': 1036.2, 'Ds_mean': 753.7, 'Ca': [399.9, 1135.2]}
    US-xML: {'hours': 753864, 'calendar': 'proleptic_gregorian', 'humidity': 'hurs', 'cal_note': None, 'years': '2015-2100', 'Ta_C': [-24.7, 47.8], 'Ta_mean': 13.96, 'Pre_mbar': 886.6, 'Pr_mm_yr': 1115.5, 'Pr_max_h': 11.51, 'Rsw_max': 984.4, 'Ds_mean': 575.1, 'Ca': [399.9, 1135.2]}
    US-xNW: {'hours': 753864, 'calendar': 'proleptic_gregorian', 'humidity': 'hurs', 'cal_note': None, 'years': '2015-2100', 'Ta_C': [-44.1, 34.4], 'Ta_mean': 2.83, 'Pre_mbar': 668.1, 'Pr_mm_yr': 425.1, 'Pr_max_h': 8.38, 'Rsw_max': 1050.8, 'Ds_mean': 497.9, 'Ca': [399.9, 1135.2]}
    US-xRM: {'hours': 753864, 'calendar': 'proleptic_gregorian', 'humidity': 'hurs', 'cal_note': None, 'years': '2015-2100', 'Ta_C': [-42.5, 35.4], 'Ta_mean': 3.53, 'Pre_mbar': 731.9, 'Pr_mm_yr': 416.2, 'Pr_max_h': 7.59, 'Rsw_max': 1052.1, 'Ds_mean': 522.3, 'Ca': [399.9, 1135.2]}
    US-xRN: {'hours': 753864, 'calendar': 'proleptic_gregorian', 'humidity': 'hurs', 'cal_note': None, 'years': '2015-2100', 'Ta_C': [-20.1, 48.1], 'Ta_mean': 17.58, 'Pre_mbar': 973.9, 'Pr_mm_yr': 1425.0, 'Pr_max_h': 15.82, 'Rsw_max': 1004.1, 'Ds_mean': 660.2, 'Ca': [399.9, 1135.2]}
    US-xSB: {'hours': 753864, 'calendar': 'proleptic_gregorian', 'humidity': 'hurs', 'cal_note': None, 'years': '2015-2100', 'Ta_C': [-12.0, 45.9], 'Ta_mean': 23.87, 'Pre_mbar': 1007.9, 'Pr_mm_yr': 1413.2, 'Pr_max_h': 14.7, 'Rsw_max': 991.1, 'Ds_mean': 788.9, 'Ca': [399.9, 1135.2]}
    US-xSC: {'hours': 753864, 'calendar': 'proleptic_gregorian', 'humidity': 'hurs', 'cal_note': None, 'years': '2015-2100', 'Ta_C': [-23.0, 51.5], 'Ta_mean': 16.03, 'Pre_mbar': 970.8, 'Pr_mm_yr': 1078.4, 'Pr_max_h': 15.99, 'Rsw_max': 975.4, 'Ds_mean': 673.3, 'Ca': [399.9, 1135.2]}
    US-xSE: {'hours': 753864, 'calendar': 'proleptic_gregorian', 'humidity': 'hurs', 'cal_note': None, 'years': '2015-2100', 'Ta_C': [-20.9, 49.6], 'Ta_mean': 17.4, 'Pre_mbar': 1011.4, 'Pr_mm_yr': 1178.2, 'Pr_max_h': 23.54, 'Rsw_max': 966.0, 'Ds_mean': 646.8, 'Ca': [399.9, 1135.2]}
    US-xSP: {'hours': 753864, 'calendar': 'proleptic_gregorian', 'humidity': 'hurs', 'cal_note': None, 'years': '2015-2100', 'Ta_C': [-21.8, 47.9], 'Ta_mean': 16.62, 'Pre_mbar': 883.1, 'Pr_mm_yr': 639.9, 'Pr_max_h': 22.77, 'Rsw_max': 1082.1, 'Ds_mean': 1252.3, 'Ca': [399.9, 1135.2]}
    US-xST: {'hours': 753864, 'calendar': 'proleptic_gregorian', 'humidity': 'hurs', 'cal_note': None, 'years': '2015-2100', 'Ta_C': [-44.7, 43.6], 'Ta_mean': 7.99, 'Pre_mbar': 957.1, 'Pr_mm_yr': 834.5, 'Pr_max_h': 12.72, 'Rsw_max': 970.6, 'Ds_mean': 505.9, 'Ca': [399.9, 1135.2]}
    US-xTA: {'hours': 753864, 'calendar': 'proleptic_gregorian', 'humidity': 'hurs', 'cal_note': None, 'years': '2015-2100', 'Ta_C': [-18.1, 48.9], 'Ta_mean': 20.47, 'Pre_mbar': 997.2, 'Pr_mm_yr': 1466.4, 'Pr_max_h': 18.85, 'Rsw_max': 1038.6, 'Ds_mean': 719.8, 'Ca': [399.9, 1135.2]}
    US-xTE: {'hours': 753864, 'calendar': 'proleptic_gregorian', 'humidity': 'hurs', 'cal_note': None, 'years': '2015-2100', 'Ta_C': [-30.9, 41.0], 'Ta_mean': 10.02, 'Pre_mbar': 785.5, 'Pr_mm_yr': 691.5, 'Pr_max_h': 27.16, 'Rsw_max': 1083.0, 'Ds_mean': 868.9, 'Ca': [399.9, 1135.2]}
    US-xTR: {'hours': 753864, 'calendar': 'proleptic_gregorian', 'humidity': 'hurs', 'cal_note': None, 'years': '2015-2100', 'Ta_C': [-46.0, 43.9], 'Ta_mean': 8.26, 'Pre_mbar': 958.1, 'Pr_mm_yr': 843.9, 'Pr_max_h': 14.0, 'Rsw_max': 973.3, 'Ds_mean': 517.9, 'Ca': [399.9, 1135.2]}
    US-xUK: {'hours': 753864, 'calendar': 'proleptic_gregorian', 'humidity': 'hurs', 'cal_note': None, 'years': '2015-2100', 'Ta_C': [-33.1, 47.4], 'Ta_mean': 16.67, 'Pre_mbar': 973.8, 'Pr_mm_yr': 914.2, 'Pr_max_h': 16.23, 'Rsw_max': 1024.9, 'Ds_mean': 860.8, 'Ca': [399.9, 1135.2]}
    US-xWR: {'hours': 753864, 'calendar': 'proleptic_gregorian', 'humidity': 'hurs', 'cal_note': None, 'years': '2015-2100', 'Ta_C': [-25.5, 44.6], 'Ta_mean': 10.94, 'Pre_mbar': 965.5, 'Pr_mm_yr': 1977.3, 'Pr_max_h': 23.01, 'Rsw_max': 1011.5, 'Ds_mean': 525.7, 'Ca': [399.9, 1135.2]}
    US-xYE: {'hours': 753864, 'calendar': 'proleptic_gregorian', 'humidity': 'hurs', 'cal_note': None, 'years': '2015-2100', 'Ta_C': [-42.8, 41.2], 'Ta_mean': 6.61, 'Pre_mbar': 788.4, 'Pr_mm_yr': 544.6, 'Pr_max_h': 8.91, 'Rsw_max': 1016.1, 'Ds_mean': 645.9, 'Ca': [399.9, 1135.2]}
    -> 101/101 built

  MRI-ESM2-0 historical (ECS 3.2 K): 12784 days, 101 stations
    US-Bar: {'hours': 306816, 'calendar': 'proleptic_gregorian', 'humidity': 'hurs', 'cal_note': None, 'years': '1980-2014', 'Ta_C': [-38.5, 33.6], 'Ta_mean': 3.31, 'Pre_mbar': 981.1, 'Pr_mm_yr': 1373.0, 'Pr_max_h': 21.43, 'Rsw_max': 987.1, 'Ds_mean': 236.0, 'Ca': [338.7, 397.5]}
    US-Blk: {'hours': 306816, 'calendar': 'proleptic_gregorian', 'humidity': 'hurs', 'cal_note': None, 'years': '1980-2014', 'Ta_C': [-56.2, 40.2], 'Ta_mean': 6.17, 'Pre_mbar': 826.5, 'Pr_mm_yr': 431.9, 'Pr_max_h': 10.76, 'Rsw_max': 990.7, 'Ds_mean': 561.0, 'Ca': [338.7, 397.5]}
    US-CPF: {'hours': 306816, 'calendar': 'proleptic_gregorian', 'humidity': 'hurs', 'cal_note': None, 'years': '1980-2014', 'Ta_C': [-49.8, 34.7], 'Ta_mean': 0.67, 'Pre_mbar': 701.6, 'Pr_mm_yr': 420.3, 'Pr_max_h': 7.39, 'Rsw_max': 1057.2, 'Ds_mean': 408.2, 'Ca': [338.7, 397.5]}
    US-CPk: {'hours': 306816, 'calendar': 'proleptic_gregorian', 'humidity': 'hurs', 'cal_note': None, 'years': '1980-2014', 'Ta_C': [-47.1, 35.0], 'Ta_mean': 3.02, 'Pre_mbar': 731.3, 'Pr_mm_yr': 372.2, 'Pr_max_h': 6.84, 'Rsw_max': 1052.1, 'Ds_mean': 481.7, 'Ca': [338.7, 397.5]}
    US-CRK: {'hours': 306816, 'calendar': 'proleptic_gregorian', 'humidity': 'hurs', 'cal_note': None, 'years': '1980-2014', 'Ta_C': [-20.6, 45.6], 'Ta_mean': 19.54, 'Pre_mbar': 995.3, 'Pr_mm_yr': 1155.3, 'Pr_max_h': 14.92, 'Rsw_max': 1042.5, 'Ds_mean': 778.1, 'Ca': [338.7, 397.5]}
    US-CS2: {'hours': 306816, 'calendar': 'proleptic_gregorian', 'humidity': 'hurs', 'cal_note': None, 'years': '1980-2014', 'Ta_C': [-43.5, 39.3], 'Ta_mean': 7.11, 'Pre_mbar': 974.6, 'Pr_mm_yr': 803.4, 'Pr_max_h': 8.44, 'Rsw_max': 972.0, 'Ds_mean': 379.5, 'Ca': [338.7, 397.5]}
    US-CZ2: {'hours': 306816, 'calendar': 'proleptic_gregorian', 'humidity': 'hurs', 'cal_note': None, 'years': '1980-2014', 'Ta_C': [-22.6, 43.6], 'Ta_mean': 14.47, 'Pre_mbar': 883.1, 'Pr_mm_yr': 614.6, 'Pr_max_h': 22.66, 'Rsw_max': 1087.5, 'Ds_mean': 1074.3, 'Ca': [338.7, 397.5]}
    US-CZ3: {'hours': 306816, 'calendar': 'proleptic_gregorian', 'humidity': 'hurs', 'cal_note': None, 'years': '1980-2014', 'Ta_C': [-30.4, 36.8], 'Ta_mean': 7.84, 'Pre_mbar': 797.9, 'Pr_mm_yr': 653.6, 'Pr_max_h': 25.4, 'Rsw_max': 1086.7, 'Ds_mean': 738.7, 'Ca': [338.7, 397.5]}
    US-CZ4: {'hours': 306816, 'calendar': 'proleptic_gregorian', 'humidity': 'hurs', 'cal_note': None, 'years': '1980-2014', 'Ta_C': [-33.6, 32.8], 'Ta_mean': 4.55, 'Pre_mbar': 734.8, 'Pr_mm_yr': 695.1, 'Pr_max_h': 28.19, 'Rsw_max': 1087.8, 'Ds_mean': 613.1, 'Ca': [338.7, 397.5]}
    US-ChR: {'hours': 306816, 'calendar': 'proleptic_gregorian', 'humidity': 'hurs', 'cal_note': None, 'years': '1980-2014', 'Ta_C': [-29.7, 43.3], 'Ta_mean': 15.08, 'Pre_mbar': 979.5, 'Pr_mm_yr': 1366.3, 'Pr_max_h': 13.1, 'Rsw_max': 989.7, 'Ds_mean': 469.2, 'Ca': [338.7, 397.5]}
    US-Cst: {'hours': 306816, 'calendar': 'proleptic_gregorian', 'humidity': 'hurs', 'cal_note': None, 'years': '1980-2014', 'Ta_C': [-28.7, 43.3], 'Ta_mean': 18.27, 'Pre_mbar': 1007.3, 'Pr_mm_yr': 1355.7, 'Pr_max_h': 23.44, 'Rsw_max': 1047.5, 'Ds_mean': 625.3, 'Ca': [338.7, 397.5]}
    US-Cwt: {'hours': 306816, 'calendar': 'proleptic_gregorian', 'humidity': 'hurs', 'cal_note': None, 'years': '1980-2014', 'Ta_C': [-32.3, 40.0], 'Ta_mean': 12.94, 'Pre_mbar': 933.7, 'Pr_mm_yr': 1711.2, 'Pr_max_h': 18.21, 'Rsw_max': 989.6, 'Ds_mean': 413.0, 'Ca': [338.7, 397.5]}
    US-DPP: {'hours': 306816, 'calendar': 'proleptic_gregorian', 'humidity': 'hurs', 'cal_note': None, 'years': '1980-2014', 'Ta_C': [-11.7, 49.4], 'Ta_mean': 23.26, 'Pre_mbar': 1010.5, 'Pr_mm_yr': 1240.9, 'Pr_max_h': 9.72, 'Rsw_max': 975.8, 'Ds_mean': 758.5, 'Ca': [338.7, 397.5]}
    US-Dk2: {'hours': 306816, 'calendar': 'proleptic_gregorian', 'humidity': 'hurs', 'cal_note': None, 'years': '1980-2014', 'Ta_C': [-29.1, 47.5], 'Ta_mean': 15.74, 'Pre_mbar': 993.3, 'Pr_mm_yr': 1151.5, 'Pr_max_h': 13.32, 'Rsw_max': 970.0, 'Ds_mean': 507.3, 'Ca': [338.7, 397.5]}
    US-Dk3: {'hours': 306816, 'calendar': 'proleptic_gregorian', 'humidity': 'hurs', 'cal_note': None, 'years': '1980-2014', 'Ta_C': [-29.1, 47.5], 'Ta_mean': 15.74, 'Pre_mbar': 993.9, 'Pr_mm_yr': 1151.5, 'Pr_max_h': 13.32, 'Rsw_max': 970.0, 'Ds_mean': 507.3, 'Ca': [338.7, 397.5]}
    US-Fmf: {'hours': 306816, 'calendar': 'proleptic_gregorian', 'humidity': 'hurs', 'cal_note': None, 'years': '1980-2014', 'Ta_C': [-34.4, 38.5], 'Ta_mean': 9.43, 'Pre_mbar': 784.3, 'Pr_mm_yr': 462.6, 'Pr_max_h': 12.47, 'Rsw_max': 1082.6, 'Ds_mean': 922.1, 'Ca': [338.7, 397.5]}
    US-Fuf: {'hours': 306816, 'calendar': 'proleptic_gregorian', 'humidity': 'hurs', 'cal_note': None, 'years': '1980-2014', 'Ta_C': [-33.8, 37.9], 'Ta_mean': 9.48, 'Pre_mbar': 782.5, 'Pr_mm_yr': 495.9, 'Pr_max_h': 12.94, 'Rsw_max': 1081.5, 'Ds_mean': 923.2, 'Ca': [338.7, 397.5]}
    US-GBT: {'hours': 306816, 'calendar': 'proleptic_gregorian', 'humidity': 'hurs', 'cal_note': None, 'years': '1980-2014', 'Ta_C': [-46.6, 33.8], 'Ta_mean': 2.87, 'Pre_mbar': 694.1, 'Pr_mm_yr': 342.6, 'Pr_max_h': 6.59, 'Rsw_max': 1046.4, 'Ds_mean': 476.2, 'Ca': [338.7, 397.5]}
    US-GLE: {'hours': 306816, 'calendar': 'proleptic_gregorian', 'humidity': 'hurs', 'cal_note': None, 'years': '1980-2014', 'Ta_C': [-46.6, 33.8], 'Ta_mean': 2.87, 'Pre_mbar': 693.6, 'Pr_mm_yr': 342.6, 'Pr_max_h': 6.59, 'Rsw_max': 1046.4, 'Ds_mean': 476.2, 'Ca': [338.7, 397.5]}
    US-HB2: {'hours': 306816, 'calendar': 'proleptic_gregorian', 'humidity': 'hurs', 'cal_note': None, 'years': '1980-2014', 'Ta_C': [-17.9, 40.8], 'Ta_mean': 18.99, 'Pre_mbar': 1012.7, 'Pr_mm_yr': 1283.9, 'Pr_max_h': 10.37, 'Rsw_max': 952.7, 'Ds_mean': 547.3, 'Ca': [338.7, 397.5]}
    US-HB3: {'hours': 306816, 'calendar': 'proleptic_gregorian', 'humidity': 'hurs', 'cal_note': None, 'years': '1980-2014', 'Ta_C': [-17.9, 40.8], 'Ta_mean': 18.99, 'Pre_mbar': 1012.4, 'Pr_mm_yr': 1283.9, 'Pr_max_h': 10.37, 'Rsw_max': 952.6, 'Ds_mean': 547.3, 'Ca': [338.7, 397.5]}
    US-HBK: {'hours': 306816, 'calendar': 'proleptic_gregorian', 'humidity': 'hurs', 'cal_note': None, 'years': '1980-2014', 'Ta_C': [-36.5, 37.4], 'Ta_mean': 5.88, 'Pre_mbar': 970.1, 'Pr_mm_yr': 1220.3, 'Pr_max_h': 18.61, 'Rsw_max': 988.6, 'Ds_mean': 291.2, 'Ca': [338.7, 397.5]}
    US-Ha1: {'hours': 306816, 'calendar': 'proleptic_gregorian', 'humidity': 'hurs', 'cal_note': None, 'years': '1980-2014', 'Ta_C': [-36.8, 39.6], 'Ta_mean': 9.05, 'Pre_mbar': 973.2, 'Pr_mm_yr': 1163.5, 'Pr_max_h': 14.1, 'Rsw_max': 1002.6, 'Ds_mean': 370.8, 'Ca': [338.7, 397.5]}
    US-Ha2: {'hours': 306816, 'calendar': 'proleptic_gregorian', 'humidity': 'hurs', 'cal_note': None, 'years': '1980-2014', 'Ta_C': [-36.8, 39.6], 'Ta_mean': 9.05, 'Pre_mbar': 970.9, 'Pr_mm_yr': 1163.5, 'Pr_max_h': 14.1, 'Rsw_max': 1002.6, 'Ds_mean': 370.8, 'Ca': [338.7, 397.5]}
    US-Ho1: {'hours': 306816, 'calendar': 'proleptic_gregorian', 'humidity': 'hurs', 'cal_note': None, 'years': '1980-2014', 'Ta_C': [-31.9, 36.7], 'Ta_mean': 6.48, 'Pre_mbar': 1006.1, 'Pr_mm_yr': 1114.1, 'Pr_max_h': 10.87, 'Rsw_max': 989.4, 'Ds_mean': 301.2, 'Ca': [338.7, 397.5]}
    US-Ho2: {'hours': 306816, 'calendar': 'proleptic_gregorian', 'humidity': 'hurs', 'cal_note': None, 'years': '1980-2014', 'Ta_C': [-31.9, 36.7], 'Ta_mean': 6.48, 'Pre_mbar': 1005.9, 'Pr_mm_yr': 1114.1, 'Pr_max_h': 10.87, 'Rsw_max': 989.3, 'Ds_mean': 301.2, 'Ca': [338.7, 397.5]}
    US-Ho3: {'hours': 306816, 'calendar': 'proleptic_gregorian', 'humidity': 'hurs', 'cal_note': None, 'years': '1980-2014', 'Ta_C': [-31.9, 36.7], 'Ta_mean': 6.48, 'Pre_mbar': 1005.9, 'Pr_mm_yr': 1114.1, 'Pr_max_h': 10.87, 'Rsw_max': 989.3, 'Ds_mean': 301.2, 'Ca': [338.7, 397.5]}
    US-LPH: {'hours': 306816, 'calendar': 'proleptic_gregorian', 'humidity': 'hurs', 'cal_note': None, 'years': '1980-2014', 'Ta_C': [-36.8, 39.6], 'Ta_mean': 9.05, 'Pre_mbar': 968.9, 'Pr_mm_yr': 1163.5, 'Pr_max_h': 14.1, 'Rsw_max': 1002.6, 'Ds_mean': 370.8, 'Ca': [338.7, 397.5]}
    US-MEF: {'hours': 306816, 'calendar': 'proleptic_gregorian', 'humidity': 'hurs', 'cal_note': None, 'years': '1980-2014', 'Ta_C': [-41.7, 33.0], 'Ta_mean': 5.31, 'Pre_mbar': 765.3, 'Pr_mm_yr': 411.0, 'Pr_max_h': 6.8, 'Rsw_max': 1065.3, 'Ds_mean': 519.5, 'Ca': [338.7, 397.5]}
    US-MMS: {'hours': 306816, 'calendar': 'proleptic_gregorian', 'humidity': 'hurs', 'cal_note': None, 'years': '1980-2014', 'Ta_C': [-32.6, 44.6], 'Ta_mean': 12.25, 'Pre_mbar': 980.7, 'Pr_mm_yr': 1098.4, 'Pr_max_h': 9.75, 'Rsw_max': 992.8, 'Ds_mean': 417.7, 'Ca': [338.7, 397.5]}
    US-MOz: {'hours': 306816, 'calendar': 'proleptic_gregorian', 'humidity': 'hurs', 'cal_note': None, 'years': '1980-2014', 'Ta_C': [-36.4, 45.0], 'Ta_mean': 13.44, 'Pre_mbar': 987.2, 'Pr_mm_yr': 1027.6, 'Pr_max_h': 12.97, 'Rsw_max': 1024.9, 'Ds_mean': 500.5, 'Ca': [338.7, 397.5]}
    US-MRf: {'hours': 306816, 'calendar': 'proleptic_gregorian', 'humidity': 'hurs', 'cal_note': None, 'years': '1980-2014', 'Ta_C': [-21.1, 37.2], 'Ta_mean': 11.13, 'Pre_mbar': 982.1, 'Pr_mm_yr': 1409.9, 'Pr_max_h': 13.98, 'Rsw_max': 1013.0, 'Ds_mean': 392.7, 'Ca': [338.7, 397.5]}
    US-Me1: {'hours': 306816, 'calendar': 'proleptic_gregorian', 'humidity': 'hurs', 'cal_note': None, 'years': '1980-2014', 'Ta_C': [-30.5, 36.9], 'Ta_mean': 7.84, 'Pre_mbar': 911.1, 'Pr_mm_yr': 906.9, 'Pr_max_h': 13.55, 'Rsw_max': 1018.4, 'Ds_mean': 449.4, 'Ca': [338.7, 397.5]}
    US-Me2: {'hours': 306816, 'calendar': 'proleptic_gregorian', 'humidity': 'hurs', 'cal_note': None, 'years': '1980-2014', 'Ta_C': [-31.8, 38.2], 'Ta_mean': 8.69, 'Pre_mbar': 873.4, 'Pr_mm_yr': 783.8, 'Pr_max_h': 13.29, 'Rsw_max': 1021.9, 'Ds_mean': 490.2, 'Ca': [338.7, 397.5]}
    US-Me4: {'hours': 306816, 'calendar': 'proleptic_gregorian', 'humidity': 'hurs', 'cal_note': None, 'years': '1980-2014', 'Ta_C': [-31.8, 38.2], 'Ta_mean': 8.69, 'Pre_mbar': 908.3, 'Pr_mm_yr': 783.8, 'Pr_max_h': 13.29, 'Rsw_max': 1021.6, 'Ds_mean': 490.2, 'Ca': [338.7, 397.5]}
    US-Me6: {'hours': 306816, 'calendar': 'proleptic_gregorian', 'humidity': 'hurs', 'cal_note': None, 'years': '1980-2014', 'Ta_C': [-31.8, 38.2], 'Ta_mean': 8.69, 'Pre_mbar': 900.2, 'Pr_mm_yr': 783.8, 'Pr_max_h': 13.29, 'Rsw_max': 1022.7, 'Ds_mean': 490.2, 'Ca': [338.7, 397.5]}
    US-Me7: {'hours': 306816, 'calendar': 'proleptic_gregorian', 'humidity': 'hurs', 'cal_note': None, 'years': '1980-2014', 'Ta_C': [-31.8, 38.2], 'Ta_mean': 8.69, 'Pre_mbar': 873.4, 'Pr_mm_yr': 783.8, 'Pr_max_h': 13.29, 'Rsw_max': 1021.9, 'Ds_mean': 490.2, 'Ca': [338.7, 397.5]}
    US-MtB: {'hours': 306816, 'calendar': 'proleptic_gregorian', 'humidity': 'hurs', 'cal_note': None, 'years': '1980-2014', 'Ta_C': [-11.1, 43.4], 'Ta_mean': 17.0, 'Pre_mbar': 746.8, 'Pr_mm_yr': 378.0, 'Pr_max_h': 11.61, 'Rsw_max': 1110.1, 'Ds_mean': 1597.0, 'Ca': [338.7, 397.5]}
    US-NC2: {'hours': 306816, 'calendar': 'proleptic_gregorian', 'humidity': 'hurs', 'cal_note': None, 'years': '1980-2014', 'Ta_C': [-21.1, 43.0], 'Ta_mean': 16.8, 'Pre_mbar': 1012.6, 'Pr_mm_yr': 1267.3, 'Pr_max_h': 15.12, 'Rsw_max': 960.1, 'Ds_mean': 503.9, 'Ca': [338.7, 397.5]}
    US-NC3: {'hours': 306816, 'calendar': 'proleptic_gregorian', 'humidity': 'hurs', 'cal_note': None, 'years': '1980-2014', 'Ta_C': [-21.1, 43.0], 'Ta_mean': 16.8, 'Pre_mbar': 1012.6, 'Pr_mm_yr': 1267.3, 'Pr_max_h': 15.12, 'Rsw_max': 960.1, 'Ds_mean': 503.9, 'Ca': [338.7, 397.5]}
    US-NC5: {'hours': 306816, 'calendar': 'proleptic_gregorian', 'humidity': 'hurs', 'cal_note': None, 'years': '1980-2014', 'Ta_C': [-29.5, 46.4], 'Ta_mean': 15.6, 'Pre_mbar': 998.7, 'Pr_mm_yr': 1134.0, 'Pr_max_h': 13.75, 'Rsw_max': 971.7, 'Ds_mean': 512.9, 'Ca': [338.7, 397.5]}
    US-NMj: {'hours': 306816, 'calendar': 'proleptic_gregorian', 'humidity': 'hurs', 'cal_note': None, 'years': '1980-2014', 'Ta_C': [-51.5, 35.9], 'Ta_mean': 4.58, 'Pre_mbar': 967.0, 'Pr_mm_yr': 782.6, 'Pr_max_h': 8.86, 'Rsw_max': 951.2, 'Ds_mean': 341.9, 'Ca': [338.7, 397.5]}
    US-NR1: {'hours': 306816, 'calendar': 'proleptic_gregorian', 'humidity': 'hurs', 'cal_note': None, 'years': '1980-2014', 'Ta_C': [-48.3, 32.5], 'Ta_mean': 0.31, 'Pre_mbar': 705.8, 'Pr_mm_yr': 435.3, 'Pr_max_h': 7.18, 'Rsw_max': 1058.2, 'Ds_mean': 388.7, 'Ca': [338.7, 397.5]}
    US-Oho: {'hours': 306816, 'calendar': 'proleptic_gregorian', 'humidity': 'hurs', 'cal_note': None, 'years': '1980-2014', 'Ta_C': [-31.0, 41.3], 'Ta_mean': 10.25, 'Pre_mbar': 986.0, 'Pr_mm_yr': 887.8, 'Pr_max_h': 7.02, 'Rsw_max': 970.9, 'Ds_mean': 426.9, 'Ca': [338.7, 397.5]}
    US-PFL: {'hours': 306816, 'calendar': 'proleptic_gregorian', 'humidity': 'hurs', 'cal_note': None, 'years': '1980-2014', 'Ta_C': [-44.3, 36.8], 'Ta_mean': 5.11, 'Pre_mbar': 959.0, 'Pr_mm_yr': 786.0, 'Pr_max_h': 11.14, 'Rsw_max': 957.8, 'Ds_mean': 341.0, 'Ca': [338.7, 397.5]}
    US-PFb: {'hours': 306816, 'calendar': 'proleptic_gregorian', 'humidity': 'hurs', 'cal_note': None, 'years': '1980-2014', 'Ta_C': [-44.3, 36.8], 'Ta_mean': 5.11, 'Pre_mbar': 957.9, 'Pr_mm_yr': 786.0, 'Pr_max_h': 11.14, 'Rsw_max': 957.6, 'Ds_mean': 341.0, 'Ca': [338.7, 397.5]}
    US-PFc: {'hours': 306816, 'calendar': 'proleptic_gregorian', 'humidity': 'hurs', 'cal_note': None, 'years': '1980-2014', 'Ta_C': [-44.3, 36.8], 'Ta_mean': 5.11, 'Pre_mbar': 958.0, 'Pr_mm_yr': 786.0, 'Pr_max_h': 11.14, 'Rsw_max': 957.6, 'Ds_mean': 341.0, 'Ca': [338.7, 397.5]}
    US-PFg: {'hours': 306816, 'calendar': 'proleptic_gregorian', 'humidity': 'hurs', 'cal_note': None, 'years': '1980-2014', 'Ta_C': [-44.3, 36.8], 'Ta_mean': 5.11, 'Pre_mbar': 957.8, 'Pr_mm_yr': 786.0, 'Pr_max_h': 11.14, 'Rsw_max': 957.6, 'Ds_mean': 341.0, 'Ca': [338.7, 397.5]}
    US-PFh: {'hours': 306816, 'calendar': 'proleptic_gregorian', 'humidity': 'hurs', 'cal_note': None, 'years': '1980-2014', 'Ta_C': [-45.7, 36.6], 'Ta_mean': 4.84, 'Pre_mbar': 959.1, 'Pr_mm_yr': 793.2, 'Pr_max_h': 11.6, 'Rsw_max': 959.5, 'Ds_mean': 338.7, 'Ca': [338.7, 397.5]}
    US-PFi: {'hours': 306816, 'calendar': 'proleptic_gregorian', 'humidity': 'hurs', 'cal_note': None, 'years': '1980-2014', 'Ta_C': [-45.7, 36.6], 'Ta_mean': 4.84, 'Pre_mbar': 956.3, 'Pr_mm_yr': 793.2, 'Pr_max_h': 11.6, 'Rsw_max': 959.3, 'Ds_mean': 338.7, 'Ca': [338.7, 397.5]}
    US-PFj: {'hours': 306816, 'calendar': 'proleptic_gregorian', 'humidity': 'hurs', 'cal_note': None, 'years': '1980-2014', 'Ta_C': [-45.7, 36.6], 'Ta_mean': 4.84, 'Pre_mbar': 956.7, 'Pr_mm_yr': 793.2, 'Pr_max_h': 11.6, 'Rsw_max': 959.4, 'Ds_mean': 338.7, 'Ca': [338.7, 397.5]}
    US-PFk: {'hours': 306816, 'calendar': 'proleptic_gregorian', 'humidity': 'hurs', 'cal_note': None, 'years': '1980-2014', 'Ta_C': [-44.3, 36.8], 'Ta_mean': 5.11, 'Pre_mbar': 957.7, 'Pr_mm_yr': 786.0, 'Pr_max_h': 11.14, 'Rsw_max': 957.9, 'Ds_mean': 341.0, 'Ca': [338.7, 397.5]}
    US-PFm: {'hours': 306816, 'calendar': 'proleptic_gregorian', 'humidity': 'hurs', 'cal_note': None, 'years': '1980-2014', 'Ta_C': [-44.3, 36.8], 'Ta_mean': 5.11, 'Pre_mbar': 956.7, 'Pr_mm_yr': 786.0, 'Pr_max_h': 11.14, 'Rsw_max': 957.9, 'Ds_mean': 341.0, 'Ca': [338.7, 397.5]}
    US-PFn: {'hours': 306816, 'calendar': 'proleptic_gregorian', 'humidity': 'hurs', 'cal_note': None, 'years': '1980-2014', 'Ta_C': [-44.3, 36.8], 'Ta_mean': 5.11, 'Pre_mbar': 957.4, 'Pr_mm_yr': 786.0, 'Pr_max_h': 11.14, 'Rsw_max': 957.8, 'Ds_mean': 341.0, 'Ca': [338.7, 397.5]}
    US-PFp: {'hours': 306816, 'calendar': 'proleptic_gregorian', 'humidity': 'hurs', 'cal_note': None, 'years': '1980-2014', 'Ta_C': [-44.3, 36.8], 'Ta_mean': 5.11, 'Pre_mbar': 955.3, 'Pr_mm_yr': 786.0, 'Pr_max_h': 11.14, 'Rsw_max': 957.8, 'Ds_mean': 341.0, 'Ca': [338.7, 397.5]}
    US-PFq: {'hours': 306816, 'calendar': 'proleptic_gregorian', 'humidity': 'hurs', 'cal_note': None, 'years': '1980-2014', 'Ta_C': [-45.7, 36.6], 'Ta_mean': 4.84, 'Pre_mbar': 958.0, 'Pr_mm_yr': 793.2, 'Pr_max_h': 11.6, 'Rsw_max': 959.6, 'Ds_mean': 338.7, 'Ca': [338.7, 397.5]}
    US-PFs: {'hours': 306816, 'calendar': 'proleptic_gregorian', 'humidity': 'hurs', 'cal_note': None, 'years': '1980-2014', 'Ta_C': [-45.7, 36.6], 'Ta_mean': 4.84, 'Pre_mbar': 956.2, 'Pr_mm_yr': 793.2, 'Pr_max_h': 11.6, 'Rsw_max': 959.6, 'Ds_mean': 338.7, 'Ca': [338.7, 397.5]}
    US-PFt: {'hours': 306816, 'calendar': 'proleptic_gregorian', 'humidity': 'hurs', 'cal_note': None, 'years': '1980-2014', 'Ta_C': [-45.7, 36.6], 'Ta_mean': 4.84, 'Pre_mbar': 958.8, 'Pr_mm_yr': 793.2, 'Pr_max_h': 11.6, 'Rsw_max': 959.7, 'Ds_mean': 338.7, 'Ca': [338.7, 397.5]}
    US-SB1: {'hours': 306816, 'calendar': 'proleptic_gregorian', 'humidity': 'hurs', 'cal_note': None, 'years': '1980-2014', 'Ta_C': [-30.0, 47.3], 'Ta_mean': 14.18, 'Pre_mbar': 984.6, 'Pr_mm_yr': 1035.4, 'Pr_max_h': 12.45, 'Rsw_max': 970.5, 'Ds_mean': 499.9, 'Ca': [338.7, 397.5]}
    US-SHC: {'hours': 306816, 'calendar': 'proleptic_gregorian', 'humidity': 'hurs', 'cal_note': None, 'years': '1980-2014', 'Ta_C': [-29.4, 38.8], 'Ta_mean': 8.41, 'Pre_mbar': 805.6, 'Pr_mm_yr': 716.3, 'Pr_max_h': 15.32, 'Rsw_max': 1083.5, 'Ds_mean': 731.3, 'Ca': [338.7, 397.5]}
    US-SP1: {'hours': 306816, 'calendar': 'proleptic_gregorian', 'humidity': 'hurs', 'cal_note': None, 'years': '1980-2014', 'Ta_C': [-12.7, 48.2], 'Ta_mean': 21.67, 'Pre_mbar': 1007.3, 'Pr_mm_yr': 1329.5, 'Pr_max_h': 14.95, 'Rsw_max': 986.5, 'Ds_mean': 684.7, 'Ca': [338.7, 397.5]}
    US-SP2: {'hours': 306816, 'calendar': 'proleptic_gregorian', 'humidity': 'hurs', 'cal_note': None, 'years': '1980-2014', 'Ta_C': [-13.7, 48.0], 'Ta_mean': 21.33, 'Pre_mbar': 1007.3, 'Pr_mm_yr': 1336.7, 'Pr_max_h': 14.36, 'Rsw_max': 985.5, 'Ds_mean': 671.9, 'Ca': [338.7, 397.5]}
    US-SP3: {'hours': 306816, 'calendar': 'proleptic_gregorian', 'humidity': 'hurs', 'cal_note': None, 'years': '1980-2014', 'Ta_C': [-13.7, 48.0], 'Ta_mean': 21.33, 'Pre_mbar': 1007.3, 'Pr_mm_yr': 1336.7, 'Pr_max_h': 14.36, 'Rsw_max': 985.7, 'Ds_mean': 671.9, 'Ca': [338.7, 397.5]}
    US-SP4: {'hours': 306816, 'calendar': 'proleptic_gregorian', 'humidity': 'hurs', 'cal_note': None, 'years': '1980-2014', 'Ta_C': [-13.7, 48.0], 'Ta_mean': 21.33, 'Pre_mbar': 1007.6, 'Pr_mm_yr': 1336.7, 'Pr_max_h': 14.36, 'Rsw_max': 985.4, 'Ds_mean': 671.9, 'Ca': [338.7, 397.5]}
    US-SSH: {'hours': 306816, 'calendar': 'proleptic_gregorian', 'humidity': 'hurs', 'cal_note': None, 'years': '1980-2014', 'Ta_C': [-32.0, 42.4], 'Ta_mean': 10.47, 'Pre_mbar': 976.7, 'Pr_mm_yr': 1032.4, 'Pr_max_h': 9.43, 'Rsw_max': 951.8, 'Ds_mean': 389.7, 'Ca': [338.7, 397.5]}
    US-Slt: {'hours': 306816, 'calendar': 'proleptic_gregorian', 'humidity': 'hurs', 'cal_note': None, 'years': '1980-2014', 'Ta_C': [-25.1, 41.9], 'Ta_mean': 12.87, 'Pre_mbar': 1009.7, 'Pr_mm_yr': 1186.4, 'Pr_max_h': 19.55, 'Rsw_max': 1019.4, 'Ds_mean': 444.4, 'Ca': [338.7, 397.5]}
    US-TEF: {'hours': 306816, 'calendar': 'proleptic_gregorian', 'humidity': 'hurs', 'cal_note': None, 'years': '1980-2014', 'Ta_C': [-52.4, 35.5], 'Ta_mean': 4.33, 'Pre_mbar': 776.8, 'Pr_mm_yr': 386.9, 'Pr_max_h': 7.61, 'Rsw_max': 980.9, 'Ds_mean': 464.2, 'Ca': [338.7, 397.5]}
    US-UMB: {'hours': 306816, 'calendar': 'proleptic_gregorian', 'humidity': 'hurs', 'cal_note': None, 'years': '1980-2014', 'Ta_C': [-37.6, 36.4], 'Ta_mean': 6.32, 'Pre_mbar': 985.5, 'Pr_mm_yr': 820.9, 'Pr_max_h': 8.5, 'Rsw_max': 950.2, 'Ds_mean': 354.8, 'Ca': [338.7, 397.5]}
    US-UMd: {'hours': 306816, 'calendar': 'proleptic_gregorian', 'humidity': 'hurs', 'cal_note': None, 'years': '1980-2014', 'Ta_C': [-37.6, 36.4], 'Ta_mean': 6.32, 'Pre_mbar': 984.9, 'Pr_mm_yr': 820.9, 'Pr_max_h': 8.5, 'Rsw_max': 950.2, 'Ds_mean': 354.8, 'Ca': [338.7, 397.5]}
    US-Vcm: {'hours': 306816, 'calendar': 'proleptic_gregorian', 'humidity': 'hurs', 'cal_note': None, 'years': '1980-2014', 'Ta_C': [-46.8, 37.4], 'Ta_mean': 5.41, 'Pre_mbar': 709.7, 'Pr_mm_yr': 493.8, 'Pr_max_h': 9.53, 'Rsw_max': 1096.9, 'Ds_mean': 627.8, 'Ca': [338.7, 397.5]}
    US-Vcp: {'hours': 306816, 'calendar': 'proleptic_gregorian', 'humidity': 'hurs', 'cal_note': None, 'years': '1980-2014', 'Ta_C': [-46.8, 37.4], 'Ta_mean': 5.41, 'Pre_mbar': 749.6, 'Pr_mm_yr': 493.8, 'Pr_max_h': 9.53, 'Rsw_max': 1096.9, 'Ds_mean': 627.8, 'Ca': [338.7, 397.5]}
    US-Vcs: {'hours': 306816, 'calendar': 'proleptic_gregorian', 'humidity': 'hurs', 'cal_note': None, 'years': '1980-2014', 'Ta_C': [-46.7, 37.4], 'Ta_mean': 5.41, 'Pre_mbar': 731.2, 'Pr_mm_yr': 493.8, 'Pr_max_h': 9.53, 'Rsw_max': 1096.6, 'Ds_mean': 627.8, 'Ca': [338.7, 397.5]}
    US-WBW: {'hours': 306816, 'calendar': 'proleptic_gregorian', 'humidity': 'hurs', 'cal_note': None, 'years': '1980-2014', 'Ta_C': [-29.7, 43.3], 'Ta_mean': 15.08, 'Pre_mbar': 979.8, 'Pr_mm_yr': 1366.3, 'Pr_max_h': 13.1, 'Rsw_max': 989.5, 'Ds_mean': 469.2, 'Ca': [338.7, 397.5]}
    US-WCr: {'hours': 306816, 'calendar': 'proleptic_gregorian', 'humidity': 'hurs', 'cal_note': None, 'years': '1980-2014', 'Ta_C': [-45.7, 36.6], 'Ta_mean': 4.84, 'Pre_mbar': 952.7, 'Pr_mm_yr': 793.2, 'Pr_max_h': 11.6, 'Rsw_max': 960.3, 'Ds_mean': 338.7, 'Ca': [338.7, 397.5]}
    US-Wi1: {'hours': 306816, 'calendar': 'proleptic_gregorian', 'humidity': 'hurs', 'cal_note': None, 'years': '1980-2014', 'Ta_C': [-47.0, 36.9], 'Ta_mean': 4.97, 'Pre_mbar': 971.8, 'Pr_mm_yr': 745.6, 'Pr_max_h': 11.01, 'Rsw_max': 951.3, 'Ds_mean': 327.7, 'Ca': [338.7, 397.5]}
    US-Wi2: {'hours': 306816, 'calendar': 'proleptic_gregorian', 'humidity': 'hurs', 'cal_note': None, 'years': '1980-2014', 'Ta_C': [-47.0, 36.9], 'Ta_mean': 4.97, 'Pre_mbar': 966.9, 'Pr_mm_yr': 745.6, 'Pr_max_h': 11.01, 'Rsw_max': 951.6, 'Ds_mean': 327.7, 'Ca': [338.7, 397.5]}
    US-Wi3: {'hours': 306816, 'calendar': 'proleptic_gregorian', 'humidity': 'hurs', 'cal_note': None, 'years': '1980-2014', 'Ta_C': [-47.0, 36.9], 'Ta_mean': 4.97, 'Pre_mbar': 965.1, 'Pr_mm_yr': 745.6, 'Pr_max_h': 11.01, 'Rsw_max': 951.9, 'Ds_mean': 327.7, 'Ca': [338.7, 397.5]}
    US-Wi4: {'hours': 306816, 'calendar': 'proleptic_gregorian', 'humidity': 'hurs', 'cal_note': None, 'years': '1980-2014', 'Ta_C': [-47.0, 36.9], 'Ta_mean': 4.97, 'Pre_mbar': 971.8, 'Pr_mm_yr': 745.6, 'Pr_max_h': 11.01, 'Rsw_max': 951.2, 'Ds_mean': 327.7, 'Ca': [338.7, 397.5]}
    US-Wrc: {'hours': 306816, 'calendar': 'proleptic_gregorian', 'humidity': 'hurs', 'cal_note': None, 'years': '1980-2014', 'Ta_C': [-28.8, 37.0], 'Ta_mean': 8.84, 'Pre_mbar': 969.6, 'Pr_mm_yr': 1871.7, 'Pr_max_h': 19.57, 'Rsw_max': 1003.4, 'Ds_mean': 404.1, 'Ca': [338.7, 397.5]}
    US-xAB: {'hours': 306816, 'calendar': 'proleptic_gregorian', 'humidity': 'hurs', 'cal_note': None, 'years': '1980-2014', 'Ta_C': [-25.0, 39.1], 'Ta_mean': 11.07, 'Pre_mbar': 970.6, 'Pr_mm_yr': 1791.4, 'Pr_max_h': 17.49, 'Rsw_max': 1005.5, 'Ds_mean': 430.2, 'Ca': [338.7, 397.5]}
    US-xBL: {'hours': 306816, 'calendar': 'proleptic_gregorian', 'humidity': 'hurs', 'cal_note': None, 'years': '1980-2014', 'Ta_C': [-28.5, 45.7], 'Ta_mean': 13.35, 'Pre_mbar': 991.5, 'Pr_mm_yr': 1016.9, 'Pr_max_h': 11.66, 'Rsw_max': 965.6, 'Ds_mean': 488.5, 'Ca': [338.7, 397.5]}
    US-xBR: {'hours': 306816, 'calendar': 'proleptic_gregorian', 'humidity': 'hurs', 'cal_note': None, 'years': '1980-2014', 'Ta_C': [-38.5, 33.6], 'Ta_mean': 3.31, 'Pre_mbar': 985.8, 'Pr_mm_yr': 1373.0, 'Pr_max_h': 21.43, 'Rsw_max': 987.1, 'Ds_mean': 236.0, 'Ca': [338.7, 397.5]}
    US-xGR: {'hours': 306816, 'calendar': 'proleptic_gregorian', 'humidity': 'hurs', 'cal_note': None, 'years': '1980-2014', 'Ta_C': [-33.1, 39.6], 'Ta_mean': 12.19, 'Pre_mbar': 946.0, 'Pr_mm_yr': 1415.8, 'Pr_max_h': 15.56, 'Rsw_max': 990.2, 'Ds_mean': 396.1, 'Ca': [338.7, 397.5]}
    US-xHA: {'hours': 306816, 'calendar': 'proleptic_gregorian', 'humidity': 'hurs', 'cal_note': None, 'years': '1980-2014', 'Ta_C': [-36.8, 39.6], 'Ta_mean': 9.05, 'Pre_mbar': 971.9, 'Pr_mm_yr': 1163.5, 'Pr_max_h': 14.1, 'Rsw_max': 1002.6, 'Ds_mean': 370.8, 'Ca': [338.7, 397.5]}
    US-xJE: {'hours': 306816, 'calendar': 'proleptic_gregorian', 'humidity': 'hurs', 'cal_note': None, 'years': '1980-2014', 'Ta_C': [-18.2, 46.2], 'Ta_mean': 19.59, 'Pre_mbar': 1008.0, 'Pr_mm_yr': 1367.0, 'Pr_max_h': 20.44, 'Rsw_max': 999.1, 'Ds_mean': 635.2, 'Ca': [338.7, 397.5]}
    US-xLE: {'hours': 306816, 'calendar': 'proleptic_gregorian', 'humidity': 'hurs', 'cal_note': None, 'years': '1980-2014', 'Ta_C': [-31.6, 48.2], 'Ta_mean': 19.11, 'Pre_mbar': 1010.9, 'Pr_mm_yr': 1457.6, 'Pr_max_h': 14.59, 'Rsw_max': 1024.1, 'Ds_mean': 613.0, 'Ca': [338.7, 397.5]}
    US-xML: {'hours': 306816, 'calendar': 'proleptic_gregorian', 'humidity': 'hurs', 'cal_note': None, 'years': '1980-2014', 'Ta_C': [-32.8, 45.0], 'Ta_mean': 11.42, 'Pre_mbar': 886.6, 'Pr_mm_yr': 1058.5, 'Pr_max_h': 10.91, 'Rsw_max': 983.1, 'Ds_mean': 412.0, 'Ca': [338.7, 397.5]}
    US-xNW: {'hours': 306816, 'calendar': 'proleptic_gregorian', 'humidity': 'hurs', 'cal_note': None, 'years': '1980-2014', 'Ta_C': [-48.3, 32.5], 'Ta_mean': 0.31, 'Pre_mbar': 668.1, 'Pr_mm_yr': 435.3, 'Pr_max_h': 7.18, 'Rsw_max': 1058.1, 'Ds_mean': 388.7, 'Ca': [338.7, 397.5]}
    US-xRM: {'hours': 306816, 'calendar': 'proleptic_gregorian', 'humidity': 'hurs', 'cal_note': None, 'years': '1980-2014', 'Ta_C': [-46.5, 33.9], 'Ta_mean': 1.01, 'Pre_mbar': 731.9, 'Pr_mm_yr': 426.8, 'Pr_max_h': 7.12, 'Rsw_max': 1056.1, 'Ds_mean': 407.6, 'Ca': [338.7, 397.5]}
    US-xRN: {'hours': 306816, 'calendar': 'proleptic_gregorian', 'humidity': 'hurs', 'cal_note': None, 'years': '1980-2014', 'Ta_C': [-29.7, 43.3], 'Ta_mean': 15.08, 'Pre_mbar': 973.9, 'Pr_mm_yr': 1366.3, 'Pr_max_h': 13.1, 'Rsw_max': 989.4, 'Ds_mean': 469.2, 'Ca': [338.7, 397.5]}
    US-xSB: {'hours': 306816, 'calendar': 'proleptic_gregorian', 'humidity': 'hurs', 'cal_note': None, 'years': '1980-2014', 'Ta_C': [-8.7, 45.9], 'Ta_mean': 21.75, 'Pre_mbar': 1007.9, 'Pr_mm_yr': 1313.5, 'Pr_max_h': 13.25, 'Rsw_max': 985.1, 'Ds_mean': 686.4, 'Ca': [338.7, 397.5]}
    US-xSC: {'hours': 306816, 'calendar': 'proleptic_gregorian', 'humidity': 'hurs', 'cal_note': None, 'years': '1980-2014', 'Ta_C': [-29.2, 46.2], 'Ta_mean': 13.21, 'Pre_mbar': 970.8, 'Pr_mm_yr': 1026.2, 'Pr_max_h': 12.62, 'Rsw_max': 965.5, 'Ds_mean': 488.4, 'Ca': [338.7, 397.5]}
    US-xSE: {'hours': 306816, 'calendar': 'proleptic_gregorian', 'humidity': 'hurs', 'cal_note': None, 'years': '1980-2014', 'Ta_C': [-26.6, 45.8], 'Ta_mean': 14.4, 'Pre_mbar': 1011.4, 'Pr_mm_yr': 1127.8, 'Pr_max_h': 20.33, 'Rsw_max': 951.0, 'Ds_mean': 477.0, 'Ca': [338.7, 397.5]}
    US-xSP: {'hours': 306816, 'calendar': 'proleptic_gregorian', 'humidity': 'hurs', 'cal_note': None, 'years': '1980-2014', 'Ta_C': [-22.6, 43.6], 'Ta_mean': 14.47, 'Pre_mbar': 883.1, 'Pr_mm_yr': 614.6, 'Pr_max_h': 22.66, 'Rsw_max': 1087.5, 'Ds_mean': 1074.3, 'Ca': [338.7, 397.5]}
    US-xST: {'hours': 306816, 'calendar': 'proleptic_gregorian', 'humidity': 'hurs', 'cal_note': None, 'years': '1980-2014', 'Ta_C': [-48.3, 36.9], 'Ta_mean': 4.82, 'Pre_mbar': 957.1, 'Pr_mm_yr': 795.9, 'Pr_max_h': 11.61, 'Rsw_max': 962.1, 'Ds_mean': 343.7, 'Ca': [338.7, 397.5]}
    US-xTA: {'hours': 306816, 'calendar': 'proleptic_gregorian', 'humidity': 'hurs', 'cal_note': None, 'years': '1980-2014', 'Ta_C': [-33.9, 46.3], 'Ta_mean': 18.16, 'Pre_mbar': 997.2, 'Pr_mm_yr': 1372.6, 'Pr_max_h': 14.27, 'Rsw_max': 1028.3, 'Ds_mean': 545.9, 'Ca': [338.7, 397.5]}
    US-xTE: {'hours': 306816, 'calendar': 'proleptic_gregorian', 'humidity': 'hurs', 'cal_note': None, 'years': '1980-2014', 'Ta_C': [-30.4, 36.8], 'Ta_mean': 7.84, 'Pre_mbar': 785.5, 'Pr_mm_yr': 653.6, 'Pr_max_h': 25.4, 'Rsw_max': 1087.1, 'Ds_mean': 738.7, 'Ca': [338.7, 397.5]}
    US-xTR: {'hours': 306816, 'calendar': 'proleptic_gregorian', 'humidity': 'hurs', 'cal_note': None, 'years': '1980-2014', 'Ta_C': [-47.2, 37.1], 'Ta_mean': 5.11, 'Pre_mbar': 958.1, 'Pr_mm_yr': 800.8, 'Pr_max_h': 11.89, 'Rsw_max': 962.9, 'Ds_mean': 349.2, 'Ca': [338.7, 397.5]}
    US-xUK: {'hours': 306816, 'calendar': 'proleptic_gregorian', 'humidity': 'hurs', 'cal_note': None, 'years': '1980-2014', 'Ta_C': [-44.1, 41.2], 'Ta_mean': 13.68, 'Pre_mbar': 973.8, 'Pr_mm_yr': 1002.1, 'Pr_max_h': 18.34, 'Rsw_max': 1013.2, 'Ds_mean': 586.7, 'Ca': [338.7, 397.5]}
    US-xWR: {'hours': 306816, 'calendar': 'proleptic_gregorian', 'humidity': 'hurs', 'cal_note': None, 'years': '1980-2014', 'Ta_C': [-28.8, 37.0], 'Ta_mean': 8.84, 'Pre_mbar': 965.5, 'Pr_mm_yr': 1871.7, 'Pr_max_h': 19.57, 'Rsw_max': 1003.4, 'Ds_mean': 404.1, 'Ca': [338.7, 397.5]}
    US-xYE: {'hours': 306816, 'calendar': 'proleptic_gregorian', 'humidity': 'hurs', 'cal_note': None, 'years': '1980-2014', 'Ta_C': [-48.8, 35.1], 'Ta_mean': 3.97, 'Pre_mbar': 788.4, 'Pr_mm_yr': 513.1, 'Pr_max_h': 6.03, 'Rsw_max': 1016.0, 'Ds_mean': 490.5, 'Ca': [338.7, 397.5]}
    -> 101/101 built

  MRI-ESM2-0 ssp126 (ECS 3.2 K): 31411 days, 101 stations
    US-Bar: {'hours': 753864, 'calendar': 'proleptic_gregorian', 'humidity': 'hurs', 'cal_note': None, 'years': '2015-2100', 'Ta_C': [-39.3, 34.3], 'Ta_mean': 5.21, 'Pre_mbar': 981.1, 'Pr_mm_yr': 1481.9, 'Pr_max_h': 18.7, 'Rsw_max': 989.5, 'Ds_mean': 269.4, 'Ca': [399.9, 474.0]}
    US-Blk: {'hours': 753864, 'calendar': 'proleptic_gregorian', 'humidity': 'hurs', 'cal_note': None, 'years': '2015-2100', 'Ta_C': [-51.1, 42.9], 'Ta_mean': 7.86, 'Pre_mbar': 826.5, 'Pr_mm_yr': 487.0, 'Pr_max_h': 10.25, 'Rsw_max': 989.4, 'Ds_mean': 637.0, 'Ca': [399.9, 474.0]}
    US-CPF: FAILED -- Tetens inverse disagrees by 1.00e-03 Pa
    US-CPk: {'hours': 753864, 'calendar': 'proleptic_gregorian', 'humidity': 'hurs', 'cal_note': None, 'years': '2015-2100', 'Ta_C': [-53.5, 36.8], 'Ta_mean': 4.86, 'Pre_mbar': 731.3, 'Pr_mm_yr': 455.9, 'Pr_max_h': 6.81, 'Rsw_max': 1044.2, 'Ds_mean': 561.7, 'Ca': [399.9, 474.0]}
    US-CRK: {'hours': 753864, 'calendar': 'proleptic_gregorian', 'humidity': 'hurs', 'cal_note': None, 'years': '2015-2100', 'Ta_C': [-24.0, 51.1], 'Ta_mean': 21.3, 'Pre_mbar': 995.3, 'Pr_mm_yr': 1143.2, 'Pr_max_h': 17.66, 'Rsw_max': 1042.2, 'Ds_mean': 951.3, 'Ca': [399.9, 474.0]}
    US-CS2: {'hours': 753864, 'calendar': 'proleptic_gregorian', 'humidity': 'hurs', 'cal_note': None, 'years': '2015-2100', 'Ta_C': [-40.7, 40.8], 'Ta_mean': 9.0, 'Pre_mbar': 974.6, 'Pr_mm_yr': 863.0, 'Pr_max_h': 11.17, 'Rsw_max': 974.7, 'Ds_mean': 427.8, 'Ca': [399.9, 474.0]}
    US-CZ2: FAILED -- Tetens inverse disagrees by 1.00e-03 Pa
    US-CZ3: FAILED -- Tetens inverse disagrees by 1.00e-03 Pa
    US-CZ4: FAILED -- Tetens inverse disagrees by 1.00e-03 Pa
    US-ChR: {'hours': 753864, 'calendar': 'proleptic_gregorian', 'humidity': 'hurs', 'cal_note': None, 'years': '2015-2100', 'Ta_C': [-31.0, 45.2], 'Ta_mean': 16.73, 'Pre_mbar': 979.5, 'Pr_mm_yr': 1497.0, 'Pr_max_h': 15.63, 'Rsw_max': 994.9, 'Ds_mean': 509.5, 'Ca': [399.9, 474.0]}
    US-Cst: {'hours': 753864, 'calendar': 'proleptic_gregorian', 'humidity': 'hurs', 'cal_note': None, 'years': '2015-2100', 'Ta_C': [-22.4, 50.4], 'Ta_mean': 19.86, 'Pre_mbar': 1007.3, 'Pr_mm_yr': 1411.3, 'Pr_max_h': 21.94, 'Rsw_max': 1038.1, 'Ds_mean': 713.7, 'Ca': [399.9, 474.0]}
    US-Cwt: {'hours': 753864, 'calendar': 'proleptic_gregorian', 'humidity': 'hurs', 'cal_note': None, 'years': '2015-2100', 'Ta_C': [-29.3, 41.1], 'Ta_mean': 14.43, 'Pre_mbar': 933.7, 'Pr_mm_yr': 1918.6, 'Pr_max_h': 19.19, 'Rsw_max': 998.5, 'Ds_mean': 440.6, 'Ca': [399.9, 474.0]}
    US-DPP: {'hours': 753864, 'calendar': 'proleptic_gregorian', 'humidity': 'hurs', 'cal_note': None, 'years': '2015-2100', 'Ta_C': [-10.9, 50.4], 'Ta_mean': 24.61, 'Pre_mbar': 1010.5, 'Pr_mm_yr': 1401.7, 'Pr_max_h': 13.09, 'Rsw_max': 979.1, 'Ds_mean': 795.2, 'Ca': [399.9, 474.0]}
    US-Dk2: {'hours': 753864, 'calendar': 'proleptic_gregorian', 'humidity': 'hurs', 'cal_note': None, 'years': '2015-2100', 'Ta_C': [-28.6, 45.2], 'Ta_mean': 17.29, 'Pre_mbar': 993.3, 'Pr_mm_yr': 1237.0, 'Pr_max_h': 14.57, 'Rsw_max': 962.1, 'Ds_mean': 541.1, 'Ca': [399.9, 474.0]}
    US-Dk3: {'hours': 753864, 'calendar': 'proleptic_gregorian', 'humidity': 'hurs', 'cal_note': None, 'years': '2015-2100', 'Ta_C': [-28.6, 45.2], 'Ta_mean': 17.29, 'Pre_mbar': 993.9, 'Pr_mm_yr': 1237.0, 'Pr_max_h': 14.57, 'Rsw_max': 962.0, 'Ds_mean': 541.1, 'Ca': [399.9, 474.0]}
    US-Fmf: FAILED -- Tetens inverse disagrees by 1.00e-03 Pa
    US-Fuf: FAILED -- Tetens inverse disagrees by 1.00e-03 Pa
    US-GBT: {'hours': 753864, 'calendar': 'proleptic_gregorian', 'humidity': 'hurs', 'cal_note': None, 'years': '2015-2100', 'Ta_C': [-51.9, 37.3], 'Ta_mean': 4.72, 'Pre_mbar': 694.1, 'Pr_mm_yr': 416.5, 'Pr_max_h': 6.45, 'Rsw_max': 1039.8, 'Ds_mean': 555.2, 'Ca': [399.9, 474.0]}
    US-GLE: {'hours': 753864, 'calendar': 'proleptic_gregorian', 'humidity': 'hurs', 'cal_note': None, 'years': '2015-2100', 'Ta_C': [-51.9, 37.3], 'Ta_mean': 4.72, 'Pre_mbar': 693.6, 'Pr_mm_yr': 416.5, 'Pr_max_h': 6.45, 'Rsw_max': 1039.8, 'Ds_mean': 555.2, 'Ca': [399.9, 474.0]}
    US-HB2: {'hours': 753864, 'calendar': 'proleptic_gregorian', 'humidity': 'hurs', 'cal_note': None, 'years': '2015-2100', 'Ta_C': [-16.7, 44.4], 'Ta_mean': 22.14, 'Pre_mbar': 1012.7, 'Pr_mm_yr': 1396.1, 'Pr_max_h': 10.3, 'Rsw_max': 961.2, 'Ds_mean': 542.0, 'Ca': [399.9, 474.0]}
    US-HB3: {'hours': 753864, 'calendar': 'proleptic_gregorian', 'humidity': 'hurs', 'cal_note': None, 'years': '2015-2100', 'Ta_C': [-16.7, 44.4], 'Ta_mean': 22.14, 'Pre_mbar': 1012.4, 'Pr_mm_yr': 1396.1, 'Pr_max_h': 10.3, 'Rsw_max': 961.1, 'Ds_mean': 542.0, 'Ca': [399.9, 474.0]}
    US-HBK: {'hours': 753864, 'calendar': 'proleptic_gregorian', 'humidity': 'hurs', 'cal_note': None, 'years': '2015-2100', 'Ta_C': [-37.1, 37.4], 'Ta_mean': 7.78, 'Pre_mbar': 970.1, 'Pr_mm_yr': 1312.3, 'Pr_max_h': 17.52, 'Rsw_max': 988.8, 'Ds_mean': 330.4, 'Ca': [399.9, 474.0]}
    US-Ha1: {'hours': 753864, 'calendar': 'proleptic_gregorian', 'humidity': 'hurs', 'cal_note': None, 'years': '2015-2100', 'Ta_C': [-35.9, 40.9], 'Ta_mean': 10.87, 'Pre_mbar': 973.2, 'Pr_mm_yr': 1248.3, 'Pr_max_h': 16.83, 'Rsw_max': 993.1, 'Ds_mean': 415.5, 'Ca': [399.9, 474.0]}
    US-Ha2: {'hours': 753864, 'calendar': 'proleptic_gregorian', 'humidity': 'hurs', 'cal_note': None, 'years': '2015-2100', 'Ta_C': [-35.9, 40.9], 'Ta_mean': 10.87, 'Pre_mbar': 970.9, 'Pr_mm_yr': 1248.3, 'Pr_max_h': 16.83, 'Rsw_max': 993.1, 'Ds_mean': 415.5, 'Ca': [399.9, 474.0]}
    US-Ho1: {'hours': 753864, 'calendar': 'proleptic_gregorian', 'humidity': 'hurs', 'cal_note': None, 'years': '2015-2100', 'Ta_C': [-33.3, 38.9], 'Ta_mean': 8.42, 'Pre_mbar': 1006.1, 'Pr_mm_yr': 1199.4, 'Pr_max_h': 12.95, 'Rsw_max': 985.6, 'Ds_mean': 339.0, 'Ca': [399.9, 474.0]}
    US-Ho2: {'hours': 753864, 'calendar': 'proleptic_gregorian', 'humidity': 'hurs', 'cal_note': None, 'years': '2015-2100', 'Ta_C': [-33.3, 38.9], 'Ta_mean': 8.42, 'Pre_mbar': 1005.9, 'Pr_mm_yr': 1199.4, 'Pr_max_h': 12.95, 'Rsw_max': 985.6, 'Ds_mean': 339.0, 'Ca': [399.9, 474.0]}
    US-Ho3: {'hours': 753864, 'calendar': 'proleptic_gregorian', 'humidity': 'hurs', 'cal_note': None, 'years': '2015-2100', 'Ta_C': [-33.3, 38.9], 'Ta_mean': 8.42, 'Pre_mbar': 1005.9, 'Pr_mm_yr': 1199.4, 'Pr_max_h': 12.95, 'Rsw_max': 985.6, 'Ds_mean': 339.0, 'Ca': [399.9, 474.0]}
    US-LPH: {'hours': 753864, 'calendar': 'proleptic_gregorian', 'humidity': 'hurs', 'cal_note': None, 'years': '2015-2100', 'Ta_C': [-35.9, 40.9], 'Ta_mean': 10.87, 'Pre_mbar': 968.9, 'Pr_mm_yr': 1248.3, 'Pr_max_h': 16.83, 'Rsw_max': 993.0, 'Ds_mean': 415.5, 'Ca': [399.9, 474.0]}
    US-MEF: {'hours': 753864, 'calendar': 'proleptic_gregorian', 'humidity': 'hurs', 'cal_note': None, 'years': '2015-2100', 'Ta_C': [-47.5, 37.0], 'Ta_mean': 7.06, 'Pre_mbar': 765.3, 'Pr_mm_yr': 496.9, 'Pr_max_h': 9.66, 'Rsw_max': 1066.2, 'Ds_mean': 589.2, 'Ca': [399.9, 474.0]}
    US-MMS: {'hours': 753864, 'calendar': 'proleptic_gregorian', 'humidity': 'hurs', 'cal_note': None, 'years': '2015-2100', 'Ta_C': [-32.1, 42.8], 'Ta_mean': 13.96, 'Pre_mbar': 980.7, 'Pr_mm_yr': 1143.2, 'Pr_max_h': 11.54, 'Rsw_max': 989.0, 'Ds_mean': 465.2, 'Ca': [399.9, 474.0]}
    US-MOz: {'hours': 753864, 'calendar': 'proleptic_gregorian', 'humidity': 'hurs', 'cal_note': None, 'years': '2015-2100', 'Ta_C': [-33.7, 48.0], 'Ta_mean': 15.16, 'Pre_mbar': 987.2, 'Pr_mm_yr': 1063.5, 'Pr_max_h': 14.12, 'Rsw_max': 1009.8, 'Ds_mean': 566.6, 'Ca': [399.9, 474.0]}
    US-MRf: {'hours': 753864, 'calendar': 'proleptic_gregorian', 'humidity': 'hurs', 'cal_note': None, 'years': '2015-2100', 'Ta_C': [-24.9, 38.9], 'Ta_mean': 12.42, 'Pre_mbar': 982.1, 'Pr_mm_yr': 1459.4, 'Pr_max_h': 16.45, 'Rsw_max': 1015.1, 'Ds_mean': 427.8, 'Ca': [399.9, 474.0]}
    US-Me1: FAILED -- Tetens inverse disagrees by 1.00e-03 Pa
    US-Me2: FAILED -- Tetens inverse disagrees by 1.00e-03 Pa
    US-Me4: FAILED -- Tetens inverse disagrees by 1.00e-03 Pa
    US-Me6: FAILED -- Tetens inverse disagrees by 1.00e-03 Pa
    US-Me7: FAILED -- Tetens inverse disagrees by 1.00e-03 Pa
    US-MtB: FAILED -- Tetens inverse disagrees by 1.00e-03 Pa
    US-NC2: {'hours': 753864, 'calendar': 'proleptic_gregorian', 'humidity': 'hurs', 'cal_note': None, 'years': '2015-2100', 'Ta_C': [-24.0, 44.6], 'Ta_mean': 18.35, 'Pre_mbar': 1012.6, 'Pr_mm_yr': 1320.1, 'Pr_max_h': 16.53, 'Rsw_max': 953.2, 'Ds_mean': 538.2, 'Ca': [399.9, 474.0]}
    US-NC3: {'hours': 753864, 'calendar': 'proleptic_gregorian', 'humidity': 'hurs', 'cal_note': None, 'years': '2015-2100', 'Ta_C': [-24.0, 44.6], 'Ta_mean': 18.35, 'Pre_mbar': 1012.6, 'Pr_mm_yr': 1320.1, 'Pr_max_h': 16.53, 'Rsw_max': 953.2, 'Ds_mean': 538.2, 'Ca': [399.9, 474.0]}
    US-NC5: {'hours': 753864, 'calendar': 'proleptic_gregorian', 'humidity': 'hurs', 'cal_note': None, 'years': '2015-2100', 'Ta_C': [-28.5, 45.3], 'Ta_mean': 17.16, 'Pre_mbar': 998.7, 'Pr_mm_yr': 1213.2, 'Pr_max_h': 14.52, 'Rsw_max': 962.6, 'Ds_mean': 548.2, 'Ca': [399.9, 474.0]}
    US-NMj: {'hours': 753864, 'calendar': 'proleptic_gregorian', 'humidity': 'hurs', 'cal_note': None, 'years': '2015-2100', 'Ta_C': [-48.8, 38.8], 'Ta_mean': 6.86, 'Pre_mbar': 967.0, 'Pr_mm_yr': 903.1, 'Pr_max_h': 11.75, 'Rsw_max': 944.0, 'Ds_mean': 387.5, 'Ca': [399.9, 474.0]}
    US-NR1: FAILED -- Tetens inverse disagrees by 1.00e-03 Pa
    US-Oho: {'hours': 753864, 'calendar': 'proleptic_gregorian', 'humidity': 'hurs', 'cal_note': None, 'years': '2015-2100', 'Ta_C': [-29.1, 41.4], 'Ta_mean': 12.07, 'Pre_mbar': 986.0, 'Pr_mm_yr': 920.0, 'Pr_max_h': 8.19, 'Rsw_max': 965.2, 'Ds_mean': 479.6, 'Ca': [399.9, 474.0]}
    US-PFL: {'hours': 753864, 'calendar': 'proleptic_gregorian', 'humidity': 'hurs', 'cal_note': None, 'years': '2015-2100', 'Ta_C': [-46.7, 39.1], 'Ta_mean': 7.07, 'Pre_mbar': 959.0, 'Pr_mm_yr': 887.2, 'Pr_max_h': 11.29, 'Rsw_max': 952.0, 'Ds_mean': 382.8, 'Ca': [399.9, 474.0]}
    US-PFb: {'hours': 753864, 'calendar': 'proleptic_gregorian', 'humidity': 'hurs', 'cal_note': None, 'years': '2015-2100', 'Ta_C': [-46.7, 39.1], 'Ta_mean': 7.07, 'Pre_mbar': 957.9, 'Pr_mm_yr': 887.2, 'Pr_max_h': 11.29, 'Rsw_max': 951.8, 'Ds_mean': 382.8, 'Ca': [399.9, 474.0]}
    US-PFc: {'hours': 753864, 'calendar': 'proleptic_gregorian', 'humidity': 'hurs', 'cal_note': None, 'years': '2015-2100', 'Ta_C': [-46.7, 39.1], 'Ta_mean': 7.07, 'Pre_mbar': 958.0, 'Pr_mm_yr': 887.2, 'Pr_max_h': 11.29, 'Rsw_max': 951.8, 'Ds_mean': 382.8, 'Ca': [399.9, 474.0]}
    US-PFg: {'hours': 753864, 'calendar': 'proleptic_gregorian', 'humidity': 'hurs', 'cal_note': None, 'years': '2015-2100', 'Ta_C': [-46.7, 39.1], 'Ta_mean': 7.07, 'Pre_mbar': 957.8, 'Pr_mm_yr': 887.2, 'Pr_max_h': 11.29, 'Rsw_max': 951.8, 'Ds_mean': 382.8, 'Ca': [399.9, 474.0]}
    US-PFh: {'hours': 753864, 'calendar': 'proleptic_gregorian', 'humidity': 'hurs', 'cal_note': None, 'years': '2015-2100', 'Ta_C': [-47.3, 39.0], 'Ta_mean': 6.82, 'Pre_mbar': 959.1, 'Pr_mm_yr': 895.2, 'Pr_max_h': 11.69, 'Rsw_max': 952.8, 'Ds_mean': 380.2, 'Ca': [399.9, 474.0]}
    US-PFi: {'hours': 753864, 'calendar': 'proleptic_gregorian', 'humidity': 'hurs', 'cal_note': None, 'years': '2015-2100', 'Ta_C': [-47.3, 39.0], 'Ta_mean': 6.82, 'Pre_mbar': 956.3, 'Pr_mm_yr': 895.2, 'Pr_max_h': 11.69, 'Rsw_max': 952.7, 'Ds_mean': 380.2, 'Ca': [399.9, 474.0]}
    US-PFj: {'hours': 753864, 'calendar': 'proleptic_gregorian', 'humidity': 'hurs', 'cal_note': None, 'years': '2015-2100', 'Ta_C': [-47.3, 39.0], 'Ta_mean': 6.82, 'Pre_mbar': 956.7, 'Pr_mm_yr': 895.2, 'Pr_max_h': 11.69, 'Rsw_max': 952.8, 'Ds_mean': 380.2, 'Ca': [399.9, 474.0]}
    US-PFk: {'hours': 753864, 'calendar': 'proleptic_gregorian', 'humidity': 'hurs', 'cal_note': None, 'years': '2015-2100', 'Ta_C': [-46.7, 39.1], 'Ta_mean': 7.07, 'Pre_mbar': 957.7, 'Pr_mm_yr': 887.2, 'Pr_max_h': 11.29, 'Rsw_max': 952.1, 'Ds_mean': 382.8, 'Ca': [399.9, 474.0]}
    US-PFm: {'hours': 753864, 'calendar': 'proleptic_gregorian', 'humidity': 'hurs', 'cal_note': None, 'years': '2015-2100', 'Ta_C': [-46.7, 39.1], 'Ta_mean': 7.07, 'Pre_mbar': 956.7, 'Pr_mm_yr': 887.2, 'Pr_max_h': 11.29, 'Rsw_max': 952.1, 'Ds_mean': 382.8, 'Ca': [399.9, 474.0]}
    US-PFn: {'hours': 753864, 'calendar': 'proleptic_gregorian', 'humidity': 'hurs', 'cal_note': None, 'years': '2015-2100', 'Ta_C': [-46.7, 39.1], 'Ta_mean': 7.07, 'Pre_mbar': 957.4, 'Pr_mm_yr': 887.2, 'Pr_max_h': 11.29, 'Rsw_max': 952.0, 'Ds_mean': 382.8, 'Ca': [399.9, 474.0]}
    US-PFp: {'hours': 753864, 'calendar': 'proleptic_gregorian', 'humidity': 'hurs', 'cal_note': None, 'years': '2015-2100', 'Ta_C': [-46.7, 39.1], 'Ta_mean': 7.07, 'Pre_mbar': 955.3, 'Pr_mm_yr': 887.2, 'Pr_max_h': 11.29, 'Rsw_max': 952.0, 'Ds_mean': 382.8, 'Ca': [399.9, 474.0]}
    US-PFq: {'hours': 753864, 'calendar': 'proleptic_gregorian', 'humidity': 'hurs', 'cal_note': None, 'years': '2015-2100', 'Ta_C': [-47.3, 39.0], 'Ta_mean': 6.82, 'Pre_mbar': 958.0, 'Pr_mm_yr': 895.2, 'Pr_max_h': 11.69, 'Rsw_max': 953.0, 'Ds_mean': 380.2, 'Ca': [399.9, 474.0]}
    US-PFs: {'hours': 753864, 'calendar': 'proleptic_gregorian', 'humidity': 'hurs', 'cal_note': None, 'years': '2015-2100', 'Ta_C': [-47.3, 39.0], 'Ta_mean': 6.82, 'Pre_mbar': 956.2, 'Pr_mm_yr': 895.2, 'Pr_max_h': 11.69, 'Rsw_max': 952.9, 'Ds_mean': 380.2, 'Ca': [399.9, 474.0]}
    US-PFt: {'hours': 753864, 'calendar': 'proleptic_gregorian', 'humidity': 'hurs', 'cal_note': None, 'years': '2015-2100', 'Ta_C': [-47.3, 39.0], 'Ta_mean': 6.82, 'Pre_mbar': 958.8, 'Pr_mm_yr': 895.2, 'Pr_max_h': 11.69, 'Rsw_max': 953.0, 'Ds_mean': 380.2, 'Ca': [399.9, 474.0]}
    US-SB1: {'hours': 753864, 'calendar': 'proleptic_gregorian', 'humidity': 'hurs', 'cal_note': None, 'years': '2015-2100', 'Ta_C': [-29.8, 45.0], 'Ta_mean': 15.84, 'Pre_mbar': 984.6, 'Pr_mm_yr': 1082.6, 'Pr_max_h': 13.73, 'Rsw_max': 969.9, 'Ds_mean': 544.4, 'Ca': [399.9, 474.0]}
    US-SHC: FAILED -- Tetens inverse disagrees by 1.00e-03 Pa
    US-SP1: {'hours': 753864, 'calendar': 'proleptic_gregorian', 'humidity': 'hurs', 'cal_note': None, 'years': '2015-2100', 'Ta_C': [-11.8, 48.6], 'Ta_mean': 23.1, 'Pre_mbar': 1007.3, 'Pr_mm_yr': 1542.5, 'Pr_max_h': 15.41, 'Rsw_max': 981.8, 'Ds_mean': 714.2, 'Ca': [399.9, 474.0]}
    US-SP2: {'hours': 753864, 'calendar': 'proleptic_gregorian', 'humidity': 'hurs', 'cal_note': None, 'years': '2015-2100', 'Ta_C': [-12.0, 48.4], 'Ta_mean': 22.76, 'Pre_mbar': 1007.3, 'Pr_mm_yr': 1548.4, 'Pr_max_h': 15.17, 'Rsw_max': 980.8, 'Ds_mean': 701.0, 'Ca': [399.9, 474.0]}
    US-SP3: {'hours': 753864, 'calendar': 'proleptic_gregorian', 'humidity': 'hurs', 'cal_note': None, 'years': '2015-2100', 'Ta_C': [-12.0, 48.4], 'Ta_mean': 22.76, 'Pre_mbar': 1007.3, 'Pr_mm_yr': 1548.4, 'Pr_max_h': 15.17, 'Rsw_max': 980.8, 'Ds_mean': 701.0, 'Ca': [399.9, 474.0]}
    US-SP4: {'hours': 753864, 'calendar': 'proleptic_gregorian', 'humidity': 'hurs', 'cal_note': None, 'years': '2015-2100', 'Ta_C': [-12.0, 48.4], 'Ta_mean': 22.76, 'Pre_mbar': 1007.6, 'Pr_mm_yr': 1548.4, 'Pr_max_h': 15.17, 'Rsw_max': 980.7, 'Ds_mean': 701.0, 'Ca': [399.9, 474.0]}
    US-SSH: {'hours': 753864, 'calendar': 'proleptic_gregorian', 'humidity': 'hurs', 'cal_note': None, 'years': '2015-2100', 'Ta_C': [-29.6, 43.7], 'Ta_mean': 12.31, 'Pre_mbar': 976.7, 'Pr_mm_yr': 1099.2, 'Pr_max_h': 12.79, 'Rsw_max': 956.0, 'Ds_mean': 434.3, 'Ca': [399.9, 474.0]}
    US-Slt: {'hours': 753864, 'calendar': 'proleptic_gregorian', 'humidity': 'hurs', 'cal_note': None, 'years': '2015-2100', 'Ta_C': [-26.4, 42.7], 'Ta_mean': 15.23, 'Pre_mbar': 1009.7, 'Pr_mm_yr': 1273.0, 'Pr_max_h': 18.87, 'Rsw_max': 1018.0, 'Ds_mean': 484.0, 'Ca': [399.9, 474.0]}
    US-TEF: {'hours': 753864, 'calendar': 'proleptic_gregorian', 'humidity': 'hurs', 'cal_note': None, 'years': '2015-2100', 'Ta_C': [-53.9, 38.1], 'Ta_mean': 6.0, 'Pre_mbar': 776.8, 'Pr_mm_yr': 446.5, 'Pr_max_h': 8.16, 'Rsw_max': 977.7, 'Ds_mean': 519.9, 'Ca': [399.9, 474.0]}
    US-UMB: {'hours': 753864, 'calendar': 'proleptic_gregorian', 'humidity': 'hurs', 'cal_note': None, 'years': '2015-2100', 'Ta_C': [-36.6, 38.0], 'Ta_mean': 8.4, 'Pre_mbar': 985.5, 'Pr_mm_yr': 892.4, 'Pr_max_h': 9.93, 'Rsw_max': 945.6, 'Ds_mean': 401.5, 'Ca': [399.9, 474.0]}
    US-UMd: {'hours': 753864, 'calendar': 'proleptic_gregorian', 'humidity': 'hurs', 'cal_note': None, 'years': '2015-2100', 'Ta_C': [-36.6, 38.0], 'Ta_mean': 8.4, 'Pre_mbar': 984.9, 'Pr_mm_yr': 892.4, 'Pr_max_h': 9.93, 'Rsw_max': 945.5, 'Ds_mean': 401.5, 'Ca': [399.9, 474.0]}
    US-Vcm: FAILED -- Tetens inverse disagrees by 1.00e-03 Pa
    US-Vcp: FAILED -- Tetens inverse disagrees by 1.00e-03 Pa
    US-Vcs: FAILED -- Tetens inverse disagrees by 1.00e-03 Pa
    US-WBW: {'hours': 753864, 'calendar': 'proleptic_gregorian', 'humidity': 'hurs', 'cal_note': None, 'years': '2015-2100', 'Ta_C': [-31.0, 45.2], 'Ta_mean': 16.73, 'Pre_mbar': 979.8, 'Pr_mm_yr': 1497.0, 'Pr_max_h': 15.63, 'Rsw_max': 994.7, 'Ds_mean': 509.5, 'Ca': [399.9, 474.0]}
    US-WCr: {'hours': 753864, 'calendar': 'proleptic_gregorian', 'humidity': 'hurs', 'cal_note': None, 'years': '2015-2100', 'Ta_C': [-47.3, 39.0], 'Ta_mean': 6.82, 'Pre_mbar': 952.7, 'Pr_mm_yr': 895.2, 'Pr_max_h': 11.69, 'Rsw_max': 953.7, 'Ds_mean': 380.2, 'Ca': [399.9, 474.0]}
    US-Wi1: {'hours': 753864, 'calendar': 'proleptic_gregorian', 'humidity': 'hurs', 'cal_note': None, 'years': '2015-2100', 'Ta_C': [-46.4, 38.4], 'Ta_mean': 6.95, 'Pre_mbar': 971.8, 'Pr_mm_yr': 858.2, 'Pr_max_h': 12.54, 'Rsw_max': 957.4, 'Ds_mean': 366.3, 'Ca': [399.9, 474.0]}
    US-Wi2: {'hours': 753864, 'calendar': 'proleptic_gregorian', 'humidity': 'hurs', 'cal_note': None, 'years': '2015-2100', 'Ta_C': [-46.4, 38.4], 'Ta_mean': 6.95, 'Pre_mbar': 966.9, 'Pr_mm_yr': 858.2, 'Pr_max_h': 12.54, 'Rsw_max': 957.7, 'Ds_mean': 366.3, 'Ca': [399.9, 474.0]}
    US-Wi3: {'hours': 753864, 'calendar': 'proleptic_gregorian', 'humidity': 'hurs', 'cal_note': None, 'years': '2015-2100', 'Ta_C': [-46.4, 38.4], 'Ta_mean': 6.95, 'Pre_mbar': 965.1, 'Pr_mm_yr': 858.2, 'Pr_max_h': 12.54, 'Rsw_max': 958.0, 'Ds_mean': 366.3, 'Ca': [399.9, 474.0]}
    US-Wi4: {'hours': 753864, 'calendar': 'proleptic_gregorian', 'humidity': 'hurs', 'cal_note': None, 'years': '2015-2100', 'Ta_C': [-46.4, 38.4], 'Ta_mean': 6.95, 'Pre_mbar': 971.8, 'Pr_mm_yr': 858.2, 'Pr_max_h': 12.54, 'Rsw_max': 957.4, 'Ds_mean': 366.3, 'Ca': [399.9, 474.0]}
    US-Wrc: {'hours': 753864, 'calendar': 'proleptic_gregorian', 'humidity': 'hurs', 'cal_note': None, 'years': '2015-2100', 'Ta_C': [-33.5, 40.5], 'Ta_mean': 10.18, 'Pre_mbar': 969.6, 'Pr_mm_yr': 1960.4, 'Pr_max_h': 21.27, 'Rsw_max': 1005.1, 'Ds_mean': 458.9, 'Ca': [399.9, 474.0]}
    US-xAB: {'hours': 753864, 'calendar': 'proleptic_gregorian', 'humidity': 'hurs', 'cal_note': None, 'years': '2015-2100', 'Ta_C': [-29.4, 39.9], 'Ta_mean': 12.38, 'Pre_mbar': 970.6, 'Pr_mm_yr': 1858.5, 'Pr_max_h': 19.82, 'Rsw_max': 1006.5, 'Ds_mean': 483.1, 'Ca': [399.9, 474.0]}
    US-xBL: {'hours': 753864, 'calendar': 'proleptic_gregorian', 'humidity': 'hurs', 'cal_note': None, 'years': '2015-2100', 'Ta_C': [-29.8, 44.9], 'Ta_mean': 14.84, 'Pre_mbar': 991.5, 'Pr_mm_yr': 1090.1, 'Pr_max_h': 12.07, 'Rsw_max': 963.7, 'Ds_mean': 516.5, 'Ca': [399.9, 474.0]}
    US-xBR: {'hours': 753864, 'calendar': 'proleptic_gregorian', 'humidity': 'hurs', 'cal_note': None, 'years': '2015-2100', 'Ta_C': [-39.3, 34.3], 'Ta_mean': 5.21, 'Pre_mbar': 985.8, 'Pr_mm_yr': 1481.9, 'Pr_max_h': 18.7, 'Rsw_max': 989.5, 'Ds_mean': 269.4, 'Ca': [399.9, 474.0]}
    US-xGR: {'hours': 753864, 'calendar': 'proleptic_gregorian', 'humidity': 'hurs', 'cal_note': None, 'years': '2015-2100', 'Ta_C': [-31.9, 41.5], 'Ta_mean': 13.84, 'Pre_mbar': 946.0, 'Pr_mm_yr': 1569.6, 'Pr_max_h': 14.81, 'Rsw_max': 996.2, 'Ds_mean': 431.0, 'Ca': [399.9, 474.0]}
    US-xHA: {'hours': 753864, 'calendar': 'proleptic_gregorian', 'humidity': 'hurs', 'cal_note': None, 'years': '2015-2100', 'Ta_C': [-35.9, 40.9], 'Ta_mean': 10.87, 'Pre_mbar': 971.9, 'Pr_mm_yr': 1248.3, 'Pr_max_h': 16.83, 'Rsw_max': 993.1, 'Ds_mean': 415.5, 'Ca': [399.9, 474.0]}
    US-xJE: {'hours': 753864, 'calendar': 'proleptic_gregorian', 'humidity': 'hurs', 'cal_note': None, 'years': '2015-2100', 'Ta_C': [-18.1, 48.6], 'Ta_mean': 21.03, 'Pre_mbar': 1008.0, 'Pr_mm_yr': 1543.9, 'Pr_max_h': 19.14, 'Rsw_max': 1000.9, 'Ds_mean': 667.8, 'Ca': [399.9, 474.0]}
    US-xLE: {'hours': 753864, 'calendar': 'proleptic_gregorian', 'humidity': 'hurs', 'cal_note': None, 'years': '2015-2100', 'Ta_C': [-22.7, 49.3], 'Ta_mean': 20.6, 'Pre_mbar': 1010.9, 'Pr_mm_yr': 1615.0, 'Pr_max_h': 20.6, 'Rsw_max': 1020.2, 'Ds_mean': 657.8, 'Ca': [399.9, 474.0]}
    US-xML: {'hours': 753864, 'calendar': 'proleptic_gregorian', 'humidity': 'hurs', 'cal_note': None, 'years': '2015-2100', 'Ta_C': [-33.6, 41.6], 'Ta_mean': 13.13, 'Pre_mbar': 886.6, 'Pr_mm_yr': 1141.8, 'Pr_max_h': 11.19, 'Rsw_max': 980.9, 'Ds_mean': 450.2, 'Ca': [399.9, 474.0]}
    US-xNW: FAILED -- Tetens inverse disagrees by 1.00e-03 Pa
    US-xRM: FAILED -- Tetens inverse disagrees by 1.00e-03 Pa
    US-xRN: {'hours': 753864, 'calendar': 'proleptic_gregorian', 'humidity': 'hurs', 'cal_note': None, 'years': '2015-2100', 'Ta_C': [-31.0, 45.2], 'Ta_mean': 16.73, 'Pre_mbar': 973.9, 'Pr_mm_yr': 1497.0, 'Pr_max_h': 15.63, 'Rsw_max': 994.7, 'Ds_mean': 509.5, 'Ca': [399.9, 474.0]}
    US-xSB: {'hours': 753864, 'calendar': 'proleptic_gregorian', 'humidity': 'hurs', 'cal_note': None, 'years': '2015-2100', 'Ta_C': [-7.9, 46.8], 'Ta_mean': 23.65, 'Pre_mbar': 1007.9, 'Pr_mm_yr': 1511.7, 'Pr_max_h': 14.46, 'Rsw_max': 980.9, 'Ds_mean': 711.9, 'Ca': [399.9, 474.0]}
    US-xSC: {'hours': 753864, 'calendar': 'proleptic_gregorian', 'humidity': 'hurs', 'cal_note': None, 'years': '2015-2100', 'Ta_C': [-30.6, 44.2], 'Ta_mean': 14.6, 'Pre_mbar': 970.8, 'Pr_mm_yr': 1106.7, 'Pr_max_h': 11.75, 'Rsw_max': 962.9, 'Ds_mean': 510.0, 'Ca': [399.9, 474.0]}
    US-xSE: {'hours': 753864, 'calendar': 'proleptic_gregorian', 'humidity': 'hurs', 'cal_note': None, 'years': '2015-2100', 'Ta_C': [-27.6, 44.5], 'Ta_mean': 15.97, 'Pre_mbar': 1011.4, 'Pr_mm_yr': 1199.8, 'Pr_max_h': 16.52, 'Rsw_max': 955.5, 'Ds_mean': 506.1, 'Ca': [399.9, 474.0]}
    US-xSP: FAILED -- Tetens inverse disagrees by 1.00e-03 Pa
    US-xST: {'hours': 753864, 'calendar': 'proleptic_gregorian', 'humidity': 'hurs', 'cal_note': None, 'years': '2015-2100', 'Ta_C': [-46.2, 39.0], 'Ta_mean': 6.79, 'Pre_mbar': 957.1, 'Pr_mm_yr': 885.6, 'Pr_max_h': 11.65, 'Rsw_max': 958.4, 'Ds_mean': 386.6, 'Ca': [399.9, 474.0]}
    US-xTA: {'hours': 753864, 'calendar': 'proleptic_gregorian', 'humidity': 'hurs', 'cal_note': None, 'years': '2015-2100', 'Ta_C': [-20.8, 47.5], 'Ta_mean': 19.69, 'Pre_mbar': 997.2, 'Pr_mm_yr': 1495.2, 'Pr_max_h': 17.48, 'Rsw_max': 1019.9, 'Ds_mean': 588.2, 'Ca': [399.9, 474.0]}
    US-xTE: FAILED -- Tetens inverse disagrees by 1.00e-03 Pa
    US-xTR: {'hours': 753864, 'calendar': 'proleptic_gregorian', 'humidity': 'hurs', 'cal_note': None, 'years': '2015-2100', 'Ta_C': [-44.8, 39.1], 'Ta_mean': 7.04, 'Pre_mbar': 958.1, 'Pr_mm_yr': 883.5, 'Pr_max_h': 11.63, 'Rsw_max': 962.0, 'Ds_mean': 393.0, 'Ca': [399.9, 474.0]}
    US-xUK: {'hours': 753864, 'calendar': 'proleptic_gregorian', 'humidity': 'hurs', 'cal_note': None, 'years': '2015-2100', 'Ta_C': [-37.7, 51.4], 'Ta_mean': 15.54, 'Pre_mbar': 973.8, 'Pr_mm_yr': 1018.8, 'Pr_max_h': 13.9, 'Rsw_max': 1015.6, 'Ds_mean': 718.4, 'Ca': [399.9, 474.0]}
    US-xWR: {'hours': 753864, 'calendar': 'proleptic_gregorian', 'humidity': 'hurs', 'cal_note': None, 'years': '2015-2100', 'Ta_C': [-33.5, 40.5], 'Ta_mean': 10.18, 'Pre_mbar': 965.5, 'Pr_mm_yr': 1960.4, 'Pr_max_h': 21.27, 'Rsw_max': 1005.1, 'Ds_mean': 458.9, 'Ca': [399.9, 474.0]}
    US-xYE: FAILED -- Tetens inverse disagrees by 1.00e-03 Pa
    -> 79/101 built

  MRI-ESM2-0 ssp585 (ECS 3.2 K): 31411 days, 101 stations
    US-Bar: {'hours': 753864, 'calendar': 'proleptic_gregorian', 'humidity': 'hurs', 'cal_note': None, 'years': '2015-2100', 'Ta_C': [-37.5, 36.3], 'Ta_mean': 7.03, 'Pre_mbar': 981.1, 'Pr_mm_yr': 1538.0, 'Pr_max_h': 19.37, 'Rsw_max': 978.6, 'Ds_mean': 295.5, 'Ca': [399.9, 1135.2]}
    US-Blk: FAILED -- Tetens inverse disagrees by 1.00e-03 Pa
    US-CPF: FAILED -- Tetens inverse disagrees by 1.00e-03 Pa
    US-CPk: FAILED -- Tetens inverse disagrees by 1.00e-03 Pa
    US-CRK: {'hours': 753864, 'calendar': 'proleptic_gregorian', 'humidity': 'hurs', 'cal_note': None, 'years': '2015-2100', 'Ta_C': [-19.6, 53.1], 'Ta_mean': 22.54, 'Pre_mbar': 995.3, 'Pr_mm_yr': 1159.1, 'Pr_max_h': 15.93, 'Rsw_max': 1046.0, 'Ds_mean': 1015.8, 'Ca': [399.9, 1135.2]}
    US-CS2: {'hours': 753864, 'calendar': 'proleptic_gregorian', 'humidity': 'hurs', 'cal_note': None, 'years': '2015-2100', 'Ta_C': [-38.2, 41.0], 'Ta_mean': 10.65, 'Pre_mbar': 974.6, 'Pr_mm_yr': 882.8, 'Pr_max_h': 10.46, 'Rsw_max': 965.9, 'Ds_mean': 468.4, 'Ca': [399.9, 1135.2]}
    US-CZ2: {'hours': 753864, 'calendar': 'proleptic_gregorian', 'humidity': 'hurs', 'cal_note': None, 'years': '2015-2100', 'Ta_C': [-24.7, 48.5], 'Ta_mean': 17.31, 'Pre_mbar': 883.1, 'Pr_mm_yr': 657.4, 'Pr_max_h': 22.49, 'Rsw_max': 1087.8, 'Ds_mean': 1317.8, 'Ca': [399.9, 1135.2]}
    US-CZ3: {'hours': 753864, 'calendar': 'proleptic_gregorian', 'humidity': 'hurs', 'cal_note': None, 'years': '2015-2100', 'Ta_C': [-32.5, 42.1], 'Ta_mean': 10.74, 'Pre_mbar': 797.9, 'Pr_mm_yr': 708.4, 'Pr_max_h': 26.46, 'Rsw_max': 1089.3, 'Ds_mean': 921.0, 'Ca': [399.9, 1135.2]}
    US-CZ4: {'hours': 753864, 'calendar': 'proleptic_gregorian', 'humidity': 'hurs', 'cal_note': None, 'years': '2015-2100', 'Ta_C': [-36.0, 38.5], 'Ta_mean': 7.5, 'Pre_mbar': 734.8, 'Pr_mm_yr': 768.6, 'Pr_max_h': 31.21, 'Rsw_max': 1090.6, 'Ds_mean': 773.7, 'Ca': [399.9, 1135.2]}
    US-ChR: {'hours': 753864, 'calendar': 'proleptic_gregorian', 'humidity': 'hurs', 'cal_note': None, 'years': '2015-2100', 'Ta_C': [-26.3, 48.3], 'Ta_mean': 18.14, 'Pre_mbar': 979.5, 'Pr_mm_yr': 1515.8, 'Pr_max_h': 17.59, 'Rsw_max': 992.2, 'Ds_mean': 572.1, 'Ca': [399.9, 1135.2]}
    US-Cst: {'hours': 753864, 'calendar': 'proleptic_gregorian', 'humidity': 'hurs', 'cal_note': None, 'years': '2015-2100', 'Ta_C': [-23.9, 52.7], 'Ta_mean': 21.19, 'Pre_mbar': 1007.3, 'Pr_mm_yr': 1425.0, 'Pr_max_h': 21.75, 'Rsw_max': 1027.2, 'Ds_mean': 764.0, 'Ca': [399.9, 1135.2]}
    US-Cwt: {'hours': 753864, 'calendar': 'proleptic_gregorian', 'humidity': 'hurs', 'cal_note': None, 'years': '2015-2100', 'Ta_C': [-27.4, 44.5], 'Ta_mean': 15.86, 'Pre_mbar': 933.7, 'Pr_mm_yr': 1918.2, 'Pr_max_h': 18.75, 'Rsw_max': 990.5, 'Ds_mean': 481.4, 'Ca': [399.9, 1135.2]}
    US-DPP: {'hours': 753864, 'calendar': 'proleptic_gregorian', 'humidity': 'hurs', 'cal_note': None, 'years': '2015-2100', 'Ta_C': [-10.7, 50.7], 'Ta_mean': 25.7, 'Pre_mbar': 1010.5, 'Pr_mm_yr': 1352.9, 'Pr_max_h': 13.38, 'Rsw_max': 974.1, 'Ds_mean': 851.9, 'Ca': [399.9, 1135.2]}
    US-Dk2: {'hours': 753864, 'calendar': 'proleptic_gregorian', 'humidity': 'hurs', 'cal_note': None, 'years': '2015-2100', 'Ta_C': [-22.1, 48.2], 'Ta_mean': 18.67, 'Pre_mbar': 993.3, 'Pr_mm_yr': 1275.7, 'Pr_max_h': 13.93, 'Rsw_max': 958.3, 'Ds_mean': 577.1, 'Ca': [399.9, 1135.2]}
    US-Dk3: {'hours': 753864, 'calendar': 'proleptic_gregorian', 'humidity': 'hurs', 'cal_note': None, 'years': '2015-2100', 'Ta_C': [-22.1, 48.2], 'Ta_mean': 18.67, 'Pre_mbar': 993.9, 'Pr_mm_yr': 1275.7, 'Pr_max_h': 13.93, 'Rsw_max': 958.3, 'Ds_mean': 577.1, 'Ca': [399.9, 1135.2]}
    US-Fmf: FAILED -- Tetens inverse disagrees by 1.00e-03 Pa
    US-Fuf: FAILED -- Tetens inverse disagrees by 1.00e-03 Pa
    US-GBT: FAILED -- Tetens inverse disagrees by 1.00e-03 Pa
    US-GLE: FAILED -- Tetens inverse disagrees by 1.00e-03 Pa
    US-HB2: {'hours': 753864, 'calendar': 'proleptic_gregorian', 'humidity': 'hurs', 'cal_note': None, 'years': '2015-2100', 'Ta_C': [-11.8, 43.0], 'Ta_mean': 21.74, 'Pre_mbar': 1012.7, 'Pr_mm_yr': 1407.7, 'Pr_max_h': 11.26, 'Rsw_max': 949.6, 'Ds_mean': 622.0, 'Ca': [399.9, 1135.2]}
    US-HB3: {'hours': 753864, 'calendar': 'proleptic_gregorian', 'humidity': 'hurs', 'cal_note': None, 'years': '2015-2100', 'Ta_C': [-11.8, 43.0], 'Ta_mean': 21.74, 'Pre_mbar': 1012.4, 'Pr_mm_yr': 1407.7, 'Pr_max_h': 11.26, 'Rsw_max': 949.6, 'Ds_mean': 622.0, 'Ca': [399.9, 1135.2]}
    US-HBK: {'hours': 753864, 'calendar': 'proleptic_gregorian', 'humidity': 'hurs', 'cal_note': None, 'years': '2015-2100', 'Ta_C': [-35.8, 39.8], 'Ta_mean': 9.57, 'Pre_mbar': 970.1, 'Pr_mm_yr': 1362.0, 'Pr_max_h': 17.74, 'Rsw_max': 978.7, 'Ds_mean': 361.5, 'Ca': [399.9, 1135.2]}
    US-Ha1: {'hours': 753864, 'calendar': 'proleptic_gregorian', 'humidity': 'hurs', 'cal_note': None, 'years': '2015-2100', 'Ta_C': [-32.1, 42.5], 'Ta_mean': 12.63, 'Pre_mbar': 973.2, 'Pr_mm_yr': 1301.6, 'Pr_max_h': 19.21, 'Rsw_max': 984.8, 'Ds_mean': 452.1, 'Ca': [399.9, 1135.2]}
    US-Ha2: {'hours': 753864, 'calendar': 'proleptic_gregorian', 'humidity': 'hurs', 'cal_note': None, 'years': '2015-2100', 'Ta_C': [-32.1, 42.5], 'Ta_mean': 12.63, 'Pre_mbar': 970.9, 'Pr_mm_yr': 1301.6, 'Pr_max_h': 19.21, 'Rsw_max': 984.8, 'Ds_mean': 452.1, 'Ca': [399.9, 1135.2]}
    US-Ho1: {'hours': 753864, 'calendar': 'proleptic_gregorian', 'humidity': 'hurs', 'cal_note': None, 'years': '2015-2100', 'Ta_C': [-30.4, 41.0], 'Ta_mean': 10.23, 'Pre_mbar': 1006.1, 'Pr_mm_yr': 1225.1, 'Pr_max_h': 15.26, 'Rsw_max': 983.4, 'Ds_mean': 372.0, 'Ca': [399.9, 1135.2]}
    US-Ho2: {'hours': 753864, 'calendar': 'proleptic_gregorian', 'humidity': 'hurs', 'cal_note': None, 'years': '2015-2100', 'Ta_C': [-30.4, 41.0], 'Ta_mean': 10.23, 'Pre_mbar': 1005.9, 'Pr_mm_yr': 1225.1, 'Pr_max_h': 15.26, 'Rsw_max': 983.4, 'Ds_mean': 372.0, 'Ca': [399.9, 1135.2]}
    US-Ho3: {'hours': 753864, 'calendar': 'proleptic_gregorian', 'humidity': 'hurs', 'cal_note': None, 'years': '2015-2100', 'Ta_C': [-30.4, 41.0], 'Ta_mean': 10.23, 'Pre_mbar': 1005.9, 'Pr_mm_yr': 1225.1, 'Pr_max_h': 15.26, 'Rsw_max': 983.4, 'Ds_mean': 372.0, 'Ca': [399.9, 1135.2]}
    US-LPH: {'hours': 753864, 'calendar': 'proleptic_gregorian', 'humidity': 'hurs', 'cal_note': None, 'years': '2015-2100', 'Ta_C': [-32.1, 42.5], 'Ta_mean': 12.63, 'Pre_mbar': 968.9, 'Pr_mm_yr': 1301.6, 'Pr_max_h': 19.21, 'Rsw_max': 984.8, 'Ds_mean': 452.1, 'Ca': [399.9, 1135.2]}
    US-MEF: {'hours': 753864, 'calendar': 'proleptic_gregorian', 'humidity': 'hurs', 'cal_note': None, 'years': '2015-2100', 'Ta_C': [-45.8, 41.9], 'Ta_mean': 8.59, 'Pre_mbar': 765.3, 'Pr_mm_yr': 498.8, 'Pr_max_h': 9.56, 'Rsw_max': 1061.5, 'Ds_mean': 657.8, 'Ca': [399.9, 1135.2]}
    US-MMS: {'hours': 753864, 'calendar': 'proleptic_gregorian', 'humidity': 'hurs', 'cal_note': None, 'years': '2015-2100', 'Ta_C': [-31.0, 45.3], 'Ta_mean': 15.41, 'Pre_mbar': 980.7, 'Pr_mm_yr': 1171.1, 'Pr_max_h': 11.34, 'Rsw_max': 984.0, 'Ds_mean': 495.0, 'Ca': [399.9, 1135.2]}
    US-MOz: {'hours': 753864, 'calendar': 'proleptic_gregorian', 'humidity': 'hurs', 'cal_note': None, 'years': '2015-2100', 'Ta_C': [-32.9, 48.8], 'Ta_mean': 16.58, 'Pre_mbar': 987.2, 'Pr_mm_yr': 1044.3, 'Pr_max_h': 14.42, 'Rsw_max': 1012.4, 'Ds_mean': 617.5, 'Ca': [399.9, 1135.2]}
    US-MRf: {'hours': 753864, 'calendar': 'proleptic_gregorian', 'humidity': 'hurs', 'cal_note': None, 'years': '2015-2100', 'Ta_C': [-18.9, 40.3], 'Ta_mean': 13.38, 'Pre_mbar': 982.1, 'Pr_mm_yr': 1482.6, 'Pr_max_h': 18.38, 'Rsw_max': 1004.5, 'Ds_mean': 458.5, 'Ca': [399.9, 1135.2]}
    US-Me1: {'hours': 753864, 'calendar': 'proleptic_gregorian', 'humidity': 'hurs', 'cal_note': None, 'years': '2015-2100', 'Ta_C': [-31.7, 42.8], 'Ta_mean': 10.38, 'Pre_mbar': 911.1, 'Pr_mm_yr': 1009.2, 'Pr_max_h': 13.61, 'Rsw_max': 1013.5, 'Ds_mean': 552.2, 'Ca': [399.9, 1135.2]}
    US-Me2: {'hours': 753864, 'calendar': 'proleptic_gregorian', 'humidity': 'hurs', 'cal_note': None, 'years': '2015-2100', 'Ta_C': [-30.8, 44.0], 'Ta_mean': 11.24, 'Pre_mbar': 873.4, 'Pr_mm_yr': 887.4, 'Pr_max_h': 12.68, 'Rsw_max': 1018.0, 'Ds_mean': 596.0, 'Ca': [399.9, 1135.2]}
    US-Me4: {'hours': 753864, 'calendar': 'proleptic_gregorian', 'humidity': 'hurs', 'cal_note': None, 'years': '2015-2100', 'Ta_C': [-30.8, 44.0], 'Ta_mean': 11.24, 'Pre_mbar': 908.3, 'Pr_mm_yr': 887.4, 'Pr_max_h': 12.68, 'Rsw_max': 1017.7, 'Ds_mean': 596.0, 'Ca': [399.9, 1135.2]}
    US-Me6: {'hours': 753864, 'calendar': 'proleptic_gregorian', 'humidity': 'hurs', 'cal_note': None, 'years': '2015-2100', 'Ta_C': [-30.8, 44.0], 'Ta_mean': 11.24, 'Pre_mbar': 900.2, 'Pr_mm_yr': 887.4, 'Pr_max_h': 12.68, 'Rsw_max': 1018.8, 'Ds_mean': 596.0, 'Ca': [399.9, 1135.2]}
    US-Me7: {'hours': 753864, 'calendar': 'proleptic_gregorian', 'humidity': 'hurs', 'cal_note': None, 'years': '2015-2100', 'Ta_C': [-30.8, 44.0], 'Ta_mean': 11.24, 'Pre_mbar': 873.4, 'Pr_mm_yr': 887.4, 'Pr_max_h': 12.68, 'Rsw_max': 1018.0, 'Ds_mean': 596.0, 'Ca': [399.9, 1135.2]}
    US-MtB: FAILED -- Tetens inverse disagrees by 1.00e-03 Pa
    US-NC2: {'hours': 753864, 'calendar': 'proleptic_gregorian', 'humidity': 'hurs', 'cal_note': None, 'years': '2015-2100', 'Ta_C': [-17.8, 45.8], 'Ta_mean': 19.71, 'Pre_mbar': 1012.6, 'Pr_mm_yr': 1363.2, 'Pr_max_h': 17.65, 'Rsw_max': 947.6, 'Ds_mean': 573.2, 'Ca': [399.9, 1135.2]}
    US-NC3: {'hours': 753864, 'calendar': 'proleptic_gregorian', 'humidity': 'hurs', 'cal_note': None, 'years': '2015-2100', 'Ta_C': [-17.8, 45.8], 'Ta_mean': 19.71, 'Pre_mbar': 1012.6, 'Pr_mm_yr': 1363.2, 'Pr_max_h': 17.65, 'Rsw_max': 947.6, 'Ds_mean': 573.2, 'Ca': [399.9, 1135.2]}
    US-NC5: {'hours': 753864, 'calendar': 'proleptic_gregorian', 'humidity': 'hurs', 'cal_note': None, 'years': '2015-2100', 'Ta_C': [-23.1, 49.0], 'Ta_mean': 18.53, 'Pre_mbar': 998.7, 'Pr_mm_yr': 1255.6, 'Pr_max_h': 15.6, 'Rsw_max': 953.7, 'Ds_mean': 583.3, 'Ca': [399.9, 1135.2]}
    US-NMj: {'hours': 753864, 'calendar': 'proleptic_gregorian', 'humidity': 'hurs', 'cal_note': None, 'years': '2015-2100', 'Ta_C': [-47.2, 41.2], 'Ta_mean': 8.65, 'Pre_mbar': 967.0, 'Pr_mm_yr': 916.5, 'Pr_max_h': 12.16, 'Rsw_max': 944.9, 'Ds_mean': 423.5, 'Ca': [399.9, 1135.2]}
    US-NR1: FAILED -- Tetens inverse disagrees by 1.00e-03 Pa
    US-Oho: {'hours': 753864, 'calendar': 'proleptic_gregorian', 'humidity': 'hurs', 'cal_note': None, 'years': '2015-2100', 'Ta_C': [-24.8, 43.6], 'Ta_mean': 13.64, 'Pre_mbar': 986.0, 'Pr_mm_yr': 947.5, 'Pr_max_h': 9.11, 'Rsw_max': 962.8, 'Ds_mean': 520.0, 'Ca': [399.9, 1135.2]}
    US-PFL: {'hours': 753864, 'calendar': 'proleptic_gregorian', 'humidity': 'hurs', 'cal_note': None, 'years': '2015-2100', 'Ta_C': [-42.6, 40.2], 'Ta_mean': 8.77, 'Pre_mbar': 959.0, 'Pr_mm_yr': 902.1, 'Pr_max_h': 12.62, 'Rsw_max': 946.1, 'Ds_mean': 417.1, 'Ca': [399.9, 1135.2]}
    US-PFb: {'hours': 753864, 'calendar': 'proleptic_gregorian', 'humidity': 'hurs', 'cal_note': None, 'years': '2015-2100', 'Ta_C': [-42.6, 40.2], 'Ta_mean': 8.77, 'Pre_mbar': 957.9, 'Pr_mm_yr': 902.1, 'Pr_max_h': 12.62, 'Rsw_max': 946.0, 'Ds_mean': 417.1, 'Ca': [399.9, 1135.2]}
    US-PFc: {'hours': 753864, 'calendar': 'proleptic_gregorian', 'humidity': 'hurs', 'cal_note': None, 'years': '2015-2100', 'Ta_C': [-42.6, 40.2], 'Ta_mean': 8.77, 'Pre_mbar': 958.0, 'Pr_mm_yr': 902.1, 'Pr_max_h': 12.62, 'Rsw_max': 946.0, 'Ds_mean': 417.1, 'Ca': [399.9, 1135.2]}
    US-PFg: {'hours': 753864, 'calendar': 'proleptic_gregorian', 'humidity': 'hurs', 'cal_note': None, 'years': '2015-2100', 'Ta_C': [-42.6, 40.2], 'Ta_mean': 8.77, 'Pre_mbar': 957.8, 'Pr_mm_yr': 902.1, 'Pr_max_h': 12.62, 'Rsw_max': 945.9, 'Ds_mean': 417.1, 'Ca': [399.9, 1135.2]}
    US-PFh: {'hours': 753864, 'calendar': 'proleptic_gregorian', 'humidity': 'hurs', 'cal_note': None, 'years': '2015-2100', 'Ta_C': [-43.5, 40.2], 'Ta_mean': 8.52, 'Pre_mbar': 959.1, 'Pr_mm_yr': 911.0, 'Pr_max_h': 12.54, 'Rsw_max': 954.1, 'Ds_mean': 414.5, 'Ca': [399.9, 1135.2]}
    US-PFi: {'hours': 753864, 'calendar': 'proleptic_gregorian', 'humidity': 'hurs', 'cal_note': None, 'years': '2015-2100', 'Ta_C': [-43.5, 40.2], 'Ta_mean': 8.52, 'Pre_mbar': 956.3, 'Pr_mm_yr': 911.0, 'Pr_max_h': 12.54, 'Rsw_max': 954.0, 'Ds_mean': 414.5, 'Ca': [399.9, 1135.2]}
    US-PFj: {'hours': 753864, 'calendar': 'proleptic_gregorian', 'humidity': 'hurs', 'cal_note': None, 'years': '2015-2100', 'Ta_C': [-43.5, 40.2], 'Ta_mean': 8.52, 'Pre_mbar': 956.7, 'Pr_mm_yr': 911.0, 'Pr_max_h': 12.54, 'Rsw_max': 954.1, 'Ds_mean': 414.5, 'Ca': [399.9, 1135.2]}
    US-PFk: {'hours': 753864, 'calendar': 'proleptic_gregorian', 'humidity': 'hurs', 'cal_note': None, 'years': '2015-2100', 'Ta_C': [-42.6, 40.2], 'Ta_mean': 8.77, 'Pre_mbar': 957.7, 'Pr_mm_yr': 902.1, 'Pr_max_h': 12.62, 'Rsw_max': 946.3, 'Ds_mean': 417.1, 'Ca': [399.9, 1135.2]}
    US-PFm: {'hours': 753864, 'calendar': 'proleptic_gregorian', 'humidity': 'hurs', 'cal_note': None, 'years': '2015-2100', 'Ta_C': [-42.6, 40.2], 'Ta_mean': 8.77, 'Pre_mbar': 956.7, 'Pr_mm_yr': 902.1, 'Pr_max_h': 12.62, 'Rsw_max': 946.3, 'Ds_mean': 417.1, 'Ca': [399.9, 1135.2]}
    US-PFn: {'hours': 753864, 'calendar': 'proleptic_gregorian', 'humidity': 'hurs', 'cal_note': None, 'years': '2015-2100', 'Ta_C': [-42.6, 40.2], 'Ta_mean': 8.77, 'Pre_mbar': 957.4, 'Pr_mm_yr': 902.1, 'Pr_max_h': 12.62, 'Rsw_max': 946.2, 'Ds_mean': 417.1, 'Ca': [399.9, 1135.2]}
    US-PFp: {'hours': 753864, 'calendar': 'proleptic_gregorian', 'humidity': 'hurs', 'cal_note': None, 'years': '2015-2100', 'Ta_C': [-42.6, 40.2], 'Ta_mean': 8.77, 'Pre_mbar': 955.3, 'Pr_mm_yr': 902.1, 'Pr_max_h': 12.62, 'Rsw_max': 946.2, 'Ds_mean': 417.1, 'Ca': [399.9, 1135.2]}
    US-PFq: {'hours': 753864, 'calendar': 'proleptic_gregorian', 'humidity': 'hurs', 'cal_note': None, 'years': '2015-2100', 'Ta_C': [-43.5, 40.2], 'Ta_mean': 8.52, 'Pre_mbar': 958.0, 'Pr_mm_yr': 911.0, 'Pr_max_h': 12.54, 'Rsw_max': 954.3, 'Ds_mean': 414.5, 'Ca': [399.9, 1135.2]}
    US-PFs: {'hours': 753864, 'calendar': 'proleptic_gregorian', 'humidity': 'hurs', 'cal_note': None, 'years': '2015-2100', 'Ta_C': [-43.5, 40.2], 'Ta_mean': 8.52, 'Pre_mbar': 956.2, 'Pr_mm_yr': 911.0, 'Pr_max_h': 12.54, 'Rsw_max': 954.2, 'Ds_mean': 414.5, 'Ca': [399.9, 1135.2]}
    US-PFt: {'hours': 753864, 'calendar': 'proleptic_gregorian', 'humidity': 'hurs', 'cal_note': None, 'years': '2015-2100', 'Ta_C': [-43.5, 40.2], 'Ta_mean': 8.52, 'Pre_mbar': 958.8, 'Pr_mm_yr': 911.0, 'Pr_max_h': 12.54, 'Rsw_max': 954.3, 'Ds_mean': 414.5, 'Ca': [399.9, 1135.2]}
    US-SB1: {'hours': 753864, 'calendar': 'proleptic_gregorian', 'humidity': 'hurs', 'cal_note': None, 'years': '2015-2100', 'Ta_C': [-24.2, 48.3], 'Ta_mean': 17.36, 'Pre_mbar': 984.6, 'Pr_mm_yr': 1117.5, 'Pr_max_h': 17.44, 'Rsw_max': 966.6, 'Ds_mean': 588.3, 'Ca': [399.9, 1135.2]}
    US-SHC: {'hours': 753864, 'calendar': 'proleptic_gregorian', 'humidity': 'hurs', 'cal_note': None, 'years': '2015-2100', 'Ta_C': [-34.3, 43.7], 'Ta_mean': 11.19, 'Pre_mbar': 805.6, 'Pr_mm_yr': 791.7, 'Pr_max_h': 16.99, 'Rsw_max': 1076.6, 'Ds_mean': 897.7, 'Ca': [399.9, 1135.2]}
    US-SP1: {'hours': 753864, 'calendar': 'proleptic_gregorian', 'humidity': 'hurs', 'cal_note': None, 'years': '2015-2100', 'Ta_C': [-11.6, 50.7], 'Ta_mean': 24.23, 'Pre_mbar': 1007.3, 'Pr_mm_yr': 1527.6, 'Pr_max_h': 16.37, 'Rsw_max': 973.0, 'Ds_mean': 752.6, 'Ca': [399.9, 1135.2]}
    US-SP2: {'hours': 753864, 'calendar': 'proleptic_gregorian', 'humidity': 'hurs', 'cal_note': None, 'years': '2015-2100', 'Ta_C': [-12.1, 50.7], 'Ta_mean': 23.9, 'Pre_mbar': 1007.3, 'Pr_mm_yr': 1538.6, 'Pr_max_h': 16.09, 'Rsw_max': 976.6, 'Ds_mean': 738.1, 'Ca': [399.9, 1135.2]}
    US-SP3: {'hours': 753864, 'calendar': 'proleptic_gregorian', 'humidity': 'hurs', 'cal_note': None, 'years': '2015-2100', 'Ta_C': [-12.1, 50.7], 'Ta_mean': 23.9, 'Pre_mbar': 1007.3, 'Pr_mm_yr': 1538.6, 'Pr_max_h': 16.09, 'Rsw_max': 976.7, 'Ds_mean': 738.1, 'Ca': [399.9, 1135.2]}
    US-SP4: {'hours': 753864, 'calendar': 'proleptic_gregorian', 'humidity': 'hurs', 'cal_note': None, 'years': '2015-2100', 'Ta_C': [-12.1, 50.7], 'Ta_mean': 23.9, 'Pre_mbar': 1007.6, 'Pr_mm_yr': 1538.6, 'Pr_max_h': 16.09, 'Rsw_max': 976.6, 'Ds_mean': 738.1, 'Ca': [399.9, 1135.2]}
    US-SSH: {'hours': 753864, 'calendar': 'proleptic_gregorian', 'humidity': 'hurs', 'cal_note': None, 'years': '2015-2100', 'Ta_C': [-23.4, 44.0], 'Ta_mean': 13.85, 'Pre_mbar': 976.7, 'Pr_mm_yr': 1118.4, 'Pr_max_h': 12.04, 'Rsw_max': 950.9, 'Ds_mean': 475.2, 'Ca': [399.9, 1135.2]}
    US-Slt: {'hours': 753864, 'calendar': 'proleptic_gregorian', 'humidity': 'hurs', 'cal_note': None, 'years': '2015-2100', 'Ta_C': [-20.1, 43.2], 'Ta_mean': 16.36, 'Pre_mbar': 1009.7, 'Pr_mm_yr': 1298.3, 'Pr_max_h': 20.89, 'Rsw_max': 1008.2, 'Ds_mean': 539.0, 'Ca': [399.9, 1135.2]}
    US-TEF: {'hours': 753864, 'calendar': 'proleptic_gregorian', 'humidity': 'hurs', 'cal_note': None, 'years': '2015-2100', 'Ta_C': [-48.6, 41.2], 'Ta_mean': 7.41, 'Pre_mbar': 776.8, 'Pr_mm_yr': 446.6, 'Pr_max_h': 7.39, 'Rsw_max': 975.1, 'Ds_mean': 585.3, 'Ca': [399.9, 1135.2]}
    US-UMB: {'hours': 753864, 'calendar': 'proleptic_gregorian', 'humidity': 'hurs', 'cal_note': None, 'years': '2015-2100', 'Ta_C': [-36.8, 40.7], 'Ta_mean': 10.13, 'Pre_mbar': 985.5, 'Pr_mm_yr': 927.1, 'Pr_max_h': 11.23, 'Rsw_max': 938.8, 'Ds_mean': 435.3, 'Ca': [399.9, 1135.2]}
    US-UMd: {'hours': 753864, 'calendar': 'proleptic_gregorian', 'humidity': 'hurs', 'cal_note': None, 'years': '2015-2100', 'Ta_C': [-36.8, 40.7], 'Ta_mean': 10.13, 'Pre_mbar': 984.9, 'Pr_mm_yr': 927.1, 'Pr_max_h': 11.23, 'Rsw_max': 938.8, 'Ds_mean': 435.3, 'Ca': [399.9, 1135.2]}
    US-Vcm: FAILED -- Tetens inverse disagrees by 1.00e-03 Pa
    US-Vcp: FAILED -- Tetens inverse disagrees by 1.00e-03 Pa
    US-Vcs: FAILED -- Tetens inverse disagrees by 1.00e-03 Pa
    US-WBW: {'hours': 753864, 'calendar': 'proleptic_gregorian', 'humidity': 'hurs', 'cal_note': None, 'years': '2015-2100', 'Ta_C': [-26.3, 48.3], 'Ta_mean': 18.14, 'Pre_mbar': 979.8, 'Pr_mm_yr': 1515.8, 'Pr_max_h': 17.59, 'Rsw_max': 992.0, 'Ds_mean': 572.1, 'Ca': [399.9, 1135.2]}
    US-WCr: {'hours': 753864, 'calendar': 'proleptic_gregorian', 'humidity': 'hurs', 'cal_note': None, 'years': '2015-2100', 'Ta_C': [-43.5, 40.2], 'Ta_mean': 8.52, 'Pre_mbar': 952.7, 'Pr_mm_yr': 911.0, 'Pr_max_h': 12.54, 'Rsw_max': 955.0, 'Ds_mean': 414.5, 'Ca': [399.9, 1135.2]}
    US-Wi1: {'hours': 753864, 'calendar': 'proleptic_gregorian', 'humidity': 'hurs', 'cal_note': None, 'years': '2015-2100', 'Ta_C': [-42.1, 39.9], 'Ta_mean': 8.67, 'Pre_mbar': 971.8, 'Pr_mm_yr': 860.9, 'Pr_max_h': 13.01, 'Rsw_max': 952.0, 'Ds_mean': 399.7, 'Ca': [399.9, 1135.2]}
    US-Wi2: {'hours': 753864, 'calendar': 'proleptic_gregorian', 'humidity': 'hurs', 'cal_note': None, 'years': '2015-2100', 'Ta_C': [-42.1, 39.9], 'Ta_mean': 8.67, 'Pre_mbar': 966.9, 'Pr_mm_yr': 860.9, 'Pr_max_h': 13.01, 'Rsw_max': 952.2, 'Ds_mean': 399.7, 'Ca': [399.9, 1135.2]}
    US-Wi3: {'hours': 753864, 'calendar': 'proleptic_gregorian', 'humidity': 'hurs', 'cal_note': None, 'years': '2015-2100', 'Ta_C': [-42.1, 39.9], 'Ta_mean': 8.67, 'Pre_mbar': 965.1, 'Pr_mm_yr': 860.9, 'Pr_max_h': 13.01, 'Rsw_max': 952.6, 'Ds_mean': 399.7, 'Ca': [399.9, 1135.2]}
    US-Wi4: {'hours': 753864, 'calendar': 'proleptic_gregorian', 'humidity': 'hurs', 'cal_note': None, 'years': '2015-2100', 'Ta_C': [-42.1, 39.9], 'Ta_mean': 8.67, 'Pre_mbar': 971.8, 'Pr_mm_yr': 860.9, 'Pr_max_h': 13.01, 'Rsw_max': 951.9, 'Ds_mean': 399.7, 'Ca': [399.9, 1135.2]}
    US-Wrc: {'hours': 753864, 'calendar': 'proleptic_gregorian', 'humidity': 'hurs', 'cal_note': None, 'years': '2015-2100', 'Ta_C': [-28.7, 43.2], 'Ta_mean': 11.33, 'Pre_mbar': 969.6, 'Pr_mm_yr': 1983.4, 'Pr_max_h': 28.55, 'Rsw_max': 997.5, 'Ds_mean': 506.1, 'Ca': [399.9, 1135.2]}
    US-xAB: {'hours': 753864, 'calendar': 'proleptic_gregorian', 'humidity': 'hurs', 'cal_note': None, 'years': '2015-2100', 'Ta_C': [-25.4, 44.4], 'Ta_mean': 13.5, 'Pre_mbar': 970.6, 'Pr_mm_yr': 1879.7, 'Pr_max_h': 22.45, 'Rsw_max': 995.6, 'Ds_mean': 529.2, 'Ca': [399.9, 1135.2]}
    US-xBL: {'hours': 753864, 'calendar': 'proleptic_gregorian', 'humidity': 'hurs', 'cal_note': None, 'years': '2015-2100', 'Ta_C': [-24.5, 47.0], 'Ta_mean': 16.65, 'Pre_mbar': 991.5, 'Pr_mm_yr': 1075.2, 'Pr_max_h': 12.34, 'Rsw_max': 959.9, 'Ds_mean': 591.9, 'Ca': [399.9, 1135.2]}
    US-xBR: {'hours': 753864, 'calendar': 'proleptic_gregorian', 'humidity': 'hurs', 'cal_note': None, 'years': '2015-2100', 'Ta_C': [-37.5, 36.3], 'Ta_mean': 7.03, 'Pre_mbar': 985.8, 'Pr_mm_yr': 1538.0, 'Pr_max_h': 19.37, 'Rsw_max': 978.6, 'Ds_mean': 295.5, 'Ca': [399.9, 1135.2]}
    US-xGR: {'hours': 753864, 'calendar': 'proleptic_gregorian', 'humidity': 'hurs', 'cal_note': None, 'years': '2015-2100', 'Ta_C': [-27.4, 45.6], 'Ta_mean': 15.17, 'Pre_mbar': 946.0, 'Pr_mm_yr': 1582.8, 'Pr_max_h': 14.56, 'Rsw_max': 988.9, 'Ds_mean': 469.4, 'Ca': [399.9, 1135.2]}
    US-xHA: {'hours': 753864, 'calendar': 'proleptic_gregorian', 'humidity': 'hurs', 'cal_note': None, 'years': '2015-2100', 'Ta_C': [-32.1, 42.5], 'Ta_mean': 12.63, 'Pre_mbar': 971.9, 'Pr_mm_yr': 1301.6, 'Pr_max_h': 19.21, 'Rsw_max': 984.8, 'Ds_mean': 452.1, 'Ca': [399.9, 1135.2]}
    US-xJE: {'hours': 753864, 'calendar': 'proleptic_gregorian', 'humidity': 'hurs', 'cal_note': None, 'years': '2015-2100', 'Ta_C': [-16.8, 50.4], 'Ta_mean': 22.22, 'Pre_mbar': 1008.0, 'Pr_mm_yr': 1581.6, 'Pr_max_h': 18.4, 'Rsw_max': 995.4, 'Ds_mean': 698.4, 'Ca': [399.9, 1135.2]}
    US-xLE: {'hours': 753864, 'calendar': 'proleptic_gregorian', 'humidity': 'hurs', 'cal_note': None, 'years': '2015-2100', 'Ta_C': [-18.7, 50.0], 'Ta_mean': 21.79, 'Pre_mbar': 1010.9, 'Pr_mm_yr': 1630.6, 'Pr_max_h': 18.94, 'Rsw_max': 1018.0, 'Ds_mean': 686.1, 'Ca': [399.9, 1135.2]}
    US-xML: {'hours': 753864, 'calendar': 'proleptic_gregorian', 'humidity': 'hurs', 'cal_note': None, 'years': '2015-2100', 'Ta_C': [-27.8, 45.8], 'Ta_mean': 14.49, 'Pre_mbar': 886.6, 'Pr_mm_yr': 1158.1, 'Pr_max_h': 11.3, 'Rsw_max': 977.2, 'Ds_mean': 484.2, 'Ca': [399.9, 1135.2]}
    US-xNW: FAILED -- Tetens inverse disagrees by 1.00e-03 Pa
    US-xRM: FAILED -- Tetens inverse disagrees by 1.00e-03 Pa
    US-xRN: {'hours': 753864, 'calendar': 'proleptic_gregorian', 'humidity': 'hurs', 'cal_note': None, 'years': '2015-2100', 'Ta_C': [-26.3, 48.3], 'Ta_mean': 18.14, 'Pre_mbar': 973.9, 'Pr_mm_yr': 1515.8, 'Pr_max_h': 17.59, 'Rsw_max': 992.0, 'Ds_mean': 572.1, 'Ca': [399.9, 1135.2]}
    US-xSB: {'hours': 753864, 'calendar': 'proleptic_gregorian', 'humidity': 'hurs', 'cal_note': None, 'years': '2015-2100', 'Ta_C': [-9.9, 49.2], 'Ta_mean': 24.3, 'Pre_mbar': 1007.9, 'Pr_mm_yr': 1490.8, 'Pr_max_h': 15.18, 'Rsw_max': 971.9, 'Ds_mean': 760.8, 'Ca': [399.9, 1135.2]}
    US-xSC: {'hours': 753864, 'calendar': 'proleptic_gregorian', 'humidity': 'hurs', 'cal_note': None, 'years': '2015-2100', 'Ta_C': [-25.6, 47.4], 'Ta_mean': 16.51, 'Pre_mbar': 970.8, 'Pr_mm_yr': 1081.9, 'Pr_max_h': 13.53, 'Rsw_max': 962.3, 'Ds_mean': 593.6, 'Ca': [399.9, 1135.2]}
    US-xSE: {'hours': 753864, 'calendar': 'proleptic_gregorian', 'humidity': 'hurs', 'cal_note': None, 'years': '2015-2100', 'Ta_C': [-23.7, 48.2], 'Ta_mean': 17.68, 'Pre_mbar': 1011.4, 'Pr_mm_yr': 1213.3, 'Pr_max_h': 15.67, 'Rsw_max': 949.1, 'Ds_mean': 567.1, 'Ca': [399.9, 1135.2]}
    US-xSP: {'hours': 753864, 'calendar': 'proleptic_gregorian', 'humidity': 'hurs', 'cal_note': None, 'years': '2015-2100', 'Ta_C': [-24.7, 48.5], 'Ta_mean': 17.31, 'Pre_mbar': 883.1, 'Pr_mm_yr': 657.4, 'Pr_max_h': 22.49, 'Rsw_max': 1087.8, 'Ds_mean': 1317.8, 'Ca': [399.9, 1135.2]}
    US-xST: {'hours': 753864, 'calendar': 'proleptic_gregorian', 'humidity': 'hurs', 'cal_note': None, 'years': '2015-2100', 'Ta_C': [-44.9, 40.0], 'Ta_mean': 8.49, 'Pre_mbar': 957.1, 'Pr_mm_yr': 906.7, 'Pr_max_h': 11.91, 'Rsw_max': 960.6, 'Ds_mean': 422.1, 'Ca': [399.9, 1135.2]}
    US-xTA: {'hours': 753864, 'calendar': 'proleptic_gregorian', 'humidity': 'hurs', 'cal_note': None, 'years': '2015-2100', 'Ta_C': [-17.4, 48.4], 'Ta_mean': 20.96, 'Pre_mbar': 997.2, 'Pr_mm_yr': 1532.3, 'Pr_max_h': 14.71, 'Rsw_max': 1016.1, 'Ds_mean': 614.7, 'Ca': [399.9, 1135.2]}
    US-xTE: {'hours': 753864, 'calendar': 'proleptic_gregorian', 'humidity': 'hurs', 'cal_note': None, 'years': '2015-2100', 'Ta_C': [-32.5, 42.1], 'Ta_mean': 10.74, 'Pre_mbar': 785.5, 'Pr_mm_yr': 708.4, 'Pr_max_h': 26.46, 'Rsw_max': 1089.7, 'Ds_mean': 921.0, 'Ca': [399.9, 1135.2]}
    US-xTR: {'hours': 753864, 'calendar': 'proleptic_gregorian', 'humidity': 'hurs', 'cal_note': None, 'years': '2015-2100', 'Ta_C': [-45.5, 40.0], 'Ta_mean': 8.72, 'Pre_mbar': 958.1, 'Pr_mm_yr': 907.4, 'Pr_max_h': 11.95, 'Rsw_max': 961.9, 'Ds_mean': 429.1, 'Ca': [399.9, 1135.2]}
    US-xUK: {'hours': 753864, 'calendar': 'proleptic_gregorian', 'humidity': 'hurs', 'cal_note': None, 'years': '2015-2100', 'Ta_C': [-32.3, 48.8], 'Ta_mean': 17.03, 'Pre_mbar': 973.8, 'Pr_mm_yr': 998.6, 'Pr_max_h': 17.16, 'Rsw_max': 1010.5, 'Ds_mean': 819.0, 'Ca': [399.9, 1135.2]}
    US-xWR: {'hours': 753864, 'calendar': 'proleptic_gregorian', 'humidity': 'hurs', 'cal_note': None, 'years': '2015-2100', 'Ta_C': [-28.7, 43.2], 'Ta_mean': 11.33, 'Pre_mbar': 965.5, 'Pr_mm_yr': 1983.4, 'Pr_max_h': 28.55, 'Rsw_max': 997.5, 'Ds_mean': 506.1, 'Ca': [399.9, 1135.2]}
    US-xYE: FAILED -- Tetens inverse disagrees by 1.00e-03 Pa
    -> 86/101 built

  UKESM1-0-LL historical (ECS 5.4 K): 12600 days, 101 stations
    US-Bar: {'hours': 302400, 'calendar': '360_day', 'humidity': 'hurs', 'cal_note': '360-day stretched onto the real year', 'years': '1980-2014', 'Ta_C': [-40.2, 32.6], 'Ta_mean': 3.65, 'Pre_mbar': 981.1, 'Pr_mm_yr': 1343.4, 'Pr_max_h': 13.08, 'Rsw_max': 985.9, 'Ds_mean': 249.0, 'Ca': [338.7, 397.5]}
    US-Blk: {'hours': 302400, 'calendar': '360_day', 'humidity': 'hurs', 'cal_note': '360-day stretched onto the real year', 'years': '1980-2014', 'Ta_C': [-51.4, 39.7], 'Ta_mean': 6.55, 'Pre_mbar': 826.5, 'Pr_mm_yr': 414.6, 'Pr_max_h': 6.53, 'Rsw_max': 993.0, 'Ds_mean': 596.0, 'Ca': [338.7, 397.5]}
    US-CPF: {'hours': 302400, 'calendar': '360_day', 'humidity': 'hurs', 'cal_note': '360-day stretched onto the real year', 'years': '1980-2014', 'Ta_C': [-55.7, 30.4], 'Ta_mean': 0.84, 'Pre_mbar': 701.6, 'Pr_mm_yr': 435.5, 'Pr_max_h': 6.32, 'Rsw_max': 1063.9, 'Ds_mean': 409.1, 'Ca': [338.7, 397.5]}
    US-CPk: {'hours': 302400, 'calendar': '360_day', 'humidity': 'hurs', 'cal_note': '360-day stretched onto the real year', 'years': '1980-2014', 'Ta_C': [-52.5, 33.5], 'Ta_mean': 3.28, 'Pre_mbar': 731.3, 'Pr_mm_yr': 383.4, 'Pr_max_h': 5.21, 'Rsw_max': 1054.5, 'Ds_mean': 482.7, 'Ca': [338.7, 397.5]}
    US-CRK: {'hours': 302400, 'calendar': '360_day', 'humidity': 'hurs', 'cal_note': '360-day stretched onto the real year', 'years': '1980-2014', 'Ta_C': [-27.3, 44.8], 'Ta_mean': 19.9, 'Pre_mbar': 995.3, 'Pr_mm_yr': 1105.7, 'Pr_max_h': 9.79, 'Rsw_max': 1047.8, 'Ds_mean': 822.7, 'Ca': [338.7, 397.5]}
    US-CS2: {'hours': 302400, 'calendar': '360_day', 'humidity': 'hurs', 'cal_note': '360-day stretched onto the real year', 'years': '1980-2014', 'Ta_C': [-42.7, 37.2], 'Ta_mean': 7.35, 'Pre_mbar': 974.6, 'Pr_mm_yr': 792.6, 'Pr_max_h': 9.27, 'Rsw_max': 977.0, 'Ds_mean': 407.3, 'Ca': [338.7, 397.5]}
    US-CZ2: {'hours': 302400, 'calendar': '360_day', 'humidity': 'hurs', 'cal_note': '360-day stretched onto the real year', 'years': '1980-2014', 'Ta_C': [-19.5, 42.7], 'Ta_mean': 14.75, 'Pre_mbar': 883.1, 'Pr_mm_yr': 608.4, 'Pr_max_h': 21.59, 'Rsw_max': 1091.4, 'Ds_mean': 1100.4, 'Ca': [338.7, 397.5]}
    US-CZ3: {'hours': 302400, 'calendar': '360_day', 'humidity': 'hurs', 'cal_note': '360-day stretched onto the real year', 'years': '1980-2014', 'Ta_C': [-28.0, 36.1], 'Ta_mean': 8.12, 'Pre_mbar': 797.9, 'Pr_mm_yr': 652.3, 'Pr_max_h': 25.44, 'Rsw_max': 1088.0, 'Ds_mean': 758.7, 'Ca': [338.7, 397.5]}
    US-CZ4: {'hours': 302400, 'calendar': '360_day', 'humidity': 'hurs', 'cal_note': '360-day stretched onto the real year', 'years': '1980-2014', 'Ta_C': [-30.9, 32.4], 'Ta_mean': 4.8, 'Pre_mbar': 734.8, 'Pr_mm_yr': 695.1, 'Pr_max_h': 28.25, 'Rsw_max': 1086.6, 'Ds_mean': 629.1, 'Ca': [338.7, 397.5]}
    US-ChR: {'hours': 302400, 'calendar': '360_day', 'humidity': 'hurs', 'cal_note': '360-day stretched onto the real year', 'years': '1980-2014', 'Ta_C': [-34.6, 43.9], 'Ta_mean': 15.44, 'Pre_mbar': 979.5, 'Pr_mm_yr': 1369.1, 'Pr_max_h': 11.71, 'Rsw_max': 993.5, 'Ds_mean': 485.2, 'Ca': [338.7, 397.5]}
    US-Cst: {'hours': 302400, 'calendar': '360_day', 'humidity': 'hurs', 'cal_note': '360-day stretched onto the real year', 'years': '1980-2014', 'Ta_C': [-34.7, 43.9], 'Ta_mean': 18.6, 'Pre_mbar': 1007.3, 'Pr_mm_yr': 1322.2, 'Pr_max_h': 16.99, 'Rsw_max': 1036.6, 'Ds_mean': 660.0, 'Ca': [338.7, 397.5]}
    US-Cwt: {'hours': 302400, 'calendar': '360_day', 'humidity': 'hurs', 'cal_note': '360-day stretched onto the real year', 'years': '1980-2014', 'Ta_C': [-34.1, 39.8], 'Ta_mean': 13.3, 'Pre_mbar': 933.7, 'Pr_mm_yr': 1713.2, 'Pr_max_h': 18.54, 'Rsw_max': 993.6, 'Ds_mean': 426.2, 'Ca': [338.7, 397.5]}
    US-DPP: {'hours': 302400, 'calendar': '360_day', 'humidity': 'hurs', 'cal_note': '360-day stretched onto the real year', 'years': '1980-2014', 'Ta_C': [-10.8, 51.1], 'Ta_mean': 23.56, 'Pre_mbar': 1010.5, 'Pr_mm_yr': 1261.8, 'Pr_max_h': 10.15, 'Rsw_max': 989.1, 'Ds_mean': 777.6, 'Ca': [338.7, 397.5]}
    US-Dk2: {'hours': 302400, 'calendar': '360_day', 'humidity': 'hurs', 'cal_note': '360-day stretched onto the real year', 'years': '1980-2014', 'Ta_C': [-29.5, 45.5], 'Ta_mean': 16.09, 'Pre_mbar': 993.3, 'Pr_mm_yr': 1155.6, 'Pr_max_h': 13.96, 'Rsw_max': 959.7, 'Ds_mean': 530.9, 'Ca': [338.7, 397.5]}
    US-Dk3: {'hours': 302400, 'calendar': '360_day', 'humidity': 'hurs', 'cal_note': '360-day stretched onto the real year', 'years': '1980-2014', 'Ta_C': [-29.5, 45.5], 'Ta_mean': 16.09, 'Pre_mbar': 993.9, 'Pr_mm_yr': 1155.6, 'Pr_max_h': 13.96, 'Rsw_max': 959.7, 'Ds_mean': 530.9, 'Ca': [338.7, 397.5]}
    US-Fmf: {'hours': 302400, 'calendar': '360_day', 'humidity': 'hurs', 'cal_note': '360-day stretched onto the real year', 'years': '1980-2014', 'Ta_C': [-30.2, 38.7], 'Ta_mean': 9.64, 'Pre_mbar': 784.3, 'Pr_mm_yr': 471.2, 'Pr_max_h': 12.46, 'Rsw_max': 1080.5, 'Ds_mean': 941.1, 'Ca': [338.7, 397.5]}
    US-Fuf: {'hours': 302400, 'calendar': '360_day', 'humidity': 'hurs', 'cal_note': '360-day stretched onto the real year', 'years': '1980-2014', 'Ta_C': [-28.1, 38.2], 'Ta_mean': 9.68, 'Pre_mbar': 782.5, 'Pr_mm_yr': 502.8, 'Pr_max_h': 11.85, 'Rsw_max': 1079.4, 'Ds_mean': 941.0, 'Ca': [338.7, 397.5]}
    US-GBT: {'hours': 302400, 'calendar': '360_day', 'humidity': 'hurs', 'cal_note': '360-day stretched onto the real year', 'years': '1980-2014', 'Ta_C': [-52.4, 33.6], 'Ta_mean': 3.18, 'Pre_mbar': 694.1, 'Pr_mm_yr': 351.7, 'Pr_max_h': 5.31, 'Rsw_max': 1047.6, 'Ds_mean': 479.8, 'Ca': [338.7, 397.5]}
    US-GLE: {'hours': 302400, 'calendar': '360_day', 'humidity': 'hurs', 'cal_note': '360-day stretched onto the real year', 'years': '1980-2014', 'Ta_C': [-52.4, 33.6], 'Ta_mean': 3.18, 'Pre_mbar': 693.6, 'Pr_mm_yr': 351.7, 'Pr_max_h': 5.31, 'Rsw_max': 1047.6, 'Ds_mean': 479.8, 'Ca': [338.7, 397.5]}
    US-HB2: {'hours': 302400, 'calendar': '360_day', 'humidity': 'hurs', 'cal_note': '360-day stretched onto the real year', 'years': '1980-2014', 'Ta_C': [-22.8, 40.5], 'Ta_mean': 19.31, 'Pre_mbar': 1012.7, 'Pr_mm_yr': 1310.8, 'Pr_max_h': 8.26, 'Rsw_max': 949.9, 'Ds_mean': 551.0, 'Ca': [338.7, 397.5]}
    US-HB3: {'hours': 302400, 'calendar': '360_day', 'humidity': 'hurs', 'cal_note': '360-day stretched onto the real year', 'years': '1980-2014', 'Ta_C': [-22.8, 40.5], 'Ta_mean': 19.31, 'Pre_mbar': 1012.4, 'Pr_mm_yr': 1310.8, 'Pr_max_h': 8.26, 'Rsw_max': 949.8, 'Ds_mean': 551.0, 'Ca': [338.7, 397.5]}
    US-HBK: {'hours': 302400, 'calendar': '360_day', 'humidity': 'hurs', 'cal_note': '360-day stretched onto the real year', 'years': '1980-2014', 'Ta_C': [-37.2, 35.8], 'Ta_mean': 6.22, 'Pre_mbar': 970.1, 'Pr_mm_yr': 1195.4, 'Pr_max_h': 12.04, 'Rsw_max': 986.3, 'Ds_mean': 306.6, 'Ca': [338.7, 397.5]}
    US-Ha1: {'hours': 302400, 'calendar': '360_day', 'humidity': 'hurs', 'cal_note': '360-day stretched onto the real year', 'years': '1980-2014', 'Ta_C': [-34.8, 38.7], 'Ta_mean': 9.42, 'Pre_mbar': 973.2, 'Pr_mm_yr': 1143.5, 'Pr_max_h': 13.64, 'Rsw_max': 993.0, 'Ds_mean': 392.6, 'Ca': [338.7, 397.5]}
    US-Ha2: {'hours': 302400, 'calendar': '360_day', 'humidity': 'hurs', 'cal_note': '360-day stretched onto the real year', 'years': '1980-2014', 'Ta_C': [-34.8, 38.7], 'Ta_mean': 9.42, 'Pre_mbar': 970.9, 'Pr_mm_yr': 1143.5, 'Pr_max_h': 13.64, 'Rsw_max': 993.0, 'Ds_mean': 392.6, 'Ca': [338.7, 397.5]}
    US-Ho1: {'hours': 302400, 'calendar': '360_day', 'humidity': 'hurs', 'cal_note': '360-day stretched onto the real year', 'years': '1980-2014', 'Ta_C': [-32.9, 36.0], 'Ta_mean': 6.75, 'Pre_mbar': 1006.1, 'Pr_mm_yr': 1099.9, 'Pr_max_h': 10.72, 'Rsw_max': 978.2, 'Ds_mean': 313.8, 'Ca': [338.7, 397.5]}
    US-Ho2: {'hours': 302400, 'calendar': '360_day', 'humidity': 'hurs', 'cal_note': '360-day stretched onto the real year', 'years': '1980-2014', 'Ta_C': [-32.9, 36.0], 'Ta_mean': 6.75, 'Pre_mbar': 1005.9, 'Pr_mm_yr': 1099.9, 'Pr_max_h': 10.72, 'Rsw_max': 978.1, 'Ds_mean': 313.8, 'Ca': [338.7, 397.5]}
    US-Ho3: {'hours': 302400, 'calendar': '360_day', 'humidity': 'hurs', 'cal_note': '360-day stretched onto the real year', 'years': '1980-2014', 'Ta_C': [-32.9, 36.0], 'Ta_mean': 6.75, 'Pre_mbar': 1005.9, 'Pr_mm_yr': 1099.9, 'Pr_max_h': 10.72, 'Rsw_max': 978.1, 'Ds_mean': 313.8, 'Ca': [338.7, 397.5]}
    US-LPH: {'hours': 302400, 'calendar': '360_day', 'humidity': 'hurs', 'cal_note': '360-day stretched onto the real year', 'years': '1980-2014', 'Ta_C': [-34.8, 38.7], 'Ta_mean': 9.42, 'Pre_mbar': 968.9, 'Pr_mm_yr': 1143.5, 'Pr_max_h': 13.64, 'Rsw_max': 993.0, 'Ds_mean': 392.6, 'Ca': [338.7, 397.5]}
    US-MEF: {'hours': 302400, 'calendar': '360_day', 'humidity': 'hurs', 'cal_note': '360-day stretched onto the real year', 'years': '1980-2014', 'Ta_C': [-54.6, 36.4], 'Ta_mean': 5.63, 'Pre_mbar': 765.3, 'Pr_mm_yr': 416.0, 'Pr_max_h': 8.7, 'Rsw_max': 1071.2, 'Ds_mean': 530.8, 'Ca': [338.7, 397.5]}
    US-MMS: {'hours': 302400, 'calendar': '360_day', 'humidity': 'hurs', 'cal_note': '360-day stretched onto the real year', 'years': '1980-2014', 'Ta_C': [-37.9, 42.1], 'Ta_mean': 12.54, 'Pre_mbar': 980.7, 'Pr_mm_yr': 1068.2, 'Pr_max_h': 9.51, 'Rsw_max': 989.6, 'Ds_mean': 455.8, 'Ca': [338.7, 397.5]}
    US-MOz: {'hours': 302400, 'calendar': '360_day', 'humidity': 'hurs', 'cal_note': '360-day stretched onto the real year', 'years': '1980-2014', 'Ta_C': [-32.6, 42.0], 'Ta_mean': 13.72, 'Pre_mbar': 987.2, 'Pr_mm_yr': 1017.7, 'Pr_max_h': 9.48, 'Rsw_max': 1012.8, 'Ds_mean': 527.1, 'Ca': [338.7, 397.5]}
    US-MRf: {'hours': 302400, 'calendar': '360_day', 'humidity': 'hurs', 'cal_note': '360-day stretched onto the real year', 'years': '1980-2014', 'Ta_C': [-20.6, 35.5], 'Ta_mean': 11.33, 'Pre_mbar': 982.1, 'Pr_mm_yr': 1407.9, 'Pr_max_h': 14.62, 'Rsw_max': 1048.6, 'Ds_mean': 396.4, 'Ca': [338.7, 397.5]}
    US-Me1: {'hours': 302400, 'calendar': '360_day', 'humidity': 'hurs', 'cal_note': '360-day stretched onto the real year', 'years': '1980-2014', 'Ta_C': [-36.3, 37.9], 'Ta_mean': 8.13, 'Pre_mbar': 911.1, 'Pr_mm_yr': 889.1, 'Pr_max_h': 12.33, 'Rsw_max': 1024.1, 'Ds_mean': 474.4, 'Ca': [338.7, 397.5]}
    US-Me2: {'hours': 302400, 'calendar': '360_day', 'humidity': 'hurs', 'cal_note': '360-day stretched onto the real year', 'years': '1980-2014', 'Ta_C': [-36.0, 39.1], 'Ta_mean': 8.98, 'Pre_mbar': 873.4, 'Pr_mm_yr': 767.0, 'Pr_max_h': 12.19, 'Rsw_max': 1027.0, 'Ds_mean': 517.9, 'Ca': [338.7, 397.5]}
    US-Me4: {'hours': 302400, 'calendar': '360_day', 'humidity': 'hurs', 'cal_note': '360-day stretched onto the real year', 'years': '1980-2014', 'Ta_C': [-36.0, 39.1], 'Ta_mean': 8.98, 'Pre_mbar': 908.3, 'Pr_mm_yr': 767.0, 'Pr_max_h': 12.19, 'Rsw_max': 1026.7, 'Ds_mean': 517.9, 'Ca': [338.7, 397.5]}
    US-Me6: {'hours': 302400, 'calendar': '360_day', 'humidity': 'hurs', 'cal_note': '360-day stretched onto the real year', 'years': '1980-2014', 'Ta_C': [-36.0, 39.1], 'Ta_mean': 8.98, 'Pre_mbar': 900.2, 'Pr_mm_yr': 767.0, 'Pr_max_h': 12.19, 'Rsw_max': 1027.8, 'Ds_mean': 517.9, 'Ca': [338.7, 397.5]}
    US-Me7: {'hours': 302400, 'calendar': '360_day', 'humidity': 'hurs', 'cal_note': '360-day stretched onto the real year', 'years': '1980-2014', 'Ta_C': [-36.0, 39.1], 'Ta_mean': 8.98, 'Pre_mbar': 873.4, 'Pr_mm_yr': 767.0, 'Pr_max_h': 12.19, 'Rsw_max': 1027.0, 'Ds_mean': 517.9, 'Ca': [338.7, 397.5]}
    US-MtB: {'hours': 302400, 'calendar': '360_day', 'humidity': 'hurs', 'cal_note': '360-day stretched onto the real year', 'years': '1980-2014', 'Ta_C': [-13.0, 43.5], 'Ta_mean': 17.22, 'Pre_mbar': 746.8, 'Pr_mm_yr': 383.0, 'Pr_max_h': 11.04, 'Rsw_max': 1110.6, 'Ds_mean': 1609.9, 'Ca': [338.7, 397.5]}
    US-NC2: {'hours': 302400, 'calendar': '360_day', 'humidity': 'hurs', 'cal_note': '360-day stretched onto the real year', 'years': '1980-2014', 'Ta_C': [-21.0, 40.1], 'Ta_mean': 17.11, 'Pre_mbar': 1012.6, 'Pr_mm_yr': 1271.8, 'Pr_max_h': 13.25, 'Rsw_max': 947.0, 'Ds_mean': 514.5, 'Ca': [338.7, 397.5]}
    US-NC3: {'hours': 302400, 'calendar': '360_day', 'humidity': 'hurs', 'cal_note': '360-day stretched onto the real year', 'years': '1980-2014', 'Ta_C': [-21.0, 40.1], 'Ta_mean': 17.11, 'Pre_mbar': 1012.6, 'Pr_mm_yr': 1271.8, 'Pr_max_h': 13.25, 'Rsw_max': 947.1, 'Ds_mean': 514.5, 'Ca': [338.7, 397.5]}
    US-NC5: {'hours': 302400, 'calendar': '360_day', 'humidity': 'hurs', 'cal_note': '360-day stretched onto the real year', 'years': '1980-2014', 'Ta_C': [-28.8, 43.3], 'Ta_mean': 15.94, 'Pre_mbar': 998.7, 'Pr_mm_yr': 1138.3, 'Pr_max_h': 13.78, 'Rsw_max': 953.5, 'Ds_mean': 535.2, 'Ca': [338.7, 397.5]}
    US-NMj: {'hours': 302400, 'calendar': '360_day', 'humidity': 'hurs', 'cal_note': '360-day stretched onto the real year', 'years': '1980-2014', 'Ta_C': [-47.1, 36.6], 'Ta_mean': 4.77, 'Pre_mbar': 967.0, 'Pr_mm_yr': 769.7, 'Pr_max_h': 7.23, 'Rsw_max': 953.1, 'Ds_mean': 360.6, 'Ca': [338.7, 397.5]}
    US-NR1: {'hours': 302400, 'calendar': '360_day', 'humidity': 'hurs', 'cal_note': '360-day stretched onto the real year', 'years': '1980-2014', 'Ta_C': [-56.8, 31.7], 'Ta_mean': 0.54, 'Pre_mbar': 705.8, 'Pr_mm_yr': 447.4, 'Pr_max_h': 6.6, 'Rsw_max': 1059.0, 'Ds_mean': 391.6, 'Ca': [338.7, 397.5]}
    US-Oho: {'hours': 302400, 'calendar': '360_day', 'humidity': 'hurs', 'cal_note': '360-day stretched onto the real year', 'years': '1980-2014', 'Ta_C': [-31.0, 40.8], 'Ta_mean': 10.58, 'Pre_mbar': 986.0, 'Pr_mm_yr': 862.8, 'Pr_max_h': 6.54, 'Rsw_max': 975.0, 'Ds_mean': 461.3, 'Ca': [338.7, 397.5]}
    US-PFL: {'hours': 302400, 'calendar': '360_day', 'humidity': 'hurs', 'cal_note': '360-day stretched onto the real year', 'years': '1980-2014', 'Ta_C': [-45.0, 36.3], 'Ta_mean': 5.31, 'Pre_mbar': 959.0, 'Pr_mm_yr': 779.3, 'Pr_max_h': 9.23, 'Rsw_max': 959.7, 'Ds_mean': 365.3, 'Ca': [338.7, 397.5]}
    US-PFb: {'hours': 302400, 'calendar': '360_day', 'humidity': 'hurs', 'cal_note': '360-day stretched onto the real year', 'years': '1980-2014', 'Ta_C': [-45.0, 36.3], 'Ta_mean': 5.31, 'Pre_mbar': 957.9, 'Pr_mm_yr': 779.3, 'Pr_max_h': 9.23, 'Rsw_max': 959.5, 'Ds_mean': 365.3, 'Ca': [338.7, 397.5]}
    US-PFc: {'hours': 302400, 'calendar': '360_day', 'humidity': 'hurs', 'cal_note': '360-day stretched onto the real year', 'years': '1980-2014', 'Ta_C': [-45.0, 36.3], 'Ta_mean': 5.31, 'Pre_mbar': 958.0, 'Pr_mm_yr': 779.3, 'Pr_max_h': 9.23, 'Rsw_max': 959.6, 'Ds_mean': 365.3, 'Ca': [338.7, 397.5]}
    US-PFg: {'hours': 302400, 'calendar': '360_day', 'humidity': 'hurs', 'cal_note': '360-day stretched onto the real year', 'years': '1980-2014', 'Ta_C': [-45.0, 36.3], 'Ta_mean': 5.31, 'Pre_mbar': 957.8, 'Pr_mm_yr': 779.3, 'Pr_max_h': 9.23, 'Rsw_max': 959.5, 'Ds_mean': 365.3, 'Ca': [338.7, 397.5]}
    US-PFh: {'hours': 302400, 'calendar': '360_day', 'humidity': 'hurs', 'cal_note': '360-day stretched onto the real year', 'years': '1980-2014', 'Ta_C': [-45.7, 36.1], 'Ta_mean': 5.05, 'Pre_mbar': 959.1, 'Pr_mm_yr': 785.8, 'Pr_max_h': 9.05, 'Rsw_max': 960.0, 'Ds_mean': 362.4, 'Ca': [338.7, 397.5]}
    US-PFi: {'hours': 302400, 'calendar': '360_day', 'humidity': 'hurs', 'cal_note': '360-day stretched onto the real year', 'years': '1980-2014', 'Ta_C': [-45.7, 36.1], 'Ta_mean': 5.05, 'Pre_mbar': 956.3, 'Pr_mm_yr': 785.8, 'Pr_max_h': 9.05, 'Rsw_max': 959.9, 'Ds_mean': 362.4, 'Ca': [338.7, 397.5]}
    US-PFj: {'hours': 302400, 'calendar': '360_day', 'humidity': 'hurs', 'cal_note': '360-day stretched onto the real year', 'years': '1980-2014', 'Ta_C': [-45.7, 36.1], 'Ta_mean': 5.05, 'Pre_mbar': 956.7, 'Pr_mm_yr': 785.8, 'Pr_max_h': 9.05, 'Rsw_max': 960.0, 'Ds_mean': 362.4, 'Ca': [338.7, 397.5]}
    US-PFk: {'hours': 302400, 'calendar': '360_day', 'humidity': 'hurs', 'cal_note': '360-day stretched onto the real year', 'years': '1980-2014', 'Ta_C': [-45.0, 36.3], 'Ta_mean': 5.31, 'Pre_mbar': 957.7, 'Pr_mm_yr': 779.3, 'Pr_max_h': 9.23, 'Rsw_max': 959.9, 'Ds_mean': 365.3, 'Ca': [338.7, 397.5]}
    US-PFm: {'hours': 302400, 'calendar': '360_day', 'humidity': 'hurs', 'cal_note': '360-day stretched onto the real year', 'years': '1980-2014', 'Ta_C': [-45.0, 36.3], 'Ta_mean': 5.31, 'Pre_mbar': 956.7, 'Pr_mm_yr': 779.3, 'Pr_max_h': 9.23, 'Rsw_max': 959.8, 'Ds_mean': 365.3, 'Ca': [338.7, 397.5]}
    US-PFn: {'hours': 302400, 'calendar': '360_day', 'humidity': 'hurs', 'cal_note': '360-day stretched onto the real year', 'years': '1980-2014', 'Ta_C': [-45.0, 36.3], 'Ta_mean': 5.31, 'Pre_mbar': 957.4, 'Pr_mm_yr': 779.3, 'Pr_max_h': 9.23, 'Rsw_max': 959.7, 'Ds_mean': 365.3, 'Ca': [338.7, 397.5]}
    US-PFp: {'hours': 302400, 'calendar': '360_day', 'humidity': 'hurs', 'cal_note': '360-day stretched onto the real year', 'years': '1980-2014', 'Ta_C': [-45.0, 36.3], 'Ta_mean': 5.31, 'Pre_mbar': 955.3, 'Pr_mm_yr': 779.3, 'Pr_max_h': 9.23, 'Rsw_max': 959.7, 'Ds_mean': 365.3, 'Ca': [338.7, 397.5]}
    US-PFq: {'hours': 302400, 'calendar': '360_day', 'humidity': 'hurs', 'cal_note': '360-day stretched onto the real year', 'years': '1980-2014', 'Ta_C': [-45.7, 36.1], 'Ta_mean': 5.05, 'Pre_mbar': 958.0, 'Pr_mm_yr': 785.8, 'Pr_max_h': 9.05, 'Rsw_max': 960.2, 'Ds_mean': 362.4, 'Ca': [338.7, 397.5]}
    US-PFs: {'hours': 302400, 'calendar': '360_day', 'humidity': 'hurs', 'cal_note': '360-day stretched onto the real year', 'years': '1980-2014', 'Ta_C': [-45.7, 36.1], 'Ta_mean': 5.05, 'Pre_mbar': 956.2, 'Pr_mm_yr': 785.8, 'Pr_max_h': 9.05, 'Rsw_max': 960.1, 'Ds_mean': 362.4, 'Ca': [338.7, 397.5]}
    US-PFt: {'hours': 302400, 'calendar': '360_day', 'humidity': 'hurs', 'cal_note': '360-day stretched onto the real year', 'years': '1980-2014', 'Ta_C': [-45.7, 36.1], 'Ta_mean': 5.05, 'Pre_mbar': 958.8, 'Pr_mm_yr': 785.8, 'Pr_max_h': 9.05, 'Rsw_max': 960.2, 'Ds_mean': 362.4, 'Ca': [338.7, 397.5]}
    US-SB1: {'hours': 302400, 'calendar': '360_day', 'humidity': 'hurs', 'cal_note': '360-day stretched onto the real year', 'years': '1980-2014', 'Ta_C': [-33.2, 44.0], 'Ta_mean': 14.53, 'Pre_mbar': 984.6, 'Pr_mm_yr': 1034.7, 'Pr_max_h': 12.21, 'Rsw_max': 964.7, 'Ds_mean': 524.8, 'Ca': [338.7, 397.5]}
    US-SHC: {'hours': 302400, 'calendar': '360_day', 'humidity': 'hurs', 'cal_note': '360-day stretched onto the real year', 'years': '1980-2014', 'Ta_C': [-29.4, 38.0], 'Ta_mean': 8.67, 'Pre_mbar': 805.6, 'Pr_mm_yr': 703.7, 'Pr_max_h': 14.08, 'Rsw_max': 1088.2, 'Ds_mean': 756.1, 'Ca': [338.7, 397.5]}
    US-SP1: {'hours': 302400, 'calendar': '360_day', 'humidity': 'hurs', 'cal_note': '360-day stretched onto the real year', 'years': '1980-2014', 'Ta_C': [-17.8, 44.0], 'Ta_mean': 21.96, 'Pre_mbar': 1007.3, 'Pr_mm_yr': 1346.3, 'Pr_max_h': 10.98, 'Rsw_max': 998.0, 'Ds_mean': 688.5, 'Ca': [338.7, 397.5]}
    US-SP2: {'hours': 302400, 'calendar': '360_day', 'humidity': 'hurs', 'cal_note': '360-day stretched onto the real year', 'years': '1980-2014', 'Ta_C': [-18.7, 44.1], 'Ta_mean': 21.62, 'Pre_mbar': 1007.3, 'Pr_mm_yr': 1353.1, 'Pr_max_h': 10.32, 'Rsw_max': 997.8, 'Ds_mean': 675.9, 'Ca': [338.7, 397.5]}
    US-SP3: {'hours': 302400, 'calendar': '360_day', 'humidity': 'hurs', 'cal_note': '360-day stretched onto the real year', 'years': '1980-2014', 'Ta_C': [-18.7, 44.1], 'Ta_mean': 21.62, 'Pre_mbar': 1007.3, 'Pr_mm_yr': 1353.1, 'Pr_max_h': 10.32, 'Rsw_max': 998.0, 'Ds_mean': 675.9, 'Ca': [338.7, 397.5]}
    US-SP4: {'hours': 302400, 'calendar': '360_day', 'humidity': 'hurs', 'cal_note': '360-day stretched onto the real year', 'years': '1980-2014', 'Ta_C': [-18.7, 44.1], 'Ta_mean': 21.62, 'Pre_mbar': 1007.6, 'Pr_mm_yr': 1353.1, 'Pr_max_h': 10.32, 'Rsw_max': 997.7, 'Ds_mean': 675.9, 'Ca': [338.7, 397.5]}
    US-SSH: {'hours': 302400, 'calendar': '360_day', 'humidity': 'hurs', 'cal_note': '360-day stretched onto the real year', 'years': '1980-2014', 'Ta_C': [-33.6, 41.6], 'Ta_mean': 10.84, 'Pre_mbar': 976.7, 'Pr_mm_yr': 1015.6, 'Pr_max_h': 10.13, 'Rsw_max': 949.1, 'Ds_mean': 423.4, 'Ca': [338.7, 397.5]}
    US-Slt: {'hours': 302400, 'calendar': '360_day', 'humidity': 'hurs', 'cal_note': '360-day stretched onto the real year', 'years': '1980-2014', 'Ta_C': [-25.1, 39.3], 'Ta_mean': 13.24, 'Pre_mbar': 1009.7, 'Pr_mm_yr': 1162.0, 'Pr_max_h': 11.43, 'Rsw_max': 998.7, 'Ds_mean': 460.6, 'Ca': [338.7, 397.5]}
    US-TEF: {'hours': 302400, 'calendar': '360_day', 'humidity': 'hurs', 'cal_note': '360-day stretched onto the real year', 'years': '1980-2014', 'Ta_C': [-57.8, 36.7], 'Ta_mean': 4.59, 'Pre_mbar': 776.8, 'Pr_mm_yr': 387.7, 'Pr_max_h': 6.3, 'Rsw_max': 983.9, 'Ds_mean': 481.9, 'Ca': [338.7, 397.5]}
    US-UMB: {'hours': 302400, 'calendar': '360_day', 'humidity': 'hurs', 'cal_note': '360-day stretched onto the real year', 'years': '1980-2014', 'Ta_C': [-42.9, 35.8], 'Ta_mean': 6.58, 'Pre_mbar': 985.5, 'Pr_mm_yr': 810.3, 'Pr_max_h': 9.46, 'Rsw_max': 949.6, 'Ds_mean': 377.9, 'Ca': [338.7, 397.5]}
    US-UMd: {'hours': 302400, 'calendar': '360_day', 'humidity': 'hurs', 'cal_note': '360-day stretched onto the real year', 'years': '1980-2014', 'Ta_C': [-42.9, 35.8], 'Ta_mean': 6.58, 'Pre_mbar': 984.9, 'Pr_mm_yr': 810.3, 'Pr_max_h': 9.46, 'Rsw_max': 949.6, 'Ds_mean': 377.9, 'Ca': [338.7, 397.5]}
    US-Vcm: {'hours': 302400, 'calendar': '360_day', 'humidity': 'hurs', 'cal_note': '360-day stretched onto the real year', 'years': '1980-2014', 'Ta_C': [-38.2, 33.9], 'Ta_mean': 5.67, 'Pre_mbar': 709.7, 'Pr_mm_yr': 501.8, 'Pr_max_h': 10.88, 'Rsw_max': 1093.0, 'Ds_mean': 647.5, 'Ca': [338.7, 397.5]}
    US-Vcp: {'hours': 302400, 'calendar': '360_day', 'humidity': 'hurs', 'cal_note': '360-day stretched onto the real year', 'years': '1980-2014', 'Ta_C': [-38.2, 33.9], 'Ta_mean': 5.67, 'Pre_mbar': 749.6, 'Pr_mm_yr': 501.8, 'Pr_max_h': 10.88, 'Rsw_max': 1093.1, 'Ds_mean': 647.5, 'Ca': [338.7, 397.5]}
    US-Vcs: {'hours': 302400, 'calendar': '360_day', 'humidity': 'hurs', 'cal_note': '360-day stretched onto the real year', 'years': '1980-2014', 'Ta_C': [-38.2, 33.9], 'Ta_mean': 5.67, 'Pre_mbar': 731.2, 'Pr_mm_yr': 501.8, 'Pr_max_h': 10.88, 'Rsw_max': 1092.8, 'Ds_mean': 647.5, 'Ca': [338.7, 397.5]}
    US-WBW: {'hours': 302400, 'calendar': '360_day', 'humidity': 'hurs', 'cal_note': '360-day stretched onto the real year', 'years': '1980-2014', 'Ta_C': [-34.6, 43.9], 'Ta_mean': 15.44, 'Pre_mbar': 979.8, 'Pr_mm_yr': 1369.1, 'Pr_max_h': 11.71, 'Rsw_max': 993.3, 'Ds_mean': 485.2, 'Ca': [338.7, 397.5]}
    US-WCr: {'hours': 302400, 'calendar': '360_day', 'humidity': 'hurs', 'cal_note': '360-day stretched onto the real year', 'years': '1980-2014', 'Ta_C': [-45.7, 36.1], 'Ta_mean': 5.05, 'Pre_mbar': 952.7, 'Pr_mm_yr': 785.8, 'Pr_max_h': 9.05, 'Rsw_max': 960.9, 'Ds_mean': 362.4, 'Ca': [338.7, 397.5]}
    US-Wi1: {'hours': 302400, 'calendar': '360_day', 'humidity': 'hurs', 'cal_note': '360-day stretched onto the real year', 'years': '1980-2014', 'Ta_C': [-45.9, 36.9], 'Ta_mean': 5.14, 'Pre_mbar': 971.8, 'Pr_mm_yr': 741.1, 'Pr_max_h': 9.89, 'Rsw_max': 950.0, 'Ds_mean': 349.2, 'Ca': [338.7, 397.5]}
    US-Wi2: {'hours': 302400, 'calendar': '360_day', 'humidity': 'hurs', 'cal_note': '360-day stretched onto the real year', 'years': '1980-2014', 'Ta_C': [-45.9, 36.9], 'Ta_mean': 5.14, 'Pre_mbar': 966.9, 'Pr_mm_yr': 741.1, 'Pr_max_h': 9.89, 'Rsw_max': 950.2, 'Ds_mean': 349.2, 'Ca': [338.7, 397.5]}
    US-Wi3: {'hours': 302400, 'calendar': '360_day', 'humidity': 'hurs', 'cal_note': '360-day stretched onto the real year', 'years': '1980-2014', 'Ta_C': [-45.9, 36.9], 'Ta_mean': 5.14, 'Pre_mbar': 965.1, 'Pr_mm_yr': 741.1, 'Pr_max_h': 9.89, 'Rsw_max': 950.5, 'Ds_mean': 349.2, 'Ca': [338.7, 397.5]}
    US-Wi4: {'hours': 302400, 'calendar': '360_day', 'humidity': 'hurs', 'cal_note': '360-day stretched onto the real year', 'years': '1980-2014', 'Ta_C': [-45.9, 36.9], 'Ta_mean': 5.14, 'Pre_mbar': 971.8, 'Pr_mm_yr': 741.1, 'Pr_max_h': 9.89, 'Rsw_max': 949.9, 'Ds_mean': 349.2, 'Ca': [338.7, 397.5]}
    US-Wrc: {'hours': 302400, 'calendar': '360_day', 'humidity': 'hurs', 'cal_note': '360-day stretched onto the real year', 'years': '1980-2014', 'Ta_C': [-33.0, 37.6], 'Ta_mean': 9.14, 'Pre_mbar': 969.6, 'Pr_mm_yr': 1863.5, 'Pr_max_h': 20.46, 'Rsw_max': 1009.3, 'Ds_mean': 425.6, 'Ca': [338.7, 397.5]}
    US-xAB: {'hours': 302400, 'calendar': '360_day', 'humidity': 'hurs', 'cal_note': '360-day stretched onto the real year', 'years': '1980-2014', 'Ta_C': [-27.7, 39.2], 'Ta_mean': 11.35, 'Pre_mbar': 970.6, 'Pr_mm_yr': 1785.0, 'Pr_max_h': 16.63, 'Rsw_max': 1009.3, 'Ds_mean': 449.9, 'Ca': [338.7, 397.5]}
    US-xBL: {'hours': 302400, 'calendar': '360_day', 'humidity': 'hurs', 'cal_note': '360-day stretched onto the real year', 'years': '1980-2014', 'Ta_C': [-28.4, 44.9], 'Ta_mean': 13.7, 'Pre_mbar': 991.5, 'Pr_mm_yr': 1006.5, 'Pr_max_h': 11.38, 'Rsw_max': 963.9, 'Ds_mean': 520.2, 'Ca': [338.7, 397.5]}
    US-xBR: {'hours': 302400, 'calendar': '360_day', 'humidity': 'hurs', 'cal_note': '360-day stretched onto the real year', 'years': '1980-2014', 'Ta_C': [-40.2, 32.6], 'Ta_mean': 3.65, 'Pre_mbar': 985.8, 'Pr_mm_yr': 1343.4, 'Pr_max_h': 13.08, 'Rsw_max': 985.9, 'Ds_mean': 249.0, 'Ca': [338.7, 397.5]}
    US-xGR: {'hours': 302400, 'calendar': '360_day', 'humidity': 'hurs', 'cal_note': '360-day stretched onto the real year', 'years': '1980-2014', 'Ta_C': [-42.4, 41.1], 'Ta_mean': 12.56, 'Pre_mbar': 946.0, 'Pr_mm_yr': 1416.5, 'Pr_max_h': 14.61, 'Rsw_max': 992.6, 'Ds_mean': 411.5, 'Ca': [338.7, 397.5]}
    US-xHA: {'hours': 302400, 'calendar': '360_day', 'humidity': 'hurs', 'cal_note': '360-day stretched onto the real year', 'years': '1980-2014', 'Ta_C': [-34.8, 38.7], 'Ta_mean': 9.42, 'Pre_mbar': 971.9, 'Pr_mm_yr': 1143.5, 'Pr_max_h': 13.64, 'Rsw_max': 993.0, 'Ds_mean': 392.6, 'Ca': [338.7, 397.5]}
    US-xJE: {'hours': 302400, 'calendar': '360_day', 'humidity': 'hurs', 'cal_note': '360-day stretched onto the real year', 'years': '1980-2014', 'Ta_C': [-25.8, 47.2], 'Ta_mean': 19.93, 'Pre_mbar': 1008.0, 'Pr_mm_yr': 1369.8, 'Pr_max_h': 13.33, 'Rsw_max': 984.8, 'Ds_mean': 644.7, 'Ca': [338.7, 397.5]}
    US-xLE: {'hours': 302400, 'calendar': '360_day', 'humidity': 'hurs', 'cal_note': '360-day stretched onto the real year', 'years': '1980-2014', 'Ta_C': [-24.9, 46.8], 'Ta_mean': 19.47, 'Pre_mbar': 1010.9, 'Pr_mm_yr': 1443.6, 'Pr_max_h': 13.5, 'Rsw_max': 1025.2, 'Ds_mean': 626.8, 'Ca': [338.7, 397.5]}
    US-xML: {'hours': 302400, 'calendar': '360_day', 'humidity': 'hurs', 'cal_note': '360-day stretched onto the real year', 'years': '1980-2014', 'Ta_C': [-35.0, 43.2], 'Ta_mean': 11.79, 'Pre_mbar': 886.6, 'Pr_mm_yr': 1055.4, 'Pr_max_h': 8.7, 'Rsw_max': 980.1, 'Ds_mean': 433.3, 'Ca': [338.7, 397.5]}
    US-xNW: {'hours': 302400, 'calendar': '360_day', 'humidity': 'hurs', 'cal_note': '360-day stretched onto the real year', 'years': '1980-2014', 'Ta_C': [-56.8, 31.7], 'Ta_mean': 0.54, 'Pre_mbar': 668.1, 'Pr_mm_yr': 447.4, 'Pr_max_h': 6.6, 'Rsw_max': 1058.9, 'Ds_mean': 391.6, 'Ca': [338.7, 397.5]}
    US-xRM: {'hours': 302400, 'calendar': '360_day', 'humidity': 'hurs', 'cal_note': '360-day stretched onto the real year', 'years': '1980-2014', 'Ta_C': [-54.7, 31.3], 'Ta_mean': 1.22, 'Pre_mbar': 731.9, 'Pr_mm_yr': 439.8, 'Pr_max_h': 6.1, 'Rsw_max': 1058.6, 'Ds_mean': 409.7, 'Ca': [338.7, 397.5]}
    US-xRN: {'hours': 302400, 'calendar': '360_day', 'humidity': 'hurs', 'cal_note': '360-day stretched onto the real year', 'years': '1980-2014', 'Ta_C': [-34.6, 43.9], 'Ta_mean': 15.44, 'Pre_mbar': 973.9, 'Pr_mm_yr': 1369.1, 'Pr_max_h': 11.71, 'Rsw_max': 993.2, 'Ds_mean': 485.2, 'Ca': [338.7, 397.5]}
    US-xSB: {'hours': 302400, 'calendar': '360_day', 'humidity': 'hurs', 'cal_note': '360-day stretched onto the real year', 'years': '1980-2014', 'Ta_C': [-17.8, 44.2], 'Ta_mean': 22.04, 'Pre_mbar': 1007.9, 'Pr_mm_yr': 1334.4, 'Pr_max_h': 10.8, 'Rsw_max': 995.6, 'Ds_mean': 692.9, 'Ca': [338.7, 397.5]}
    US-xSC: {'hours': 302400, 'calendar': '360_day', 'humidity': 'hurs', 'cal_note': '360-day stretched onto the real year', 'years': '1980-2014', 'Ta_C': [-28.6, 44.5], 'Ta_mean': 13.55, 'Pre_mbar': 970.8, 'Pr_mm_yr': 1017.6, 'Pr_max_h': 10.21, 'Rsw_max': 961.2, 'Ds_mean': 516.9, 'Ca': [338.7, 397.5]}
    US-xSE: {'hours': 302400, 'calendar': '360_day', 'humidity': 'hurs', 'cal_note': '360-day stretched onto the real year', 'years': '1980-2014', 'Ta_C': [-26.4, 44.4], 'Ta_mean': 14.74, 'Pre_mbar': 1011.4, 'Pr_mm_yr': 1119.6, 'Pr_max_h': 13.24, 'Rsw_max': 950.9, 'Ds_mean': 502.3, 'Ca': [338.7, 397.5]}
    US-xSP: {'hours': 302400, 'calendar': '360_day', 'humidity': 'hurs', 'cal_note': '360-day stretched onto the real year', 'years': '1980-2014', 'Ta_C': [-19.5, 42.7], 'Ta_mean': 14.75, 'Pre_mbar': 883.1, 'Pr_mm_yr': 608.4, 'Pr_max_h': 21.59, 'Rsw_max': 1091.4, 'Ds_mean': 1100.4, 'Ca': [338.7, 397.5]}
    US-xST: {'hours': 302400, 'calendar': '360_day', 'humidity': 'hurs', 'cal_note': '360-day stretched onto the real year', 'years': '1980-2014', 'Ta_C': [-46.2, 36.7], 'Ta_mean': 5.07, 'Pre_mbar': 957.1, 'Pr_mm_yr': 788.6, 'Pr_max_h': 10.21, 'Rsw_max': 965.7, 'Ds_mean': 370.4, 'Ca': [338.7, 397.5]}
    US-xTA: {'hours': 302400, 'calendar': '360_day', 'humidity': 'hurs', 'cal_note': '360-day stretched onto the real year', 'years': '1980-2014', 'Ta_C': [-24.6, 46.1], 'Ta_mean': 18.52, 'Pre_mbar': 997.2, 'Pr_mm_yr': 1364.6, 'Pr_max_h': 14.9, 'Rsw_max': 1019.0, 'Ds_mean': 563.7, 'Ca': [338.7, 397.5]}
    US-xTE: {'hours': 302400, 'calendar': '360_day', 'humidity': 'hurs', 'cal_note': '360-day stretched onto the real year', 'years': '1980-2014', 'Ta_C': [-28.0, 36.1], 'Ta_mean': 8.12, 'Pre_mbar': 785.5, 'Pr_mm_yr': 652.3, 'Pr_max_h': 25.44, 'Rsw_max': 1088.4, 'Ds_mean': 758.7, 'Ca': [338.7, 397.5]}
    US-xTR: {'hours': 302400, 'calendar': '360_day', 'humidity': 'hurs', 'cal_note': '360-day stretched onto the real year', 'years': '1980-2014', 'Ta_C': [-45.9, 36.7], 'Ta_mean': 5.36, 'Pre_mbar': 958.1, 'Pr_mm_yr': 795.5, 'Pr_max_h': 8.52, 'Rsw_max': 966.8, 'Ds_mean': 374.6, 'Ca': [338.7, 397.5]}
    US-xUK: {'hours': 302400, 'calendar': '360_day', 'humidity': 'hurs', 'cal_note': '360-day stretched onto the real year', 'years': '1980-2014', 'Ta_C': [-35.2, 41.4], 'Ta_mean': 14.05, 'Pre_mbar': 973.8, 'Pr_mm_yr': 971.7, 'Pr_max_h': 12.4, 'Rsw_max': 1009.5, 'Ds_mean': 631.2, 'Ca': [338.7, 397.5]}
    US-xWR: {'hours': 302400, 'calendar': '360_day', 'humidity': 'hurs', 'cal_note': '360-day stretched onto the real year', 'years': '1980-2014', 'Ta_C': [-33.0, 37.6], 'Ta_mean': 9.14, 'Pre_mbar': 965.5, 'Pr_mm_yr': 1863.5, 'Pr_max_h': 20.46, 'Rsw_max': 1009.3, 'Ds_mean': 425.6, 'Ca': [338.7, 397.5]}
    US-xYE: {'hours': 302400, 'calendar': '360_day', 'humidity': 'hurs', 'cal_note': '360-day stretched onto the real year', 'years': '1980-2014', 'Ta_C': [-49.7, 36.6], 'Ta_mean': 4.24, 'Pre_mbar': 788.4, 'Pr_mm_yr': 523.1, 'Pr_max_h': 6.74, 'Rsw_max': 1018.5, 'Ds_mean': 507.3, 'Ca': [338.7, 397.5]}
    -> 101/101 built

  UKESM1-0-LL ssp126 (ECS 5.4 K): 30960 days, 101 stations
    US-Bar: {'hours': 743040, 'calendar': '360_day', 'humidity': 'hurs', 'cal_note': '360-day stretched onto the real year', 'years': '2015-2100', 'Ta_C': [-35.0, 40.6], 'Ta_mean': 7.49, 'Pre_mbar': 981.1, 'Pr_mm_yr': 1453.5, 'Pr_max_h': 14.3, 'Rsw_max': 989.9, 'Ds_mean': 332.4, 'Ca': [399.9, 474.0]}
    US-Blk: FAILED -- Tetens inverse disagrees by 1.00e-03 Pa
    US-CPF: {'hours': 743040, 'calendar': '360_day', 'humidity': 'hurs', 'cal_note': '360-day stretched onto the real year', 'years': '2015-2100', 'Ta_C': [-57.8, 34.6], 'Ta_mean': 3.99, 'Pre_mbar': 701.6, 'Pr_mm_yr': 455.0, 'Pr_max_h': 8.23, 'Rsw_max': 1047.6, 'Ds_mean': 518.0, 'Ca': [399.9, 474.0]}
    US-CPk: {'hours': 743040, 'calendar': '360_day', 'humidity': 'hurs', 'cal_note': '360-day stretched onto the real year', 'years': '2015-2100', 'Ta_C': [-53.3, 37.1], 'Ta_mean': 6.44, 'Pre_mbar': 731.3, 'Pr_mm_yr': 401.1, 'Pr_max_h': 5.58, 'Rsw_max': 1041.6, 'Ds_mean': 614.4, 'Ca': [399.9, 474.0]}
    US-CRK: {'hours': 743040, 'calendar': '360_day', 'humidity': 'hurs', 'cal_note': '360-day stretched onto the real year', 'years': '2015-2100', 'Ta_C': [-21.5, 48.6], 'Ta_mean': 22.11, 'Pre_mbar': 995.3, 'Pr_mm_yr': 1160.5, 'Pr_max_h': 12.62, 'Rsw_max': 1060.8, 'Ds_mean': 1002.0, 'Ca': [399.9, 474.0]}
    US-CS2: {'hours': 743040, 'calendar': '360_day', 'humidity': 'hurs', 'cal_note': '360-day stretched onto the real year', 'years': '2015-2100', 'Ta_C': [-37.8, 43.8], 'Ta_mean': 10.94, 'Pre_mbar': 974.6, 'Pr_mm_yr': 772.6, 'Pr_max_h': 9.2, 'Rsw_max': 977.2, 'Ds_mean': 588.7, 'Ca': [399.9, 474.0]}
    US-CZ2: {'hours': 743040, 'calendar': '360_day', 'humidity': 'hurs', 'cal_note': '360-day stretched onto the real year', 'years': '2015-2100', 'Ta_C': [-17.1, 47.9], 'Ta_mean': 17.59, 'Pre_mbar': 883.1, 'Pr_mm_yr': 696.6, 'Pr_max_h': 21.85, 'Rsw_max': 1085.9, 'Ds_mean': 1297.3, 'Ca': [399.9, 474.0]}
    US-CZ3: {'hours': 743040, 'calendar': '360_day', 'humidity': 'hurs', 'cal_note': '360-day stretched onto the real year', 'years': '2015-2100', 'Ta_C': [-25.0, 43.1], 'Ta_mean': 10.98, 'Pre_mbar': 797.9, 'Pr_mm_yr': 757.1, 'Pr_max_h': 24.63, 'Rsw_max': 1083.4, 'Ds_mean': 901.2, 'Ca': [399.9, 474.0]}
    US-CZ4: {'hours': 743040, 'calendar': '360_day', 'humidity': 'hurs', 'cal_note': '360-day stretched onto the real year', 'years': '2015-2100', 'Ta_C': [-28.5, 39.3], 'Ta_mean': 7.69, 'Pre_mbar': 734.8, 'Pr_mm_yr': 824.3, 'Pr_max_h': 26.71, 'Rsw_max': 1084.5, 'Ds_mean': 751.4, 'Ca': [399.9, 474.0]}
    US-ChR: {'hours': 743040, 'calendar': '360_day', 'humidity': 'hurs', 'cal_note': '360-day stretched onto the real year', 'years': '2015-2100', 'Ta_C': [-29.1, 49.3], 'Ta_mean': 18.22, 'Pre_mbar': 979.5, 'Pr_mm_yr': 1386.9, 'Pr_max_h': 13.07, 'Rsw_max': 995.5, 'Ds_mean': 658.5, 'Ca': [399.9, 474.0]}
    US-Cst: {'hours': 743040, 'calendar': '360_day', 'humidity': 'hurs', 'cal_note': '360-day stretched onto the real year', 'years': '2015-2100', 'Ta_C': [-28.8, 47.7], 'Ta_mean': 20.96, 'Pre_mbar': 1007.3, 'Pr_mm_yr': 1349.3, 'Pr_max_h': 20.51, 'Rsw_max': 1037.1, 'Ds_mean': 850.7, 'Ca': [399.9, 474.0]}
    US-Cwt: {'hours': 743040, 'calendar': '360_day', 'humidity': 'hurs', 'cal_note': '360-day stretched onto the real year', 'years': '2015-2100', 'Ta_C': [-29.7, 44.6], 'Ta_mean': 16.02, 'Pre_mbar': 933.7, 'Pr_mm_yr': 1796.3, 'Pr_max_h': 20.6, 'Rsw_max': 994.7, 'Ds_mean': 551.3, 'Ca': [399.9, 474.0]}
    US-DPP: {'hours': 743040, 'calendar': '360_day', 'humidity': 'hurs', 'cal_note': '360-day stretched onto the real year', 'years': '2015-2100', 'Ta_C': [-8.4, 51.6], 'Ta_mean': 25.57, 'Pre_mbar': 1010.5, 'Pr_mm_yr': 1384.8, 'Pr_max_h': 14.72, 'Rsw_max': 975.6, 'Ds_mean': 822.8, 'Ca': [399.9, 474.0]}
    US-Dk2: {'hours': 743040, 'calendar': '360_day', 'humidity': 'hurs', 'cal_note': '360-day stretched onto the real year', 'years': '2015-2100', 'Ta_C': [-30.6, 47.3], 'Ta_mean': 18.87, 'Pre_mbar': 993.3, 'Pr_mm_yr': 1234.0, 'Pr_max_h': 13.88, 'Rsw_max': 964.0, 'Ds_mean': 665.8, 'Ca': [399.9, 474.0]}
    US-Dk3: {'hours': 743040, 'calendar': '360_day', 'humidity': 'hurs', 'cal_note': '360-day stretched onto the real year', 'years': '2015-2100', 'Ta_C': [-30.6, 47.3], 'Ta_mean': 18.87, 'Pre_mbar': 993.9, 'Pr_mm_yr': 1234.0, 'Pr_max_h': 13.88, 'Rsw_max': 963.9, 'Ds_mean': 665.8, 'Ca': [399.9, 474.0]}
    US-Fmf: {'hours': 743040, 'calendar': '360_day', 'humidity': 'hurs', 'cal_note': '360-day stretched onto the real year', 'years': '2015-2100', 'Ta_C': [-31.2, 39.9], 'Ta_mean': 12.68, 'Pre_mbar': 784.3, 'Pr_mm_yr': 601.3, 'Pr_max_h': 13.18, 'Rsw_max': 1079.6, 'Ds_mean': 1101.6, 'Ca': [399.9, 474.0]}
    US-Fuf: {'hours': 743040, 'calendar': '360_day', 'humidity': 'hurs', 'cal_note': '360-day stretched onto the real year', 'years': '2015-2100', 'Ta_C': [-29.3, 39.5], 'Ta_mean': 12.69, 'Pre_mbar': 782.5, 'Pr_mm_yr': 647.8, 'Pr_max_h': 12.69, 'Rsw_max': 1078.3, 'Ds_mean': 1101.8, 'Ca': [399.9, 474.0]}
    US-GBT: {'hours': 743040, 'calendar': '360_day', 'humidity': 'hurs', 'cal_note': '360-day stretched onto the real year', 'years': '2015-2100', 'Ta_C': [-52.7, 37.3], 'Ta_mean': 6.33, 'Pre_mbar': 694.1, 'Pr_mm_yr': 365.9, 'Pr_max_h': 5.36, 'Rsw_max': 1037.7, 'Ds_mean': 614.6, 'Ca': [399.9, 474.0]}
    US-GLE: {'hours': 743040, 'calendar': '360_day', 'humidity': 'hurs', 'cal_note': '360-day stretched onto the real year', 'years': '2015-2100', 'Ta_C': [-52.7, 37.3], 'Ta_mean': 6.33, 'Pre_mbar': 693.6, 'Pr_mm_yr': 365.9, 'Pr_max_h': 5.36, 'Rsw_max': 1037.7, 'Ds_mean': 614.6, 'Ca': [399.9, 474.0]}
    US-HB2: {'hours': 743040, 'calendar': '360_day', 'humidity': 'hurs', 'cal_note': '360-day stretched onto the real year', 'years': '2015-2100', 'Ta_C': [-22.5, 46.8], 'Ta_mean': 22.5, 'Pre_mbar': 1012.7, 'Pr_mm_yr': 1330.4, 'Pr_max_h': 11.37, 'Rsw_max': 956.5, 'Ds_mean': 633.2, 'Ca': [399.9, 474.0]}
    US-HB3: {'hours': 743040, 'calendar': '360_day', 'humidity': 'hurs', 'cal_note': '360-day stretched onto the real year', 'years': '2015-2100', 'Ta_C': [-22.5, 46.8], 'Ta_mean': 22.5, 'Pre_mbar': 1012.4, 'Pr_mm_yr': 1330.4, 'Pr_max_h': 11.37, 'Rsw_max': 956.4, 'Ds_mean': 633.2, 'Ca': [399.9, 474.0]}
    US-HBK: {'hours': 743040, 'calendar': '360_day', 'humidity': 'hurs', 'cal_note': '360-day stretched onto the real year', 'years': '2015-2100', 'Ta_C': [-34.0, 44.1], 'Ta_mean': 10.09, 'Pre_mbar': 970.1, 'Pr_mm_yr': 1286.9, 'Pr_max_h': 12.01, 'Rsw_max': 990.6, 'Ds_mean': 405.2, 'Ca': [399.9, 474.0]}
    US-Ha1: {'hours': 743040, 'calendar': '360_day', 'humidity': 'hurs', 'cal_note': '360-day stretched onto the real year', 'years': '2015-2100', 'Ta_C': [-28.6, 46.7], 'Ta_mean': 12.94, 'Pre_mbar': 973.2, 'Pr_mm_yr': 1228.8, 'Pr_max_h': 13.9, 'Rsw_max': 993.4, 'Ds_mean': 510.5, 'Ca': [399.9, 474.0]}
    US-Ha2: {'hours': 743040, 'calendar': '360_day', 'humidity': 'hurs', 'cal_note': '360-day stretched onto the real year', 'years': '2015-2100', 'Ta_C': [-28.6, 46.7], 'Ta_mean': 12.94, 'Pre_mbar': 970.9, 'Pr_mm_yr': 1228.8, 'Pr_max_h': 13.9, 'Rsw_max': 993.4, 'Ds_mean': 510.5, 'Ca': [399.9, 474.0]}
    US-Ho1: {'hours': 743040, 'calendar': '360_day', 'humidity': 'hurs', 'cal_note': '360-day stretched onto the real year', 'years': '2015-2100', 'Ta_C': [-29.0, 42.0], 'Ta_mean': 10.61, 'Pre_mbar': 1006.1, 'Pr_mm_yr': 1170.8, 'Pr_max_h': 12.72, 'Rsw_max': 983.0, 'Ds_mean': 410.8, 'Ca': [399.9, 474.0]}
    US-Ho2: {'hours': 743040, 'calendar': '360_day', 'humidity': 'hurs', 'cal_note': '360-day stretched onto the real year', 'years': '2015-2100', 'Ta_C': [-29.0, 42.0], 'Ta_mean': 10.61, 'Pre_mbar': 1005.9, 'Pr_mm_yr': 1170.8, 'Pr_max_h': 12.72, 'Rsw_max': 983.0, 'Ds_mean': 410.8, 'Ca': [399.9, 474.0]}
    US-Ho3: {'hours': 743040, 'calendar': '360_day', 'humidity': 'hurs', 'cal_note': '360-day stretched onto the real year', 'years': '2015-2100', 'Ta_C': [-29.0, 42.0], 'Ta_mean': 10.61, 'Pre_mbar': 1005.9, 'Pr_mm_yr': 1170.8, 'Pr_max_h': 12.72, 'Rsw_max': 983.0, 'Ds_mean': 410.8, 'Ca': [399.9, 474.0]}
    US-LPH: {'hours': 743040, 'calendar': '360_day', 'humidity': 'hurs', 'cal_note': '360-day stretched onto the real year', 'years': '2015-2100', 'Ta_C': [-28.6, 46.7], 'Ta_mean': 12.94, 'Pre_mbar': 968.9, 'Pr_mm_yr': 1228.8, 'Pr_max_h': 13.9, 'Rsw_max': 993.4, 'Ds_mean': 510.5, 'Ca': [399.9, 474.0]}
    US-MEF: {'hours': 743040, 'calendar': '360_day', 'humidity': 'hurs', 'cal_note': '360-day stretched onto the real year', 'years': '2015-2100', 'Ta_C': [-45.8, 38.5], 'Ta_mean': 9.15, 'Pre_mbar': 765.3, 'Pr_mm_yr': 459.4, 'Pr_max_h': 8.89, 'Rsw_max': 1060.8, 'Ds_mean': 669.6, 'Ca': [399.9, 474.0]}
    US-MMS: {'hours': 743040, 'calendar': '360_day', 'humidity': 'hurs', 'cal_note': '360-day stretched onto the real year', 'years': '2015-2100', 'Ta_C': [-37.2, 49.4], 'Ta_mean': 15.59, 'Pre_mbar': 980.7, 'Pr_mm_yr': 1080.9, 'Pr_max_h': 11.66, 'Rsw_max': 989.7, 'Ds_mean': 675.3, 'Ca': [399.9, 474.0]}
    US-MOz: {'hours': 743040, 'calendar': '360_day', 'humidity': 'hurs', 'cal_note': '360-day stretched onto the real year', 'years': '2015-2100', 'Ta_C': [-31.9, 46.9], 'Ta_mean': 16.81, 'Pre_mbar': 987.2, 'Pr_mm_yr': 990.8, 'Pr_max_h': 12.22, 'Rsw_max': 1019.9, 'Ds_mean': 777.0, 'Ca': [399.9, 474.0]}
    US-MRf: {'hours': 743040, 'calendar': '360_day', 'humidity': 'hurs', 'cal_note': '360-day stretched onto the real year', 'years': '2015-2100', 'Ta_C': [-16.3, 40.0], 'Ta_mean': 14.86, 'Pre_mbar': 982.1, 'Pr_mm_yr': 1367.3, 'Pr_max_h': 16.91, 'Rsw_max': 1034.5, 'Ds_mean': 494.0, 'Ca': [399.9, 474.0]}
    US-Me1: {'hours': 743040, 'calendar': '360_day', 'humidity': 'hurs', 'cal_note': '360-day stretched onto the real year', 'years': '2015-2100', 'Ta_C': [-34.0, 44.3], 'Ta_mean': 11.07, 'Pre_mbar': 911.1, 'Pr_mm_yr': 892.4, 'Pr_max_h': 11.19, 'Rsw_max': 1023.4, 'Ds_mean': 638.5, 'Ca': [399.9, 474.0]}
    US-Me2: FAILED -- Tetens inverse disagrees by 1.00e-03 Pa
    US-Me4: FAILED -- Tetens inverse disagrees by 1.00e-03 Pa
    US-Me6: FAILED -- Tetens inverse disagrees by 1.00e-03 Pa
    US-Me7: FAILED -- Tetens inverse disagrees by 1.00e-03 Pa
    US-MtB: FAILED -- Tetens inverse disagrees by 1.00e-03 Pa
    US-NC2: {'hours': 743040, 'calendar': '360_day', 'humidity': 'hurs', 'cal_note': '360-day stretched onto the real year', 'years': '2015-2100', 'Ta_C': [-19.6, 44.7], 'Ta_mean': 20.07, 'Pre_mbar': 1012.6, 'Pr_mm_yr': 1335.5, 'Pr_max_h': 14.27, 'Rsw_max': 955.5, 'Ds_mean': 596.8, 'Ca': [399.9, 474.0]}
    US-NC3: {'hours': 743040, 'calendar': '360_day', 'humidity': 'hurs', 'cal_note': '360-day stretched onto the real year', 'years': '2015-2100', 'Ta_C': [-19.6, 44.7], 'Ta_mean': 20.07, 'Pre_mbar': 1012.6, 'Pr_mm_yr': 1335.5, 'Pr_max_h': 14.27, 'Rsw_max': 955.5, 'Ds_mean': 596.8, 'Ca': [399.9, 474.0]}
    US-NC5: {'hours': 743040, 'calendar': '360_day', 'humidity': 'hurs', 'cal_note': '360-day stretched onto the real year', 'years': '2015-2100', 'Ta_C': [-28.7, 47.7], 'Ta_mean': 18.75, 'Pre_mbar': 998.7, 'Pr_mm_yr': 1218.5, 'Pr_max_h': 12.24, 'Rsw_max': 958.9, 'Ds_mean': 673.7, 'Ca': [399.9, 474.0]}
    US-NMj: {'hours': 743040, 'calendar': '360_day', 'humidity': 'hurs', 'cal_note': '360-day stretched onto the real year', 'years': '2015-2100', 'Ta_C': [-44.4, 42.4], 'Ta_mean': 8.75, 'Pre_mbar': 967.0, 'Pr_mm_yr': 731.6, 'Pr_max_h': 9.77, 'Rsw_max': 948.4, 'Ds_mean': 510.6, 'Ca': [399.9, 474.0]}
    US-NR1: {'hours': 743040, 'calendar': '360_day', 'humidity': 'hurs', 'cal_note': '360-day stretched onto the real year', 'years': '2015-2100', 'Ta_C': [-51.0, 33.6], 'Ta_mean': 3.89, 'Pre_mbar': 705.8, 'Pr_mm_yr': 483.6, 'Pr_max_h': 6.62, 'Rsw_max': 1048.5, 'Ds_mean': 495.9, 'Ca': [399.9, 474.0]}
    US-Oho: {'hours': 743040, 'calendar': '360_day', 'humidity': 'hurs', 'cal_note': '360-day stretched onto the real year', 'years': '2015-2100', 'Ta_C': [-28.0, 45.9], 'Ta_mean': 13.74, 'Pre_mbar': 986.0, 'Pr_mm_yr': 858.9, 'Pr_max_h': 9.37, 'Rsw_max': 965.2, 'Ds_mean': 668.4, 'Ca': [399.9, 474.0]}
    US-PFL: {'hours': 743040, 'calendar': '360_day', 'humidity': 'hurs', 'cal_note': '360-day stretched onto the real year', 'years': '2015-2100', 'Ta_C': [-42.6, 42.0], 'Ta_mean': 9.23, 'Pre_mbar': 959.0, 'Pr_mm_yr': 739.5, 'Pr_max_h': 9.98, 'Rsw_max': 958.1, 'Ds_mean': 537.5, 'Ca': [399.9, 474.0]}
    US-PFb: {'hours': 743040, 'calendar': '360_day', 'humidity': 'hurs', 'cal_note': '360-day stretched onto the real year', 'years': '2015-2100', 'Ta_C': [-42.6, 42.0], 'Ta_mean': 9.23, 'Pre_mbar': 957.9, 'Pr_mm_yr': 739.5, 'Pr_max_h': 9.98, 'Rsw_max': 957.9, 'Ds_mean': 537.5, 'Ca': [399.9, 474.0]}
    US-PFc: {'hours': 743040, 'calendar': '360_day', 'humidity': 'hurs', 'cal_note': '360-day stretched onto the real year', 'years': '2015-2100', 'Ta_C': [-42.6, 42.0], 'Ta_mean': 9.23, 'Pre_mbar': 958.0, 'Pr_mm_yr': 739.5, 'Pr_max_h': 9.98, 'Rsw_max': 957.9, 'Ds_mean': 537.5, 'Ca': [399.9, 474.0]}
    US-PFg: {'hours': 743040, 'calendar': '360_day', 'humidity': 'hurs', 'cal_note': '360-day stretched onto the real year', 'years': '2015-2100', 'Ta_C': [-42.6, 42.0], 'Ta_mean': 9.23, 'Pre_mbar': 957.8, 'Pr_mm_yr': 739.5, 'Pr_max_h': 9.98, 'Rsw_max': 957.9, 'Ds_mean': 537.5, 'Ca': [399.9, 474.0]}
    US-PFh: {'hours': 743040, 'calendar': '360_day', 'humidity': 'hurs', 'cal_note': '360-day stretched onto the real year', 'years': '2015-2100', 'Ta_C': [-42.9, 42.0], 'Ta_mean': 8.96, 'Pre_mbar': 959.1, 'Pr_mm_yr': 747.2, 'Pr_max_h': 9.67, 'Rsw_max': 956.5, 'Ds_mean': 531.9, 'Ca': [399.9, 474.0]}
    US-PFi: {'hours': 743040, 'calendar': '360_day', 'humidity': 'hurs', 'cal_note': '360-day stretched onto the real year', 'years': '2015-2100', 'Ta_C': [-42.9, 42.0], 'Ta_mean': 8.96, 'Pre_mbar': 956.3, 'Pr_mm_yr': 747.2, 'Pr_max_h': 9.67, 'Rsw_max': 956.4, 'Ds_mean': 531.9, 'Ca': [399.9, 474.0]}
    US-PFj: {'hours': 743040, 'calendar': '360_day', 'humidity': 'hurs', 'cal_note': '360-day stretched onto the real year', 'years': '2015-2100', 'Ta_C': [-42.9, 42.0], 'Ta_mean': 8.96, 'Pre_mbar': 956.7, 'Pr_mm_yr': 747.2, 'Pr_max_h': 9.67, 'Rsw_max': 956.5, 'Ds_mean': 531.9, 'Ca': [399.9, 474.0]}
    US-PFk: {'hours': 743040, 'calendar': '360_day', 'humidity': 'hurs', 'cal_note': '360-day stretched onto the real year', 'years': '2015-2100', 'Ta_C': [-42.6, 42.0], 'Ta_mean': 9.23, 'Pre_mbar': 957.7, 'Pr_mm_yr': 739.5, 'Pr_max_h': 9.98, 'Rsw_max': 958.2, 'Ds_mean': 537.5, 'Ca': [399.9, 474.0]}
    US-PFm: {'hours': 743040, 'calendar': '360_day', 'humidity': 'hurs', 'cal_note': '360-day stretched onto the real year', 'years': '2015-2100', 'Ta_C': [-42.6, 42.0], 'Ta_mean': 9.23, 'Pre_mbar': 956.7, 'Pr_mm_yr': 739.5, 'Pr_max_h': 9.98, 'Rsw_max': 958.2, 'Ds_mean': 537.5, 'Ca': [399.9, 474.0]}
    US-PFn: {'hours': 743040, 'calendar': '360_day', 'humidity': 'hurs', 'cal_note': '360-day stretched onto the real year', 'years': '2015-2100', 'Ta_C': [-42.6, 42.0], 'Ta_mean': 9.23, 'Pre_mbar': 957.4, 'Pr_mm_yr': 739.5, 'Pr_max_h': 9.98, 'Rsw_max': 958.1, 'Ds_mean': 537.5, 'Ca': [399.9, 474.0]}
    US-PFp: {'hours': 743040, 'calendar': '360_day', 'humidity': 'hurs', 'cal_note': '360-day stretched onto the real year', 'years': '2015-2100', 'Ta_C': [-42.6, 42.0], 'Ta_mean': 9.23, 'Pre_mbar': 955.3, 'Pr_mm_yr': 739.5, 'Pr_max_h': 9.98, 'Rsw_max': 958.1, 'Ds_mean': 537.5, 'Ca': [399.9, 474.0]}
    US-PFq: {'hours': 743040, 'calendar': '360_day', 'humidity': 'hurs', 'cal_note': '360-day stretched onto the real year', 'years': '2015-2100', 'Ta_C': [-42.9, 42.0], 'Ta_mean': 8.96, 'Pre_mbar': 958.0, 'Pr_mm_yr': 747.2, 'Pr_max_h': 9.67, 'Rsw_max': 956.7, 'Ds_mean': 531.9, 'Ca': [399.9, 474.0]}
    US-PFs: {'hours': 743040, 'calendar': '360_day', 'humidity': 'hurs', 'cal_note': '360-day stretched onto the real year', 'years': '2015-2100', 'Ta_C': [-42.9, 42.0], 'Ta_mean': 8.96, 'Pre_mbar': 956.2, 'Pr_mm_yr': 747.2, 'Pr_max_h': 9.67, 'Rsw_max': 956.6, 'Ds_mean': 531.9, 'Ca': [399.9, 474.0]}
    US-PFt: {'hours': 743040, 'calendar': '360_day', 'humidity': 'hurs', 'cal_note': '360-day stretched onto the real year', 'years': '2015-2100', 'Ta_C': [-42.9, 42.0], 'Ta_mean': 8.96, 'Pre_mbar': 958.8, 'Pr_mm_yr': 747.2, 'Pr_max_h': 9.67, 'Rsw_max': 956.7, 'Ds_mean': 531.9, 'Ca': [399.9, 474.0]}
    US-SB1: {'hours': 743040, 'calendar': '360_day', 'humidity': 'hurs', 'cal_note': '360-day stretched onto the real year', 'years': '2015-2100', 'Ta_C': [-30.0, 48.2], 'Ta_mean': 17.61, 'Pre_mbar': 984.6, 'Pr_mm_yr': 1104.9, 'Pr_max_h': 13.03, 'Rsw_max': 964.1, 'Ds_mean': 697.5, 'Ca': [399.9, 474.0]}
    US-SHC: {'hours': 743040, 'calendar': '360_day', 'humidity': 'hurs', 'cal_note': '360-day stretched onto the real year', 'years': '2015-2100', 'Ta_C': [-33.3, 42.7], 'Ta_mean': 11.79, 'Pre_mbar': 805.6, 'Pr_mm_yr': 788.2, 'Pr_max_h': 17.81, 'Rsw_max': 1078.4, 'Ds_mean': 923.1, 'Ca': [399.9, 474.0]}
    US-SP1: {'hours': 743040, 'calendar': '360_day', 'humidity': 'hurs', 'cal_note': '360-day stretched onto the real year', 'years': '2015-2100', 'Ta_C': [-9.6, 46.9], 'Ta_mean': 24.83, 'Pre_mbar': 1007.3, 'Pr_mm_yr': 1454.1, 'Pr_max_h': 12.87, 'Rsw_max': 985.1, 'Ds_mean': 747.7, 'Ca': [399.9, 474.0]}
    US-SP2: {'hours': 743040, 'calendar': '360_day', 'humidity': 'hurs', 'cal_note': '360-day stretched onto the real year', 'years': '2015-2100', 'Ta_C': [-10.2, 47.0], 'Ta_mean': 24.56, 'Pre_mbar': 1007.3, 'Pr_mm_yr': 1456.4, 'Pr_max_h': 12.01, 'Rsw_max': 985.3, 'Ds_mean': 738.8, 'Ca': [399.9, 474.0]}
    US-SP3: {'hours': 743040, 'calendar': '360_day', 'humidity': 'hurs', 'cal_note': '360-day stretched onto the real year', 'years': '2015-2100', 'Ta_C': [-10.2, 47.0], 'Ta_mean': 24.56, 'Pre_mbar': 1007.3, 'Pr_mm_yr': 1456.4, 'Pr_max_h': 12.01, 'Rsw_max': 985.5, 'Ds_mean': 738.8, 'Ca': [399.9, 474.0]}
    US-SP4: {'hours': 743040, 'calendar': '360_day', 'humidity': 'hurs', 'cal_note': '360-day stretched onto the real year', 'years': '2015-2100', 'Ta_C': [-10.2, 47.0], 'Ta_mean': 24.56, 'Pre_mbar': 1007.6, 'Pr_mm_yr': 1456.4, 'Pr_max_h': 12.01, 'Rsw_max': 985.3, 'Ds_mean': 738.8, 'Ca': [399.9, 474.0]}
    US-SSH: {'hours': 743040, 'calendar': '360_day', 'humidity': 'hurs', 'cal_note': '360-day stretched onto the real year', 'years': '2015-2100', 'Ta_C': [-32.4, 47.9], 'Ta_mean': 14.15, 'Pre_mbar': 976.7, 'Pr_mm_yr': 1046.5, 'Pr_max_h': 13.54, 'Rsw_max': 954.7, 'Ds_mean': 600.8, 'Ca': [399.9, 474.0]}
    US-Slt: {'hours': 743040, 'calendar': '360_day', 'humidity': 'hurs', 'cal_note': '360-day stretched onto the real year', 'years': '2015-2100', 'Ta_C': [-16.8, 45.7], 'Ta_mean': 17.25, 'Pre_mbar': 1009.7, 'Pr_mm_yr': 1218.9, 'Pr_max_h': 16.28, 'Rsw_max': 1007.9, 'Ds_mean': 565.8, 'Ca': [399.9, 474.0]}
    US-TEF: FAILED -- Tetens inverse disagrees by 1.00e-03 Pa
    US-UMB: {'hours': 743040, 'calendar': '360_day', 'humidity': 'hurs', 'cal_note': '360-day stretched onto the real year', 'years': '2015-2100', 'Ta_C': [-35.1, 42.0], 'Ta_mean': 10.24, 'Pre_mbar': 985.5, 'Pr_mm_yr': 786.6, 'Pr_max_h': 8.49, 'Rsw_max': 941.4, 'Ds_mean': 520.4, 'Ca': [399.9, 474.0]}
    US-UMd: {'hours': 743040, 'calendar': '360_day', 'humidity': 'hurs', 'cal_note': '360-day stretched onto the real year', 'years': '2015-2100', 'Ta_C': [-35.1, 42.0], 'Ta_mean': 10.24, 'Pre_mbar': 984.9, 'Pr_mm_yr': 786.6, 'Pr_max_h': 8.49, 'Rsw_max': 941.4, 'Ds_mean': 520.4, 'Ca': [399.9, 474.0]}
    US-Vcm: {'hours': 743040, 'calendar': '360_day', 'humidity': 'hurs', 'cal_note': '360-day stretched onto the real year', 'years': '2015-2100', 'Ta_C': [-46.8, 38.2], 'Ta_mean': 8.27, 'Pre_mbar': 709.7, 'Pr_mm_yr': 592.1, 'Pr_max_h': 9.25, 'Rsw_max': 1092.2, 'Ds_mean': 741.3, 'Ca': [399.9, 474.0]}
    US-Vcp: {'hours': 743040, 'calendar': '360_day', 'humidity': 'hurs', 'cal_note': '360-day stretched onto the real year', 'years': '2015-2100', 'Ta_C': [-46.8, 38.2], 'Ta_mean': 8.27, 'Pre_mbar': 749.6, 'Pr_mm_yr': 592.1, 'Pr_max_h': 9.25, 'Rsw_max': 1092.3, 'Ds_mean': 741.3, 'Ca': [399.9, 474.0]}
    US-Vcs: {'hours': 743040, 'calendar': '360_day', 'humidity': 'hurs', 'cal_note': '360-day stretched onto the real year', 'years': '2015-2100', 'Ta_C': [-46.8, 38.2], 'Ta_mean': 8.27, 'Pre_mbar': 731.2, 'Pr_mm_yr': 592.1, 'Pr_max_h': 9.25, 'Rsw_max': 1092.1, 'Ds_mean': 741.3, 'Ca': [399.9, 474.0]}
    US-WBW: {'hours': 743040, 'calendar': '360_day', 'humidity': 'hurs', 'cal_note': '360-day stretched onto the real year', 'years': '2015-2100', 'Ta_C': [-29.1, 49.3], 'Ta_mean': 18.22, 'Pre_mbar': 979.8, 'Pr_mm_yr': 1386.9, 'Pr_max_h': 13.07, 'Rsw_max': 995.3, 'Ds_mean': 658.5, 'Ca': [399.9, 474.0]}
    US-WCr: {'hours': 743040, 'calendar': '360_day', 'humidity': 'hurs', 'cal_note': '360-day stretched onto the real year', 'years': '2015-2100', 'Ta_C': [-42.9, 42.0], 'Ta_mean': 8.96, 'Pre_mbar': 952.7, 'Pr_mm_yr': 747.2, 'Pr_max_h': 9.67, 'Rsw_max': 957.3, 'Ds_mean': 531.9, 'Ca': [399.9, 474.0]}
    US-Wi1: {'hours': 743040, 'calendar': '360_day', 'humidity': 'hurs', 'cal_note': '360-day stretched onto the real year', 'years': '2015-2100', 'Ta_C': [-44.0, 41.2], 'Ta_mean': 9.14, 'Pre_mbar': 971.8, 'Pr_mm_yr': 692.3, 'Pr_max_h': 11.0, 'Rsw_max': 954.8, 'Ds_mean': 513.7, 'Ca': [399.9, 474.0]}
    US-Wi2: {'hours': 743040, 'calendar': '360_day', 'humidity': 'hurs', 'cal_note': '360-day stretched onto the real year', 'years': '2015-2100', 'Ta_C': [-44.0, 41.2], 'Ta_mean': 9.14, 'Pre_mbar': 966.9, 'Pr_mm_yr': 692.3, 'Pr_max_h': 11.0, 'Rsw_max': 955.1, 'Ds_mean': 513.7, 'Ca': [399.9, 474.0]}
    US-Wi3: {'hours': 743040, 'calendar': '360_day', 'humidity': 'hurs', 'cal_note': '360-day stretched onto the real year', 'years': '2015-2100', 'Ta_C': [-44.0, 41.2], 'Ta_mean': 9.14, 'Pre_mbar': 965.1, 'Pr_mm_yr': 692.3, 'Pr_max_h': 11.0, 'Rsw_max': 955.4, 'Ds_mean': 513.7, 'Ca': [399.9, 474.0]}
    US-Wi4: {'hours': 743040, 'calendar': '360_day', 'humidity': 'hurs', 'cal_note': '360-day stretched onto the real year', 'years': '2015-2100', 'Ta_C': [-44.0, 41.2], 'Ta_mean': 9.14, 'Pre_mbar': 971.8, 'Pr_mm_yr': 692.3, 'Pr_max_h': 11.0, 'Rsw_max': 954.8, 'Ds_mean': 513.7, 'Ca': [399.9, 474.0]}
    US-Wrc: FAILED -- Tetens inverse disagrees by 1.00e-03 Pa
    US-xAB: FAILED -- Tetens inverse disagrees by 1.00e-03 Pa
    US-xBL: {'hours': 743040, 'calendar': '360_day', 'humidity': 'hurs', 'cal_note': '360-day stretched onto the real year', 'years': '2015-2100', 'Ta_C': [-29.0, 50.2], 'Ta_mean': 17.01, 'Pre_mbar': 991.5, 'Pr_mm_yr': 1061.2, 'Pr_max_h': 12.22, 'Rsw_max': 959.8, 'Ds_mean': 707.5, 'Ca': [399.9, 474.0]}
    US-xBR: {'hours': 743040, 'calendar': '360_day', 'humidity': 'hurs', 'cal_note': '360-day stretched onto the real year', 'years': '2015-2100', 'Ta_C': [-35.0, 40.6], 'Ta_mean': 7.49, 'Pre_mbar': 985.8, 'Pr_mm_yr': 1453.5, 'Pr_max_h': 14.3, 'Rsw_max': 990.0, 'Ds_mean': 332.4, 'Ca': [399.9, 474.0]}
    US-xGR: {'hours': 743040, 'calendar': '360_day', 'humidity': 'hurs', 'cal_note': '360-day stretched onto the real year', 'years': '2015-2100', 'Ta_C': [-36.2, 45.3], 'Ta_mean': 15.33, 'Pre_mbar': 946.0, 'Pr_mm_yr': 1470.8, 'Pr_max_h': 17.96, 'Rsw_max': 993.3, 'Ds_mean': 545.2, 'Ca': [399.9, 474.0]}
    US-xHA: {'hours': 743040, 'calendar': '360_day', 'humidity': 'hurs', 'cal_note': '360-day stretched onto the real year', 'years': '2015-2100', 'Ta_C': [-28.6, 46.7], 'Ta_mean': 12.94, 'Pre_mbar': 971.9, 'Pr_mm_yr': 1228.8, 'Pr_max_h': 13.9, 'Rsw_max': 993.4, 'Ds_mean': 510.5, 'Ca': [399.9, 474.0]}
    US-xJE: {'hours': 743040, 'calendar': '360_day', 'humidity': 'hurs', 'cal_note': '360-day stretched onto the real year', 'years': '2015-2100', 'Ta_C': [-17.7, 48.7], 'Ta_mean': 22.12, 'Pre_mbar': 1008.0, 'Pr_mm_yr': 1478.2, 'Pr_max_h': 15.97, 'Rsw_max': 988.1, 'Ds_mean': 741.4, 'Ca': [399.9, 474.0]}
    US-xLE: {'hours': 743040, 'calendar': '360_day', 'humidity': 'hurs', 'cal_note': '360-day stretched onto the real year', 'years': '2015-2100', 'Ta_C': [-17.0, 49.6], 'Ta_mean': 21.72, 'Pre_mbar': 1010.9, 'Pr_mm_yr': 1520.8, 'Pr_max_h': 16.61, 'Rsw_max': 1022.0, 'Ds_mean': 759.5, 'Ca': [399.9, 474.0]}
    US-xML: {'hours': 743040, 'calendar': '360_day', 'humidity': 'hurs', 'cal_note': '360-day stretched onto the real year', 'years': '2015-2100', 'Ta_C': [-29.9, 46.3], 'Ta_mean': 14.83, 'Pre_mbar': 886.6, 'Pr_mm_yr': 1107.7, 'Pr_max_h': 10.66, 'Rsw_max': 977.5, 'Ds_mean': 590.4, 'Ca': [399.9, 474.0]}
    US-xNW: {'hours': 743040, 'calendar': '360_day', 'humidity': 'hurs', 'cal_note': '360-day stretched onto the real year', 'years': '2015-2100', 'Ta_C': [-51.0, 33.6], 'Ta_mean': 3.89, 'Pre_mbar': 668.1, 'Pr_mm_yr': 483.6, 'Pr_max_h': 6.62, 'Rsw_max': 1048.4, 'Ds_mean': 495.9, 'Ca': [399.9, 474.0]}
    US-xRM: {'hours': 743040, 'calendar': '360_day', 'humidity': 'hurs', 'cal_note': '360-day stretched onto the real year', 'years': '2015-2100', 'Ta_C': [-50.6, 34.2], 'Ta_mean': 4.49, 'Pre_mbar': 731.9, 'Pr_mm_yr': 465.1, 'Pr_max_h': 6.78, 'Rsw_max': 1045.6, 'Ds_mean': 520.9, 'Ca': [399.9, 474.0]}
    US-xRN: {'hours': 743040, 'calendar': '360_day', 'humidity': 'hurs', 'cal_note': '360-day stretched onto the real year', 'years': '2015-2100', 'Ta_C': [-29.1, 49.3], 'Ta_mean': 18.22, 'Pre_mbar': 973.9, 'Pr_mm_yr': 1386.9, 'Pr_max_h': 13.07, 'Rsw_max': 995.2, 'Ds_mean': 658.5, 'Ca': [399.9, 474.0]}
    US-xSB: {'hours': 743040, 'calendar': '360_day', 'humidity': 'hurs', 'cal_note': '360-day stretched onto the real year', 'years': '2015-2100', 'Ta_C': [-9.9, 47.2], 'Ta_mean': 24.81, 'Pre_mbar': 1007.9, 'Pr_mm_yr': 1444.3, 'Pr_max_h': 13.17, 'Rsw_max': 982.2, 'Ds_mean': 753.4, 'Ca': [399.9, 474.0]}
    US-xSC: {'hours': 743040, 'calendar': '360_day', 'humidity': 'hurs', 'cal_note': '360-day stretched onto the real year', 'years': '2015-2100', 'Ta_C': [-30.7, 49.7], 'Ta_mean': 16.84, 'Pre_mbar': 970.8, 'Pr_mm_yr': 1076.8, 'Pr_max_h': 11.72, 'Rsw_max': 958.3, 'Ds_mean': 697.9, 'Ca': [399.9, 474.0]}
    US-xSE: {'hours': 743040, 'calendar': '360_day', 'humidity': 'hurs', 'cal_note': '360-day stretched onto the real year', 'years': '2015-2100', 'Ta_C': [-22.2, 48.5], 'Ta_mean': 18.03, 'Pre_mbar': 1011.4, 'Pr_mm_yr': 1179.5, 'Pr_max_h': 14.72, 'Rsw_max': 956.1, 'Ds_mean': 662.4, 'Ca': [399.9, 474.0]}
    US-xSP: {'hours': 743040, 'calendar': '360_day', 'humidity': 'hurs', 'cal_note': '360-day stretched onto the real year', 'years': '2015-2100', 'Ta_C': [-17.1, 47.9], 'Ta_mean': 17.59, 'Pre_mbar': 883.1, 'Pr_mm_yr': 696.6, 'Pr_max_h': 21.85, 'Rsw_max': 1085.9, 'Ds_mean': 1297.3, 'Ca': [399.9, 474.0]}
    US-xST: {'hours': 743040, 'calendar': '360_day', 'humidity': 'hurs', 'cal_note': '360-day stretched onto the real year', 'years': '2015-2100', 'Ta_C': [-43.4, 42.7], 'Ta_mean': 8.93, 'Pre_mbar': 957.1, 'Pr_mm_yr': 756.7, 'Pr_max_h': 11.24, 'Rsw_max': 959.5, 'Ds_mean': 543.6, 'Ca': [399.9, 474.0]}
    US-xTA: {'hours': 743040, 'calendar': '360_day', 'humidity': 'hurs', 'cal_note': '360-day stretched onto the real year', 'years': '2015-2100', 'Ta_C': [-18.6, 49.2], 'Ta_mean': 20.86, 'Pre_mbar': 997.2, 'Pr_mm_yr': 1417.9, 'Pr_max_h': 15.8, 'Rsw_max': 1021.0, 'Ds_mean': 684.1, 'Ca': [399.9, 474.0]}
    US-xTE: {'hours': 743040, 'calendar': '360_day', 'humidity': 'hurs', 'cal_note': '360-day stretched onto the real year', 'years': '2015-2100', 'Ta_C': [-25.0, 43.1], 'Ta_mean': 10.98, 'Pre_mbar': 785.5, 'Pr_mm_yr': 757.1, 'Pr_max_h': 24.63, 'Rsw_max': 1083.8, 'Ds_mean': 901.2, 'Ca': [399.9, 474.0]}
    US-xTR: {'hours': 743040, 'calendar': '360_day', 'humidity': 'hurs', 'cal_note': '360-day stretched onto the real year', 'years': '2015-2100', 'Ta_C': [-41.6, 42.8], 'Ta_mean': 9.17, 'Pre_mbar': 958.1, 'Pr_mm_yr': 765.5, 'Pr_max_h': 9.92, 'Rsw_max': 960.1, 'Ds_mean': 547.9, 'Ca': [399.9, 474.0]}
    US-xUK: {'hours': 743040, 'calendar': '360_day', 'humidity': 'hurs', 'cal_note': '360-day stretched onto the real year', 'years': '2015-2100', 'Ta_C': [-38.4, 47.1], 'Ta_mean': 17.04, 'Pre_mbar': 973.8, 'Pr_mm_yr': 964.2, 'Pr_max_h': 14.6, 'Rsw_max': 1010.1, 'Ds_mean': 861.1, 'Ca': [399.9, 474.0]}
    US-xWR: FAILED -- Tetens inverse disagrees by 1.00e-03 Pa
    US-xYE: {'hours': 743040, 'calendar': '360_day', 'humidity': 'hurs', 'cal_note': '360-day stretched onto the real year', 'years': '2015-2100', 'Ta_C': [-51.2, 38.7], 'Ta_mean': 7.58, 'Pre_mbar': 788.4, 'Pr_mm_yr': 528.6, 'Pr_max_h': 5.62, 'Rsw_max': 1023.3, 'Ds_mean': 689.1, 'Ca': [399.9, 474.0]}
    -> 91/101 built

  UKESM1-0-LL ssp585 (ECS 5.4 K): 30960 days, 101 stations
    US-Bar: {'hours': 743040, 'calendar': '360_day', 'humidity': 'hurs', 'cal_note': '360-day stretched onto the real year', 'years': '2015-2100', 'Ta_C': [-34.0, 42.3], 'Ta_mean': 10.18, 'Pre_mbar': 981.1, 'Pr_mm_yr': 1492.2, 'Pr_max_h': 16.46, 'Rsw_max': 989.3, 'Ds_mean': 440.4, 'Ca': [399.9, 1135.2]}
    US-Blk: FAILED -- Tetens inverse disagrees by 1.00e-03 Pa
    US-CPF: {'hours': 743040, 'calendar': '360_day', 'humidity': 'hurs', 'cal_note': '360-day stretched onto the real year', 'years': '2015-2100', 'Ta_C': [-51.5, 40.2], 'Ta_mean': 6.46, 'Pre_mbar': 701.6, 'Pr_mm_yr': 461.1, 'Pr_max_h': 8.0, 'Rsw_max': 1053.9, 'Ds_mean': 619.1, 'Ca': [399.9, 1135.2]}
    US-CPk: {'hours': 743040, 'calendar': '360_day', 'humidity': 'hurs', 'cal_note': '360-day stretched onto the real year', 'years': '2015-2100', 'Ta_C': [-47.3, 42.4], 'Ta_mean': 8.88, 'Pre_mbar': 731.3, 'Pr_mm_yr': 407.6, 'Pr_max_h': 5.82, 'Rsw_max': 1044.1, 'Ds_mean': 736.5, 'Ca': [399.9, 1135.2]}
    US-CRK: {'hours': 743040, 'calendar': '360_day', 'humidity': 'hurs', 'cal_note': '360-day stretched onto the real year', 'years': '2015-2100', 'Ta_C': [-28.7, 52.6], 'Ta_mean': 24.1, 'Pre_mbar': 995.3, 'Pr_mm_yr': 1174.4, 'Pr_max_h': 14.43, 'Rsw_max': 1054.4, 'Ds_mean': 1158.8, 'Ca': [399.9, 1135.2]}
    US-CS2: {'hours': 743040, 'calendar': '360_day', 'humidity': 'hurs', 'cal_note': '360-day stretched onto the real year', 'years': '2015-2100', 'Ta_C': [-39.7, 49.3], 'Ta_mean': 13.75, 'Pre_mbar': 974.6, 'Pr_mm_yr': 795.6, 'Pr_max_h': 9.24, 'Rsw_max': 969.2, 'Ds_mean': 771.3, 'Ca': [399.9, 1135.2]}
    US-CZ2: FAILED -- Tetens inverse disagrees by 1.00e-03 Pa
    US-CZ3: FAILED -- Tetens inverse disagrees by 1.00e-03 Pa
    US-CZ4: FAILED -- Tetens inverse disagrees by 1.00e-03 Pa
    US-ChR: {'hours': 743040, 'calendar': '360_day', 'humidity': 'hurs', 'cal_note': '360-day stretched onto the real year', 'years': '2015-2100', 'Ta_C': [-33.9, 53.9], 'Ta_mean': 20.39, 'Pre_mbar': 979.5, 'Pr_mm_yr': 1452.4, 'Pr_max_h': 16.21, 'Rsw_max': 987.4, 'Ds_mean': 817.8, 'Ca': [399.9, 1135.2]}
    US-Cst: {'hours': 743040, 'calendar': '360_day', 'humidity': 'hurs', 'cal_note': '360-day stretched onto the real year', 'years': '2015-2100', 'Ta_C': [-28.3, 53.0], 'Ta_mean': 23.17, 'Pre_mbar': 1007.3, 'Pr_mm_yr': 1404.1, 'Pr_max_h': 20.42, 'Rsw_max': 1034.5, 'Ds_mean': 1045.2, 'Ca': [399.9, 1135.2]}
    US-Cwt: {'hours': 743040, 'calendar': '360_day', 'humidity': 'hurs', 'cal_note': '360-day stretched onto the real year', 'years': '2015-2100', 'Ta_C': [-28.7, 49.4], 'Ta_mean': 18.17, 'Pre_mbar': 933.7, 'Pr_mm_yr': 1866.3, 'Pr_max_h': 22.71, 'Rsw_max': 989.2, 'Ds_mean': 680.0, 'Ca': [399.9, 1135.2]}
    US-DPP: {'hours': 743040, 'calendar': '360_day', 'humidity': 'hurs', 'cal_note': '360-day stretched onto the real year', 'years': '2015-2100', 'Ta_C': [-8.0, 52.6], 'Ta_mean': 27.15, 'Pre_mbar': 1010.5, 'Pr_mm_yr': 1383.2, 'Pr_max_h': 14.63, 'Rsw_max': 976.2, 'Ds_mean': 960.7, 'Ca': [399.9, 1135.2]}
    US-Dk2: {'hours': 743040, 'calendar': '360_day', 'humidity': 'hurs', 'cal_note': '360-day stretched onto the real year', 'years': '2015-2100', 'Ta_C': [-23.1, 51.7], 'Ta_mean': 21.14, 'Pre_mbar': 993.3, 'Pr_mm_yr': 1290.1, 'Pr_max_h': 13.14, 'Rsw_max': 958.1, 'Ds_mean': 829.7, 'Ca': [399.9, 1135.2]}
    US-Dk3: {'hours': 743040, 'calendar': '360_day', 'humidity': 'hurs', 'cal_note': '360-day stretched onto the real year', 'years': '2015-2100', 'Ta_C': [-23.1, 51.7], 'Ta_mean': 21.14, 'Pre_mbar': 993.9, 'Pr_mm_yr': 1290.1, 'Pr_max_h': 13.14, 'Rsw_max': 958.1, 'Ds_mean': 829.7, 'Ca': [399.9, 1135.2]}
    US-Fmf: FAILED -- Tetens inverse disagrees by 1.00e-03 Pa
    US-Fuf: FAILED -- Tetens inverse disagrees by 1.00e-03 Pa
    US-GBT: {'hours': 743040, 'calendar': '360_day', 'humidity': 'hurs', 'cal_note': '360-day stretched onto the real year', 'years': '2015-2100', 'Ta_C': [-46.8, 42.1], 'Ta_mean': 8.77, 'Pre_mbar': 694.1, 'Pr_mm_yr': 370.8, 'Pr_max_h': 5.18, 'Rsw_max': 1039.3, 'Ds_mean': 740.7, 'Ca': [399.9, 1135.2]}
    US-GLE: {'hours': 743040, 'calendar': '360_day', 'humidity': 'hurs', 'cal_note': '360-day stretched onto the real year', 'years': '2015-2100', 'Ta_C': [-46.8, 42.1], 'Ta_mean': 8.77, 'Pre_mbar': 693.6, 'Pr_mm_yr': 370.8, 'Pr_max_h': 5.18, 'Rsw_max': 1039.3, 'Ds_mean': 740.7, 'Ca': [399.9, 1135.2]}
    US-HB2: {'hours': 743040, 'calendar': '360_day', 'humidity': 'hurs', 'cal_note': '360-day stretched onto the real year', 'years': '2015-2100', 'Ta_C': [-13.6, 46.0], 'Ta_mean': 23.39, 'Pre_mbar': 1012.7, 'Pr_mm_yr': 1318.6, 'Pr_max_h': 10.81, 'Rsw_max': 947.5, 'Ds_mean': 736.8, 'Ca': [399.9, 1135.2]}
    US-HB3: {'hours': 743040, 'calendar': '360_day', 'humidity': 'hurs', 'cal_note': '360-day stretched onto the real year', 'years': '2015-2100', 'Ta_C': [-13.6, 46.0], 'Ta_mean': 23.39, 'Pre_mbar': 1012.4, 'Pr_mm_yr': 1318.6, 'Pr_max_h': 10.81, 'Rsw_max': 947.4, 'Ds_mean': 736.8, 'Ca': [399.9, 1135.2]}
    US-HBK: {'hours': 743040, 'calendar': '360_day', 'humidity': 'hurs', 'cal_note': '360-day stretched onto the real year', 'years': '2015-2100', 'Ta_C': [-32.3, 45.9], 'Ta_mean': 12.72, 'Pre_mbar': 970.1, 'Pr_mm_yr': 1325.3, 'Pr_max_h': 14.68, 'Rsw_max': 989.4, 'Ds_mean': 532.9, 'Ca': [399.9, 1135.2]}
    US-Ha1: {'hours': 743040, 'calendar': '360_day', 'humidity': 'hurs', 'cal_note': '360-day stretched onto the real year', 'years': '2015-2100', 'Ta_C': [-26.3, 48.7], 'Ta_mean': 15.66, 'Pre_mbar': 973.2, 'Pr_mm_yr': 1273.4, 'Pr_max_h': 19.08, 'Rsw_max': 985.4, 'Ds_mean': 657.1, 'Ca': [399.9, 1135.2]}
    US-Ha2: {'hours': 743040, 'calendar': '360_day', 'humidity': 'hurs', 'cal_note': '360-day stretched onto the real year', 'years': '2015-2100', 'Ta_C': [-26.3, 48.7], 'Ta_mean': 15.66, 'Pre_mbar': 970.9, 'Pr_mm_yr': 1273.4, 'Pr_max_h': 19.08, 'Rsw_max': 985.4, 'Ds_mean': 657.1, 'Ca': [399.9, 1135.2]}
    US-Ho1: {'hours': 743040, 'calendar': '360_day', 'humidity': 'hurs', 'cal_note': '360-day stretched onto the real year', 'years': '2015-2100', 'Ta_C': [-29.6, 46.8], 'Ta_mean': 13.25, 'Pre_mbar': 1006.1, 'Pr_mm_yr': 1204.5, 'Pr_max_h': 14.42, 'Rsw_max': 978.6, 'Ds_mean': 530.2, 'Ca': [399.9, 1135.2]}
    US-Ho2: {'hours': 743040, 'calendar': '360_day', 'humidity': 'hurs', 'cal_note': '360-day stretched onto the real year', 'years': '2015-2100', 'Ta_C': [-29.6, 46.8], 'Ta_mean': 13.25, 'Pre_mbar': 1005.9, 'Pr_mm_yr': 1204.5, 'Pr_max_h': 14.42, 'Rsw_max': 978.6, 'Ds_mean': 530.2, 'Ca': [399.9, 1135.2]}
    US-Ho3: {'hours': 743040, 'calendar': '360_day', 'humidity': 'hurs', 'cal_note': '360-day stretched onto the real year', 'years': '2015-2100', 'Ta_C': [-29.6, 46.8], 'Ta_mean': 13.25, 'Pre_mbar': 1005.9, 'Pr_mm_yr': 1204.5, 'Pr_max_h': 14.42, 'Rsw_max': 978.6, 'Ds_mean': 530.2, 'Ca': [399.9, 1135.2]}
    US-LPH: {'hours': 743040, 'calendar': '360_day', 'humidity': 'hurs', 'cal_note': '360-day stretched onto the real year', 'years': '2015-2100', 'Ta_C': [-26.3, 48.7], 'Ta_mean': 15.66, 'Pre_mbar': 968.9, 'Pr_mm_yr': 1273.4, 'Pr_max_h': 19.08, 'Rsw_max': 985.4, 'Ds_mean': 657.1, 'Ca': [399.9, 1135.2]}
    US-MEF: {'hours': 743040, 'calendar': '360_day', 'humidity': 'hurs', 'cal_note': '360-day stretched onto the real year', 'years': '2015-2100', 'Ta_C': [-44.5, 42.3], 'Ta_mean': 11.62, 'Pre_mbar': 765.3, 'Pr_mm_yr': 461.0, 'Pr_max_h': 7.72, 'Rsw_max': 1058.8, 'Ds_mean': 800.9, 'Ca': [399.9, 1135.2]}
    US-MMS: {'hours': 743040, 'calendar': '360_day', 'humidity': 'hurs', 'cal_note': '360-day stretched onto the real year', 'years': '2015-2100', 'Ta_C': [-29.7, 55.1], 'Ta_mean': 18.04, 'Pre_mbar': 980.7, 'Pr_mm_yr': 1133.5, 'Pr_max_h': 11.35, 'Rsw_max': 988.1, 'Ds_mean': 856.9, 'Ca': [399.9, 1135.2]}
    US-MOz: {'hours': 743040, 'calendar': '360_day', 'humidity': 'hurs', 'cal_note': '360-day stretched onto the real year', 'years': '2015-2100', 'Ta_C': [-30.3, 52.7], 'Ta_mean': 19.18, 'Pre_mbar': 987.2, 'Pr_mm_yr': 1044.5, 'Pr_max_h': 9.24, 'Rsw_max': 1012.8, 'Ds_mean': 949.7, 'Ca': [399.9, 1135.2]}
    US-MRf: {'hours': 743040, 'calendar': '360_day', 'humidity': 'hurs', 'cal_note': '360-day stretched onto the real year', 'years': '2015-2100', 'Ta_C': [-13.1, 43.8], 'Ta_mean': 15.63, 'Pre_mbar': 982.1, 'Pr_mm_yr': 1455.3, 'Pr_max_h': 17.37, 'Rsw_max': 1028.3, 'Ds_mean': 582.1, 'Ca': [399.9, 1135.2]}
    US-Me1: {'hours': 743040, 'calendar': '360_day', 'humidity': 'hurs', 'cal_note': '360-day stretched onto the real year', 'years': '2015-2100', 'Ta_C': [-31.4, 47.2], 'Ta_mean': 13.12, 'Pre_mbar': 911.1, 'Pr_mm_yr': 969.1, 'Pr_max_h': 14.61, 'Rsw_max': 1020.9, 'Ds_mean': 803.3, 'Ca': [399.9, 1135.2]}
    US-Me2: {'hours': 743040, 'calendar': '360_day', 'humidity': 'hurs', 'cal_note': '360-day stretched onto the real year', 'years': '2015-2100', 'Ta_C': [-32.0, 48.2], 'Ta_mean': 13.97, 'Pre_mbar': 873.4, 'Pr_mm_yr': 845.8, 'Pr_max_h': 13.97, 'Rsw_max': 1027.1, 'Ds_mean': 865.7, 'Ca': [399.9, 1135.2]}
    US-Me4: {'hours': 743040, 'calendar': '360_day', 'humidity': 'hurs', 'cal_note': '360-day stretched onto the real year', 'years': '2015-2100', 'Ta_C': [-32.0, 48.2], 'Ta_mean': 13.97, 'Pre_mbar': 908.3, 'Pr_mm_yr': 845.8, 'Pr_max_h': 13.97, 'Rsw_max': 1026.8, 'Ds_mean': 865.7, 'Ca': [399.9, 1135.2]}
    US-Me6: {'hours': 743040, 'calendar': '360_day', 'humidity': 'hurs', 'cal_note': '360-day stretched onto the real year', 'years': '2015-2100', 'Ta_C': [-32.0, 48.2], 'Ta_mean': 13.97, 'Pre_mbar': 900.2, 'Pr_mm_yr': 845.8, 'Pr_max_h': 13.97, 'Rsw_max': 1027.9, 'Ds_mean': 865.7, 'Ca': [399.9, 1135.2]}
    US-Me7: {'hours': 743040, 'calendar': '360_day', 'humidity': 'hurs', 'cal_note': '360-day stretched onto the real year', 'years': '2015-2100', 'Ta_C': [-32.0, 48.2], 'Ta_mean': 13.97, 'Pre_mbar': 873.4, 'Pr_mm_yr': 845.8, 'Pr_max_h': 13.97, 'Rsw_max': 1027.1, 'Ds_mean': 865.7, 'Ca': [399.9, 1135.2]}
    US-MtB: FAILED -- Tetens inverse disagrees by 1.00e-03 Pa
    US-NC2: {'hours': 743040, 'calendar': '360_day', 'humidity': 'hurs', 'cal_note': '360-day stretched onto the real year', 'years': '2015-2100', 'Ta_C': [-19.4, 48.3], 'Ta_mean': 21.61, 'Pre_mbar': 1012.6, 'Pr_mm_yr': 1349.1, 'Pr_max_h': 14.92, 'Rsw_max': 952.2, 'Ds_mean': 710.4, 'Ca': [399.9, 1135.2]}
    US-NC3: {'hours': 743040, 'calendar': '360_day', 'humidity': 'hurs', 'cal_note': '360-day stretched onto the real year', 'years': '2015-2100', 'Ta_C': [-19.4, 48.3], 'Ta_mean': 21.61, 'Pre_mbar': 1012.6, 'Pr_mm_yr': 1349.1, 'Pr_max_h': 14.92, 'Rsw_max': 952.2, 'Ds_mean': 710.4, 'Ca': [399.9, 1135.2]}
    US-NC5: {'hours': 743040, 'calendar': '360_day', 'humidity': 'hurs', 'cal_note': '360-day stretched onto the real year', 'years': '2015-2100', 'Ta_C': [-23.3, 52.3], 'Ta_mean': 21.04, 'Pre_mbar': 998.7, 'Pr_mm_yr': 1274.9, 'Pr_max_h': 12.71, 'Rsw_max': 953.6, 'Ds_mean': 842.1, 'Ca': [399.9, 1135.2]}
    US-NMj: {'hours': 743040, 'calendar': '360_day', 'humidity': 'hurs', 'cal_note': '360-day stretched onto the real year', 'years': '2015-2100', 'Ta_C': [-52.3, 46.4], 'Ta_mean': 11.39, 'Pre_mbar': 967.0, 'Pr_mm_yr': 776.6, 'Pr_max_h': 10.79, 'Rsw_max': 948.3, 'Ds_mean': 633.7, 'Ca': [399.9, 1135.2]}
    US-NR1: {'hours': 743040, 'calendar': '360_day', 'humidity': 'hurs', 'cal_note': '360-day stretched onto the real year', 'years': '2015-2100', 'Ta_C': [-51.2, 38.6], 'Ta_mean': 6.35, 'Pre_mbar': 705.8, 'Pr_mm_yr': 491.7, 'Pr_max_h': 5.89, 'Rsw_max': 1046.0, 'Ds_mean': 593.4, 'Ca': [399.9, 1135.2]}
    US-Oho: {'hours': 743040, 'calendar': '360_day', 'humidity': 'hurs', 'cal_note': '360-day stretched onto the real year', 'years': '2015-2100', 'Ta_C': [-27.9, 51.4], 'Ta_mean': 16.29, 'Pre_mbar': 986.0, 'Pr_mm_yr': 891.1, 'Pr_max_h': 9.44, 'Rsw_max': 961.1, 'Ds_mean': 865.7, 'Ca': [399.9, 1135.2]}
    US-PFL: {'hours': 743040, 'calendar': '360_day', 'humidity': 'hurs', 'cal_note': '360-day stretched onto the real year', 'years': '2015-2100', 'Ta_C': [-43.2, 46.7], 'Ta_mean': 12.02, 'Pre_mbar': 959.0, 'Pr_mm_yr': 791.6, 'Pr_max_h': 10.58, 'Rsw_max': 954.7, 'Ds_mean': 688.2, 'Ca': [399.9, 1135.2]}
    US-PFb: {'hours': 743040, 'calendar': '360_day', 'humidity': 'hurs', 'cal_note': '360-day stretched onto the real year', 'years': '2015-2100', 'Ta_C': [-43.2, 46.7], 'Ta_mean': 12.02, 'Pre_mbar': 957.9, 'Pr_mm_yr': 791.6, 'Pr_max_h': 10.58, 'Rsw_max': 954.6, 'Ds_mean': 688.2, 'Ca': [399.9, 1135.2]}
    US-PFc: {'hours': 743040, 'calendar': '360_day', 'humidity': 'hurs', 'cal_note': '360-day stretched onto the real year', 'years': '2015-2100', 'Ta_C': [-43.2, 46.7], 'Ta_mean': 12.02, 'Pre_mbar': 958.0, 'Pr_mm_yr': 791.6, 'Pr_max_h': 10.58, 'Rsw_max': 954.6, 'Ds_mean': 688.2, 'Ca': [399.9, 1135.2]}
    US-PFg: {'hours': 743040, 'calendar': '360_day', 'humidity': 'hurs', 'cal_note': '360-day stretched onto the real year', 'years': '2015-2100', 'Ta_C': [-43.2, 46.7], 'Ta_mean': 12.02, 'Pre_mbar': 957.8, 'Pr_mm_yr': 791.6, 'Pr_max_h': 10.58, 'Rsw_max': 954.6, 'Ds_mean': 688.2, 'Ca': [399.9, 1135.2]}
    US-PFh: {'hours': 743040, 'calendar': '360_day', 'humidity': 'hurs', 'cal_note': '360-day stretched onto the real year', 'years': '2015-2100', 'Ta_C': [-43.5, 46.7], 'Ta_mean': 11.74, 'Pre_mbar': 959.1, 'Pr_mm_yr': 797.5, 'Pr_max_h': 10.27, 'Rsw_max': 953.4, 'Ds_mean': 681.6, 'Ca': [399.9, 1135.2]}
    US-PFi: {'hours': 743040, 'calendar': '360_day', 'humidity': 'hurs', 'cal_note': '360-day stretched onto the real year', 'years': '2015-2100', 'Ta_C': [-43.5, 46.7], 'Ta_mean': 11.74, 'Pre_mbar': 956.3, 'Pr_mm_yr': 797.5, 'Pr_max_h': 10.27, 'Rsw_max': 953.3, 'Ds_mean': 681.6, 'Ca': [399.9, 1135.2]}
    US-PFj: {'hours': 743040, 'calendar': '360_day', 'humidity': 'hurs', 'cal_note': '360-day stretched onto the real year', 'years': '2015-2100', 'Ta_C': [-43.5, 46.7], 'Ta_mean': 11.74, 'Pre_mbar': 956.7, 'Pr_mm_yr': 797.5, 'Pr_max_h': 10.27, 'Rsw_max': 953.4, 'Ds_mean': 681.6, 'Ca': [399.9, 1135.2]}
    US-PFk: {'hours': 743040, 'calendar': '360_day', 'humidity': 'hurs', 'cal_note': '360-day stretched onto the real year', 'years': '2015-2100', 'Ta_C': [-43.2, 46.7], 'Ta_mean': 12.02, 'Pre_mbar': 957.7, 'Pr_mm_yr': 791.6, 'Pr_max_h': 10.58, 'Rsw_max': 954.9, 'Ds_mean': 688.2, 'Ca': [399.9, 1135.2]}
    US-PFm: {'hours': 743040, 'calendar': '360_day', 'humidity': 'hurs', 'cal_note': '360-day stretched onto the real year', 'years': '2015-2100', 'Ta_C': [-43.2, 46.7], 'Ta_mean': 12.02, 'Pre_mbar': 956.7, 'Pr_mm_yr': 791.6, 'Pr_max_h': 10.58, 'Rsw_max': 954.9, 'Ds_mean': 688.2, 'Ca': [399.9, 1135.2]}
    US-PFn: {'hours': 743040, 'calendar': '360_day', 'humidity': 'hurs', 'cal_note': '360-day stretched onto the real year', 'years': '2015-2100', 'Ta_C': [-43.2, 46.7], 'Ta_mean': 12.02, 'Pre_mbar': 957.4, 'Pr_mm_yr': 791.6, 'Pr_max_h': 10.58, 'Rsw_max': 954.8, 'Ds_mean': 688.2, 'Ca': [399.9, 1135.2]}
    US-PFp: {'hours': 743040, 'calendar': '360_day', 'humidity': 'hurs', 'cal_note': '360-day stretched onto the real year', 'years': '2015-2100', 'Ta_C': [-43.2, 46.7], 'Ta_mean': 12.02, 'Pre_mbar': 955.3, 'Pr_mm_yr': 791.6, 'Pr_max_h': 10.58, 'Rsw_max': 954.8, 'Ds_mean': 688.2, 'Ca': [399.9, 1135.2]}
    US-PFq: {'hours': 743040, 'calendar': '360_day', 'humidity': 'hurs', 'cal_note': '360-day stretched onto the real year', 'years': '2015-2100', 'Ta_C': [-43.5, 46.7], 'Ta_mean': 11.74, 'Pre_mbar': 958.0, 'Pr_mm_yr': 797.5, 'Pr_max_h': 10.27, 'Rsw_max': 953.6, 'Ds_mean': 681.6, 'Ca': [399.9, 1135.2]}
    US-PFs: {'hours': 743040, 'calendar': '360_day', 'humidity': 'hurs', 'cal_note': '360-day stretched onto the real year', 'years': '2015-2100', 'Ta_C': [-43.5, 46.7], 'Ta_mean': 11.74, 'Pre_mbar': 956.2, 'Pr_mm_yr': 797.5, 'Pr_max_h': 10.27, 'Rsw_max': 953.5, 'Ds_mean': 681.6, 'Ca': [399.9, 1135.2]}
    US-PFt: {'hours': 743040, 'calendar': '360_day', 'humidity': 'hurs', 'cal_note': '360-day stretched onto the real year', 'years': '2015-2100', 'Ta_C': [-43.5, 46.7], 'Ta_mean': 11.74, 'Pre_mbar': 958.8, 'Pr_mm_yr': 797.5, 'Pr_max_h': 10.27, 'Rsw_max': 953.6, 'Ds_mean': 681.6, 'Ca': [399.9, 1135.2]}
    US-SB1: {'hours': 743040, 'calendar': '360_day', 'humidity': 'hurs', 'cal_note': '360-day stretched onto the real year', 'years': '2015-2100', 'Ta_C': [-26.1, 54.0], 'Ta_mean': 19.96, 'Pre_mbar': 984.6, 'Pr_mm_yr': 1155.9, 'Pr_max_h': 13.82, 'Rsw_max': 959.8, 'Ds_mean': 885.0, 'Ca': [399.9, 1135.2]}
    US-SHC: {'hours': 743040, 'calendar': '360_day', 'humidity': 'hurs', 'cal_note': '360-day stretched onto the real year', 'years': '2015-2100', 'Ta_C': [-31.7, 47.9], 'Ta_mean': 13.94, 'Pre_mbar': 805.6, 'Pr_mm_yr': 888.7, 'Pr_max_h': 17.97, 'Rsw_max': 1077.7, 'Ds_mean': 1050.1, 'Ca': [399.9, 1135.2]}
    US-SP1: {'hours': 743040, 'calendar': '360_day', 'humidity': 'hurs', 'cal_note': '360-day stretched onto the real year', 'years': '2015-2100', 'Ta_C': [-12.4, 48.2], 'Ta_mean': 25.78, 'Pre_mbar': 1007.3, 'Pr_mm_yr': 1443.6, 'Pr_max_h': 13.58, 'Rsw_max': 982.1, 'Ds_mean': 890.1, 'Ca': [399.9, 1135.2]}
    US-SP2: {'hours': 743040, 'calendar': '360_day', 'humidity': 'hurs', 'cal_note': '360-day stretched onto the real year', 'years': '2015-2100', 'Ta_C': [-12.5, 48.6], 'Ta_mean': 25.53, 'Pre_mbar': 1007.3, 'Pr_mm_yr': 1455.0, 'Pr_max_h': 12.88, 'Rsw_max': 981.9, 'Ds_mean': 884.5, 'Ca': [399.9, 1135.2]}
    US-SP3: {'hours': 743040, 'calendar': '360_day', 'humidity': 'hurs', 'cal_note': '360-day stretched onto the real year', 'years': '2015-2100', 'Ta_C': [-12.5, 48.6], 'Ta_mean': 25.53, 'Pre_mbar': 1007.3, 'Pr_mm_yr': 1455.0, 'Pr_max_h': 12.88, 'Rsw_max': 982.1, 'Ds_mean': 884.5, 'Ca': [399.9, 1135.2]}
    US-SP4: {'hours': 743040, 'calendar': '360_day', 'humidity': 'hurs', 'cal_note': '360-day stretched onto the real year', 'years': '2015-2100', 'Ta_C': [-12.5, 48.6], 'Ta_mean': 25.53, 'Pre_mbar': 1007.6, 'Pr_mm_yr': 1455.0, 'Pr_max_h': 12.88, 'Rsw_max': 981.8, 'Ds_mean': 884.5, 'Ca': [399.9, 1135.2]}
    US-SSH: {'hours': 743040, 'calendar': '360_day', 'humidity': 'hurs', 'cal_note': '360-day stretched onto the real year', 'years': '2015-2100', 'Ta_C': [-27.6, 52.6], 'Ta_mean': 16.69, 'Pre_mbar': 976.7, 'Pr_mm_yr': 1090.7, 'Pr_max_h': 12.72, 'Rsw_max': 953.7, 'Ds_mean': 789.6, 'Ca': [399.9, 1135.2]}
    US-Slt: {'hours': 743040, 'calendar': '360_day', 'humidity': 'hurs', 'cal_note': '360-day stretched onto the real year', 'years': '2015-2100', 'Ta_C': [-17.6, 48.4], 'Ta_mean': 18.61, 'Pre_mbar': 1009.7, 'Pr_mm_yr': 1256.9, 'Pr_max_h': 14.15, 'Rsw_max': 1009.2, 'Ds_mean': 686.2, 'Ca': [399.9, 1135.2]}
    US-TEF: FAILED -- Tetens inverse disagrees by 1.00e-03 Pa
    US-UMB: {'hours': 743040, 'calendar': '360_day', 'humidity': 'hurs', 'cal_note': '360-day stretched onto the real year', 'years': '2015-2100', 'Ta_C': [-35.9, 45.3], 'Ta_mean': 12.87, 'Pre_mbar': 985.5, 'Pr_mm_yr': 818.0, 'Pr_max_h': 10.75, 'Rsw_max': 941.8, 'Ds_mean': 648.9, 'Ca': [399.9, 1135.2]}
    US-UMd: {'hours': 743040, 'calendar': '360_day', 'humidity': 'hurs', 'cal_note': '360-day stretched onto the real year', 'years': '2015-2100', 'Ta_C': [-35.9, 45.3], 'Ta_mean': 12.87, 'Pre_mbar': 984.9, 'Pr_mm_yr': 818.0, 'Pr_max_h': 10.75, 'Rsw_max': 941.7, 'Ds_mean': 648.9, 'Ca': [399.9, 1135.2]}
    US-Vcm: {'hours': 743040, 'calendar': '360_day', 'humidity': 'hurs', 'cal_note': '360-day stretched onto the real year', 'years': '2015-2100', 'Ta_C': [-40.1, 42.6], 'Ta_mean': 10.64, 'Pre_mbar': 709.7, 'Pr_mm_yr': 632.5, 'Pr_max_h': 11.28, 'Rsw_max': 1090.3, 'Ds_mean': 849.1, 'Ca': [399.9, 1135.2]}
    US-Vcp: {'hours': 743040, 'calendar': '360_day', 'humidity': 'hurs', 'cal_note': '360-day stretched onto the real year', 'years': '2015-2100', 'Ta_C': [-40.1, 42.6], 'Ta_mean': 10.64, 'Pre_mbar': 749.6, 'Pr_mm_yr': 632.5, 'Pr_max_h': 11.28, 'Rsw_max': 1090.5, 'Ds_mean': 849.1, 'Ca': [399.9, 1135.2]}
    US-Vcs: {'hours': 743040, 'calendar': '360_day', 'humidity': 'hurs', 'cal_note': '360-day stretched onto the real year', 'years': '2015-2100', 'Ta_C': [-40.1, 42.6], 'Ta_mean': 10.64, 'Pre_mbar': 731.2, 'Pr_mm_yr': 632.5, 'Pr_max_h': 11.28, 'Rsw_max': 1090.1, 'Ds_mean': 849.1, 'Ca': [399.9, 1135.2]}
    US-WBW: {'hours': 743040, 'calendar': '360_day', 'humidity': 'hurs', 'cal_note': '360-day stretched onto the real year', 'years': '2015-2100', 'Ta_C': [-33.9, 53.9], 'Ta_mean': 20.39, 'Pre_mbar': 979.8, 'Pr_mm_yr': 1452.4, 'Pr_max_h': 16.21, 'Rsw_max': 987.2, 'Ds_mean': 817.8, 'Ca': [399.9, 1135.2]}
    US-WCr: {'hours': 743040, 'calendar': '360_day', 'humidity': 'hurs', 'cal_note': '360-day stretched onto the real year', 'years': '2015-2100', 'Ta_C': [-43.5, 46.7], 'Ta_mean': 11.74, 'Pre_mbar': 952.7, 'Pr_mm_yr': 797.5, 'Pr_max_h': 10.27, 'Rsw_max': 954.3, 'Ds_mean': 681.6, 'Ca': [399.9, 1135.2]}
    US-Wi1: {'hours': 743040, 'calendar': '360_day', 'humidity': 'hurs', 'cal_note': '360-day stretched onto the real year', 'years': '2015-2100', 'Ta_C': [-44.2, 45.9], 'Ta_mean': 11.79, 'Pre_mbar': 971.8, 'Pr_mm_yr': 753.4, 'Pr_max_h': 11.37, 'Rsw_max': 952.6, 'Ds_mean': 638.0, 'Ca': [399.9, 1135.2]}
    US-Wi2: {'hours': 743040, 'calendar': '360_day', 'humidity': 'hurs', 'cal_note': '360-day stretched onto the real year', 'years': '2015-2100', 'Ta_C': [-44.2, 45.9], 'Ta_mean': 11.79, 'Pre_mbar': 966.9, 'Pr_mm_yr': 753.4, 'Pr_max_h': 11.37, 'Rsw_max': 952.9, 'Ds_mean': 638.0, 'Ca': [399.9, 1135.2]}
    US-Wi3: {'hours': 743040, 'calendar': '360_day', 'humidity': 'hurs', 'cal_note': '360-day stretched onto the real year', 'years': '2015-2100', 'Ta_C': [-44.2, 45.9], 'Ta_mean': 11.79, 'Pre_mbar': 965.1, 'Pr_mm_yr': 753.4, 'Pr_max_h': 11.37, 'Rsw_max': 953.2, 'Ds_mean': 638.0, 'Ca': [399.9, 1135.2]}
    US-Wi4: {'hours': 743040, 'calendar': '360_day', 'humidity': 'hurs', 'cal_note': '360-day stretched onto the real year', 'years': '2015-2100', 'Ta_C': [-44.2, 45.9], 'Ta_mean': 11.79, 'Pre_mbar': 971.8, 'Pr_mm_yr': 753.4, 'Pr_max_h': 11.37, 'Rsw_max': 952.6, 'Ds_mean': 638.0, 'Ca': [399.9, 1135.2]}
    US-Wrc: {'hours': 743040, 'calendar': '360_day', 'humidity': 'hurs', 'cal_note': '360-day stretched onto the real year', 'years': '2015-2100', 'Ta_C': [-26.6, 47.3], 'Ta_mean': 14.09, 'Pre_mbar': 969.6, 'Pr_mm_yr': 1934.7, 'Pr_max_h': 22.09, 'Rsw_max': 1004.9, 'Ds_mean': 747.1, 'Ca': [399.9, 1135.2]}
    US-xAB: {'hours': 743040, 'calendar': '360_day', 'humidity': 'hurs', 'cal_note': '360-day stretched onto the real year', 'years': '2015-2100', 'Ta_C': [-21.7, 48.4], 'Ta_mean': 16.15, 'Pre_mbar': 970.6, 'Pr_mm_yr': 1829.9, 'Pr_max_h': 19.32, 'Rsw_max': 1003.9, 'Ds_mean': 772.2, 'Ca': [399.9, 1135.2]}
    US-xBL: {'hours': 743040, 'calendar': '360_day', 'humidity': 'hurs', 'cal_note': '360-day stretched onto the real year', 'years': '2015-2100', 'Ta_C': [-22.9, 55.8], 'Ta_mean': 19.44, 'Pre_mbar': 991.5, 'Pr_mm_yr': 1110.4, 'Pr_max_h': 12.05, 'Rsw_max': 962.4, 'Ds_mean': 901.0, 'Ca': [399.9, 1135.2]}
    US-xBR: {'hours': 743040, 'calendar': '360_day', 'humidity': 'hurs', 'cal_note': '360-day stretched onto the real year', 'years': '2015-2100', 'Ta_C': [-34.0, 42.3], 'Ta_mean': 10.18, 'Pre_mbar': 985.8, 'Pr_mm_yr': 1492.2, 'Pr_max_h': 16.46, 'Rsw_max': 989.3, 'Ds_mean': 440.4, 'Ca': [399.9, 1135.2]}
    US-xGR: {'hours': 743040, 'calendar': '360_day', 'humidity': 'hurs', 'cal_note': '360-day stretched onto the real year', 'years': '2015-2100', 'Ta_C': [-34.1, 50.2], 'Ta_mean': 17.48, 'Pre_mbar': 946.0, 'Pr_mm_yr': 1519.1, 'Pr_max_h': 19.0, 'Rsw_max': 989.6, 'Ds_mean': 678.1, 'Ca': [399.9, 1135.2]}
    US-xHA: {'hours': 743040, 'calendar': '360_day', 'humidity': 'hurs', 'cal_note': '360-day stretched onto the real year', 'years': '2015-2100', 'Ta_C': [-26.3, 48.7], 'Ta_mean': 15.66, 'Pre_mbar': 971.9, 'Pr_mm_yr': 1273.4, 'Pr_max_h': 19.08, 'Rsw_max': 985.4, 'Ds_mean': 657.1, 'Ca': [399.9, 1135.2]}
    US-xJE: {'hours': 743040, 'calendar': '360_day', 'humidity': 'hurs', 'cal_note': '360-day stretched onto the real year', 'years': '2015-2100', 'Ta_C': [-16.0, 54.6], 'Ta_mean': 24.28, 'Pre_mbar': 1008.0, 'Pr_mm_yr': 1547.8, 'Pr_max_h': 15.98, 'Rsw_max': 984.2, 'Ds_mean': 894.4, 'Ca': [399.9, 1135.2]}
    US-xLE: {'hours': 743040, 'calendar': '360_day', 'humidity': 'hurs', 'cal_note': '360-day stretched onto the real year', 'years': '2015-2100', 'Ta_C': [-13.6, 57.6], 'Ta_mean': 23.97, 'Pre_mbar': 1010.9, 'Pr_mm_yr': 1600.1, 'Pr_max_h': 20.41, 'Rsw_max': 1014.6, 'Ds_mean': 936.7, 'Ca': [399.9, 1135.2]}
    US-xML: {'hours': 743040, 'calendar': '360_day', 'humidity': 'hurs', 'cal_note': '360-day stretched onto the real year', 'years': '2015-2100', 'Ta_C': [-28.8, 52.4], 'Ta_mean': 17.09, 'Pre_mbar': 886.6, 'Pr_mm_yr': 1152.3, 'Pr_max_h': 10.7, 'Rsw_max': 976.4, 'Ds_mean': 747.5, 'Ca': [399.9, 1135.2]}
    US-xNW: {'hours': 743040, 'calendar': '360_day', 'humidity': 'hurs', 'cal_note': '360-day stretched onto the real year', 'years': '2015-2100', 'Ta_C': [-51.2, 38.6], 'Ta_mean': 6.35, 'Pre_mbar': 668.1, 'Pr_mm_yr': 491.7, 'Pr_max_h': 5.89, 'Rsw_max': 1045.8, 'Ds_mean': 593.4, 'Ca': [399.9, 1135.2]}
    US-xRM: {'hours': 743040, 'calendar': '360_day', 'humidity': 'hurs', 'cal_note': '360-day stretched onto the real year', 'years': '2015-2100', 'Ta_C': [-50.8, 39.7], 'Ta_mean': 6.95, 'Pre_mbar': 731.9, 'Pr_mm_yr': 472.7, 'Pr_max_h': 6.13, 'Rsw_max': 1044.1, 'Ds_mean': 624.3, 'Ca': [399.9, 1135.2]}
    US-xRN: {'hours': 743040, 'calendar': '360_day', 'humidity': 'hurs', 'cal_note': '360-day stretched onto the real year', 'years': '2015-2100', 'Ta_C': [-33.9, 53.9], 'Ta_mean': 20.39, 'Pre_mbar': 973.9, 'Pr_mm_yr': 1452.4, 'Pr_max_h': 16.21, 'Rsw_max': 987.2, 'Ds_mean': 817.8, 'Ca': [399.9, 1135.2]}
    US-xSB: {'hours': 743040, 'calendar': '360_day', 'humidity': 'hurs', 'cal_note': '360-day stretched onto the real year', 'years': '2015-2100', 'Ta_C': [-12.3, 48.7], 'Ta_mean': 25.87, 'Pre_mbar': 1007.9, 'Pr_mm_yr': 1434.6, 'Pr_max_h': 13.86, 'Rsw_max': 978.2, 'Ds_mean': 897.6, 'Ca': [399.9, 1135.2]}
    US-xSC: {'hours': 743040, 'calendar': '360_day', 'humidity': 'hurs', 'cal_note': '360-day stretched onto the real year', 'years': '2015-2100', 'Ta_C': [-23.7, 55.2], 'Ta_mean': 19.25, 'Pre_mbar': 970.8, 'Pr_mm_yr': 1125.7, 'Pr_max_h': 12.03, 'Rsw_max': 961.4, 'Ds_mean': 886.1, 'Ca': [399.9, 1135.2]}
    US-xSE: {'hours': 743040, 'calendar': '360_day', 'humidity': 'hurs', 'cal_note': '360-day stretched onto the real year', 'years': '2015-2100', 'Ta_C': [-17.5, 55.7], 'Ta_mean': 20.35, 'Pre_mbar': 1011.4, 'Pr_mm_yr': 1236.0, 'Pr_max_h': 12.86, 'Rsw_max': 962.3, 'Ds_mean': 837.4, 'Ca': [399.9, 1135.2]}
    US-xSP: FAILED -- Tetens inverse disagrees by 1.00e-03 Pa
    US-xST: {'hours': 743040, 'calendar': '360_day', 'humidity': 'hurs', 'cal_note': '360-day stretched onto the real year', 'years': '2015-2100', 'Ta_C': [-45.1, 47.6], 'Ta_mean': 11.76, 'Pre_mbar': 957.1, 'Pr_mm_yr': 799.7, 'Pr_max_h': 11.75, 'Rsw_max': 954.6, 'Ds_mean': 704.5, 'Ca': [399.9, 1135.2]}
    US-xTA: {'hours': 743040, 'calendar': '360_day', 'humidity': 'hurs', 'cal_note': '360-day stretched onto the real year', 'years': '2015-2100', 'Ta_C': [-15.9, 54.1], 'Ta_mean': 23.1, 'Pre_mbar': 997.2, 'Pr_mm_yr': 1492.6, 'Pr_max_h': 16.47, 'Rsw_max': 1019.8, 'Ds_mean': 860.3, 'Ca': [399.9, 1135.2]}
    US-xTE: FAILED -- Tetens inverse disagrees by 1.00e-03 Pa
    US-xTR: {'hours': 743040, 'calendar': '360_day', 'humidity': 'hurs', 'cal_note': '360-day stretched onto the real year', 'years': '2015-2100', 'Ta_C': [-44.5, 47.3], 'Ta_mean': 12.0, 'Pre_mbar': 958.1, 'Pr_mm_yr': 804.5, 'Pr_max_h': 10.4, 'Rsw_max': 954.4, 'Ds_mean': 711.8, 'Ca': [399.9, 1135.2]}
    US-xUK: {'hours': 743040, 'calendar': '360_day', 'humidity': 'hurs', 'cal_note': '360-day stretched onto the real year', 'years': '2015-2100', 'Ta_C': [-34.2, 50.9], 'Ta_mean': 19.41, 'Pre_mbar': 973.8, 'Pr_mm_yr': 995.8, 'Pr_max_h': 12.59, 'Rsw_max': 1011.2, 'Ds_mean': 1045.7, 'Ca': [399.9, 1135.2]}
    US-xWR: {'hours': 743040, 'calendar': '360_day', 'humidity': 'hurs', 'cal_note': '360-day stretched onto the real year', 'years': '2015-2100', 'Ta_C': [-26.6, 47.3], 'Ta_mean': 14.09, 'Pre_mbar': 965.5, 'Pr_mm_yr': 1934.7, 'Pr_max_h': 22.09, 'Rsw_max': 1004.9, 'Ds_mean': 747.1, 'Ca': [399.9, 1135.2]}
    US-xYE: FAILED -- Tetens inverse disagrees by 1.00e-03 Pa
    -> 90/101 built

next: finish_meteo.m adds SAB/SAD/PAR/N (see slurm/submit_gcm_meteo.sh)

dry run -- stage 2 skipped
