job        : 37233  task 1
node       : soeepyc06
started    : 2026-08-14T18:27:12Z
stations   : /vol_efthymios/NFS07/dd1136/T_and_C/input_data/gcm_stations
co2        : /vol_efthymios/NFS07/dd1136/T_and_C/input_data/co2
output     : /vol_efthymios/NFS07/dd1136/T_and_C/input_data/gcm_meteo
precip     : block

args       : --index 1
stations : 101   elevation known for 118 (badm_values=110, site_registry=8)
input    : /vol_efthymios/NFS07/dd1136/T_and_C/input_data/gcm_stations
output   : /vol_efthymios/NFS07/dd1136/T_and_C/input_data/gcm_meteo
precip   : block   seed 20260813

  GFDL-ESM4 historical (ECS 2.6 K): 12775 days, 101 stations
    US-Bar: {'hours': 306600, 'calendar': '365_day', 'humidity': 'hurs', 'cal_note': None, 'years': '1980-2014', 'Ta_C': [-43.4, 33.4], 'Ta_mean': 3.25, 'Pre_mbar': 981.1, 'Pr_mm_yr': 1356.8, 'Pr_max_h': 21.25, 'Rsw_max': 986.5, 'Ds_mean': 237.3, 'Ca': [338.7, 397.5]}
    US-Blk: {'hours': 306600, 'calendar': '365_day', 'humidity': 'hurs', 'cal_note': None, 'years': '1980-2014', 'Ta_C': [-51.1, 40.0], 'Ta_mean': 6.2, 'Pre_mbar': 826.5, 'Pr_mm_yr': 407.5, 'Pr_max_h': 7.7, 'Rsw_max': 991.8, 'Ds_mean': 578.3, 'Ca': [338.7, 397.5]}
    -> 101/101 built

next: finish_meteo.m adds SAB/SAD/PAR/N (see slurm/submit_gcm_meteo.sh)
  partition: historical -> 1980_2014  (283 file(s))
t_bef/t_aft = 0/1 -- imposed (constructed hourly series)
303 raw file(s) in /vol_efthymios/NFS07/dd1136/T_and_C/input_data/gcm_meteo/historical/

  US_Bar_GFDL_ESM4_historical  306600 h  N 0.00-1.00  PARBmax  328.5  Rswmax  986.5  band resid max 107.5 W/m2 (2.68% of hours > 1; reference US_xRM: 77.2, 3.27%)
  US_Bar_IPSL_CM6A_LR_historical  306816 h  N 0.00-1.00  PARBmax  326.8  Rswmax  983.9  band resid max 110.6 W/m2 (2.68% of hours > 1; reference US_xRM: 77.2, 3.27%)
  US_Bar_MPI_ESM1_2_HR_historical  306816 h  N 0.00-1.00  PARBmax  331.9  Rswmax  987.2  band resid max 105.6 W/m2 (2.68% of hours > 1; reference US_xRM: 77.2, 3.27%)
  US_Blk_GFDL_ESM4_historical  306600 h  N 0.00-1.00  PARBmax  338.2  Rswmax  991.8  band resid max 114.4 W/m2 (2.28% of hours > 1; reference US_xRM: 77.2, 3.27%)
  US_Blk_IPSL_CM6A_LR_historical  306816 h  N 0.00-1.00  PARBmax  336.1  Rswmax  987.2  band resid max 111.3 W/m2 (2.28% of hours > 1; reference US_xRM: 77.2, 3.27%)
  US_Blk_MPI_ESM1_2_HR_historical  306816 h  N 0.00-1.00  PARBmax  337.8  Rswmax  987.8  band resid max 112.4 W/m2 (2.28% of hours > 1; reference US_xRM: 77.2, 3.27%)
  US_CPF_GFDL_ESM4_historical  306600 h  N 0.00-1.00  PARBmax  363.8  Rswmax 1051.1  band resid max 128.1 W/m2 (1.96% of hours > 1; reference US_xRM: 77.2, 3.27%)
  US_CPF_IPSL_CM6A_LR_historical  306816 h  N 0.00-1.00  PARBmax  362.0  Rswmax 1057.3  band resid max 123.2 W/m2 (1.96% of hours > 1; reference US_xRM: 77.2, 3.27%)
  US_CPF_MPI_ESM1_2_HR_historical  306816 h  N 0.00-1.00  PARBmax  359.8  Rswmax 1047.9  band resid max 124.8 W/m2 (1.96% of hours > 1; reference US_xRM: 77.2, 3.27%)
  US_CPk_GFDL_ESM4_historical  306600 h  N 0.00-1.00  PARBmax  360.2  Rswmax 1046.8  band resid max 121.6 W/m2 (1.83% of hours > 1; reference US_xRM: 77.2, 3.27%)
  US_CPk_IPSL_CM6A_LR_historical  306816 h  N 0.00-1.00  PARBmax  360.4  Rswmax 1049.7  band resid max 122.7 W/m2 (1.83% of hours > 1; reference US_xRM: 77.2, 3.27%)
  US_CPk_MPI_ESM1_2_HR_historical  306816 h  N 0.00-1.00  PARBmax  357.0  Rswmax 1041.4  band resid max 117.0 W/m2 (1.83% of hours > 1; reference US_xRM: 77.2, 3.27%)
  US_CRK_GFDL_ESM4_historical  306600 h  N 0.00-1.00  PARBmax  368.8  Rswmax 1054.5  band resid max 126.2 W/m2 (2.55% of hours > 1; reference US_xRM: 77.2, 3.27%)
  US_CRK_IPSL_CM6A_LR_historical  306816 h  N 0.00-1.00  PARBmax  365.1  Rswmax 1038.3  band resid max 120.3 W/m2 (2.55% of hours > 1; reference US_xRM: 77.2, 3.27%)
  US_CRK_MPI_ESM1_2_HR_historical  306816 h  N 0.00-1.00  PARBmax  368.4  Rswmax 1048.9  band resid max 122.9 W/m2 (2.55% of hours > 1; reference US_xRM: 77.2, 3.27%)
  US_CS2_GFDL_ESM4_historical  306600 h  N 0.00-1.00  PARBmax  331.9  Rswmax  972.9  band resid max 107.5 W/m2 (2.15% of hours > 1; reference US_xRM: 77.2, 3.27%)
  US_CS2_IPSL_CM6A_LR_historical  306816 h  N 0.00-1.00  PARBmax  327.7  Rswmax  976.5  band resid max 107.6 W/m2 (2.15% of hours > 1; reference US_xRM: 77.2, 3.27%)
  US_CS2_MPI_ESM1_2_HR_historical  306816 h  N 0.00-1.00  PARBmax  329.2  Rswmax  977.0  band resid max 107.7 W/m2 (2.15% of hours > 1; reference US_xRM: 77.2, 3.27%)
  US_CZ2_GFDL_ESM4_historical  306600 h  N 0.00-1.00  PARBmax  371.3  Rswmax 1083.6  band resid max 120.9 W/m2 (1.97% of hours > 1; reference US_xRM: 77.2, 3.27%)
  US_CZ2_IPSL_CM6A_LR_historical  306816 h  N 0.00-1.00  PARBmax  372.8  Rswmax 1085.8  band resid max 122.6 W/m2 (1.97% of hours > 1; reference US_xRM: 77.2, 3.27%)
  US_CZ2_MPI_ESM1_2_HR_historical  306816 h  N 0.00-1.00  PARBmax  374.1  Rswmax 1081.3  band resid max 122.2 W/m2 (1.97% of hours > 1; reference US_xRM: 77.2, 3.27%)
  US_CZ3_GFDL_ESM4_historical  306600 h  N 0.00-1.00  PARBmax  368.2  Rswmax 1083.7  band resid max 119.9 W/m2 (1.95% of hours > 1; reference US_xRM: 77.2, 3.27%)
  US_CZ3_IPSL_CM6A_LR_historical  306816 h  N 0.00-1.00  PARBmax  371.3  Rswmax 1086.3  band resid max 122.0 W/m2 (1.95% of hours > 1; reference US_xRM: 77.2, 3.27%)
  US_CZ3_MPI_ESM1_2_HR_historical  306816 h  N 0.00-1.00  PARBmax  369.8  Rswmax 1081.7  band resid max 122.0 W/m2 (1.95% of hours > 1; reference US_xRM: 77.2, 3.27%)
  US_CZ4_GFDL_ESM4_historical  306600 h  N 0.00-1.00  PARBmax  367.9  Rswmax 1084.1  band resid max 123.6 W/m2 (1.93% of hours > 1; reference US_xRM: 77.2, 3.27%)
  US_CZ4_IPSL_CM6A_LR_historical  306816 h  N 0.00-1.00  PARBmax  371.6  Rswmax 1087.0  band resid max 122.2 W/m2 (1.93% of hours > 1; reference US_xRM: 77.2, 3.27%)
  US_CZ4_MPI_ESM1_2_HR_historical  306816 h  N 0.00-1.00  PARBmax  368.6  Rswmax 1083.2  band resid max 125.2 W/m2 (1.93% of hours > 1; reference US_xRM: 77.2, 3.27%)
  US_ChR_GFDL_ESM4_historical  306600 h  N 0.00-1.00  PARBmax  342.7  Rswmax  996.5  band resid max 118.7 W/m2 (1.77% of hours > 1; reference US_xRM: 77.2, 3.27%)
  US_ChR_IPSL_CM6A_LR_historical  306816 h  N 0.00-1.00  PARBmax  339.3  Rswmax  979.7  band resid max 117.1 W/m2 (1.76% of hours > 1; reference US_xRM: 77.2, 3.27%)
  US_ChR_MPI_ESM1_2_HR_historical  306816 h  N 0.00-1.00  PARBmax  347.0  Rswmax  997.4  band resid max 118.4 W/m2 (1.77% of hours > 1; reference US_xRM: 77.2, 3.27%)
  US_Cst_GFDL_ESM4_historical  306600 h  N 0.00-1.00  PARBmax  359.5  Rswmax 1046.0  band resid max 119.8 W/m2 (2.69% of hours > 1; reference US_xRM: 77.2, 3.27%)
  US_Cst_IPSL_CM6A_LR_historical  306816 h  N 0.00-1.00  PARBmax  356.1  Rswmax 1038.0  band resid max 117.2 W/m2 (2.69% of hours > 1; reference US_xRM: 77.2, 3.27%)
  US_Cst_MPI_ESM1_2_HR_historical  306816 h  N 0.00-1.00  PARBmax  374.9  Rswmax 1054.9  band resid max 118.7 W/m2 (2.69% of hours > 1; reference US_xRM: 77.2, 3.27%)
  US_Cwt_GFDL_ESM4_historical  306600 h  N 0.00-1.00  PARBmax  343.7  Rswmax  991.6  band resid max 119.4 W/m2 (1.89% of hours > 1; reference US_xRM: 77.2, 3.27%)
  US_Cwt_IPSL_CM6A_LR_historical  306816 h  N 0.00-1.00  PARBmax  340.6  Rswmax  983.7  band resid max 118.6 W/m2 (1.90% of hours > 1; reference US_xRM: 77.2, 3.27%)
  US_Cwt_MPI_ESM1_2_HR_historical  306816 h  N 0.00-1.00  PARBmax  346.8  Rswmax  994.9  band resid max 119.0 W/m2 (1.90% of hours > 1; reference US_xRM: 77.2, 3.27%)
  US_DPP_GFDL_ESM4_historical  306600 h  N 0.00-1.00  PARBmax  345.0  Rswmax  995.9  band resid max 115.3 W/m2 (1.90% of hours > 1; reference US_xRM: 77.2, 3.27%)
  US_DPP_IPSL_CM6A_LR_historical  306816 h  N 0.00-1.00  PARBmax  337.0  Rswmax  973.9  band resid max 115.3 W/m2 (1.91% of hours > 1; reference US_xRM: 77.2, 3.27%)
  US_DPP_MPI_ESM1_2_HR_historical  306816 h  N 0.00-1.00  PARBmax  338.3  Rswmax  974.9  band resid max 114.6 W/m2 (1.91% of hours > 1; reference US_xRM: 77.2, 3.27%)
  US_Dk2_GFDL_ESM4_historical  306600 h  N 0.00-1.00  PARBmax  327.6  Rswmax  965.8  band resid max 115.5 W/m2 (2.85% of hours > 1; reference US_xRM: 77.2, 3.27%)
  US_Dk2_IPSL_CM6A_LR_historical  306816 h  N 0.00-1.00  PARBmax  323.0  Rswmax  955.5  band resid max 115.2 W/m2 (2.85% of hours > 1; reference US_xRM: 77.2, 3.27%)
  US_Dk2_MPI_ESM1_2_HR_historical  306816 h  N 0.00-1.00  PARBmax  333.7  Rswmax  967.5  band resid max 112.6 W/m2 (2.85% of hours > 1; reference US_xRM: 77.2, 3.27%)
  US_Dk3_GFDL_ESM4_historical  306600 h  N 0.00-1.00  PARBmax  327.6  Rswmax  965.8  band resid max 118.7 W/m2 (2.87% of hours > 1; reference US_xRM: 77.2, 3.27%)
  US_Dk3_IPSL_CM6A_LR_historical  306816 h  N 0.00-1.00  PARBmax  323.0  Rswmax  955.5  band resid max 116.6 W/m2 (2.87% of hours > 1; reference US_xRM: 77.2, 3.27%)
  US_Dk3_MPI_ESM1_2_HR_historical  306816 h  N 0.00-1.00  PARBmax  333.7  Rswmax  967.5  band resid max 115.0 W/m2 (2.87% of hours > 1; reference US_xRM: 77.2, 3.27%)
  US_Fmf_GFDL_ESM4_historical  306600 h  N 0.00-1.00  PARBmax  372.2  Rswmax 1086.6  band resid max 128.9 W/m2 (2.23% of hours > 1; reference US_xRM: 77.2, 3.27%)
  US_Fmf_IPSL_CM6A_LR_historical  306816 h  N 0.00-1.00  PARBmax  371.7  Rswmax 1083.3  band resid max 126.6 W/m2 (2.23% of hours > 1; reference US_xRM: 77.2, 3.27%)
  US_Fmf_MPI_ESM1_2_HR_historical  306816 h  N 0.00-1.00  PARBmax  368.0  Rswmax 1082.2  band resid max 126.9 W/m2 (2.23% of hours > 1; reference US_xRM: 77.2, 3.27%)
  US_Fuf_GFDL_ESM4_historical  306600 h  N 0.00-1.00  PARBmax  372.0  Rswmax 1086.0  band resid max 129.5 W/m2 (2.21% of hours > 1; reference US_xRM: 77.2, 3.27%)
  US_Fuf_IPSL_CM6A_LR_historical  306816 h  N 0.00-1.00  PARBmax  371.7  Rswmax 1083.2  band resid max 127.2 W/m2 (2.22% of hours > 1; reference US_xRM: 77.2, 3.27%)
  US_Fuf_MPI_ESM1_2_HR_historical  306816 h  N 0.00-1.00  PARBmax  367.3  Rswmax 1081.7  band resid max 127.7 W/m2 (2.22% of hours > 1; reference US_xRM: 77.2, 3.27%)
  US_GBT_GFDL_ESM4_historical  306600 h  N 0.00-1.00  PARBmax  359.8  Rswmax 1042.7  band resid max 121.1 W/m2 (1.76% of hours > 1; reference US_xRM: 77.2, 3.27%)
  US_GBT_IPSL_CM6A_LR_historical  306816 h  N 0.00-1.00  PARBmax  361.0  Rswmax 1045.9  band resid max 122.0 W/m2 (1.76% of hours > 1; reference US_xRM: 77.2, 3.27%)
  US_GBT_MPI_ESM1_2_HR_historical  306816 h  N 0.00-1.00  PARBmax  357.0  Rswmax 1036.6  band resid max 116.3 W/m2 (1.76% of hours > 1; reference US_xRM: 77.2, 3.27%)
  US_GLE_GFDL_ESM4_historical  306600 h  N 0.00-1.00  PARBmax  359.9  Rswmax 1042.7  band resid max 121.1 W/m2 (1.76% of hours > 1; reference US_xRM: 77.2, 3.27%)
  US_GLE_IPSL_CM6A_LR_historical  306816 h  N 0.00-1.00  PARBmax  361.0  Rswmax 1045.9  band resid max 122.0 W/m2 (1.76% of hours > 1; reference US_xRM: 77.2, 3.27%)
  US_GLE_MPI_ESM1_2_HR_historical  306816 h  N 0.00-1.00  PARBmax  357.0  Rswmax 1036.6  band resid max 116.3 W/m2 (1.76% of hours > 1; reference US_xRM: 77.2, 3.27%)
  US_HB2_GFDL_ESM4_historical  306600 h  N 0.00-1.00  PARBmax  323.5  Rswmax  952.5  band resid max 110.2 W/m2 (2.75% of hours > 1; reference US_xRM: 77.2, 3.27%)
  US_HB2_IPSL_CM6A_LR_historical  306816 h  N 0.00-1.00  PARBmax  292.9  Rswmax  950.8  band resid max 106.1 W/m2 (2.75% of hours > 1; reference US_xRM: 77.2, 3.27%)
  US_HB2_MPI_ESM1_2_HR_historical  306816 h  N 0.00-1.00  PARBmax  333.7  Rswmax  964.9  band resid max 108.3 W/m2 (2.74% of hours > 1; reference US_xRM: 77.2, 3.27%)
  US_HB3_GFDL_ESM4_historical  306600 h  N 0.00-1.00  PARBmax  323.4  Rswmax  952.5  band resid max 110.0 W/m2 (2.74% of hours > 1; reference US_xRM: 77.2, 3.27%)
  US_HB3_IPSL_CM6A_LR_historical  306816 h  N 0.00-1.00  PARBmax  295.4  Rswmax  950.7  band resid max 106.0 W/m2 (2.74% of hours > 1; reference US_xRM: 77.2, 3.27%)
  US_HB3_MPI_ESM1_2_HR_historical  306816 h  N 0.00-1.00  PARBmax  333.7  Rswmax  964.9  band resid max 108.2 W/m2 (2.74% of hours > 1; reference US_xRM: 77.2, 3.27%)
  US_HBK_GFDL_ESM4_historical  306600 h  N 0.00-1.00  PARBmax  330.9  Rswmax  986.3  band resid max 102.2 W/m2 (2.61% of hours > 1; reference US_xRM: 77.2, 3.27%)
  US_HBK_IPSL_CM6A_LR_historical  306816 h  N 0.00-1.00  PARBmax  328.8  Rswmax  984.3  band resid max 105.0 W/m2 (2.62% of hours > 1; reference US_xRM: 77.2, 3.27%)
  US_HBK_MPI_ESM1_2_HR_historical  306816 h  N 0.00-1.00  PARBmax  334.1  Rswmax  986.7  band resid max 100.7 W/m2 (2.62% of hours > 1; reference US_xRM: 77.2, 3.27%)
  US_Ha1_GFDL_ESM4_historical  306600 h  N 0.00-1.00  PARBmax  335.1  Rswmax  987.9  band resid max 100.4 W/m2 (2.55% of hours > 1; reference US_xRM: 77.2, 3.27%)
  US_Ha1_IPSL_CM6A_LR_historical  306816 h  N 0.00-1.00  PARBmax  329.2  Rswmax  984.2  band resid max 103.0 W/m2 (2.55% of hours > 1; reference US_xRM: 77.2, 3.27%)
  US_Ha1_MPI_ESM1_2_HR_historical  306816 h  N 0.00-1.00  PARBmax  334.3  Rswmax  995.6  band resid max  99.7 W/m2 (2.55% of hours > 1; reference US_xRM: 77.2, 3.27%)
  US_Ha2_GFDL_ESM4_historical  306600 h  N 0.00-1.00  PARBmax  335.2  Rswmax  987.9  band resid max 100.5 W/m2 (2.55% of hours > 1; reference US_xRM: 77.2, 3.27%)
  US_Ha2_IPSL_CM6A_LR_historical  306816 h  N 0.00-1.00  PARBmax  329.3  Rswmax  984.2  band resid max 103.1 W/m2 (2.55% of hours > 1; reference US_xRM: 77.2, 3.27%)
  US_Ha2_MPI_ESM1_2_HR_historical  306816 h  N 0.00-1.00  PARBmax  334.4  Rswmax  995.6  band resid max  99.8 W/m2 (2.55% of hours > 1; reference US_xRM: 77.2, 3.27%)
  US_Ho1_GFDL_ESM4_historical  306600 h  N 0.00-1.00  PARBmax  331.6  Rswmax  982.4  band resid max 100.6 W/m2 (2.19% of hours > 1; reference US_xRM: 77.2, 3.27%)
  US_Ho1_IPSL_CM6A_LR_historical  306816 h  N 0.00-1.00  PARBmax  327.3  Rswmax  982.3  band resid max 101.8 W/m2 (2.19% of hours > 1; reference US_xRM: 77.2, 3.27%)
  US_Ho1_MPI_ESM1_2_HR_historical  306816 h  N 0.00-1.00  PARBmax  333.2  Rswmax  984.7  band resid max  99.3 W/m2 (2.19% of hours > 1; reference US_xRM: 77.2, 3.27%)
  US_Ho2_GFDL_ESM4_historical  306600 h  N 0.00-1.00  PARBmax  331.6  Rswmax  982.4  band resid max 100.7 W/m2 (2.19% of hours > 1; reference US_xRM: 77.2, 3.27%)
  US_Ho2_IPSL_CM6A_LR_historical  306816 h  N 0.00-1.00  PARBmax  327.2  Rswmax  982.3  band resid max 101.9 W/m2 (2.19% of hours > 1; reference US_xRM: 77.2, 3.27%)
  US_Ho2_MPI_ESM1_2_HR_historical  306816 h  N 0.00-1.00  PARBmax  333.2  Rswmax  984.7  band resid max  99.4 W/m2 (2.19% of hours > 1; reference US_xRM: 77.2, 3.27%)
  US_Ho3_GFDL_ESM4_historical  306600 h  N 0.00-1.00  PARBmax  331.6  Rswmax  982.4  band resid max 100.5 W/m2 (2.19% of hours > 1; reference US_xRM: 77.2, 3.27%)
  US_Ho3_IPSL_CM6A_LR_historical  306816 h  N 0.00-1.00  PARBmax  327.3  Rswmax  982.3  band resid max 101.6 W/m2 (2.18% of hours > 1; reference US_xRM: 77.2, 3.27%)
  US_Ho3_MPI_ESM1_2_HR_historical  306816 h  N 0.00-1.00  PARBmax  333.2  Rswmax  984.6  band resid max  99.1 W/m2 (2.19% of hours > 1; reference US_xRM: 77.2, 3.27%)
  US_LPH_GFDL_ESM4_historical  306600 h  N 0.00-1.00  PARBmax  335.2  Rswmax  987.8  band resid max 100.6 W/m2 (2.56% of hours > 1; reference US_xRM: 77.2, 3.27%)
  US_LPH_IPSL_CM6A_LR_historical  306816 h  N 0.00-1.00  PARBmax  329.4  Rswmax  984.2  band resid max 103.2 W/m2 (2.55% of hours > 1; reference US_xRM: 77.2, 3.27%)
  US_LPH_MPI_ESM1_2_HR_historical  306816 h  N 0.00-1.00  PARBmax  334.5  Rswmax  995.6  band resid max  99.9 W/m2 (2.56% of hours > 1; reference US_xRM: 77.2, 3.27%)
  US_MEF_GFDL_ESM4_historical  306600 h  N 0.00-1.00  PARBmax  371.6  Rswmax 1071.9  band resid max 129.1 W/m2 (2.07% of hours > 1; reference US_xRM: 77.2, 3.27%)
  US_MEF_IPSL_CM6A_LR_historical  306816 h  N 0.00-1.00  PARBmax  371.7  Rswmax 1081.0  band resid max 131.1 W/m2 (2.07% of hours > 1; reference US_xRM: 77.2, 3.27%)
  US_MEF_MPI_ESM1_2_HR_historical  306816 h  N 0.00-1.00  PARBmax  366.2  Rswmax 1064.2  band resid max 123.8 W/m2 (2.07% of hours > 1; reference US_xRM: 77.2, 3.27%)
  US_MMS_GFDL_ESM4_historical  306600 h  N 0.00-1.00  PARBmax  339.9  Rswmax 1007.9  band resid max 114.5 W/m2 (2.18% of hours > 1; reference US_xRM: 77.2, 3.27%)
  US_MMS_IPSL_CM6A_LR_historical  306816 h  N 0.00-1.00  PARBmax  338.7  Rswmax  988.4  band resid max 112.2 W/m2 (2.18% of hours > 1; reference US_xRM: 77.2, 3.27%)
  US_MMS_MPI_ESM1_2_HR_historical  306816 h  N 0.00-1.00  PARBmax  341.3  Rswmax  994.0  band resid max 113.7 W/m2 (2.18% of hours > 1; reference US_xRM: 77.2, 3.27%)
  US_MOz_GFDL_ESM4_historical  306600 h  N 0.00-1.00  PARBmax  352.5  Rswmax 1011.5  band resid max 118.2 W/m2 (2.19% of hours > 1; reference US_xRM: 77.2, 3.27%)
  US_MOz_IPSL_CM6A_LR_historical  306816 h  N 0.00-1.00  PARBmax  350.9  Rswmax 1013.4  band resid max 116.1 W/m2 (2.19% of hours > 1; reference US_xRM: 77.2, 3.27%)
  US_MOz_MPI_ESM1_2_HR_historical  306816 h  N 0.00-1.00  PARBmax  352.3  Rswmax 1021.1  band resid max 114.6 W/m2 (2.19% of hours > 1; reference US_xRM: 77.2, 3.27%)
  US_MRf_GFDL_ESM4_historical  306600 h  N 0.00-1.00  PARBmax  348.9  Rswmax 1028.3  band resid max  99.8 W/m2 (1.41% of hours > 1; reference US_xRM: 77.2, 3.27%)
  US_MRf_IPSL_CM6A_LR_historical  306816 h  N 0.00-1.00  PARBmax  352.0  Rswmax 1042.0  band resid max  97.8 W/m2 (1.41% of hours > 1; reference US_xRM: 77.2, 3.27%)
  US_MRf_MPI_ESM1_2_HR_historical  306816 h  N 0.00-1.00  PARBmax  345.6  Rswmax 1021.6  band resid max 100.3 W/m2 (1.41% of hours > 1; reference US_xRM: 77.2, 3.27%)
  US_Me1_GFDL_ESM4_historical  306600 h  N 0.00-1.00  PARBmax  350.6  Rswmax 1029.9  band resid max 105.0 W/m2 (1.81% of hours > 1; reference US_xRM: 77.2, 3.27%)
  US_Me1_IPSL_CM6A_LR_historical  306816 h  N 0.00-1.00  PARBmax  347.6  Rswmax 1022.6  band resid max 105.7 W/m2 (1.81% of hours > 1; reference US_xRM: 77.2, 3.27%)
  US_Me1_MPI_ESM1_2_HR_historical  306816 h  N 0.00-1.00  PARBmax  349.5  Rswmax 1020.1  band resid max 105.2 W/m2 (1.81% of hours > 1; reference US_xRM: 77.2, 3.27%)
  US_Me2_GFDL_ESM4_historical  306600 h  N 0.00-1.00  PARBmax  354.6  Rswmax 1035.1  band resid max 106.9 W/m2 (1.81% of hours > 1; reference US_xRM: 77.2, 3.27%)
  US_Me2_IPSL_CM6A_LR_historical  306816 h  N 0.00-1.00  PARBmax  351.9  Rswmax 1027.9  band resid max 108.4 W/m2 (1.82% of hours > 1; reference US_xRM: 77.2, 3.27%)
  US_Me2_MPI_ESM1_2_HR_historical  306816 h  N 0.00-1.00  PARBmax  353.8  Rswmax 1026.8  band resid max 107.1 W/m2 (1.81% of hours > 1; reference US_xRM: 77.2, 3.27%)
  US_Me4_GFDL_ESM4_historical  306600 h  N 0.00-1.00  PARBmax  352.8  Rswmax 1034.8  band resid max 107.7 W/m2 (1.83% of hours > 1; reference US_xRM: 77.2, 3.27%)
  US_Me4_IPSL_CM6A_LR_historical  306816 h  N 0.00-1.00  PARBmax  350.1  Rswmax 1027.6  band resid max 109.2 W/m2 (1.83% of hours > 1; reference US_xRM: 77.2, 3.27%)
  US_Me4_MPI_ESM1_2_HR_historical  306816 h  N 0.00-1.00  PARBmax  352.0  Rswmax 1026.5  band resid max 107.9 W/m2 (1.83% of hours > 1; reference US_xRM: 77.2, 3.27%)
  US_Me6_GFDL_ESM4_historical  306600 h  N 0.00-1.00  PARBmax  353.6  Rswmax 1035.9  band resid max 108.1 W/m2 (1.81% of hours > 1; reference US_xRM: 77.2, 3.27%)
  US_Me6_IPSL_CM6A_LR_historical  306816 h  N 0.00-1.00  PARBmax  351.0  Rswmax 1028.7  band resid max 109.6 W/m2 (1.80% of hours > 1; reference US_xRM: 77.2, 3.27%)
  US_Me6_MPI_ESM1_2_HR_historical  306816 h  N 0.00-1.00  PARBmax  352.9  Rswmax 1027.6  band resid max 108.3 W/m2 (1.80% of hours > 1; reference US_xRM: 77.2, 3.27%)
  US_Me7_GFDL_ESM4_historical  306600 h  N 0.00-1.00  PARBmax  354.6  Rswmax 1035.1  band resid max 107.0 W/m2 (1.81% of hours > 1; reference US_xRM: 77.2, 3.27%)
  US_Me7_IPSL_CM6A_LR_historical  306816 h  N 0.00-1.00  PARBmax  351.9  Rswmax 1027.9  band resid max 108.5 W/m2 (1.82% of hours > 1; reference US_xRM: 77.2, 3.27%)
  US_Me7_MPI_ESM1_2_HR_historical  306816 h  N 0.00-1.00  PARBmax  353.8  Rswmax 1026.8  band resid max 107.2 W/m2 (1.81% of hours > 1; reference US_xRM: 77.2, 3.27%)
  US_MtB_GFDL_ESM4_historical  306600 h  N 0.00-1.00  PARBmax  389.8  Rswmax 1116.2  band resid max 132.1 W/m2 (2.62% of hours > 1; reference US_xRM: 77.2, 3.27%)
  US_MtB_IPSL_CM6A_LR_historical  306816 h  N 0.00-1.00  PARBmax  386.2  Rswmax 1108.7  band resid max 130.6 W/m2 (2.62% of hours > 1; reference US_xRM: 77.2, 3.27%)
  US_MtB_MPI_ESM1_2_HR_historical  306816 h  N 0.00-1.00  PARBmax  387.8  Rswmax 1107.5  band resid max 129.2 W/m2 (2.63% of hours > 1; reference US_xRM: 77.2, 3.27%)
  US_NC2_GFDL_ESM4_historical  306600 h  N 0.00-1.00  PARBmax  317.7  Rswmax  955.5  band resid max 112.6 W/m2 (2.32% of hours > 1; reference US_xRM: 77.2, 3.27%)
  US_NC2_IPSL_CM6A_LR_historical  306816 h  N 0.00-1.00  PARBmax  318.9  Rswmax  960.2  band resid max 112.8 W/m2 (2.32% of hours > 1; reference US_xRM: 77.2, 3.27%)
  US_NC2_MPI_ESM1_2_HR_historical  306816 h  N 0.00-1.00  PARBmax  320.7  Rswmax  955.4  band resid max 110.4 W/m2 (2.32% of hours > 1; reference US_xRM: 77.2, 3.27%)
  US_NC3_GFDL_ESM4_historical  306600 h  N 0.00-1.00  PARBmax  318.5  Rswmax  955.5  band resid max 112.4 W/m2 (2.34% of hours > 1; reference US_xRM: 77.2, 3.27%)
  US_NC3_IPSL_CM6A_LR_historical  306816 h  N 0.00-1.00  PARBmax  318.9  Rswmax  960.2  band resid max 112.6 W/m2 (2.34% of hours > 1; reference US_xRM: 77.2, 3.27%)
  US_NC3_MPI_ESM1_2_HR_historical  306816 h  N 0.00-1.00  PARBmax  320.7  Rswmax  955.5  band resid max 110.2 W/m2 (2.34% of hours > 1; reference US_xRM: 77.2, 3.27%)
  US_NC5_GFDL_ESM4_historical  306600 h  N 0.00-1.00  PARBmax  324.1  Rswmax  963.4  band resid max 116.1 W/m2 (2.89% of hours > 1; reference US_xRM: 77.2, 3.27%)
  US_NC5_IPSL_CM6A_LR_historical  306816 h  N 0.00-1.00  PARBmax  323.0  Rswmax  950.0  band resid max 114.5 W/m2 (2.89% of hours > 1; reference US_xRM: 77.2, 3.27%)
  US_NC5_MPI_ESM1_2_HR_historical  306816 h  N 0.00-1.00  PARBmax  333.7  Rswmax  967.0  band resid max 112.1 W/m2 (2.89% of hours > 1; reference US_xRM: 77.2, 3.27%)
  US_NMj_GFDL_ESM4_historical  306600 h  N 0.00-1.00  PARBmax  318.3  Rswmax  948.9  band resid max 105.5 W/m2 (2.19% of hours > 1; reference US_xRM: 77.2, 3.27%)
  US_NMj_IPSL_CM6A_LR_historical  306816 h  N 0.00-1.00  PARBmax  319.5  Rswmax  951.7  band resid max  99.6 W/m2 (2.19% of hours > 1; reference US_xRM: 77.2, 3.27%)
  US_NMj_MPI_ESM1_2_HR_historical  306816 h  N 0.00-1.00  PARBmax  318.3  Rswmax  957.6  band resid max 104.3 W/m2 (2.19% of hours > 1; reference US_xRM: 77.2, 3.27%)
  US_NR1_GFDL_ESM4_historical  306600 h  N 0.00-1.00  PARBmax  367.0  Rswmax 1056.7  band resid max 124.9 W/m2 (2.11% of hours > 1; reference US_xRM: 77.2, 3.27%)
  US_NR1_IPSL_CM6A_LR_historical  306816 h  N 0.00-1.00  PARBmax  364.8  Rswmax 1066.8  band resid max 121.6 W/m2 (2.11% of hours > 1; reference US_xRM: 77.2, 3.27%)
  US_NR1_MPI_ESM1_2_HR_historical  306816 h  N 0.00-1.00  PARBmax  359.5  Rswmax 1047.9  band resid max 121.4 W/m2 (2.11% of hours > 1; reference US_xRM: 77.2, 3.27%)
  US_Oho_GFDL_ESM4_historical  306600 h  N 0.00-1.00  PARBmax  326.8  Rswmax  973.9  band resid max 111.6 W/m2 (2.38% of hours > 1; reference US_xRM: 77.2, 3.27%)
  US_Oho_IPSL_CM6A_LR_historical  306816 h  N 0.00-1.00  PARBmax  324.7  Rswmax  966.4  band resid max 112.7 W/m2 (2.39% of hours > 1; reference US_xRM: 77.2, 3.27%)
  US_Oho_MPI_ESM1_2_HR_historical  306816 h  N 0.00-1.00  PARBmax  330.9  Rswmax  968.3  band resid max 112.0 W/m2 (2.39% of hours > 1; reference US_xRM: 77.2, 3.27%)
  US_PFL_GFDL_ESM4_historical  306600 h  N 0.00-1.00  PARBmax  324.4  Rswmax  960.3  band resid max 104.8 W/m2 (2.03% of hours > 1; reference US_xRM: 77.2, 3.27%)
  US_PFL_IPSL_CM6A_LR_historical  306816 h  N 0.00-1.00  PARBmax  321.3  Rswmax  957.5  band resid max 106.0 W/m2 (2.03% of hours > 1; reference US_xRM: 77.2, 3.27%)
  US_PFL_MPI_ESM1_2_HR_historical  306816 h  N 0.00-1.00  PARBmax  323.1  Rswmax  957.2  band resid max 105.2 W/m2 (2.03% of hours > 1; reference US_xRM: 77.2, 3.27%)
  US_PFb_GFDL_ESM4_historical  306600 h  N 0.00-1.00  PARBmax  324.4  Rswmax  960.1  band resid max 104.8 W/m2 (2.03% of hours > 1; reference US_xRM: 77.2, 3.27%)
  US_PFb_IPSL_CM6A_LR_historical  306816 h  N 0.00-1.00  PARBmax  321.3  Rswmax  957.3  band resid max 106.0 W/m2 (2.03% of hours > 1; reference US_xRM: 77.2, 3.27%)
  US_PFb_MPI_ESM1_2_HR_historical  306816 h  N 0.00-1.00  PARBmax  323.1  Rswmax  957.0  band resid max 105.2 W/m2 (2.03% of hours > 1; reference US_xRM: 77.2, 3.27%)
  US_PFc_GFDL_ESM4_historical  306600 h  N 0.00-1.00  PARBmax  324.4  Rswmax  960.2  band resid max 104.6 W/m2 (2.05% of hours > 1; reference US_xRM: 77.2, 3.27%)
  US_PFc_IPSL_CM6A_LR_historical  306816 h  N 0.00-1.00  PARBmax  321.3  Rswmax  957.4  band resid max 105.8 W/m2 (2.06% of hours > 1; reference US_xRM: 77.2, 3.27%)
  US_PFc_MPI_ESM1_2_HR_historical  306816 h  N 0.00-1.00  PARBmax  323.1  Rswmax  957.1  band resid max 105.0 W/m2 (2.06% of hours > 1; reference US_xRM: 77.2, 3.27%)
  US_PFg_GFDL_ESM4_historical  306600 h  N 0.00-1.00  PARBmax  324.4  Rswmax  960.1  band resid max 109.8 W/m2 (2.08% of hours > 1; reference US_xRM: 77.2, 3.27%)
  US_PFg_IPSL_CM6A_LR_historical  306816 h  N 0.00-1.00  PARBmax  321.3  Rswmax  957.3  band resid max 109.4 W/m2 (2.08% of hours > 1; reference US_xRM: 77.2, 3.27%)
  US_PFg_MPI_ESM1_2_HR_historical  306816 h  N 0.00-1.00  PARBmax  323.1  Rswmax  957.0  band resid max 109.4 W/m2 (2.08% of hours > 1; reference US_xRM: 77.2, 3.27%)
  US_PFh_GFDL_ESM4_historical  306600 h  N 0.00-1.00  PARBmax  323.7  Rswmax  959.0  band resid max 109.4 W/m2 (2.07% of hours > 1; reference US_xRM: 77.2, 3.27%)
  US_PFh_IPSL_CM6A_LR_historical  306816 h  N 0.00-1.00  PARBmax  321.2  Rswmax  959.0  band resid max 109.2 W/m2 (2.07% of hours > 1; reference US_xRM: 77.2, 3.27%)
  US_PFh_MPI_ESM1_2_HR_historical  306816 h  N 0.00-1.00  PARBmax  322.9  Rswmax  958.6  band resid max 109.0 W/m2 (2.07% of hours > 1; reference US_xRM: 77.2, 3.27%)
  US_PFi_GFDL_ESM4_historical  306600 h  N 0.00-1.00  PARBmax  323.8  Rswmax  958.9  band resid max 109.2 W/m2 (2.06% of hours > 1; reference US_xRM: 77.2, 3.27%)
  US_PFi_IPSL_CM6A_LR_historical  306816 h  N 0.00-1.00  PARBmax  321.2  Rswmax  958.9  band resid max 109.0 W/m2 (2.06% of hours > 1; reference US_xRM: 77.2, 3.27%)
  US_PFi_MPI_ESM1_2_HR_historical  306816 h  N 0.00-1.00  PARBmax  323.0  Rswmax  958.5  band resid max 108.8 W/m2 (2.07% of hours > 1; reference US_xRM: 77.2, 3.27%)
  US_PFj_GFDL_ESM4_historical  306600 h  N 0.00-1.00  PARBmax  323.8  Rswmax  958.9  band resid max 109.2 W/m2 (2.06% of hours > 1; reference US_xRM: 77.2, 3.27%)
  US_PFj_IPSL_CM6A_LR_historical  306816 h  N 0.00-1.00  PARBmax  321.2  Rswmax  959.0  band resid max 109.0 W/m2 (2.06% of hours > 1; reference US_xRM: 77.2, 3.27%)
  US_PFj_MPI_ESM1_2_HR_historical  306816 h  N 0.00-1.00  PARBmax  323.0  Rswmax  958.6  band resid max 108.8 W/m2 (2.07% of hours > 1; reference US_xRM: 77.2, 3.27%)
  US_PFk_GFDL_ESM4_historical  306600 h  N 0.00-1.00  PARBmax  324.6  Rswmax  960.5  band resid max 105.3 W/m2 (2.01% of hours > 1; reference US_xRM: 77.2, 3.27%)
  US_PFk_IPSL_CM6A_LR_historical  306816 h  N 0.00-1.00  PARBmax  321.4  Rswmax  957.7  band resid max 106.5 W/m2 (2.01% of hours > 1; reference US_xRM: 77.2, 3.27%)
  US_PFk_MPI_ESM1_2_HR_historical  306816 h  N 0.00-1.00  PARBmax  323.2  Rswmax  957.4  band resid max 105.7 W/m2 (2.01% of hours > 1; reference US_xRM: 77.2, 3.27%)
  US_PFm_GFDL_ESM4_historical  306600 h  N 0.00-1.00  PARBmax  324.6  Rswmax  960.4  band resid max 104.8 W/m2 (2.03% of hours > 1; reference US_xRM: 77.2, 3.27%)
  US_PFm_IPSL_CM6A_LR_historical  306816 h  N 0.00-1.00  PARBmax  321.5  Rswmax  957.6  band resid max 106.0 W/m2 (2.03% of hours > 1; reference US_xRM: 77.2, 3.27%)
  US_PFm_MPI_ESM1_2_HR_historical  306816 h  N 0.00-1.00  PARBmax  323.2  Rswmax  957.3  band resid max 105.2 W/m2 (2.03% of hours > 1; reference US_xRM: 77.2, 3.27%)
  US_PFn_GFDL_ESM4_historical  306600 h  N 0.00-1.00  PARBmax  324.5  Rswmax  960.3  band resid max 104.3 W/m2 (2.05% of hours > 1; reference US_xRM: 77.2, 3.27%)
  US_PFn_IPSL_CM6A_LR_historical  306816 h  N 0.00-1.00  PARBmax  321.4  Rswmax  957.5  band resid max 105.5 W/m2 (2.06% of hours > 1; reference US_xRM: 77.2, 3.27%)
  US_PFn_MPI_ESM1_2_HR_historical  306816 h  N 0.00-1.00  PARBmax  323.2  Rswmax  957.2  band resid max 104.7 W/m2 (2.06% of hours > 1; reference US_xRM: 77.2, 3.27%)
  US_PFp_GFDL_ESM4_historical  306600 h  N 0.00-1.00  PARBmax  324.6  Rswmax  960.3  band resid max 109.8 W/m2 (2.08% of hours > 1; reference US_xRM: 77.2, 3.27%)
  US_PFp_IPSL_CM6A_LR_historical  306816 h  N 0.00-1.00  PARBmax  321.5  Rswmax  957.6  band resid max 109.4 W/m2 (2.08% of hours > 1; reference US_xRM: 77.2, 3.27%)
  US_PFp_MPI_ESM1_2_HR_historical  306816 h  N 0.00-1.00  PARBmax  323.3  Rswmax  957.2  band resid max 109.4 W/m2 (2.08% of hours > 1; reference US_xRM: 77.2, 3.27%)
  US_PFq_GFDL_ESM4_historical  306600 h  N 0.00-1.00  PARBmax  323.9  Rswmax  959.1  band resid max 109.6 W/m2 (2.08% of hours > 1; reference US_xRM: 77.2, 3.27%)
  US_PFq_IPSL_CM6A_LR_historical  306816 h  N 0.00-1.00  PARBmax  321.3  Rswmax  959.2  band resid max 109.4 W/m2 (2.08% of hours > 1; reference US_xRM: 77.2, 3.27%)
  US_PFq_MPI_ESM1_2_HR_historical  306816 h  N 0.00-1.00  PARBmax  323.0  Rswmax  958.8  band resid max 109.2 W/m2 (2.08% of hours > 1; reference US_xRM: 77.2, 3.27%)
  US_PFs_GFDL_ESM4_historical  306600 h  N 0.00-1.00  PARBmax  323.9  Rswmax  959.1  band resid max 109.4 W/m2 (2.07% of hours > 1; reference US_xRM: 77.2, 3.27%)
  US_PFs_IPSL_CM6A_LR_historical  306816 h  N 0.00-1.00  PARBmax  321.3  Rswmax  959.1  band resid max 109.2 W/m2 (2.08% of hours > 1; reference US_xRM: 77.2, 3.27%)
  US_PFs_MPI_ESM1_2_HR_historical  306816 h  N 0.00-1.00  PARBmax  323.1  Rswmax  958.7  band resid max 109.0 W/m2 (2.07% of hours > 1; reference US_xRM: 77.2, 3.27%)
  US_PFt_GFDL_ESM4_historical  306600 h  N 0.00-1.00  PARBmax  323.8  Rswmax  959.2  band resid max 109.3 W/m2 (2.07% of hours > 1; reference US_xRM: 77.2, 3.27%)
  US_PFt_IPSL_CM6A_LR_historical  306816 h  N 0.00-1.00  PARBmax  321.3  Rswmax  959.2  band resid max 109.2 W/m2 (2.08% of hours > 1; reference US_xRM: 77.2, 3.27%)
  US_PFt_MPI_ESM1_2_HR_historical  306816 h  N 0.00-1.00  PARBmax  323.0  Rswmax  958.8  band resid max 108.9 W/m2 (2.07% of hours > 1; reference US_xRM: 77.2, 3.27%)
  US_SB1_GFDL_ESM4_historical  306600 h  N 0.00-1.00  PARBmax  333.8  Rswmax  977.6  band resid max 117.1 W/m2 (2.28% of hours > 1; reference US_xRM: 77.2, 3.27%)
  US_SB1_IPSL_CM6A_LR_historical  306816 h  N 0.00-1.00  PARBmax  329.7  Rswmax  957.9  band resid max 119.3 W/m2 (2.28% of hours > 1; reference US_xRM: 77.2, 3.27%)
  US_SB1_MPI_ESM1_2_HR_historical  306816 h  N 0.00-1.00  PARBmax  335.3  Rswmax  972.6  band resid max 114.5 W/m2 (2.28% of hours > 1; reference US_xRM: 77.2, 3.27%)
  US_SHC_GFDL_ESM4_historical  306600 h  N 0.00-1.00  PARBmax  367.0  Rswmax 1081.1  band resid max 117.4 W/m2 (2.08% of hours > 1; reference US_xRM: 77.2, 3.27%)
  US_SHC_IPSL_CM6A_LR_historical  306816 h  N 0.00-1.00  PARBmax  371.7  Rswmax 1085.9  band resid max 121.1 W/m2 (2.08% of hours > 1; reference US_xRM: 77.2, 3.27%)
  US_SHC_MPI_ESM1_2_HR_historical  306816 h  N 0.00-1.00  PARBmax  364.5  Rswmax 1071.2  band resid max 121.2 W/m2 (2.08% of hours > 1; reference US_xRM: 77.2, 3.27%)
  US_SP1_GFDL_ESM4_historical  306600 h  N 0.00-1.00  PARBmax  347.3  Rswmax  992.9  band resid max 115.4 W/m2 (2.02% of hours > 1; reference US_xRM: 77.2, 3.27%)
  US_SP1_IPSL_CM6A_LR_historical  306816 h  N 0.00-1.00  PARBmax  346.5  Rswmax  985.5  band resid max 114.0 W/m2 (2.02% of hours > 1; reference US_xRM: 77.2, 3.27%)
  US_SP1_MPI_ESM1_2_HR_historical  306816 h  N 0.00-1.00  PARBmax  339.6  Rswmax  979.5  band resid max 114.0 W/m2 (2.02% of hours > 1; reference US_xRM: 77.2, 3.27%)
  US_SP2_GFDL_ESM4_historical  306600 h  N 0.00-1.00  PARBmax  346.4  Rswmax  992.2  band resid max 115.4 W/m2 (2.02% of hours > 1; reference US_xRM: 77.2, 3.27%)
  US_SP2_IPSL_CM6A_LR_historical  306816 h  N 0.00-1.00  PARBmax  346.8  Rswmax  990.7  band resid max 114.4 W/m2 (2.02% of hours > 1; reference US_xRM: 77.2, 3.27%)
  US_SP2_MPI_ESM1_2_HR_historical  306816 h  N 0.00-1.00  PARBmax  335.6  Rswmax  978.2  band resid max 114.4 W/m2 (2.02% of hours > 1; reference US_xRM: 77.2, 3.27%)
  US_SP3_GFDL_ESM4_historical  306600 h  N 0.00-1.00  PARBmax  346.5  Rswmax  992.4  band resid max 116.4 W/m2 (2.03% of hours > 1; reference US_xRM: 77.2, 3.27%)
  US_SP3_IPSL_CM6A_LR_historical  306816 h  N 0.00-1.00  PARBmax  346.7  Rswmax  990.9  band resid max 116.3 W/m2 (2.03% of hours > 1; reference US_xRM: 77.2, 3.27%)
  US_SP3_MPI_ESM1_2_HR_historical  306816 h  N 0.00-1.00  PARBmax  335.6  Rswmax  978.4  band resid max 115.5 W/m2 (2.03% of hours > 1; reference US_xRM: 77.2, 3.27%)
  US_SP4_GFDL_ESM4_historical  306600 h  N 0.00-1.00  PARBmax  346.4  Rswmax  992.2  band resid max 117.0 W/m2 (2.04% of hours > 1; reference US_xRM: 77.2, 3.27%)
  US_SP4_IPSL_CM6A_LR_historical  306816 h  N 0.00-1.00  PARBmax  346.7  Rswmax  990.6  band resid max 116.9 W/m2 (2.04% of hours > 1; reference US_xRM: 77.2, 3.27%)
  US_SP4_MPI_ESM1_2_HR_historical  306816 h  N 0.00-1.00  PARBmax  335.5  Rswmax  978.1  band resid max 116.1 W/m2 (2.04% of hours > 1; reference US_xRM: 77.2, 3.27%)
  US_SSH_GFDL_ESM4_historical  306600 h  N 0.00-1.00  PARBmax  326.1  Rswmax  959.1  band resid max 120.5 W/m2 (1.78% of hours > 1; reference US_xRM: 77.2, 3.27%)
  US_SSH_IPSL_CM6A_LR_historical  306816 h  N 0.00-1.00  PARBmax  316.8  Rswmax  951.4  band resid max 121.2 W/m2 (1.78% of hours > 1; reference US_xRM: 77.2, 3.27%)
  US_SSH_MPI_ESM1_2_HR_historical  306816 h  N 0.00-1.00  PARBmax  330.0  Rswmax  958.0  band resid max 113.3 W/m2 (1.78% of hours > 1; reference US_xRM: 77.2, 3.27%)
  US_Slt_GFDL_ESM4_historical  306600 h  N 0.00-1.00  PARBmax  346.2  Rswmax 1018.6  band resid max 105.3 W/m2 (2.02% of hours > 1; reference US_xRM: 77.2, 3.27%)
  US_Slt_IPSL_CM6A_LR_historical  306816 h  N 0.00-1.00  PARBmax  339.9  Rswmax 1004.6  band resid max 109.9 W/m2 (2.02% of hours > 1; reference US_xRM: 77.2, 3.27%)
  US_Slt_MPI_ESM1_2_HR_historical  306816 h  N 0.00-1.00  PARBmax  346.2  Rswmax 1022.4  band resid max 102.4 W/m2 (2.02% of hours > 1; reference US_xRM: 77.2, 3.27%)
  US_TEF_GFDL_ESM4_historical  306600 h  N 0.00-1.00  PARBmax  335.8  Rswmax  977.7  band resid max 112.4 W/m2 (1.88% of hours > 1; reference US_xRM: 77.2, 3.27%)
  US_TEF_IPSL_CM6A_LR_historical  306816 h  N 0.00-1.00  PARBmax  335.8  Rswmax  978.2  band resid max 111.1 W/m2 (1.88% of hours > 1; reference US_xRM: 77.2, 3.27%)
  US_TEF_MPI_ESM1_2_HR_historical  306816 h  N 0.00-1.00  PARBmax  329.0  Rswmax  980.6  band resid max 105.7 W/m2 (1.88% of hours > 1; reference US_xRM: 77.2, 3.27%)
  US_UMB_GFDL_ESM4_historical  306600 h  N 0.00-1.00  PARBmax  315.1  Rswmax  946.1  band resid max 104.9 W/m2 (2.32% of hours > 1; reference US_xRM: 77.2, 3.27%)
  US_UMB_IPSL_CM6A_LR_historical  306816 h  N 0.00-1.00  PARBmax  313.7  Rswmax  940.0  band resid max 104.9 W/m2 (2.32% of hours > 1; reference US_xRM: 77.2, 3.27%)
  US_UMB_MPI_ESM1_2_HR_historical  306816 h  N 0.00-1.00  PARBmax  321.5  Rswmax  958.2  band resid max 106.1 W/m2 (2.32% of hours > 1; reference US_xRM: 77.2, 3.27%)
  US_UMd_GFDL_ESM4_historical  306600 h  N 0.00-1.00  PARBmax  320.6  Rswmax  946.1  band resid max 104.7 W/m2 (2.31% of hours > 1; reference US_xRM: 77.2, 3.27%)
  US_UMd_IPSL_CM6A_LR_historical  306816 h  N 0.00-1.00  PARBmax  316.2  Rswmax  940.0  band resid max 104.6 W/m2 (2.31% of hours > 1; reference US_xRM: 77.2, 3.27%)
  US_UMd_MPI_ESM1_2_HR_historical  306816 h  N 0.00-1.00  PARBmax  321.5  Rswmax  958.1  band resid max 105.9 W/m2 (2.31% of hours > 1; reference US_xRM: 77.2, 3.27%)
  US_Vcm_GFDL_ESM4_historical  306600 h  N 0.00-1.00  PARBmax  382.4  Rswmax 1102.6  band resid max 126.8 W/m2 (2.31% of hours > 1; reference US_xRM: 77.2, 3.27%)
  US_Vcm_IPSL_CM6A_LR_historical  306816 h  N 0.00-1.00  PARBmax  380.5  Rswmax 1097.3  band resid max 126.9 W/m2 (2.31% of hours > 1; reference US_xRM: 77.2, 3.27%)
  US_Vcm_MPI_ESM1_2_HR_historical  306816 h  N 0.00-1.00  PARBmax  377.5  Rswmax 1097.5  band resid max 126.1 W/m2 (2.31% of hours > 1; reference US_xRM: 77.2, 3.27%)
  US_Vcp_GFDL_ESM4_historical  306600 h  N 0.00-1.00  PARBmax  380.4  Rswmax 1102.7  band resid max 128.0 W/m2 (2.32% of hours > 1; reference US_xRM: 77.2, 3.27%)
  US_Vcp_IPSL_CM6A_LR_historical  306816 h  N 0.00-1.00  PARBmax  378.4  Rswmax 1097.4  band resid max 128.1 W/m2 (2.32% of hours > 1; reference US_xRM: 77.2, 3.27%)
  US_Vcp_MPI_ESM1_2_HR_historical  306816 h  N 0.00-1.00  PARBmax  375.5  Rswmax 1097.5  band resid max 127.3 W/m2 (2.32% of hours > 1; reference US_xRM: 77.2, 3.27%)
  US_Vcs_GFDL_ESM4_historical  306600 h  N 0.00-1.00  PARBmax  381.2  Rswmax 1102.3  band resid max 128.1 W/m2 (2.34% of hours > 1; reference US_xRM: 77.2, 3.27%)
  US_Vcs_IPSL_CM6A_LR_historical  306816 h  N 0.00-1.00  PARBmax  379.3  Rswmax 1097.2  band resid max 128.2 W/m2 (2.34% of hours > 1; reference US_xRM: 77.2, 3.27%)
  US_Vcs_MPI_ESM1_2_HR_historical  306816 h  N 0.00-1.00  PARBmax  376.4  Rswmax 1097.2  band resid max 127.4 W/m2 (2.34% of hours > 1; reference US_xRM: 77.2, 3.27%)
  US_WBW_GFDL_ESM4_historical  306600 h  N 0.00-1.00  PARBmax  342.6  Rswmax  996.3  band resid max 117.9 W/m2 (1.78% of hours > 1; reference US_xRM: 77.2, 3.27%)
  US_WBW_IPSL_CM6A_LR_historical  306816 h  N 0.00-1.00  PARBmax  339.2  Rswmax  979.5  band resid max 116.3 W/m2 (1.78% of hours > 1; reference US_xRM: 77.2, 3.27%)
  US_WBW_MPI_ESM1_2_HR_historical  306816 h  N 0.00-1.00  PARBmax  346.9  Rswmax  997.2  band resid max 117.7 W/m2 (1.78% of hours > 1; reference US_xRM: 77.2, 3.27%)
  US_WCr_GFDL_ESM4_historical  306600 h  N 0.00-1.00  PARBmax  324.4  Rswmax  959.8  band resid max 107.5 W/m2 (2.05% of hours > 1; reference US_xRM: 77.2, 3.27%)
  US_WCr_IPSL_CM6A_LR_historical  306816 h  N 0.00-1.00  PARBmax  321.8  Rswmax  959.9  band resid max 107.4 W/m2 (2.06% of hours > 1; reference US_xRM: 77.2, 3.27%)
  US_WCr_MPI_ESM1_2_HR_historical  306816 h  N 0.00-1.00  PARBmax  323.6  Rswmax  959.5  band resid max 107.1 W/m2 (2.06% of hours > 1; reference US_xRM: 77.2, 3.27%)
  US_Wi1_GFDL_ESM4_historical  306600 h  N 0.00-1.00  PARBmax  320.1  Rswmax  954.3  band resid max 102.4 W/m2 (1.92% of hours > 1; reference US_xRM: 77.2, 3.27%)
  US_Wi1_IPSL_CM6A_LR_historical  306816 h  N 0.00-1.00  PARBmax  316.9  Rswmax  953.2  band resid max 101.0 W/m2 (1.92% of hours > 1; reference US_xRM: 77.2, 3.27%)
  US_Wi1_MPI_ESM1_2_HR_historical  306816 h  N 0.00-1.00  PARBmax  319.2  Rswmax  953.6  band resid max 109.2 W/m2 (1.92% of hours > 1; reference US_xRM: 77.2, 3.27%)
  US_Wi2_GFDL_ESM4_historical  306600 h  N 0.00-1.00  PARBmax  320.5  Rswmax  954.6  band resid max 101.5 W/m2 (1.96% of hours > 1; reference US_xRM: 77.2, 3.27%)
  US_Wi2_IPSL_CM6A_LR_historical  306816 h  N 0.00-1.00  PARBmax  317.2  Rswmax  953.4  band resid max 100.0 W/m2 (1.97% of hours > 1; reference US_xRM: 77.2, 3.27%)
  US_Wi2_MPI_ESM1_2_HR_historical  306816 h  N 0.00-1.00  PARBmax  319.5  Rswmax  953.8  band resid max 108.2 W/m2 (1.97% of hours > 1; reference US_xRM: 77.2, 3.27%)
  US_Wi3_GFDL_ESM4_historical  306600 h  N 0.00-1.00  PARBmax  320.7  Rswmax  954.9  band resid max 100.9 W/m2 (1.96% of hours > 1; reference US_xRM: 77.2, 3.27%)
  US_Wi3_IPSL_CM6A_LR_historical  306816 h  N 0.00-1.00  PARBmax  317.4  Rswmax  953.7  band resid max  99.5 W/m2 (1.97% of hours > 1; reference US_xRM: 77.2, 3.27%)
  US_Wi3_MPI_ESM1_2_HR_historical  306816 h  N 0.00-1.00  PARBmax  319.7  Rswmax  954.1  band resid max 107.6 W/m2 (1.97% of hours > 1; reference US_xRM: 77.2, 3.27%)
  US_Wi4_GFDL_ESM4_historical  306600 h  N 0.00-1.00  PARBmax  320.1  Rswmax  954.3  band resid max 101.5 W/m2 (1.94% of hours > 1; reference US_xRM: 77.2, 3.27%)
  US_Wi4_IPSL_CM6A_LR_historical  306816 h  N 0.00-1.00  PARBmax  316.8  Rswmax  953.1  band resid max 100.0 W/m2 (1.94% of hours > 1; reference US_xRM: 77.2, 3.27%)
  US_Wi4_MPI_ESM1_2_HR_historical  306816 h  N 0.00-1.00  PARBmax  319.2  Rswmax  953.5  band resid max 108.2 W/m2 (1.94% of hours > 1; reference US_xRM: 77.2, 3.27%)
  US_Wrc_GFDL_ESM4_historical  306600 h  N 0.00-1.00  PARBmax  341.2  Rswmax 1014.4  band resid max 101.5 W/m2 (1.83% of hours > 1; reference US_xRM: 77.2, 3.27%)
  US_Wrc_IPSL_CM6A_LR_historical  306816 h  N 0.00-1.00  PARBmax  340.4  Rswmax 1009.6  band resid max 101.7 W/m2 (1.84% of hours > 1; reference US_xRM: 77.2, 3.27%)
  US_Wrc_MPI_ESM1_2_HR_historical  306816 h  N 0.00-1.00  PARBmax  341.4  Rswmax 1012.3  band resid max 102.7 W/m2 (1.84% of hours > 1; reference US_xRM: 77.2, 3.27%)
  US_xAB_GFDL_ESM4_historical  306600 h  N 0.00-1.00  PARBmax  342.9  Rswmax 1014.1  band resid max 101.8 W/m2 (1.78% of hours > 1; reference US_xRM: 77.2, 3.27%)
  US_xAB_IPSL_CM6A_LR_historical  306816 h  N 0.00-1.00  PARBmax  342.3  Rswmax 1011.0  band resid max 101.5 W/m2 (1.78% of hours > 1; reference US_xRM: 77.2, 3.27%)
  US_xAB_MPI_ESM1_2_HR_historical  306816 h  N 0.00-1.00  PARBmax  343.3  Rswmax 1002.8  band resid max 101.1 W/m2 (1.78% of hours > 1; reference US_xRM: 77.2, 3.27%)
  US_xBL_GFDL_ESM4_historical  306600 h  N 0.00-1.00  PARBmax  334.5  Rswmax  966.6  band resid max 117.3 W/m2 (1.99% of hours > 1; reference US_xRM: 77.2, 3.27%)
  US_xBL_IPSL_CM6A_LR_historical  306816 h  N 0.00-1.00  PARBmax  328.5  Rswmax  960.5  band resid max 121.5 W/m2 (1.98% of hours > 1; reference US_xRM: 77.2, 3.27%)
  US_xBL_MPI_ESM1_2_HR_historical  306816 h  N 0.00-1.00  PARBmax  333.6  Rswmax  965.7  band resid max 115.2 W/m2 (1.98% of hours > 1; reference US_xRM: 77.2, 3.27%)
  US_xBR_GFDL_ESM4_historical  306600 h  N 0.00-1.00  PARBmax  328.3  Rswmax  986.5  band resid max 107.5 W/m2 (2.68% of hours > 1; reference US_xRM: 77.2, 3.27%)
  US_xBR_IPSL_CM6A_LR_historical  306816 h  N 0.00-1.00  PARBmax  326.9  Rswmax  983.9  band resid max 110.6 W/m2 (2.68% of hours > 1; reference US_xRM: 77.2, 3.27%)
  US_xBR_MPI_ESM1_2_HR_historical  306816 h  N 0.00-1.00  PARBmax  331.7  Rswmax  987.2  band resid max 105.6 W/m2 (2.68% of hours > 1; reference US_xRM: 77.2, 3.27%)
  US_xGR_GFDL_ESM4_historical  306600 h  N 0.00-1.00  PARBmax  340.5  Rswmax  990.1  band resid max 119.9 W/m2 (1.91% of hours > 1; reference US_xRM: 77.2, 3.27%)
  US_xGR_IPSL_CM6A_LR_historical  306816 h  N 0.00-1.00  PARBmax  338.4  Rswmax  980.2  band resid max 119.1 W/m2 (1.92% of hours > 1; reference US_xRM: 77.2, 3.27%)
  US_xGR_MPI_ESM1_2_HR_historical  306816 h  N 0.00-1.00  PARBmax  343.5  Rswmax  993.6  band resid max 119.6 W/m2 (1.92% of hours > 1; reference US_xRM: 77.2, 3.27%)
  US_xHA_GFDL_ESM4_historical  306600 h  N 0.00-1.00  PARBmax  335.1  Rswmax  987.9  band resid max 100.4 W/m2 (2.55% of hours > 1; reference US_xRM: 77.2, 3.27%)
  US_xHA_IPSL_CM6A_LR_historical  306816 h  N 0.00-1.00  PARBmax  329.3  Rswmax  984.2  band resid max 103.1 W/m2 (2.55% of hours > 1; reference US_xRM: 77.2, 3.27%)
  US_xHA_MPI_ESM1_2_HR_historical  306816 h  N 0.00-1.00  PARBmax  334.3  Rswmax  995.6  band resid max  99.8 W/m2 (2.55% of hours > 1; reference US_xRM: 77.2, 3.27%)
  US_xJE_GFDL_ESM4_historical  306600 h  N 0.00-1.00  PARBmax  344.6  Rswmax  993.8  band resid max 115.4 W/m2 (1.57% of hours > 1; reference US_xRM: 77.2, 3.27%)
  US_xJE_IPSL_CM6A_LR_historical  306816 h  N 0.00-1.00  PARBmax  347.1  Rswmax  986.1  band resid max 112.7 W/m2 (1.57% of hours > 1; reference US_xRM: 77.2, 3.27%)
  US_xJE_MPI_ESM1_2_HR_historical  306816 h  N 0.00-1.00  PARBmax  345.5  Rswmax  997.1  band resid max 115.6 W/m2 (1.57% of hours > 1; reference US_xRM: 77.2, 3.27%)
  US_xLE_GFDL_ESM4_historical  306600 h  N 0.00-1.00  PARBmax  357.2  Rswmax 1026.1  band resid max 113.2 W/m2 (1.53% of hours > 1; reference US_xRM: 77.2, 3.27%)
  US_xLE_IPSL_CM6A_LR_historical  306816 h  N 0.00-1.00  PARBmax  354.2  Rswmax 1022.0  band resid max 112.9 W/m2 (1.53% of hours > 1; reference US_xRM: 77.2, 3.27%)
  US_xLE_MPI_ESM1_2_HR_historical  306816 h  N 0.00-1.00  PARBmax  355.3  Rswmax 1018.4  band resid max 114.0 W/m2 (1.53% of hours > 1; reference US_xRM: 77.2, 3.27%)
  US_xML_GFDL_ESM4_historical  306600 h  N 0.00-1.00  PARBmax  333.1  Rswmax  982.5  band resid max 118.7 W/m2 (2.35% of hours > 1; reference US_xRM: 77.2, 3.27%)
  US_xML_IPSL_CM6A_LR_historical  306816 h  N 0.00-1.00  PARBmax  333.7  Rswmax  971.8  band resid max 118.2 W/m2 (2.35% of hours > 1; reference US_xRM: 77.2, 3.27%)
  US_xML_MPI_ESM1_2_HR_historical  306816 h  N 0.00-1.00  PARBmax  341.3  Rswmax  989.2  band resid max 117.6 W/m2 (2.35% of hours > 1; reference US_xRM: 77.2, 3.27%)
  US_xNW_GFDL_ESM4_historical  306600 h  N 0.00-1.00  PARBmax  368.9  Rswmax 1056.6  band resid max 125.4 W/m2 (2.11% of hours > 1; reference US_xRM: 77.2, 3.27%)
  US_xNW_IPSL_CM6A_LR_historical  306816 h  N 0.00-1.00  PARBmax  366.7  Rswmax 1066.6  band resid max 122.2 W/m2 (2.11% of hours > 1; reference US_xRM: 77.2, 3.27%)
  US_xNW_MPI_ESM1_2_HR_historical  306816 h  N 0.00-1.00  PARBmax  361.4  Rswmax 1047.7  band resid max 121.9 W/m2 (2.11% of hours > 1; reference US_xRM: 77.2, 3.27%)
  US_xRM_GFDL_ESM4_historical  306600 h  N 0.00-1.00  PARBmax  364.2  Rswmax 1053.0  band resid max 123.6 W/m2 (2.11% of hours > 1; reference US_xRM: 77.2, 3.27%)
  US_xRM_IPSL_CM6A_LR_historical  306816 h  N 0.00-1.00  PARBmax  362.1  Rswmax 1062.5  band resid max 119.6 W/m2 (2.11% of hours > 1; reference US_xRM: 77.2, 3.27%)
  US_xRM_MPI_ESM1_2_HR_historical  306816 h  N 0.00-1.00  PARBmax  357.8  Rswmax 1047.4  band resid max 120.1 W/m2 (2.11% of hours > 1; reference US_xRM: 77.2, 3.27%)
  US_xRN_GFDL_ESM4_historical  306600 h  N 0.00-1.00  PARBmax  342.9  Rswmax  996.2  band resid max 117.8 W/m2 (1.78% of hours > 1; reference US_xRM: 77.2, 3.27%)
  US_xRN_IPSL_CM6A_LR_historical  306816 h  N 0.00-1.00  PARBmax  339.4  Rswmax  979.5  band resid max 116.2 W/m2 (1.78% of hours > 1; reference US_xRM: 77.2, 3.27%)
  US_xRN_MPI_ESM1_2_HR_historical  306816 h  N 0.00-1.00  PARBmax  347.1  Rswmax  997.1  band resid max 117.6 W/m2 (1.78% of hours > 1; reference US_xRM: 77.2, 3.27%)
  US_xSB_GFDL_ESM4_historical  306600 h  N 0.00-1.00  PARBmax  346.0  Rswmax  989.1  band resid max 113.3 W/m2 (1.99% of hours > 1; reference US_xRM: 77.2, 3.27%)
  US_xSB_IPSL_CM6A_LR_historical  306816 h  N 0.00-1.00  PARBmax  346.0  Rswmax  982.9  band resid max 113.6 W/m2 (2.00% of hours > 1; reference US_xRM: 77.2, 3.27%)
  US_xSB_MPI_ESM1_2_HR_historical  306816 h  N 0.00-1.00  PARBmax  336.4  Rswmax  979.6  band resid max 112.2 W/m2 (2.00% of hours > 1; reference US_xRM: 77.2, 3.27%)
  US_xSC_GFDL_ESM4_historical  306600 h  N 0.00-1.00  PARBmax  335.2  Rswmax  966.7  band resid max 119.9 W/m2 (2.01% of hours > 1; reference US_xRM: 77.2, 3.27%)
  US_xSC_IPSL_CM6A_LR_historical  306816 h  N 0.00-1.00  PARBmax  325.5  Rswmax  958.1  band resid max 123.5 W/m2 (2.01% of hours > 1; reference US_xRM: 77.2, 3.27%)
  US_xSC_MPI_ESM1_2_HR_historical  306816 h  N 0.00-1.00  PARBmax  334.3  Rswmax  969.3  band resid max 116.8 W/m2 (2.01% of hours > 1; reference US_xRM: 77.2, 3.27%)
  US_xSE_GFDL_ESM4_historical  306600 h  N 0.00-1.00  PARBmax  326.2  Rswmax  952.7  band resid max 115.6 W/m2 (2.23% of hours > 1; reference US_xRM: 77.2, 3.27%)
  US_xSE_IPSL_CM6A_LR_historical  306816 h  N 0.00-1.00  PARBmax  326.6  Rswmax  961.5  band resid max 117.5 W/m2 (2.23% of hours > 1; reference US_xRM: 77.2, 3.27%)
  US_xSE_MPI_ESM1_2_HR_historical  306816 h  N 0.00-1.00  PARBmax  332.9  Rswmax  962.4  band resid max 111.7 W/m2 (2.23% of hours > 1; reference US_xRM: 77.2, 3.27%)
  US_xSP_GFDL_ESM4_historical  306600 h  N 0.00-1.00  PARBmax  371.3  Rswmax 1083.6  band resid max 121.0 W/m2 (1.97% of hours > 1; reference US_xRM: 77.2, 3.27%)
  US_xSP_IPSL_CM6A_LR_historical  306816 h  N 0.00-1.00  PARBmax  372.8  Rswmax 1085.7  band resid max 122.7 W/m2 (1.97% of hours > 1; reference US_xRM: 77.2, 3.27%)
  US_xSP_MPI_ESM1_2_HR_historical  306816 h  N 0.00-1.00  PARBmax  374.1  Rswmax 1081.2  band resid max 122.3 W/m2 (1.97% of hours > 1; reference US_xRM: 77.2, 3.27%)
  US_xST_GFDL_ESM4_historical  306600 h  N 0.00-1.00  PARBmax  324.9  Rswmax  961.1  band resid max 108.5 W/m2 (2.12% of hours > 1; reference US_xRM: 77.2, 3.27%)
  US_xST_IPSL_CM6A_LR_historical  306816 h  N 0.00-1.00  PARBmax  322.0  Rswmax  962.5  band resid max 103.9 W/m2 (2.12% of hours > 1; reference US_xRM: 77.2, 3.27%)
  US_xST_MPI_ESM1_2_HR_historical  306816 h  N 0.00-1.00  PARBmax  324.1  Rswmax  963.4  band resid max 107.1 W/m2 (2.11% of hours > 1; reference US_xRM: 77.2, 3.27%)
  US_xTA_GFDL_ESM4_historical  306600 h  N 0.00-1.00  PARBmax  355.5  Rswmax 1026.8  band resid max 120.5 W/m2 (1.42% of hours > 1; reference US_xRM: 77.2, 3.27%)
  US_xTA_IPSL_CM6A_LR_historical  306816 h  N 0.00-1.00  PARBmax  352.2  Rswmax 1019.4  band resid max 118.6 W/m2 (1.43% of hours > 1; reference US_xRM: 77.2, 3.27%)
  US_xTA_MPI_ESM1_2_HR_historical  306816 h  N 0.00-1.00  PARBmax  356.7  Rswmax 1030.0  band resid max 117.3 W/m2 (1.43% of hours > 1; reference US_xRM: 77.2, 3.27%)
  US_xTE_GFDL_ESM4_historical  306600 h  N 0.00-1.00  PARBmax  368.9  Rswmax 1084.1  band resid max 123.6 W/m2 (1.94% of hours > 1; reference US_xRM: 77.2, 3.27%)
  US_xTE_IPSL_CM6A_LR_historical  306816 h  N 0.00-1.00  PARBmax  372.0  Rswmax 1086.7  band resid max 122.1 W/m2 (1.94% of hours > 1; reference US_xRM: 77.2, 3.27%)
  US_xTE_MPI_ESM1_2_HR_historical  306816 h  N 0.00-1.00  PARBmax  370.5  Rswmax 1082.1  band resid max 125.0 W/m2 (1.94% of hours > 1; reference US_xRM: 77.2, 3.27%)
  US_xTR_GFDL_ESM4_historical  306600 h  N 0.00-1.00  PARBmax  325.7  Rswmax  961.7  band resid max 109.3 W/m2 (2.12% of hours > 1; reference US_xRM: 77.2, 3.27%)
  US_xTR_IPSL_CM6A_LR_historical  306816 h  N 0.00-1.00  PARBmax  322.5  Rswmax  964.0  band resid max 104.7 W/m2 (2.12% of hours > 1; reference US_xRM: 77.2, 3.27%)
  US_xTR_MPI_ESM1_2_HR_historical  306816 h  N 0.00-1.00  PARBmax  324.8  Rswmax  963.2  band resid max 108.1 W/m2 (2.11% of hours > 1; reference US_xRM: 77.2, 3.27%)
  US_xUK_GFDL_ESM4_historical  306600 h  N 0.00-1.00  PARBmax  357.3  Rswmax 1017.9  band resid max 115.2 W/m2 (2.08% of hours > 1; reference US_xRM: 77.2, 3.27%)
  US_xUK_IPSL_CM6A_LR_historical  306816 h  N 0.00-1.00  PARBmax  351.5  Rswmax 1012.0  band resid max 111.9 W/m2 (2.08% of hours > 1; reference US_xRM: 77.2, 3.27%)
  US_xUK_MPI_ESM1_2_HR_historical  306816 h  N 0.00-1.00  PARBmax  356.3  Rswmax 1014.0  band resid max 113.0 W/m2 (2.08% of hours > 1; reference US_xRM: 77.2, 3.27%)
  US_xWR_GFDL_ESM4_historical  306600 h  N 0.00-1.00  PARBmax  341.4  Rswmax 1014.4  band resid max 101.5 W/m2 (1.83% of hours > 1; reference US_xRM: 77.2, 3.27%)
  US_xWR_IPSL_CM6A_LR_historical  306816 h  N 0.00-1.00  PARBmax  340.6  Rswmax 1009.6  band resid max 101.7 W/m2 (1.84% of hours > 1; reference US_xRM: 77.2, 3.27%)
  US_xWR_MPI_ESM1_2_HR_historical  306816 h  N 0.00-1.00  PARBmax  341.6  Rswmax 1012.3  band resid max 102.7 W/m2 (1.84% of hours > 1; reference US_xRM: 77.2, 3.27%)
  US_xYE_GFDL_ESM4_historical  306600 h  N 0.00-1.00  PARBmax  350.7  Rswmax 1019.2  band resid max 116.8 W/m2 (1.77% of hours > 1; reference US_xRM: 77.2, 3.27%)
  US_xYE_IPSL_CM6A_LR_historical  306816 h  N 0.00-1.00  PARBmax  350.2  Rswmax 1022.4  band resid max 116.2 W/m2 (1.77% of hours > 1; reference US_xRM: 77.2, 3.27%)
  US_xYE_MPI_ESM1_2_HR_historical  306816 h  N 0.00-1.00  PARBmax  347.4  Rswmax 1014.0  band resid max 114.9 W/m2 (1.77% of hours > 1; reference US_xRM: 77.2, 3.27%)

303/303 written to /vol_efthymios/NFS07/dd1136/T_and_C/input_data/gcm_meteo/historical/
  partition: ssp126 -> 2015_2100  (454 file(s))
t_bef/t_aft = 0/1 -- imposed (constructed hourly series)
454 raw file(s) in /vol_efthymios/NFS07/dd1136/T_and_C/input_data/gcm_meteo/ssp126/

  US_Bar_GFDL_ESM4_ssp126  753360 h  N 0.00-1.00  PARBmax  330.8  Rswmax  990.7  band resid max 108.7 W/m2 (2.68% of hours > 1; reference US_xRM: 77.2, 3.27%)
  US_Bar_IPSL_CM6A_LR_ssp126  753864 h  N 0.00-1.00  PARBmax  332.0  Rswmax  982.2  band resid max 110.8 W/m2 (2.68% of hours > 1; reference US_xRM: 77.2, 3.27%)
  US_Bar_MPI_ESM1_2_HR_ssp126  753864 h  N 0.00-1.00  PARBmax  339.7  Rswmax  995.2  band resid max 107.4 W/m2 (2.68% of hours > 1; reference US_xRM: 77.2, 3.27%)
  US_Bar_MRI_ESM2_0_ssp126  753864 h  N 0.00-1.00  PARBmax  335.1  Rswmax  989.5  band resid max 104.6 W/m2 (2.68% of hours > 1; reference US_xRM: 77.2, 3.27%)
  US_Bar_UKESM1_0_LL_ssp126  743040 h  N 0.00-1.00  PARBmax  335.9  Rswmax  989.9  band resid max 103.9 W/m2 (2.69% of hours > 1; reference US_xRM: 77.2, 3.27%)
  US_Blk_GFDL_ESM4_ssp126  753360 h  N 0.00-1.00  PARBmax  341.1  Rswmax  992.4  band resid max 114.3 W/m2 (2.28% of hours > 1; reference US_xRM: 77.2, 3.27%)
  US_Blk_IPSL_CM6A_LR_ssp126  753864 h  N 0.00-1.00  PARBmax  338.3  Rswmax  991.0  band resid max 113.8 W/m2 (2.28% of hours > 1; reference US_xRM: 77.2, 3.27%)
  US_Blk_MPI_ESM1_2_HR_ssp126  753864 h  N 0.00-1.00  PARBmax  341.5  Rswmax  992.1  band resid max 113.1 W/m2 (2.28% of hours > 1; reference US_xRM: 77.2, 3.27%)
  US_Blk_MRI_ESM2_0_ssp126  753864 h  N 0.00-1.00  PARBmax  338.6  Rswmax  989.4  band resid max 114.1 W/m2 (2.28% of hours > 1; reference US_xRM: 77.2, 3.27%)
  US_CPF_GFDL_ESM4_ssp126  753360 h  N 0.00-1.00  PARBmax  364.4  Rswmax 1053.5  band resid max 126.9 W/m2 (1.96% of hours > 1; reference US_xRM: 77.2, 3.27%)
  US_CPF_IPSL_CM6A_LR_ssp126  753864 h  N 0.00-1.00  PARBmax  364.6  Rswmax 1056.2  band resid max 126.0 W/m2 (1.96% of hours > 1; reference US_xRM: 77.2, 3.27%)
  US_CPF_MPI_ESM1_2_HR_ssp126  753864 h  N 0.00-1.00  PARBmax  364.0  Rswmax 1053.8  band resid max 123.8 W/m2 (1.96% of hours > 1; reference US_xRM: 77.2, 3.27%)
  US_CPF_UKESM1_0_LL_ssp126  743040 h  N 0.00-1.00  PARBmax  361.6  Rswmax 1047.6  band resid max 122.5 W/m2 (1.96% of hours > 1; reference US_xRM: 77.2, 3.27%)
  US_CPk_GFDL_ESM4_ssp126  753360 h  N 0.00-1.00  PARBmax  362.5  Rswmax 1046.5  band resid max 122.0 W/m2 (1.83% of hours > 1; reference US_xRM: 77.2, 3.27%)
  US_CPk_IPSL_CM6A_LR_ssp126  753864 h  N 0.00-1.00  PARBmax  362.5  Rswmax 1047.1  band resid max 122.4 W/m2 (1.83% of hours > 1; reference US_xRM: 77.2, 3.27%)
  US_CPk_MPI_ESM1_2_HR_ssp126  753864 h  N 0.00-1.00  PARBmax  363.5  Rswmax 1046.7  band resid max 118.7 W/m2 (1.83% of hours > 1; reference US_xRM: 77.2, 3.27%)
  US_CPk_MRI_ESM2_0_ssp126  753864 h  N 0.00-1.00  PARBmax  359.7  Rswmax 1044.2  band resid max 117.8 W/m2 (1.83% of hours > 1; reference US_xRM: 77.2, 3.27%)
  US_CPk_UKESM1_0_LL_ssp126  743040 h  N 0.00-1.00  PARBmax  359.5  Rswmax 1041.6  band resid max 118.5 W/m2 (1.82% of hours > 1; reference US_xRM: 77.2, 3.27%)
  US_CRK_GFDL_ESM4_ssp126  753360 h  N 0.00-1.00  PARBmax  373.5  Rswmax 1058.9  band resid max 124.9 W/m2 (2.55% of hours > 1; reference US_xRM: 77.2, 3.27%)
  US_CRK_IPSL_CM6A_LR_ssp126  753864 h  N 0.00-1.00  PARBmax  366.2  Rswmax 1042.4  band resid max 122.3 W/m2 (2.55% of hours > 1; reference US_xRM: 77.2, 3.27%)
  US_CRK_MPI_ESM1_2_HR_ssp126  753864 h  N 0.00-1.00  PARBmax  376.3  Rswmax 1073.4  band resid max 127.4 W/m2 (2.55% of hours > 1; reference US_xRM: 77.2, 3.27%)
  US_CRK_MRI_ESM2_0_ssp126  753864 h  N 0.00-1.00  PARBmax  365.5  Rswmax 1042.2  band resid max 122.0 W/m2 (2.55% of hours > 1; reference US_xRM: 77.2, 3.27%)
  US_CRK_UKESM1_0_LL_ssp126  743040 h  N 0.00-1.00  PARBmax  368.0  Rswmax 1060.8  band resid max 125.4 W/m2 (2.54% of hours > 1; reference US_xRM: 77.2, 3.27%)
  US_CS2_GFDL_ESM4_ssp126  753360 h  N 0.00-1.00  PARBmax  333.0  Rswmax  980.2  band resid max 107.5 W/m2 (2.15% of hours > 1; reference US_xRM: 77.2, 3.27%)
  US_CS2_IPSL_CM6A_LR_ssp126  753864 h  N 0.00-1.00  PARBmax  328.4  Rswmax  971.5  band resid max 109.1 W/m2 (2.15% of hours > 1; reference US_xRM: 77.2, 3.27%)
  US_CS2_MPI_ESM1_2_HR_ssp126  753864 h  N 0.00-1.00  PARBmax  336.3  Rswmax  989.8  band resid max 108.2 W/m2 (2.15% of hours > 1; reference US_xRM: 77.2, 3.27%)
  US_CS2_MRI_ESM2_0_ssp126  753864 h  N 0.00-1.00  PARBmax  330.6  Rswmax  974.7  band resid max 105.9 W/m2 (2.15% of hours > 1; reference US_xRM: 77.2, 3.27%)
  US_CS2_UKESM1_0_LL_ssp126  743040 h  N 0.00-1.00  PARBmax  330.6  Rswmax  977.2  band resid max 105.2 W/m2 (2.13% of hours > 1; reference US_xRM: 77.2, 3.27%)
  US_CZ2_GFDL_ESM4_ssp126  753360 h  N 0.00-1.00  PARBmax  373.6  Rswmax 1087.2  band resid max 121.9 W/m2 (1.97% of hours > 1; reference US_xRM: 77.2, 3.27%)
  US_CZ2_MPI_ESM1_2_HR_ssp126  753864 h  N 0.00-1.00  PARBmax  373.7  Rswmax 1083.4  band resid max 121.4 W/m2 (1.97% of hours > 1; reference US_xRM: 77.2, 3.27%)
  US_CZ2_UKESM1_0_LL_ssp126  743040 h  N 0.00-1.00  PARBmax  374.3  Rswmax 1085.9  band resid max 125.3 W/m2 (1.97% of hours > 1; reference US_xRM: 77.2, 3.27%)
  US_CZ3_GFDL_ESM4_ssp126  753360 h  N 0.00-1.00  PARBmax  371.1  Rswmax 1087.2  band resid max 121.3 W/m2 (1.95% of hours > 1; reference US_xRM: 77.2, 3.27%)
  US_CZ3_MPI_ESM1_2_HR_ssp126  753864 h  N 0.00-1.00  PARBmax  371.0  Rswmax 1085.0  band resid max 120.7 W/m2 (1.95% of hours > 1; reference US_xRM: 77.2, 3.27%)
  US_CZ3_UKESM1_0_LL_ssp126  743040 h  N 0.00-1.00  PARBmax  371.2  Rswmax 1083.4  band resid max 124.4 W/m2 (1.95% of hours > 1; reference US_xRM: 77.2, 3.27%)
  US_CZ4_GFDL_ESM4_ssp126  753360 h  N 0.00-1.00  PARBmax  370.5  Rswmax 1087.5  band resid max 123.5 W/m2 (1.93% of hours > 1; reference US_xRM: 77.2, 3.27%)
  US_CZ4_MPI_ESM1_2_HR_ssp126  753864 h  N 0.00-1.00  PARBmax  369.8  Rswmax 1088.4  band resid max 125.4 W/m2 (1.93% of hours > 1; reference US_xRM: 77.2, 3.27%)
  US_CZ4_UKESM1_0_LL_ssp126  743040 h  N 0.00-1.00  PARBmax  370.7  Rswmax 1084.5  band resid max 127.6 W/m2 (1.93% of hours > 1; reference US_xRM: 77.2, 3.27%)
  US_ChR_GFDL_ESM4_ssp126  753360 h  N 0.00-1.00  PARBmax  346.5  Rswmax 1002.4  band resid max 120.3 W/m2 (1.77% of hours > 1; reference US_xRM: 77.2, 3.27%)
  US_ChR_IPSL_CM6A_LR_ssp126  753864 h  N 0.00-1.00  PARBmax  346.9  Rswmax  991.6  band resid max 118.7 W/m2 (1.77% of hours > 1; reference US_xRM: 77.2, 3.27%)
  US_ChR_MPI_ESM1_2_HR_ssp126  753864 h  N 0.00-1.00  PARBmax  357.7  Rswmax 1016.9  band resid max 120.8 W/m2 (1.77% of hours > 1; reference US_xRM: 77.2, 3.27%)
  US_ChR_MRI_ESM2_0_ssp126  753864 h  N 0.00-1.00  PARBmax  346.5  Rswmax  994.9  band resid max 116.7 W/m2 (1.77% of hours > 1; reference US_xRM: 77.2, 3.27%)
  US_ChR_UKESM1_0_LL_ssp126  743040 h  N 0.00-1.00  PARBmax  346.3  Rswmax  995.5  band resid max 113.9 W/m2 (1.75% of hours > 1; reference US_xRM: 77.2, 3.27%)
  US_Cst_GFDL_ESM4_ssp126  753360 h  N 0.00-1.00  PARBmax  368.5  Rswmax 1049.0  band resid max 123.0 W/m2 (2.70% of hours > 1; reference US_xRM: 77.2, 3.27%)
  US_Cst_IPSL_CM6A_LR_ssp126  753864 h  N 0.00-1.00  PARBmax  363.9  Rswmax 1037.3  band resid max 117.8 W/m2 (2.69% of hours > 1; reference US_xRM: 77.2, 3.27%)
  US_Cst_MPI_ESM1_2_HR_ssp126  753864 h  N 0.00-1.00  PARBmax  376.7  Rswmax 1054.8  band resid max 124.1 W/m2 (2.70% of hours > 1; reference US_xRM: 77.2, 3.27%)
  US_Cst_MRI_ESM2_0_ssp126  753864 h  N 0.00-1.00  PARBmax  361.0  Rswmax 1038.1  band resid max 119.7 W/m2 (2.70% of hours > 1; reference US_xRM: 77.2, 3.27%)
  US_Cst_UKESM1_0_LL_ssp126  743040 h  N 0.00-1.00  PARBmax  369.1  Rswmax 1037.1  band resid max 121.5 W/m2 (2.70% of hours > 1; reference US_xRM: 77.2, 3.27%)
  US_Cwt_GFDL_ESM4_ssp126  753360 h  N 0.00-1.00  PARBmax  347.1  Rswmax 1002.5  band resid max 120.3 W/m2 (1.89% of hours > 1; reference US_xRM: 77.2, 3.27%)
  US_Cwt_IPSL_CM6A_LR_ssp126  753864 h  N 0.00-1.00  PARBmax  346.8  Rswmax  991.2  band resid max 120.4 W/m2 (1.90% of hours > 1; reference US_xRM: 77.2, 3.27%)
  US_Cwt_MPI_ESM1_2_HR_ssp126  753864 h  N 0.00-1.00  PARBmax  353.1  Rswmax 1008.5  band resid max 120.1 W/m2 (1.90% of hours > 1; reference US_xRM: 77.2, 3.27%)
  US_Cwt_MRI_ESM2_0_ssp126  753864 h  N 0.00-1.00  PARBmax  346.5  Rswmax  998.5  band resid max 118.2 W/m2 (1.90% of hours > 1; reference US_xRM: 77.2, 3.27%)
  US_Cwt_UKESM1_0_LL_ssp126  743040 h  N 0.00-1.00  PARBmax  344.3  Rswmax  994.7  band resid max 117.3 W/m2 (1.88% of hours > 1; reference US_xRM: 77.2, 3.27%)
  US_DPP_GFDL_ESM4_ssp126  753360 h  N 0.00-1.00  PARBmax  348.3  Rswmax  983.5  band resid max 117.4 W/m2 (1.90% of hours > 1; reference US_xRM: 77.2, 3.27%)
  US_DPP_IPSL_CM6A_LR_ssp126  753864 h  N 0.00-1.00  PARBmax  344.1  Rswmax  992.6  band resid max 114.9 W/m2 (1.91% of hours > 1; reference US_xRM: 77.2, 3.27%)
  US_DPP_MPI_ESM1_2_HR_ssp126  753864 h  N 0.00-1.00  PARBmax  344.5  Rswmax  991.6  band resid max 114.9 W/m2 (1.91% of hours > 1; reference US_xRM: 77.2, 3.27%)
  US_DPP_MRI_ESM2_0_ssp126  753864 h  N 0.00-1.00  PARBmax  341.5  Rswmax  979.1  band resid max 115.4 W/m2 (1.90% of hours > 1; reference US_xRM: 77.2, 3.27%)
  US_DPP_UKESM1_0_LL_ssp126  743040 h  N 0.00-1.00  PARBmax  345.9  Rswmax  975.6  band resid max 116.5 W/m2 (1.89% of hours > 1; reference US_xRM: 77.2, 3.27%)
  US_Dk2_GFDL_ESM4_ssp126  753360 h  N 0.00-1.00  PARBmax  341.1  Rswmax  963.1  band resid max 113.4 W/m2 (2.85% of hours > 1; reference US_xRM: 77.2, 3.27%)
  US_Dk2_IPSL_CM6A_LR_ssp126  753864 h  N 0.00-1.00  PARBmax  327.4  Rswmax  957.3  band resid max 113.6 W/m2 (2.85% of hours > 1; reference US_xRM: 77.2, 3.27%)
  US_Dk2_MPI_ESM1_2_HR_ssp126  753864 h  N 0.00-1.00  PARBmax  348.7  Rswmax  974.1  band resid max 114.4 W/m2 (2.85% of hours > 1; reference US_xRM: 77.2, 3.27%)
  US_Dk2_MRI_ESM2_0_ssp126  753864 h  N 0.00-1.00  PARBmax  330.7  Rswmax  962.1  band resid max 112.7 W/m2 (2.85% of hours > 1; reference US_xRM: 77.2, 3.27%)
  US_Dk2_UKESM1_0_LL_ssp126  743040 h  N 0.00-1.00  PARBmax  327.1  Rswmax  964.0  band resid max 112.0 W/m2 (2.85% of hours > 1; reference US_xRM: 77.2, 3.27%)
  US_Dk3_GFDL_ESM4_ssp126  753360 h  N 0.00-1.00  PARBmax  341.0  Rswmax  963.1  band resid max 117.8 W/m2 (2.88% of hours > 1; reference US_xRM: 77.2, 3.27%)
  US_Dk3_IPSL_CM6A_LR_ssp126  753864 h  N 0.00-1.00  PARBmax  327.4  Rswmax  957.3  band resid max 118.5 W/m2 (2.87% of hours > 1; reference US_xRM: 77.2, 3.27%)
  US_Dk3_MPI_ESM1_2_HR_ssp126  753864 h  N 0.00-1.00  PARBmax  348.6  Rswmax  974.1  band resid max 117.4 W/m2 (2.87% of hours > 1; reference US_xRM: 77.2, 3.27%)
  US_Dk3_MRI_ESM2_0_ssp126  753864 h  N 0.00-1.00  PARBmax  330.7  Rswmax  962.0  band resid max 116.3 W/m2 (2.87% of hours > 1; reference US_xRM: 77.2, 3.27%)
  US_Dk3_UKESM1_0_LL_ssp126  743040 h  N 0.00-1.00  PARBmax  327.1  Rswmax  963.9  band resid max 116.4 W/m2 (2.87% of hours > 1; reference US_xRM: 77.2, 3.27%)
  US_Fmf_GFDL_ESM4_ssp126  753360 h  N 0.00-1.00  PARBmax  373.9  Rswmax 1096.0  band resid max 127.8 W/m2 (2.23% of hours > 1; reference US_xRM: 77.2, 3.27%)
  US_Fmf_IPSL_CM6A_LR_ssp126  753864 h  N 0.00-1.00  PARBmax  372.1  Rswmax 1084.2  band resid max 128.8 W/m2 (2.23% of hours > 1; reference US_xRM: 77.2, 3.27%)
  US_Fmf_MPI_ESM1_2_HR_ssp126  753864 h  N 0.00-1.00  PARBmax  371.1  Rswmax 1087.3  band resid max 128.7 W/m2 (2.23% of hours > 1; reference US_xRM: 77.2, 3.27%)
  US_Fmf_UKESM1_0_LL_ssp126  743040 h  N 0.00-1.00  PARBmax  373.0  Rswmax 1079.6  band resid max 124.8 W/m2 (2.23% of hours > 1; reference US_xRM: 77.2, 3.27%)
  partition: ssp585 -> 2015_2100  (456 file(s))
t_bef/t_aft = 0/1 -- imposed (constructed hourly series)
456 raw file(s) in /vol_efthymios/NFS07/dd1136/T_and_C/input_data/gcm_meteo/ssp585/

  US_Bar_GFDL_ESM4_ssp585  753360 h  N 0.00-1.00  PARBmax  330.3  Rswmax  985.8  band resid max 107.4 W/m2 (2.68% of hours > 1; reference US_xRM: 77.2, 3.27%)
  US_Bar_IPSL_CM6A_LR_ssp585  753864 h  N 0.00-1.00  PARBmax  330.3  Rswmax  979.0  band resid max 109.6 W/m2 (2.68% of hours > 1; reference US_xRM: 77.2, 3.27%)
  US_Bar_MPI_ESM1_2_HR_ssp585  753864 h  N 0.00-1.00  PARBmax  336.8  Rswmax  992.8  band resid max 108.4 W/m2 (2.68% of hours > 1; reference US_xRM: 77.2, 3.27%)
  US_Bar_MRI_ESM2_0_ssp585  753864 h  N 0.00-1.00  PARBmax  326.9  Rswmax  978.6  band resid max 104.2 W/m2 (2.68% of hours > 1; reference US_xRM: 77.2, 3.27%)
  US_Bar_UKESM1_0_LL_ssp585  743040 h  N 0.00-1.00  PARBmax  331.4  Rswmax  989.3  band resid max 104.1 W/m2 (2.69% of hours > 1; reference US_xRM: 77.2, 3.27%)
  US_Blk_GFDL_ESM4_ssp585  753360 h  N 0.00-1.00  PARBmax  341.3  Rswmax  993.7  band resid max 113.2 W/m2 (2.28% of hours > 1; reference US_xRM: 77.2, 3.27%)
  US_Blk_IPSL_CM6A_LR_ssp585  753864 h  N 0.00-1.00  PARBmax  338.4  Rswmax  986.0  band resid max 115.1 W/m2 (2.28% of hours > 1; reference US_xRM: 77.2, 3.27%)
  US_Blk_MPI_ESM1_2_HR_ssp585  753864 h  N 0.00-1.00  PARBmax  340.7  Rswmax  996.0  band resid max 113.3 W/m2 (2.28% of hours > 1; reference US_xRM: 77.2, 3.27%)
  US_CPF_GFDL_ESM4_ssp585  753360 h  N 0.00-1.00  PARBmax  363.6  Rswmax 1053.4  band resid max 126.5 W/m2 (1.96% of hours > 1; reference US_xRM: 77.2, 3.27%)
  US_CPF_IPSL_CM6A_LR_ssp585  753864 h  N 0.00-1.00  PARBmax  367.1  Rswmax 1054.3  band resid max 127.4 W/m2 (1.96% of hours > 1; reference US_xRM: 77.2, 3.27%)
  US_CPF_MPI_ESM1_2_HR_ssp585  753864 h  N 0.00-1.00  PARBmax  365.1  Rswmax 1055.1  band resid max 124.0 W/m2 (1.96% of hours > 1; reference US_xRM: 77.2, 3.27%)
  US_CPF_UKESM1_0_LL_ssp585  743040 h  N 0.00-1.00  PARBmax  363.3  Rswmax 1053.9  band resid max 121.3 W/m2 (1.96% of hours > 1; reference US_xRM: 77.2, 3.27%)
  US_CPk_GFDL_ESM4_ssp585  753360 h  N 0.00-1.00  PARBmax  360.5  Rswmax 1041.8  band resid max 121.9 W/m2 (1.83% of hours > 1; reference US_xRM: 77.2, 3.27%)
  US_CPk_MPI_ESM1_2_HR_ssp585  753864 h  N 0.00-1.00  PARBmax  361.0  Rswmax 1044.3  band resid max 117.8 W/m2 (1.83% of hours > 1; reference US_xRM: 77.2, 3.27%)
  US_CPk_UKESM1_0_LL_ssp585  743040 h  N 0.00-1.00  PARBmax  361.8  Rswmax 1044.1  band resid max 118.0 W/m2 (1.82% of hours > 1; reference US_xRM: 77.2, 3.27%)
  US_CRK_GFDL_ESM4_ssp585  753360 h  N 0.00-1.00  PARBmax  370.3  Rswmax 1046.5  band resid max 123.9 W/m2 (2.55% of hours > 1; reference US_xRM: 77.2, 3.27%)
  US_CRK_IPSL_CM6A_LR_ssp585  753864 h  N 0.00-1.00  PARBmax  365.9  Rswmax 1047.5  band resid max 122.1 W/m2 (2.55% of hours > 1; reference US_xRM: 77.2, 3.27%)
  US_CRK_MPI_ESM1_2_HR_ssp585  753864 h  N 0.00-1.00  PARBmax  377.7  Rswmax 1075.1  band resid max 124.7 W/m2 (2.55% of hours > 1; reference US_xRM: 77.2, 3.27%)
  US_CRK_MRI_ESM2_0_ssp585  753864 h  N 0.00-1.00  PARBmax  364.6  Rswmax 1046.0  band resid max 121.6 W/m2 (2.55% of hours > 1; reference US_xRM: 77.2, 3.27%)
  US_CRK_UKESM1_0_LL_ssp585  743040 h  N 0.00-1.00  PARBmax  364.4  Rswmax 1054.4  band resid max 121.0 W/m2 (2.54% of hours > 1; reference US_xRM: 77.2, 3.27%)
  US_CS2_GFDL_ESM4_ssp585  753360 h  N 0.00-1.00  PARBmax  329.0  Rswmax  973.5  band resid max 106.5 W/m2 (2.15% of hours > 1; reference US_xRM: 77.2, 3.27%)
  US_CS2_IPSL_CM6A_LR_ssp585  753864 h  N 0.00-1.00  PARBmax  330.8  Rswmax  964.5  band resid max 105.0 W/m2 (2.15% of hours > 1; reference US_xRM: 77.2, 3.27%)
  US_CS2_MPI_ESM1_2_HR_ssp585  753864 h  N 0.00-1.00  PARBmax  337.7  Rswmax  982.5  band resid max 110.5 W/m2 (2.15% of hours > 1; reference US_xRM: 77.2, 3.27%)
  US_CS2_MRI_ESM2_0_ssp585  753864 h  N 0.00-1.00  PARBmax  328.7  Rswmax  965.9  band resid max 104.9 W/m2 (2.15% of hours > 1; reference US_xRM: 77.2, 3.27%)
  US_CS2_UKESM1_0_LL_ssp585  743040 h  N 0.00-1.00  PARBmax  328.2  Rswmax  969.2  band resid max 104.1 W/m2 (2.13% of hours > 1; reference US_xRM: 77.2, 3.27%)
  US_CZ2_GFDL_ESM4_ssp585  753360 h  N 0.00-1.00  PARBmax  373.1  Rswmax 1077.3  band resid max 120.1 W/m2 (1.97% of hours > 1; reference US_xRM: 77.2, 3.27%)
  US_CZ2_MPI_ESM1_2_HR_ssp585  753864 h  N 0.00-1.00  PARBmax  372.8  Rswmax 1082.1  band resid max 122.4 W/m2 (1.97% of hours > 1; reference US_xRM: 77.2, 3.27%)
  US_CZ2_MRI_ESM2_0_ssp585  753864 h  N 0.00-1.00  PARBmax  373.3  Rswmax 1087.8  band resid max 122.6 W/m2 (1.97% of hours > 1; reference US_xRM: 77.2, 3.27%)
  US_CZ3_GFDL_ESM4_ssp585  753360 h  N 0.00-1.00  PARBmax  370.2  Rswmax 1078.5  band resid max 119.6 W/m2 (1.95% of hours > 1; reference US_xRM: 77.2, 3.27%)
  US_CZ3_MPI_ESM1_2_HR_ssp585  753864 h  N 0.00-1.00  PARBmax  370.9  Rswmax 1082.6  band resid max 121.6 W/m2 (1.95% of hours > 1; reference US_xRM: 77.2, 3.27%)
  US_CZ3_MRI_ESM2_0_ssp585  753864 h  N 0.00-1.00  PARBmax  370.2  Rswmax 1089.3  band resid max 122.1 W/m2 (1.95% of hours > 1; reference US_xRM: 77.2, 3.27%)
  US_CZ4_GFDL_ESM4_ssp585  753360 h  N 0.00-1.00  PARBmax  370.2  Rswmax 1079.9  band resid max 122.5 W/m2 (1.93% of hours > 1; reference US_xRM: 77.2, 3.27%)
  US_CZ4_MPI_ESM1_2_HR_ssp585  753864 h  N 0.00-1.00  PARBmax  370.7  Rswmax 1084.3  band resid max 123.9 W/m2 (1.93% of hours > 1; reference US_xRM: 77.2, 3.27%)
  US_CZ4_MRI_ESM2_0_ssp585  753864 h  N 0.00-1.00  PARBmax  369.7  Rswmax 1090.6  band resid max 124.8 W/m2 (1.93% of hours > 1; reference US_xRM: 77.2, 3.27%)
  US_ChR_GFDL_ESM4_ssp585  753360 h  N 0.00-1.00  PARBmax  346.4  Rswmax  994.5  band resid max 121.8 W/m2 (1.76% of hours > 1; reference US_xRM: 77.2, 3.27%)
  US_ChR_IPSL_CM6A_LR_ssp585  753864 h  N 0.00-1.00  PARBmax  341.7  Rswmax  991.3  band resid max 116.3 W/m2 (1.77% of hours > 1; reference US_xRM: 77.2, 3.27%)
  US_ChR_MPI_ESM1_2_HR_ssp585  753864 h  N 0.00-1.00  PARBmax  354.5  Rswmax 1004.3  band resid max 119.5 W/m2 (1.77% of hours > 1; reference US_xRM: 77.2, 3.27%)
  US_ChR_MRI_ESM2_0_ssp585  753864 h  N 0.00-1.00  PARBmax  343.4  Rswmax  992.2  band resid max 116.1 W/m2 (1.77% of hours > 1; reference US_xRM: 77.2, 3.27%)
  US_ChR_UKESM1_0_LL_ssp585  743040 h  N 0.00-1.00  PARBmax  343.9  Rswmax  987.4  band resid max 114.7 W/m2 (1.75% of hours > 1; reference US_xRM: 77.2, 3.27%)
  US_Cst_GFDL_ESM4_ssp585  753360 h  N 0.00-1.00  PARBmax  365.3  Rswmax 1044.0  band resid max 119.0 W/m2 (2.69% of hours > 1; reference US_xRM: 77.2, 3.27%)
  US_Cst_IPSL_CM6A_LR_ssp585  753864 h  N 0.00-1.00  PARBmax  358.7  Rswmax 1018.9  band resid max 117.2 W/m2 (2.69% of hours > 1; reference US_xRM: 77.2, 3.27%)
  US_Cst_MPI_ESM1_2_HR_ssp585  753864 h  N 0.00-1.00  PARBmax  374.8  Rswmax 1050.2  band resid max 121.4 W/m2 (2.70% of hours > 1; reference US_xRM: 77.2, 3.27%)
  US_Cst_MRI_ESM2_0_ssp585  753864 h  N 0.00-1.00  PARBmax  357.8  Rswmax 1027.2  band resid max 118.3 W/m2 (2.70% of hours > 1; reference US_xRM: 77.2, 3.27%)
  US_Cst_UKESM1_0_LL_ssp585  743040 h  N 0.00-1.00  PARBmax  358.5  Rswmax 1034.5  band resid max 120.2 W/m2 (2.70% of hours > 1; reference US_xRM: 77.2, 3.27%)
  US_Cwt_GFDL_ESM4_ssp585  753360 h  N 0.00-1.00  PARBmax  346.2  Rswmax  996.0  band resid max 119.5 W/m2 (1.89% of hours > 1; reference US_xRM: 77.2, 3.27%)
  US_Cwt_IPSL_CM6A_LR_ssp585  753864 h  N 0.00-1.00  PARBmax  341.1  Rswmax  994.8  band resid max 117.4 W/m2 (1.90% of hours > 1; reference US_xRM: 77.2, 3.27%)
  US_Cwt_MPI_ESM1_2_HR_ssp585  753864 h  N 0.00-1.00  PARBmax  352.3  Rswmax 1002.8  band resid max 120.0 W/m2 (1.90% of hours > 1; reference US_xRM: 77.2, 3.27%)
  US_Cwt_MRI_ESM2_0_ssp585  753864 h  N 0.00-1.00  PARBmax  342.8  Rswmax  990.5  band resid max 117.2 W/m2 (1.90% of hours > 1; reference US_xRM: 77.2, 3.27%)
  US_Cwt_UKESM1_0_LL_ssp585  743040 h  N 0.00-1.00  PARBmax  343.9  Rswmax  989.2  band resid max 117.8 W/m2 (1.88% of hours > 1; reference US_xRM: 77.2, 3.27%)
  US_DPP_GFDL_ESM4_ssp585  753360 h  N 0.00-1.00  PARBmax  344.7  Rswmax  972.8  band resid max 117.0 W/m2 (1.90% of hours > 1; reference US_xRM: 77.2, 3.27%)
  US_DPP_IPSL_CM6A_LR_ssp585  753864 h  N 0.00-1.00  PARBmax  343.9  Rswmax  996.9  band resid max 115.0 W/m2 (1.91% of hours > 1; reference US_xRM: 77.2, 3.27%)
  US_DPP_MPI_ESM1_2_HR_ssp585  753864 h  N 0.00-1.00  PARBmax  343.5  Rswmax  979.5  band resid max 115.6 W/m2 (1.91% of hours > 1; reference US_xRM: 77.2, 3.27%)
  US_DPP_MRI_ESM2_0_ssp585  753864 h  N 0.00-1.00  PARBmax  343.8  Rswmax  974.1  band resid max 115.8 W/m2 (1.90% of hours > 1; reference US_xRM: 77.2, 3.27%)
  US_DPP_UKESM1_0_LL_ssp585  743040 h  N 0.00-1.00  PARBmax  343.2  Rswmax  976.2  band resid max 116.4 W/m2 (1.89% of hours > 1; reference US_xRM: 77.2, 3.27%)
  US_Dk2_GFDL_ESM4_ssp585  753360 h  N 0.00-1.00  PARBmax  326.7  Rswmax  962.8  band resid max 112.2 W/m2 (2.85% of hours > 1; reference US_xRM: 77.2, 3.27%)
  US_Dk2_IPSL_CM6A_LR_ssp585  753864 h  N 0.00-1.00  PARBmax  327.4  Rswmax  951.7  band resid max 113.6 W/m2 (2.85% of hours > 1; reference US_xRM: 77.2, 3.27%)
  US_Dk2_MPI_ESM1_2_HR_ssp585  753864 h  N 0.00-1.00  PARBmax  344.1  Rswmax  965.4  band resid max 114.6 W/m2 (2.85% of hours > 1; reference US_xRM: 77.2, 3.27%)
  US_Dk2_MRI_ESM2_0_ssp585  753864 h  N 0.00-1.00  PARBmax  326.2  Rswmax  958.3  band resid max 111.3 W/m2 (2.85% of hours > 1; reference US_xRM: 77.2, 3.27%)
  US_Dk2_UKESM1_0_LL_ssp585  743040 h  N 0.00-1.00  PARBmax  328.9  Rswmax  958.1  band resid max 113.5 W/m2 (2.85% of hours > 1; reference US_xRM: 77.2, 3.27%)
  US_Dk3_GFDL_ESM4_ssp585  753360 h  N 0.00-1.00  PARBmax  326.7  Rswmax  962.8  band resid max 116.8 W/m2 (2.87% of hours > 1; reference US_xRM: 77.2, 3.27%)
  US_Dk3_IPSL_CM6A_LR_ssp585  753864 h  N 0.00-1.00  PARBmax  327.3  Rswmax  951.7  band resid max 117.9 W/m2 (2.87% of hours > 1; reference US_xRM: 77.2, 3.27%)
  US_Dk3_MPI_ESM1_2_HR_ssp585  753864 h  N 0.00-1.00  PARBmax  344.0  Rswmax  965.4  band resid max 117.4 W/m2 (2.87% of hours > 1; reference US_xRM: 77.2, 3.27%)
  US_Dk3_MRI_ESM2_0_ssp585  753864 h  N 0.00-1.00  PARBmax  326.2  Rswmax  958.3  band resid max 116.4 W/m2 (2.87% of hours > 1; reference US_xRM: 77.2, 3.27%)
  US_Dk3_UKESM1_0_LL_ssp585  743040 h  N 0.00-1.00  PARBmax  328.9  Rswmax  958.1  band resid max 117.0 W/m2 (2.87% of hours > 1; reference US_xRM: 77.2, 3.27%)
  US_Fmf_GFDL_ESM4_ssp585  753360 h  N 0.00-1.00  PARBmax  371.6  Rswmax 1084.1  band resid max 126.3 W/m2 (2.23% of hours > 1; reference US_xRM: 77.2, 3.27%)
  US_Fmf_MPI_ESM1_2_HR_ssp585  753864 h  N 0.00-1.00  PARBmax  372.3  Rswmax 1082.8  band resid max 126.3 W/m2 (2.23% of hours > 1; reference US_xRM: 77.2, 3.27%)
  US_Fuf_GFDL_ESM4_ssp585  753360 h  N 0.00-1.00  PARBmax  371.4  Rswmax 1083.4  band resid max 126.9 W/m2 (2.21% of hours > 1; reference US_xRM: 77.2, 3.27%)
  US_Fuf_MPI_ESM1_2_HR_ssp585  753864 h  N 0.00-1.00  PARBmax  371.5  Rswmax 1082.5  band resid max 126.8 W/m2 (2.22% of hours > 1; reference US_xRM: 77.2, 3.27%)
  US_GBT_GFDL_ESM4_ssp585  753360 h  N 0.00-1.00  PARBmax  362.2  Rswmax 1037.2  band resid max 122.3 W/m2 (1.76% of hours > 1; reference US_xRM: 77.2, 3.27%)
  US_GBT_MPI_ESM1_2_HR_ssp585  753864 h  N 0.00-1.00  PARBmax  359.9  Rswmax 1044.6  band resid max 117.4 W/m2 (1.76% of hours > 1; reference US_xRM: 77.2, 3.27%)
  US_GBT_UKESM1_0_LL_ssp585  743040 h  N 0.00-1.00  PARBmax  361.4  Rswmax 1039.3  band resid max 117.8 W/m2 (1.75% of hours > 1; reference US_xRM: 77.2, 3.27%)
  US_GLE_GFDL_ESM4_ssp585  753360 h  N 0.00-1.00  PARBmax  362.2  Rswmax 1037.2  band resid max 122.3 W/m2 (1.76% of hours > 1; reference US_xRM: 77.2, 3.27%)
  US_GLE_MPI_ESM1_2_HR_ssp585  753864 h  N 0.00-1.00  PARBmax  360.0  Rswmax 1044.6  band resid max 117.4 W/m2 (1.76% of hours > 1; reference US_xRM: 77.2, 3.27%)
  US_GLE_UKESM1_0_LL_ssp585  743040 h  N 0.00-1.00  PARBmax  361.4  Rswmax 1039.3  band resid max 117.8 W/m2 (1.75% of hours > 1; reference US_xRM: 77.2, 3.27%)
  US_HB2_GFDL_ESM4_ssp585  753360 h  N 0.00-1.00  PARBmax  332.9  Rswmax  962.6  band resid max 108.3 W/m2 (2.75% of hours > 1; reference US_xRM: 77.2, 3.27%)
  US_HB2_IPSL_CM6A_LR_ssp585  753864 h  N 0.00-1.00  PARBmax  321.1  Rswmax  943.5  band resid max 107.4 W/m2 (2.75% of hours > 1; reference US_xRM: 77.2, 3.27%)
  US_HB2_MPI_ESM1_2_HR_ssp585  753864 h  N 0.00-1.00  PARBmax  338.7  Rswmax  962.7  band resid max 110.7 W/m2 (2.75% of hours > 1; reference US_xRM: 77.2, 3.27%)
  US_HB2_MRI_ESM2_0_ssp585  753864 h  N 0.00-1.00  PARBmax  329.8  Rswmax  949.6  band resid max 109.8 W/m2 (2.75% of hours > 1; reference US_xRM: 77.2, 3.27%)
  US_HB2_UKESM1_0_LL_ssp585  743040 h  N 0.00-1.00  PARBmax  329.9  Rswmax  947.5  band resid max 108.3 W/m2 (2.76% of hours > 1; reference US_xRM: 77.2, 3.27%)
  US_HB3_GFDL_ESM4_ssp585  753360 h  N 0.00-1.00  PARBmax  332.9  Rswmax  962.5  band resid max 108.1 W/m2 (2.74% of hours > 1; reference US_xRM: 77.2, 3.27%)
  US_HB3_IPSL_CM6A_LR_ssp585  753864 h  N 0.00-1.00  PARBmax  321.0  Rswmax  943.4  band resid max 107.3 W/m2 (2.74% of hours > 1; reference US_xRM: 77.2, 3.27%)
  US_HB3_MPI_ESM1_2_HR_ssp585  753864 h  N 0.00-1.00  PARBmax  338.9  Rswmax  962.7  band resid max 110.6 W/m2 (2.74% of hours > 1; reference US_xRM: 77.2, 3.27%)
  US_HB3_MRI_ESM2_0_ssp585  753864 h  N 0.00-1.00  PARBmax  329.8  Rswmax  949.6  band resid max 109.6 W/m2 (2.74% of hours > 1; reference US_xRM: 77.2, 3.27%)
  US_HB3_UKESM1_0_LL_ssp585  743040 h  N 0.00-1.00  PARBmax  329.8  Rswmax  947.4  band resid max 108.2 W/m2 (2.75% of hours > 1; reference US_xRM: 77.2, 3.27%)
  US_HBK_GFDL_ESM4_ssp585  753360 h  N 0.00-1.00  PARBmax  333.4  Rswmax  987.5  band resid max 101.3 W/m2 (2.61% of hours > 1; reference US_xRM: 77.2, 3.27%)
  US_HBK_IPSL_CM6A_LR_ssp585  753864 h  N 0.00-1.00  PARBmax  333.1  Rswmax  973.7  band resid max 103.5 W/m2 (2.62% of hours > 1; reference US_xRM: 77.2, 3.27%)
  US_HBK_MPI_ESM1_2_HR_ssp585  753864 h  N 0.00-1.00  PARBmax  339.9  Rswmax  993.5  band resid max 101.7 W/m2 (2.62% of hours > 1; reference US_xRM: 77.2, 3.27%)
  US_HBK_MRI_ESM2_0_ssp585  753864 h  N 0.00-1.00  PARBmax  329.5  Rswmax  978.7  band resid max  99.0 W/m2 (2.62% of hours > 1; reference US_xRM: 77.2, 3.27%)
  US_HBK_UKESM1_0_LL_ssp585  743040 h  N 0.00-1.00  PARBmax  331.7  Rswmax  989.4  band resid max  98.5 W/m2 (2.62% of hours > 1; reference US_xRM: 77.2, 3.27%)
  US_Ha1_GFDL_ESM4_ssp585  753360 h  N 0.00-1.00  PARBmax  334.3  Rswmax  980.0  band resid max 102.3 W/m2 (2.54% of hours > 1; reference US_xRM: 77.2, 3.27%)
  US_Ha1_IPSL_CM6A_LR_ssp585  753864 h  N 0.00-1.00  PARBmax  338.4  Rswmax  988.1  band resid max 104.3 W/m2 (2.55% of hours > 1; reference US_xRM: 77.2, 3.27%)
  US_Ha1_MPI_ESM1_2_HR_ssp585  753864 h  N 0.00-1.00  PARBmax  346.9  Rswmax 1006.6  band resid max 102.7 W/m2 (2.55% of hours > 1; reference US_xRM: 77.2, 3.27%)
  US_Ha1_MRI_ESM2_0_ssp585  753864 h  N 0.00-1.00  PARBmax  332.7  Rswmax  984.8  band resid max  98.2 W/m2 (2.55% of hours > 1; reference US_xRM: 77.2, 3.27%)
  US_Ha1_UKESM1_0_LL_ssp585  743040 h  N 0.00-1.00  PARBmax  334.7  Rswmax  985.4  band resid max  97.7 W/m2 (2.55% of hours > 1; reference US_xRM: 77.2, 3.27%)
  US_Ha2_GFDL_ESM4_ssp585  753360 h  N 0.00-1.00  PARBmax  334.4  Rswmax  980.0  band resid max 102.4 W/m2 (2.55% of hours > 1; reference US_xRM: 77.2, 3.27%)
  US_Ha2_IPSL_CM6A_LR_ssp585  753864 h  N 0.00-1.00  PARBmax  338.5  Rswmax  988.1  band resid max 104.4 W/m2 (2.55% of hours > 1; reference US_xRM: 77.2, 3.27%)
  US_Ha2_MPI_ESM1_2_HR_ssp585  753864 h  N 0.00-1.00  PARBmax  347.0  Rswmax 1006.6  band resid max 102.8 W/m2 (2.55% of hours > 1; reference US_xRM: 77.2, 3.27%)
  US_Ha2_MRI_ESM2_0_ssp585  753864 h  N 0.00-1.00  PARBmax  332.8  Rswmax  984.8  band resid max  98.3 W/m2 (2.55% of hours > 1; reference US_xRM: 77.2, 3.27%)
  US_Ha2_UKESM1_0_LL_ssp585  743040 h  N 0.00-1.00  PARBmax  334.8  Rswmax  985.4  band resid max  97.8 W/m2 (2.55% of hours > 1; reference US_xRM: 77.2, 3.27%)
  US_Ho1_GFDL_ESM4_ssp585  753360 h  N 0.00-1.00  PARBmax  331.2  Rswmax  984.8  band resid max 102.0 W/m2 (2.19% of hours > 1; reference US_xRM: 77.2, 3.27%)
  US_Ho1_IPSL_CM6A_LR_ssp585  753864 h  N 0.00-1.00  PARBmax  328.9  Rswmax  977.4  band resid max 101.2 W/m2 (2.19% of hours > 1; reference US_xRM: 77.2, 3.27%)
  US_Ho1_MPI_ESM1_2_HR_ssp585  753864 h  N 0.00-1.00  PARBmax  341.6  Rswmax  990.0  band resid max 101.2 W/m2 (2.19% of hours > 1; reference US_xRM: 77.2, 3.27%)
  US_Ho1_MRI_ESM2_0_ssp585  753864 h  N 0.00-1.00  PARBmax  329.6  Rswmax  983.4  band resid max  98.4 W/m2 (2.19% of hours > 1; reference US_xRM: 77.2, 3.27%)
  US_Ho1_UKESM1_0_LL_ssp585  743040 h  N 0.00-1.00  PARBmax  332.9  Rswmax  978.6  band resid max 100.5 W/m2 (2.20% of hours > 1; reference US_xRM: 77.2, 3.27%)
  US_Ho2_GFDL_ESM4_ssp585  753360 h  N 0.00-1.00  PARBmax  331.2  Rswmax  984.8  band resid max 102.1 W/m2 (2.19% of hours > 1; reference US_xRM: 77.2, 3.27%)
  US_Ho2_IPSL_CM6A_LR_ssp585  753864 h  N 0.00-1.00  PARBmax  329.4  Rswmax  977.4  band resid max 101.2 W/m2 (2.19% of hours > 1; reference US_xRM: 77.2, 3.27%)
  US_Ho2_MPI_ESM1_2_HR_ssp585  753864 h  N 0.00-1.00  PARBmax  341.5  Rswmax  990.0  band resid max 101.3 W/m2 (2.20% of hours > 1; reference US_xRM: 77.2, 3.27%)
  US_Ho2_MRI_ESM2_0_ssp585  753864 h  N 0.00-1.00  PARBmax  329.6  Rswmax  983.4  band resid max  98.5 W/m2 (2.19% of hours > 1; reference US_xRM: 77.2, 3.27%)
  US_Ho2_UKESM1_0_LL_ssp585  743040 h  N 0.00-1.00  PARBmax  332.5  Rswmax  978.6  band resid max 100.5 W/m2 (2.20% of hours > 1; reference US_xRM: 77.2, 3.27%)
  US_Ho3_GFDL_ESM4_ssp585  753360 h  N 0.00-1.00  PARBmax  331.2  Rswmax  984.8  band resid max 101.8 W/m2 (2.18% of hours > 1; reference US_xRM: 77.2, 3.27%)
  US_Ho3_IPSL_CM6A_LR_ssp585  753864 h  N 0.00-1.00  PARBmax  328.6  Rswmax  977.4  band resid max 101.0 W/m2 (2.18% of hours > 1; reference US_xRM: 77.2, 3.27%)
  US_Ho3_MPI_ESM1_2_HR_ssp585  753864 h  N 0.00-1.00  PARBmax  341.6  Rswmax  990.0  band resid max 101.0 W/m2 (2.19% of hours > 1; reference US_xRM: 77.2, 3.27%)
  US_Ho3_MRI_ESM2_0_ssp585  753864 h  N 0.00-1.00  PARBmax  329.6  Rswmax  983.4  band resid max  98.2 W/m2 (2.19% of hours > 1; reference US_xRM: 77.2, 3.27%)
  US_Ho3_UKESM1_0_LL_ssp585  743040 h  N 0.00-1.00  PARBmax  332.9  Rswmax  978.6  band resid max 100.3 W/m2 (2.19% of hours > 1; reference US_xRM: 77.2, 3.27%)
  US_LPH_GFDL_ESM4_ssp585  753360 h  N 0.00-1.00  PARBmax  334.5  Rswmax  980.0  band resid max 102.5 W/m2 (2.55% of hours > 1; reference US_xRM: 77.2, 3.27%)
  US_LPH_IPSL_CM6A_LR_ssp585  753864 h  N 0.00-1.00  PARBmax  338.5  Rswmax  988.1  band resid max 104.5 W/m2 (2.55% of hours > 1; reference US_xRM: 77.2, 3.27%)
  US_LPH_MPI_ESM1_2_HR_ssp585  753864 h  N 0.00-1.00  PARBmax  347.1  Rswmax 1006.6  band resid max 102.9 W/m2 (2.56% of hours > 1; reference US_xRM: 77.2, 3.27%)
  US_LPH_MRI_ESM2_0_ssp585  753864 h  N 0.00-1.00  PARBmax  332.8  Rswmax  984.8  band resid max  98.4 W/m2 (2.56% of hours > 1; reference US_xRM: 77.2, 3.27%)
  US_LPH_UKESM1_0_LL_ssp585  743040 h  N 0.00-1.00  PARBmax  334.9  Rswmax  985.4  band resid max  97.9 W/m2 (2.56% of hours > 1; reference US_xRM: 77.2, 3.27%)
  US_MEF_GFDL_ESM4_ssp585  753360 h  N 0.00-1.00  PARBmax  370.2  Rswmax 1071.2  band resid max 126.0 W/m2 (2.07% of hours > 1; reference US_xRM: 77.2, 3.27%)
  US_MEF_IPSL_CM6A_LR_ssp585  753864 h  N 0.00-1.00  PARBmax  375.9  Rswmax 1074.8  band resid max 129.6 W/m2 (2.07% of hours > 1; reference US_xRM: 77.2, 3.27%)
  US_MEF_MPI_ESM1_2_HR_ssp585  753864 h  N 0.00-1.00  PARBmax  372.2  Rswmax 1068.3  band resid max 126.7 W/m2 (2.07% of hours > 1; reference US_xRM: 77.2, 3.27%)
  US_MEF_MRI_ESM2_0_ssp585  753864 h  N 0.00-1.00  PARBmax  364.8  Rswmax 1061.5  band resid max 122.5 W/m2 (2.07% of hours > 1; reference US_xRM: 77.2, 3.27%)
  US_MEF_UKESM1_0_LL_ssp585  743040 h  N 0.00-1.00  PARBmax  370.2  Rswmax 1058.8  band resid max 123.7 W/m2 (2.07% of hours > 1; reference US_xRM: 77.2, 3.27%)
  US_MMS_GFDL_ESM4_ssp585  753360 h  N 0.00-1.00  PARBmax  348.7  Rswmax  991.0  band resid max 113.8 W/m2 (2.18% of hours > 1; reference US_xRM: 77.2, 3.27%)
  US_MMS_IPSL_CM6A_LR_ssp585  753864 h  N 0.00-1.00  PARBmax  342.3  Rswmax  985.5  band resid max 113.4 W/m2 (2.18% of hours > 1; reference US_xRM: 77.2, 3.27%)
  US_MMS_MPI_ESM1_2_HR_ssp585  753864 h  N 0.00-1.00  PARBmax  350.6  Rswmax 1001.3  band resid max 112.5 W/m2 (2.18% of hours > 1; reference US_xRM: 77.2, 3.27%)
  US_MMS_MRI_ESM2_0_ssp585  753864 h  N 0.00-1.00  PARBmax  341.1  Rswmax  984.0  band resid max 108.9 W/m2 (2.18% of hours > 1; reference US_xRM: 77.2, 3.27%)
  US_MMS_UKESM1_0_LL_ssp585  743040 h  N 0.00-1.00  PARBmax  340.5  Rswmax  988.1  band resid max 112.3 W/m2 (2.18% of hours > 1; reference US_xRM: 77.2, 3.27%)
  US_MOz_GFDL_ESM4_ssp585  753360 h  N 0.00-1.00  PARBmax  352.8  Rswmax 1010.1  band resid max 117.6 W/m2 (2.19% of hours > 1; reference US_xRM: 77.2, 3.27%)
  US_MOz_IPSL_CM6A_LR_ssp585  753864 h  N 0.00-1.00  PARBmax  354.0  Rswmax 1011.0  band resid max 112.8 W/m2 (2.19% of hours > 1; reference US_xRM: 77.2, 3.27%)
  US_MOz_MPI_ESM1_2_HR_ssp585  753864 h  N 0.00-1.00  PARBmax  359.9  Rswmax 1027.4  band resid max 118.7 W/m2 (2.19% of hours > 1; reference US_xRM: 77.2, 3.27%)
  US_MOz_MRI_ESM2_0_ssp585  753864 h  N 0.00-1.00  PARBmax  351.1  Rswmax 1012.4  band resid max 114.1 W/m2 (2.19% of hours > 1; reference US_xRM: 77.2, 3.27%)
  US_MOz_UKESM1_0_LL_ssp585  743040 h  N 0.00-1.00  PARBmax  351.3  Rswmax 1012.8  band resid max 118.3 W/m2 (2.19% of hours > 1; reference US_xRM: 77.2, 3.27%)
  US_MRf_GFDL_ESM4_ssp585  753360 h  N 0.00-1.00  PARBmax  349.2  Rswmax 1021.6  band resid max 100.9 W/m2 (1.41% of hours > 1; reference US_xRM: 77.2, 3.27%)
  US_MRf_IPSL_CM6A_LR_ssp585  753864 h  N 0.00-1.00  PARBmax  347.3  Rswmax 1032.6  band resid max  97.4 W/m2 (1.41% of hours > 1; reference US_xRM: 77.2, 3.27%)
  US_MRf_MPI_ESM1_2_HR_ssp585  753864 h  N 0.00-1.00  PARBmax  346.1  Rswmax 1008.4  band resid max 100.6 W/m2 (1.41% of hours > 1; reference US_xRM: 77.2, 3.27%)
  US_MRf_MRI_ESM2_0_ssp585  753864 h  N 0.00-1.00  PARBmax  343.0  Rswmax 1004.5  band resid max 100.2 W/m2 (1.41% of hours > 1; reference US_xRM: 77.2, 3.27%)
  US_MRf_UKESM1_0_LL_ssp585  743040 h  N 0.00-1.00  PARBmax  353.3  Rswmax 1028.3  band resid max 107.1 W/m2 (1.40% of hours > 1; reference US_xRM: 77.2, 3.27%)
  US_Me1_IPSL_CM6A_LR_ssp585  753864 h  N 0.00-1.00  PARBmax  347.9  Rswmax 1027.2  band resid max 103.0 W/m2 (1.81% of hours > 1; reference US_xRM: 77.2, 3.27%)
  US_Me1_MPI_ESM1_2_HR_ssp585  753864 h  N 0.00-1.00  PARBmax  344.9  Rswmax 1017.0  band resid max 103.9 W/m2 (1.81% of hours > 1; reference US_xRM: 77.2, 3.27%)
  US_Me1_MRI_ESM2_0_ssp585  753864 h  N 0.00-1.00  PARBmax  349.5  Rswmax 1013.5  band resid max 103.8 W/m2 (1.81% of hours > 1; reference US_xRM: 77.2, 3.27%)
  US_Me1_UKESM1_0_LL_ssp585  743040 h  N 0.00-1.00  PARBmax  345.7  Rswmax 1020.9  band resid max 109.4 W/m2 (1.80% of hours > 1; reference US_xRM: 77.2, 3.27%)
  US_Me2_IPSL_CM6A_LR_ssp585  753864 h  N 0.00-1.00  PARBmax  352.6  Rswmax 1032.9  band resid max 105.6 W/m2 (1.81% of hours > 1; reference US_xRM: 77.2, 3.27%)
  US_Me2_MPI_ESM1_2_HR_ssp585  753864 h  N 0.00-1.00  PARBmax  349.7  Rswmax 1021.4  band resid max 105.6 W/m2 (1.81% of hours > 1; reference US_xRM: 77.2, 3.27%)
  US_Me2_MRI_ESM2_0_ssp585  753864 h  N 0.00-1.00  PARBmax  354.4  Rswmax 1018.0  band resid max 105.6 W/m2 (1.81% of hours > 1; reference US_xRM: 77.2, 3.27%)
  US_Me2_UKESM1_0_LL_ssp585  743040 h  N 0.00-1.00  PARBmax  349.9  Rswmax 1027.1  band resid max 111.3 W/m2 (1.81% of hours > 1; reference US_xRM: 77.2, 3.27%)
  US_Me4_IPSL_CM6A_LR_ssp585  753864 h  N 0.00-1.00  PARBmax  350.8  Rswmax 1032.6  band resid max 106.4 W/m2 (1.83% of hours > 1; reference US_xRM: 77.2, 3.27%)
  US_Me4_MPI_ESM1_2_HR_ssp585  753864 h  N 0.00-1.00  PARBmax  348.0  Rswmax 1021.1  band resid max 106.4 W/m2 (1.82% of hours > 1; reference US_xRM: 77.2, 3.27%)
  US_Me4_MRI_ESM2_0_ssp585  753864 h  N 0.00-1.00  PARBmax  352.7  Rswmax 1017.7  band resid max 106.3 W/m2 (1.83% of hours > 1; reference US_xRM: 77.2, 3.27%)
  US_Me4_UKESM1_0_LL_ssp585  743040 h  N 0.00-1.00  PARBmax  348.1  Rswmax 1026.8  band resid max 112.1 W/m2 (1.82% of hours > 1; reference US_xRM: 77.2, 3.27%)
  US_Me6_IPSL_CM6A_LR_ssp585  753864 h  N 0.00-1.00  PARBmax  351.7  Rswmax 1033.6  band resid max 106.7 W/m2 (1.80% of hours > 1; reference US_xRM: 77.2, 3.27%)
  US_Me6_MPI_ESM1_2_HR_ssp585  753864 h  N 0.00-1.00  PARBmax  348.8  Rswmax 1022.2  band resid max 106.8 W/m2 (1.80% of hours > 1; reference US_xRM: 77.2, 3.27%)
  US_Me6_MRI_ESM2_0_ssp585  753864 h  N 0.00-1.00  PARBmax  353.5  Rswmax 1018.8  band resid max 106.7 W/m2 (1.80% of hours > 1; reference US_xRM: 77.2, 3.27%)
  US_Me6_UKESM1_0_LL_ssp585  743040 h  N 0.00-1.00  PARBmax  349.0  Rswmax 1027.9  band resid max 112.5 W/m2 (1.80% of hours > 1; reference US_xRM: 77.2, 3.27%)
  US_Me7_IPSL_CM6A_LR_ssp585  753864 h  N 0.00-1.00  PARBmax  352.6  Rswmax 1032.9  band resid max 105.7 W/m2 (1.81% of hours > 1; reference US_xRM: 77.2, 3.27%)
  US_Me7_MPI_ESM1_2_HR_ssp585  753864 h  N 0.00-1.00  PARBmax  349.7  Rswmax 1021.4  band resid max 105.7 W/m2 (1.81% of hours > 1; reference US_xRM: 77.2, 3.27%)
  US_Me7_MRI_ESM2_0_ssp585  753864 h  N 0.00-1.00  PARBmax  354.4  Rswmax 1018.0  band resid max 105.6 W/m2 (1.81% of hours > 1; reference US_xRM: 77.2, 3.27%)
  US_Me7_UKESM1_0_LL_ssp585  743040 h  N 0.00-1.00  PARBmax  349.9  Rswmax 1027.1  band resid max 111.4 W/m2 (1.81% of hours > 1; reference US_xRM: 77.2, 3.27%)
  US_MtB_GFDL_ESM4_ssp585  753360 h  N 0.00-1.00  PARBmax  386.5  Rswmax 1117.4  band resid max 130.7 W/m2 (2.62% of hours > 1; reference US_xRM: 77.2, 3.27%)
  US_MtB_MPI_ESM1_2_HR_ssp585  753864 h  N 0.00-1.00  PARBmax  387.3  Rswmax 1123.0  band resid max 129.5 W/m2 (2.62% of hours > 1; reference US_xRM: 77.2, 3.27%)
  US_NC2_GFDL_ESM4_ssp585  753360 h  N 0.00-1.00  PARBmax  321.0  Rswmax  955.6  band resid max 115.0 W/m2 (2.32% of hours > 1; reference US_xRM: 77.2, 3.27%)
  US_NC2_IPSL_CM6A_LR_ssp585  753864 h  N 0.00-1.00  PARBmax  320.3  Rswmax  957.2  band resid max 113.7 W/m2 (2.32% of hours > 1; reference US_xRM: 77.2, 3.27%)
  US_NC2_MPI_ESM1_2_HR_ssp585  753864 h  N 0.00-1.00  PARBmax  341.7  Rswmax  959.8  band resid max 113.4 W/m2 (2.32% of hours > 1; reference US_xRM: 77.2, 3.27%)
  US_NC2_MRI_ESM2_0_ssp585  753864 h  N 0.00-1.00  PARBmax  316.0  Rswmax  947.6  band resid max 112.4 W/m2 (2.32% of hours > 1; reference US_xRM: 77.2, 3.27%)
  US_NC2_UKESM1_0_LL_ssp585  743040 h  N 0.00-1.00  PARBmax  319.6  Rswmax  952.2  band resid max 111.1 W/m2 (2.34% of hours > 1; reference US_xRM: 77.2, 3.27%)
  US_NC3_GFDL_ESM4_ssp585  753360 h  N 0.00-1.00  PARBmax  321.0  Rswmax  955.6  band resid max 114.8 W/m2 (2.34% of hours > 1; reference US_xRM: 77.2, 3.27%)
  US_NC3_IPSL_CM6A_LR_ssp585  753864 h  N 0.00-1.00  PARBmax  320.3  Rswmax  957.3  band resid max 113.5 W/m2 (2.34% of hours > 1; reference US_xRM: 77.2, 3.27%)
  US_NC3_MPI_ESM1_2_HR_ssp585  753864 h  N 0.00-1.00  PARBmax  341.7  Rswmax  959.8  band resid max 113.2 W/m2 (2.34% of hours > 1; reference US_xRM: 77.2, 3.27%)
  US_NC3_MRI_ESM2_0_ssp585  753864 h  N 0.00-1.00  PARBmax  318.1  Rswmax  947.6  band resid max 112.3 W/m2 (2.34% of hours > 1; reference US_xRM: 77.2, 3.27%)
  US_NC3_UKESM1_0_LL_ssp585  743040 h  N 0.00-1.00  PARBmax  319.6  Rswmax  952.2  band resid max 111.0 W/m2 (2.35% of hours > 1; reference US_xRM: 77.2, 3.27%)
  US_NC5_GFDL_ESM4_ssp585  753360 h  N 0.00-1.00  PARBmax  326.7  Rswmax  959.9  band resid max 114.3 W/m2 (2.89% of hours > 1; reference US_xRM: 77.2, 3.27%)
  US_NC5_IPSL_CM6A_LR_ssp585  753864 h  N 0.00-1.00  PARBmax  324.7  Rswmax  949.0  band resid max 115.4 W/m2 (2.89% of hours > 1; reference US_xRM: 77.2, 3.27%)
  US_NC5_MPI_ESM1_2_HR_ssp585  753864 h  N 0.00-1.00  PARBmax  343.2  Rswmax  966.9  band resid max 114.1 W/m2 (2.89% of hours > 1; reference US_xRM: 77.2, 3.27%)
  US_NC5_MRI_ESM2_0_ssp585  753864 h  N 0.00-1.00  PARBmax  323.5  Rswmax  953.7  band resid max 114.3 W/m2 (2.89% of hours > 1; reference US_xRM: 77.2, 3.27%)
  US_NC5_UKESM1_0_LL_ssp585  743040 h  N 0.00-1.00  PARBmax  326.1  Rswmax  953.6  band resid max 114.4 W/m2 (2.88% of hours > 1; reference US_xRM: 77.2, 3.27%)
  US_NMj_GFDL_ESM4_ssp585  753360 h  N 0.00-1.00  PARBmax  319.7  Rswmax  943.0  band resid max 104.9 W/m2 (2.19% of hours > 1; reference US_xRM: 77.2, 3.27%)
  US_NMj_IPSL_CM6A_LR_ssp585  753864 h  N 0.00-1.00  PARBmax  317.6  Rswmax  950.6  band resid max  98.4 W/m2 (2.19% of hours > 1; reference US_xRM: 77.2, 3.27%)
  US_NMj_MPI_ESM1_2_HR_ssp585  753864 h  N 0.00-1.00  PARBmax  325.0  Rswmax  956.7  band resid max 104.9 W/m2 (2.19% of hours > 1; reference US_xRM: 77.2, 3.27%)
  US_NMj_MRI_ESM2_0_ssp585  753864 h  N 0.00-1.00  PARBmax  312.5  Rswmax  944.9  band resid max 100.4 W/m2 (2.19% of hours > 1; reference US_xRM: 77.2, 3.27%)
  US_NMj_UKESM1_0_LL_ssp585  743040 h  N 0.00-1.00  PARBmax  318.1  Rswmax  948.3  band resid max 101.4 W/m2 (2.19% of hours > 1; reference US_xRM: 77.2, 3.27%)
  US_NR1_GFDL_ESM4_ssp585  753360 h  N 0.00-1.00  PARBmax  364.6  Rswmax 1055.6  band resid max 124.7 W/m2 (2.11% of hours > 1; reference US_xRM: 77.2, 3.27%)
  US_NR1_IPSL_CM6A_LR_ssp585  753864 h  N 0.00-1.00  PARBmax  369.1  Rswmax 1058.0  band resid max 125.1 W/m2 (2.11% of hours > 1; reference US_xRM: 77.2, 3.27%)
  US_NR1_MPI_ESM1_2_HR_ssp585  753864 h  N 0.00-1.00  PARBmax  366.9  Rswmax 1051.0  band resid max 121.3 W/m2 (2.11% of hours > 1; reference US_xRM: 77.2, 3.27%)
  US_NR1_UKESM1_0_LL_ssp585  743040 h  N 0.00-1.00  PARBmax  363.8  Rswmax 1046.0  band resid max 119.3 W/m2 (2.12% of hours > 1; reference US_xRM: 77.2, 3.27%)
  US_Oho_GFDL_ESM4_ssp585  753360 h  N 0.00-1.00  PARBmax  331.9  Rswmax  964.2  band resid max 110.2 W/m2 (2.38% of hours > 1; reference US_xRM: 77.2, 3.27%)
  US_Oho_IPSL_CM6A_LR_ssp585  753864 h  N 0.00-1.00  PARBmax  326.1  Rswmax  962.2  band resid max 111.9 W/m2 (2.39% of hours > 1; reference US_xRM: 77.2, 3.27%)
  US_Oho_MPI_ESM1_2_HR_ssp585  753864 h  N 0.00-1.00  PARBmax  339.0  Rswmax  977.4  band resid max 111.2 W/m2 (2.39% of hours > 1; reference US_xRM: 77.2, 3.27%)
  US_Oho_MRI_ESM2_0_ssp585  753864 h  N 0.00-1.00  PARBmax  327.7  Rswmax  962.8  band resid max 109.5 W/m2 (2.39% of hours > 1; reference US_xRM: 77.2, 3.27%)
  US_Oho_UKESM1_0_LL_ssp585  743040 h  N 0.00-1.00  PARBmax  331.3  Rswmax  961.1  band resid max 109.3 W/m2 (2.39% of hours > 1; reference US_xRM: 77.2, 3.27%)
  US_PFL_GFDL_ESM4_ssp585  753360 h  N 0.00-1.00  PARBmax  328.6  Rswmax  955.6  band resid max 105.6 W/m2 (2.03% of hours > 1; reference US_xRM: 77.2, 3.27%)
  US_PFL_IPSL_CM6A_LR_ssp585  753864 h  N 0.00-1.00  PARBmax  320.0  Rswmax  951.2  band resid max 104.3 W/m2 (2.03% of hours > 1; reference US_xRM: 77.2, 3.27%)
  US_PFL_MPI_ESM1_2_HR_ssp585  753864 h  N 0.00-1.00  PARBmax  329.4  Rswmax  963.9  band resid max 106.8 W/m2 (2.03% of hours > 1; reference US_xRM: 77.2, 3.27%)
  US_PFL_MRI_ESM2_0_ssp585  753864 h  N 0.00-1.00  PARBmax  321.2  Rswmax  946.1  band resid max 101.7 W/m2 (2.03% of hours > 1; reference US_xRM: 77.2, 3.27%)
  US_PFL_UKESM1_0_LL_ssp585  743040 h  N 0.00-1.00  PARBmax  322.4  Rswmax  954.7  band resid max 102.1 W/m2 (2.03% of hours > 1; reference US_xRM: 77.2, 3.27%)
  US_PFb_GFDL_ESM4_ssp585  753360 h  N 0.00-1.00  PARBmax  328.6  Rswmax  955.4  band resid max 105.6 W/m2 (2.03% of hours > 1; reference US_xRM: 77.2, 3.27%)
  US_PFb_IPSL_CM6A_LR_ssp585  753864 h  N 0.00-1.00  PARBmax  321.0  Rswmax  951.0  band resid max 104.2 W/m2 (2.03% of hours > 1; reference US_xRM: 77.2, 3.27%)
  US_PFb_MPI_ESM1_2_HR_ssp585  753864 h  N 0.00-1.00  PARBmax  329.4  Rswmax  963.7  band resid max 106.8 W/m2 (2.03% of hours > 1; reference US_xRM: 77.2, 3.27%)
  US_PFb_MRI_ESM2_0_ssp585  753864 h  N 0.00-1.00  PARBmax  321.2  Rswmax  946.0  band resid max 101.7 W/m2 (2.03% of hours > 1; reference US_xRM: 77.2, 3.27%)
  US_PFb_UKESM1_0_LL_ssp585  743040 h  N 0.00-1.00  PARBmax  322.4  Rswmax  954.6  band resid max 102.1 W/m2 (2.03% of hours > 1; reference US_xRM: 77.2, 3.27%)
  US_PFc_GFDL_ESM4_ssp585  753360 h  N 0.00-1.00  PARBmax  328.6  Rswmax  955.4  band resid max 105.4 W/m2 (2.05% of hours > 1; reference US_xRM: 77.2, 3.27%)
  US_PFc_IPSL_CM6A_LR_ssp585  753864 h  N 0.00-1.00  PARBmax  320.0  Rswmax  951.1  band resid max 104.0 W/m2 (2.06% of hours > 1; reference US_xRM: 77.2, 3.27%)
  US_PFc_MPI_ESM1_2_HR_ssp585  753864 h  N 0.00-1.00  PARBmax  329.4  Rswmax  963.7  band resid max 106.6 W/m2 (2.06% of hours > 1; reference US_xRM: 77.2, 3.27%)
  US_PFc_MRI_ESM2_0_ssp585  753864 h  N 0.00-1.00  PARBmax  321.2  Rswmax  946.0  band resid max 101.5 W/m2 (2.06% of hours > 1; reference US_xRM: 77.2, 3.27%)
  US_PFc_UKESM1_0_LL_ssp585  743040 h  N 0.00-1.00  PARBmax  322.8  Rswmax  954.6  band resid max 103.6 W/m2 (2.05% of hours > 1; reference US_xRM: 77.2, 3.27%)
  US_PFg_GFDL_ESM4_ssp585  753360 h  N 0.00-1.00  PARBmax  328.5  Rswmax  955.4  band resid max 107.8 W/m2 (2.08% of hours > 1; reference US_xRM: 77.2, 3.27%)
  US_PFg_IPSL_CM6A_LR_ssp585  753864 h  N 0.00-1.00  PARBmax  321.0  Rswmax  951.0  band resid max 105.6 W/m2 (2.08% of hours > 1; reference US_xRM: 77.2, 3.27%)
  US_PFg_MPI_ESM1_2_HR_ssp585  753864 h  N 0.00-1.00  PARBmax  329.4  Rswmax  963.7  band resid max 112.5 W/m2 (2.08% of hours > 1; reference US_xRM: 77.2, 3.27%)
  US_PFg_MRI_ESM2_0_ssp585  753864 h  N 0.00-1.00  PARBmax  321.2  Rswmax  945.9  band resid max 107.9 W/m2 (2.08% of hours > 1; reference US_xRM: 77.2, 3.27%)
  US_PFg_UKESM1_0_LL_ssp585  743040 h  N 0.00-1.00  PARBmax  322.8  Rswmax  954.6  band resid max 104.3 W/m2 (2.07% of hours > 1; reference US_xRM: 77.2, 3.27%)
  US_PFh_GFDL_ESM4_ssp585  753360 h  N 0.00-1.00  PARBmax  327.7  Rswmax  954.7  band resid max 107.9 W/m2 (2.07% of hours > 1; reference US_xRM: 77.2, 3.27%)
  US_PFh_IPSL_CM6A_LR_ssp585  753864 h  N 0.00-1.00  PARBmax  320.7  Rswmax  951.8  band resid max 105.3 W/m2 (2.07% of hours > 1; reference US_xRM: 77.2, 3.27%)
  US_PFh_MPI_ESM1_2_HR_ssp585  753864 h  N 0.00-1.00  PARBmax  329.3  Rswmax  963.6  band resid max 112.0 W/m2 (2.07% of hours > 1; reference US_xRM: 77.2, 3.27%)
  US_PFh_MRI_ESM2_0_ssp585  753864 h  N 0.00-1.00  PARBmax  319.4  Rswmax  954.1  band resid max 107.4 W/m2 (2.07% of hours > 1; reference US_xRM: 77.2, 3.27%)
  US_PFh_UKESM1_0_LL_ssp585  743040 h  N 0.00-1.00  PARBmax  322.4  Rswmax  953.4  band resid max 103.7 W/m2 (2.07% of hours > 1; reference US_xRM: 77.2, 3.27%)
  US_PFi_GFDL_ESM4_ssp585  753360 h  N 0.00-1.00  PARBmax  327.8  Rswmax  954.6  band resid max 107.7 W/m2 (2.06% of hours > 1; reference US_xRM: 77.2, 3.27%)
  US_PFi_IPSL_CM6A_LR_ssp585  753864 h  N 0.00-1.00  PARBmax  320.8  Rswmax  951.6  band resid max 105.1 W/m2 (2.06% of hours > 1; reference US_xRM: 77.2, 3.27%)
  US_PFi_MPI_ESM1_2_HR_ssp585  753864 h  N 0.00-1.00  PARBmax  329.4  Rswmax  963.5  band resid max 111.8 W/m2 (2.06% of hours > 1; reference US_xRM: 77.2, 3.27%)
  US_PFi_MRI_ESM2_0_ssp585  753864 h  N 0.00-1.00  PARBmax  321.0  Rswmax  954.0  band resid max 107.3 W/m2 (2.06% of hours > 1; reference US_xRM: 77.2, 3.27%)
  US_PFi_UKESM1_0_LL_ssp585  743040 h  N 0.00-1.00  PARBmax  321.5  Rswmax  953.3  band resid max 103.6 W/m2 (2.06% of hours > 1; reference US_xRM: 77.2, 3.27%)
  US_PFj_GFDL_ESM4_ssp585  753360 h  N 0.00-1.00  PARBmax  327.8  Rswmax  954.6  band resid max 107.7 W/m2 (2.06% of hours > 1; reference US_xRM: 77.2, 3.27%)
  US_PFj_IPSL_CM6A_LR_ssp585  753864 h  N 0.00-1.00  PARBmax  320.8  Rswmax  951.7  band resid max 105.1 W/m2 (2.06% of hours > 1; reference US_xRM: 77.2, 3.27%)
  US_PFj_MPI_ESM1_2_HR_ssp585  753864 h  N 0.00-1.00  PARBmax  329.4  Rswmax  963.6  band resid max 111.7 W/m2 (2.06% of hours > 1; reference US_xRM: 77.2, 3.27%)
  US_PFj_MRI_ESM2_0_ssp585  753864 h  N 0.00-1.00  PARBmax  321.0  Rswmax  954.1  band resid max 107.2 W/m2 (2.07% of hours > 1; reference US_xRM: 77.2, 3.27%)
  US_PFj_UKESM1_0_LL_ssp585  743040 h  N 0.00-1.00  PARBmax  322.5  Rswmax  953.4  band resid max 103.5 W/m2 (2.06% of hours > 1; reference US_xRM: 77.2, 3.27%)
  US_PFk_GFDL_ESM4_ssp585  753360 h  N 0.00-1.00  PARBmax  328.7  Rswmax  955.7  band resid max 106.0 W/m2 (2.01% of hours > 1; reference US_xRM: 77.2, 3.27%)
  US_PFk_IPSL_CM6A_LR_ssp585  753864 h  N 0.00-1.00  PARBmax  321.2  Rswmax  951.4  band resid max 104.7 W/m2 (2.01% of hours > 1; reference US_xRM: 77.2, 3.27%)
  US_PFk_MPI_ESM1_2_HR_ssp585  753864 h  N 0.00-1.00  PARBmax  329.6  Rswmax  964.0  band resid max 107.3 W/m2 (2.01% of hours > 1; reference US_xRM: 77.2, 3.27%)
  US_PFk_MRI_ESM2_0_ssp585  753864 h  N 0.00-1.00  PARBmax  321.4  Rswmax  946.3  band resid max 102.1 W/m2 (2.01% of hours > 1; reference US_xRM: 77.2, 3.27%)
  US_PFk_UKESM1_0_LL_ssp585  743040 h  N 0.00-1.00  PARBmax  323.0  Rswmax  954.9  band resid max 102.5 W/m2 (2.01% of hours > 1; reference US_xRM: 77.2, 3.27%)
  US_PFm_GFDL_ESM4_ssp585  753360 h  N 0.00-1.00  PARBmax  328.7  Rswmax  955.7  band resid max 105.5 W/m2 (2.03% of hours > 1; reference US_xRM: 77.2, 3.27%)
  US_PFm_IPSL_CM6A_LR_ssp585  753864 h  N 0.00-1.00  PARBmax  321.2  Rswmax  951.4  band resid max 104.2 W/m2 (2.03% of hours > 1; reference US_xRM: 77.2, 3.27%)
  US_PFm_MPI_ESM1_2_HR_ssp585  753864 h  N 0.00-1.00  PARBmax  329.6  Rswmax  964.0  band resid max 106.8 W/m2 (2.03% of hours > 1; reference US_xRM: 77.2, 3.27%)
  US_PFm_MRI_ESM2_0_ssp585  753864 h  N 0.00-1.00  PARBmax  321.4  Rswmax  946.3  band resid max 101.7 W/m2 (2.03% of hours > 1; reference US_xRM: 77.2, 3.27%)
  US_PFm_UKESM1_0_LL_ssp585  743040 h  N 0.00-1.00  PARBmax  322.6  Rswmax  954.9  band resid max 102.0 W/m2 (2.03% of hours > 1; reference US_xRM: 77.2, 3.27%)
  US_PFn_GFDL_ESM4_ssp585  753360 h  N 0.00-1.00  PARBmax  328.7  Rswmax  955.6  band resid max 105.1 W/m2 (2.05% of hours > 1; reference US_xRM: 77.2, 3.27%)
  US_PFn_IPSL_CM6A_LR_ssp585  753864 h  N 0.00-1.00  PARBmax  320.1  Rswmax  951.2  band resid max 103.8 W/m2 (2.06% of hours > 1; reference US_xRM: 77.2, 3.27%)
  US_PFn_MPI_ESM1_2_HR_ssp585  753864 h  N 0.00-1.00  PARBmax  329.5  Rswmax  963.9  band resid max 106.3 W/m2 (2.05% of hours > 1; reference US_xRM: 77.2, 3.27%)
  US_PFn_MRI_ESM2_0_ssp585  753864 h  N 0.00-1.00  PARBmax  321.3  Rswmax  946.2  band resid max 101.2 W/m2 (2.06% of hours > 1; reference US_xRM: 77.2, 3.27%)
  US_PFn_UKESM1_0_LL_ssp585  743040 h  N 0.00-1.00  PARBmax  322.5  Rswmax  954.8  band resid max 103.5 W/m2 (2.05% of hours > 1; reference US_xRM: 77.2, 3.27%)
  US_PFp_GFDL_ESM4_ssp585  753360 h  N 0.00-1.00  PARBmax  328.8  Rswmax  955.6  band resid max 107.8 W/m2 (2.08% of hours > 1; reference US_xRM: 77.2, 3.27%)
  US_PFp_IPSL_CM6A_LR_ssp585  753864 h  N 0.00-1.00  PARBmax  320.2  Rswmax  951.3  band resid max 105.6 W/m2 (2.08% of hours > 1; reference US_xRM: 77.2, 3.27%)
  US_PFp_MPI_ESM1_2_HR_ssp585  753864 h  N 0.00-1.00  PARBmax  329.6  Rswmax  963.9  band resid max 112.5 W/m2 (2.08% of hours > 1; reference US_xRM: 77.2, 3.27%)
  US_PFp_MRI_ESM2_0_ssp585  753864 h  N 0.00-1.00  PARBmax  321.4  Rswmax  946.2  band resid max 107.9 W/m2 (2.08% of hours > 1; reference US_xRM: 77.2, 3.27%)
  US_PFp_UKESM1_0_LL_ssp585  743040 h  N 0.00-1.00  PARBmax  322.6  Rswmax  954.8  band resid max 104.3 W/m2 (2.07% of hours > 1; reference US_xRM: 77.2, 3.27%)
  US_PFq_GFDL_ESM4_ssp585  753360 h  N 0.00-1.00  PARBmax  327.8  Rswmax  954.8  band resid max 108.1 W/m2 (2.08% of hours > 1; reference US_xRM: 77.2, 3.27%)
  US_PFq_IPSL_CM6A_LR_ssp585  753864 h  N 0.00-1.00  PARBmax  320.8  Rswmax  951.9  band resid max 105.5 W/m2 (2.08% of hours > 1; reference US_xRM: 77.2, 3.27%)
  US_PFq_MPI_ESM1_2_HR_ssp585  753864 h  N 0.00-1.00  PARBmax  329.4  Rswmax  963.8  band resid max 112.2 W/m2 (2.08% of hours > 1; reference US_xRM: 77.2, 3.27%)
  US_PFq_MRI_ESM2_0_ssp585  753864 h  N 0.00-1.00  PARBmax  319.5  Rswmax  954.3  band resid max 107.6 W/m2 (2.08% of hours > 1; reference US_xRM: 77.2, 3.27%)
  US_PFq_UKESM1_0_LL_ssp585  743040 h  N 0.00-1.00  PARBmax  322.5  Rswmax  953.6  band resid max 103.9 W/m2 (2.07% of hours > 1; reference US_xRM: 77.2, 3.27%)
  US_PFs_GFDL_ESM4_ssp585  753360 h  N 0.00-1.00  PARBmax  327.9  Rswmax  954.8  band resid max 107.9 W/m2 (2.07% of hours > 1; reference US_xRM: 77.2, 3.27%)
  US_PFs_IPSL_CM6A_LR_ssp585  753864 h  N 0.00-1.00  PARBmax  320.9  Rswmax  951.9  band resid max 105.3 W/m2 (2.07% of hours > 1; reference US_xRM: 77.2, 3.27%)
  US_PFs_MPI_ESM1_2_HR_ssp585  753864 h  N 0.00-1.00  PARBmax  329.5  Rswmax  963.7  band resid max 112.0 W/m2 (2.07% of hours > 1; reference US_xRM: 77.2, 3.27%)
  US_PFs_MRI_ESM2_0_ssp585  753864 h  N 0.00-1.00  PARBmax  321.1  Rswmax  954.2  band resid max 107.4 W/m2 (2.08% of hours > 1; reference US_xRM: 77.2, 3.27%)
  US_PFs_UKESM1_0_LL_ssp585  743040 h  N 0.00-1.00  PARBmax  321.6  Rswmax  953.5  band resid max 103.7 W/m2 (2.07% of hours > 1; reference US_xRM: 77.2, 3.27%)
  US_PFt_GFDL_ESM4_ssp585  753360 h  N 0.00-1.00  PARBmax  327.8  Rswmax  954.9  band resid max 107.8 W/m2 (2.07% of hours > 1; reference US_xRM: 77.2, 3.27%)
  US_PFt_IPSL_CM6A_LR_ssp585  753864 h  N 0.00-1.00  PARBmax  320.0  Rswmax  952.0  band resid max 105.3 W/m2 (2.07% of hours > 1; reference US_xRM: 77.2, 3.27%)
  US_PFt_MPI_ESM1_2_HR_ssp585  753864 h  N 0.00-1.00  PARBmax  329.4  Rswmax  963.8  band resid max 111.9 W/m2 (2.07% of hours > 1; reference US_xRM: 77.2, 3.27%)
  US_PFt_MRI_ESM2_0_ssp585  753864 h  N 0.00-1.00  PARBmax  319.5  Rswmax  954.3  band resid max 107.4 W/m2 (2.07% of hours > 1; reference US_xRM: 77.2, 3.27%)
  US_PFt_UKESM1_0_LL_ssp585  743040 h  N 0.00-1.00  PARBmax  321.5  Rswmax  953.6  band resid max 103.7 W/m2 (2.07% of hours > 1; reference US_xRM: 77.2, 3.27%)
  US_SB1_GFDL_ESM4_ssp585  753360 h  N 0.00-1.00  PARBmax  340.3  Rswmax  970.5  band resid max 115.9 W/m2 (2.28% of hours > 1; reference US_xRM: 77.2, 3.27%)
  US_SB1_IPSL_CM6A_LR_ssp585  753864 h  N 0.00-1.00  PARBmax  328.4  Rswmax  958.3  band resid max 120.5 W/m2 (2.28% of hours > 1; reference US_xRM: 77.2, 3.27%)
  US_SB1_MPI_ESM1_2_HR_ssp585  753864 h  N 0.00-1.00  PARBmax  344.0  Rswmax  980.2  band resid max 116.1 W/m2 (2.28% of hours > 1; reference US_xRM: 77.2, 3.27%)
  US_SB1_MRI_ESM2_0_ssp585  753864 h  N 0.00-1.00  PARBmax  328.6  Rswmax  966.6  band resid max 115.2 W/m2 (2.28% of hours > 1; reference US_xRM: 77.2, 3.27%)
  US_SB1_UKESM1_0_LL_ssp585  743040 h  N 0.00-1.00  PARBmax  326.7  Rswmax  959.8  band resid max 115.6 W/m2 (2.28% of hours > 1; reference US_xRM: 77.2, 3.27%)
  US_SHC_GFDL_ESM4_ssp585  753360 h  N 0.00-1.00  PARBmax  367.5  Rswmax 1066.2  band resid max 117.8 W/m2 (2.08% of hours > 1; reference US_xRM: 77.2, 3.27%)
  US_SHC_IPSL_CM6A_LR_ssp585  753864 h  N 0.00-1.00  PARBmax  369.6  Rswmax 1072.5  band resid max 118.5 W/m2 (2.08% of hours > 1; reference US_xRM: 77.2, 3.27%)
  US_SHC_MPI_ESM1_2_HR_ssp585  753864 h  N 0.00-1.00  PARBmax  366.5  Rswmax 1073.2  band resid max 119.8 W/m2 (2.08% of hours > 1; reference US_xRM: 77.2, 3.27%)
  US_SHC_MRI_ESM2_0_ssp585  753864 h  N 0.00-1.00  PARBmax  367.0  Rswmax 1076.6  band resid max 117.6 W/m2 (2.08% of hours > 1; reference US_xRM: 77.2, 3.27%)
  US_SHC_UKESM1_0_LL_ssp585  743040 h  N 0.00-1.00  PARBmax  365.4  Rswmax 1077.7  band resid max 123.1 W/m2 (2.08% of hours > 1; reference US_xRM: 77.2, 3.27%)
  US_SP1_GFDL_ESM4_ssp585  753360 h  N 0.00-1.00  PARBmax  350.3  Rswmax  978.2  band resid max 114.1 W/m2 (2.02% of hours > 1; reference US_xRM: 77.2, 3.27%)
  US_SP1_IPSL_CM6A_LR_ssp585  753864 h  N 0.00-1.00  PARBmax  341.3  Rswmax  988.0  band resid max 114.1 W/m2 (2.02% of hours > 1; reference US_xRM: 77.2, 3.27%)
  US_SP1_MPI_ESM1_2_HR_ssp585  753864 h  N 0.00-1.00  PARBmax  358.9  Rswmax  994.7  band resid max 114.7 W/m2 (2.02% of hours > 1; reference US_xRM: 77.2, 3.27%)
  US_SP1_MRI_ESM2_0_ssp585  753864 h  N 0.00-1.00  PARBmax  339.1  Rswmax  973.0  band resid max 114.3 W/m2 (2.02% of hours > 1; reference US_xRM: 77.2, 3.27%)
  US_SP1_UKESM1_0_LL_ssp585  743040 h  N 0.00-1.00  PARBmax  346.3  Rswmax  982.1  band resid max 115.8 W/m2 (2.00% of hours > 1; reference US_xRM: 77.2, 3.27%)
  US_SP2_GFDL_ESM4_ssp585  753360 h  N 0.00-1.00  PARBmax  350.5  Rswmax  979.9  band resid max 114.6 W/m2 (2.02% of hours > 1; reference US_xRM: 77.2, 3.27%)
  US_SP2_IPSL_CM6A_LR_ssp585  753864 h  N 0.00-1.00  PARBmax  341.2  Rswmax  990.5  band resid max 114.5 W/m2 (2.02% of hours > 1; reference US_xRM: 77.2, 3.27%)
  US_SP2_MPI_ESM1_2_HR_ssp585  753864 h  N 0.00-1.00  PARBmax  356.8  Rswmax  991.0  band resid max 115.1 W/m2 (2.02% of hours > 1; reference US_xRM: 77.2, 3.27%)
  US_SP2_MRI_ESM2_0_ssp585  753864 h  N 0.00-1.00  PARBmax  338.7  Rswmax  976.6  band resid max 114.7 W/m2 (2.02% of hours > 1; reference US_xRM: 77.2, 3.27%)
  US_SP2_UKESM1_0_LL_ssp585  743040 h  N 0.00-1.00  PARBmax  345.6  Rswmax  981.9  band resid max 116.1 W/m2 (2.00% of hours > 1; reference US_xRM: 77.2, 3.27%)
  US_SP3_GFDL_ESM4_ssp585  753360 h  N 0.00-1.00  PARBmax  350.4  Rswmax  979.9  band resid max 118.1 W/m2 (2.03% of hours > 1; reference US_xRM: 77.2, 3.27%)
  US_SP3_IPSL_CM6A_LR_ssp585  753864 h  N 0.00-1.00  PARBmax  341.1  Rswmax  990.7  band resid max 116.2 W/m2 (2.03% of hours > 1; reference US_xRM: 77.2, 3.27%)
  US_SP3_MPI_ESM1_2_HR_ssp585  753864 h  N 0.00-1.00  PARBmax  356.9  Rswmax  991.2  band resid max 120.1 W/m2 (2.03% of hours > 1; reference US_xRM: 77.2, 3.27%)
  US_SP3_MRI_ESM2_0_ssp585  753864 h  N 0.00-1.00  PARBmax  338.6  Rswmax  976.7  band resid max 117.9 W/m2 (2.03% of hours > 1; reference US_xRM: 77.2, 3.27%)
  US_SP3_UKESM1_0_LL_ssp585  743040 h  N 0.00-1.00  PARBmax  345.5  Rswmax  982.1  band resid max 117.6 W/m2 (2.02% of hours > 1; reference US_xRM: 77.2, 3.27%)
  US_SP4_GFDL_ESM4_ssp585  753360 h  N 0.00-1.00  PARBmax  350.3  Rswmax  979.8  band resid max 118.7 W/m2 (2.04% of hours > 1; reference US_xRM: 77.2, 3.27%)
  US_SP4_IPSL_CM6A_LR_ssp585  753864 h  N 0.00-1.00  PARBmax  341.1  Rswmax  990.4  band resid max 116.8 W/m2 (2.04% of hours > 1; reference US_xRM: 77.2, 3.27%)
  US_SP4_MPI_ESM1_2_HR_ssp585  753864 h  N 0.00-1.00  PARBmax  356.8  Rswmax  990.9  band resid max 120.8 W/m2 (2.04% of hours > 1; reference US_xRM: 77.2, 3.27%)
  US_SP4_MRI_ESM2_0_ssp585  753864 h  N 0.00-1.00  PARBmax  338.6  Rswmax  976.6  band resid max 118.5 W/m2 (2.04% of hours > 1; reference US_xRM: 77.2, 3.27%)
  US_SP4_UKESM1_0_LL_ssp585  743040 h  N 0.00-1.00  PARBmax  345.5  Rswmax  981.8  band resid max 118.2 W/m2 (2.03% of hours > 1; reference US_xRM: 77.2, 3.27%)
  US_SSH_GFDL_ESM4_ssp585  753360 h  N 0.00-1.00  PARBmax  329.3  Rswmax  954.6  band resid max 118.9 W/m2 (1.78% of hours > 1; reference US_xRM: 77.2, 3.27%)
  US_SSH_IPSL_CM6A_LR_ssp585  753864 h  N 0.00-1.00  PARBmax  325.9  Rswmax  948.9  band resid max 120.0 W/m2 (1.78% of hours > 1; reference US_xRM: 77.2, 3.27%)
  US_SSH_MPI_ESM1_2_HR_ssp585  753864 h  N 0.00-1.00  PARBmax  335.1  Rswmax  971.2  band resid max 118.4 W/m2 (1.78% of hours > 1; reference US_xRM: 77.2, 3.27%)
  US_SSH_MRI_ESM2_0_ssp585  753864 h  N 0.00-1.00  PARBmax  325.9  Rswmax  950.9  band resid max 114.9 W/m2 (1.78% of hours > 1; reference US_xRM: 77.2, 3.27%)
  US_SSH_UKESM1_0_LL_ssp585  743040 h  N 0.00-1.00  PARBmax  325.9  Rswmax  953.7  band resid max 115.9 W/m2 (1.78% of hours > 1; reference US_xRM: 77.2, 3.27%)
  US_Slt_GFDL_ESM4_ssp585  753360 h  N 0.00-1.00  PARBmax  344.7  Rswmax 1007.0  band resid max 106.5 W/m2 (2.02% of hours > 1; reference US_xRM: 77.2, 3.27%)
  US_Slt_IPSL_CM6A_LR_ssp585  753864 h  N 0.00-1.00  PARBmax  341.9  Rswmax  998.3  band resid max 109.8 W/m2 (2.02% of hours > 1; reference US_xRM: 77.2, 3.27%)
  US_Slt_MPI_ESM1_2_HR_ssp585  753864 h  N 0.00-1.00  PARBmax  357.2  Rswmax 1023.0  band resid max 104.1 W/m2 (2.02% of hours > 1; reference US_xRM: 77.2, 3.27%)
  US_Slt_MRI_ESM2_0_ssp585  753864 h  N 0.00-1.00  PARBmax  347.9  Rswmax 1008.2  band resid max 102.8 W/m2 (2.02% of hours > 1; reference US_xRM: 77.2, 3.27%)
  US_Slt_UKESM1_0_LL_ssp585  743040 h  N 0.00-1.00  PARBmax  345.2  Rswmax 1009.2  band resid max 103.8 W/m2 (2.02% of hours > 1; reference US_xRM: 77.2, 3.27%)
  US_TEF_IPSL_CM6A_LR_ssp585  753864 h  N 0.00-1.00  PARBmax  335.4  Rswmax  978.5  band resid max 112.6 W/m2 (1.88% of hours > 1; reference US_xRM: 77.2, 3.27%)
  US_TEF_MPI_ESM1_2_HR_ssp585  753864 h  N 0.00-1.00  PARBmax  332.5  Rswmax  972.2  band resid max 109.6 W/m2 (1.88% of hours > 1; reference US_xRM: 77.2, 3.27%)
  US_TEF_MRI_ESM2_0_ssp585  753864 h  N 0.00-1.00  PARBmax  331.3  Rswmax  975.1  band resid max 105.5 W/m2 (1.88% of hours > 1; reference US_xRM: 77.2, 3.27%)
  US_UMB_GFDL_ESM4_ssp585  753360 h  N 0.00-1.00  PARBmax  317.4  Rswmax  946.0  band resid max 107.2 W/m2 (2.32% of hours > 1; reference US_xRM: 77.2, 3.27%)
  US_UMB_IPSL_CM6A_LR_ssp585  753864 h  N 0.00-1.00  PARBmax  312.8  Rswmax  942.5  band resid max 106.2 W/m2 (2.32% of hours > 1; reference US_xRM: 77.2, 3.27%)
  US_UMB_MPI_ESM1_2_HR_ssp585  753864 h  N 0.00-1.00  PARBmax  324.9  Rswmax  956.9  band resid max 105.6 W/m2 (2.33% of hours > 1; reference US_xRM: 77.2, 3.27%)
  US_UMB_MRI_ESM2_0_ssp585  753864 h  N 0.00-1.00  PARBmax  315.4  Rswmax  938.8  band resid max 101.5 W/m2 (2.32% of hours > 1; reference US_xRM: 77.2, 3.27%)
  US_UMB_UKESM1_0_LL_ssp585  743040 h  N 0.00-1.00  PARBmax  315.9  Rswmax  941.8  band resid max 105.3 W/m2 (2.33% of hours > 1; reference US_xRM: 77.2, 3.27%)
  US_UMd_GFDL_ESM4_ssp585  753360 h  N 0.00-1.00  PARBmax  317.4  Rswmax  945.9  band resid max 107.0 W/m2 (2.31% of hours > 1; reference US_xRM: 77.2, 3.27%)
  US_UMd_IPSL_CM6A_LR_ssp585  753864 h  N 0.00-1.00  PARBmax  312.9  Rswmax  942.5  band resid max 105.9 W/m2 (2.31% of hours > 1; reference US_xRM: 77.2, 3.27%)
  US_UMd_MPI_ESM1_2_HR_ssp585  753864 h  N 0.00-1.00  PARBmax  324.9  Rswmax  956.9  band resid max 105.4 W/m2 (2.31% of hours > 1; reference US_xRM: 77.2, 3.27%)
  US_UMd_MRI_ESM2_0_ssp585  753864 h  N 0.00-1.00  PARBmax  314.1  Rswmax  938.8  band resid max 101.2 W/m2 (2.31% of hours > 1; reference US_xRM: 77.2, 3.27%)
  US_UMd_UKESM1_0_LL_ssp585  743040 h  N 0.00-1.00  PARBmax  316.0  Rswmax  941.7  band resid max 105.0 W/m2 (2.32% of hours > 1; reference US_xRM: 77.2, 3.27%)
  US_Vcm_GFDL_ESM4_ssp585  753360 h  N 0.00-1.00  PARBmax  382.8  Rswmax 1099.8  band resid max 125.9 W/m2 (2.31% of hours > 1; reference US_xRM: 77.2, 3.27%)
  US_Vcm_MPI_ESM1_2_HR_ssp585  753864 h  N 0.00-1.00  PARBmax  380.6  Rswmax 1111.2  band resid max 125.6 W/m2 (2.31% of hours > 1; reference US_xRM: 77.2, 3.27%)
  US_Vcm_UKESM1_0_LL_ssp585  743040 h  N 0.00-1.00  PARBmax  382.2  Rswmax 1090.3  band resid max 124.6 W/m2 (2.32% of hours > 1; reference US_xRM: 77.2, 3.27%)
  US_Vcp_GFDL_ESM4_ssp585  753360 h  N 0.00-1.00  PARBmax  380.8  Rswmax 1100.0  band resid max 126.9 W/m2 (2.32% of hours > 1; reference US_xRM: 77.2, 3.27%)
  US_Vcp_MPI_ESM1_2_HR_ssp585  753864 h  N 0.00-1.00  PARBmax  378.6  Rswmax 1111.2  band resid max 126.8 W/m2 (2.32% of hours > 1; reference US_xRM: 77.2, 3.27%)
  US_Vcp_UKESM1_0_LL_ssp585  743040 h  N 0.00-1.00  PARBmax  380.1  Rswmax 1090.5  band resid max 125.8 W/m2 (2.33% of hours > 1; reference US_xRM: 77.2, 3.27%)
  US_Vcs_GFDL_ESM4_ssp585  753360 h  N 0.00-1.00  PARBmax  381.7  Rswmax 1099.6  band resid max 127.4 W/m2 (2.34% of hours > 1; reference US_xRM: 77.2, 3.27%)
  US_Vcs_MPI_ESM1_2_HR_ssp585  753864 h  N 0.00-1.00  PARBmax  379.4  Rswmax 1110.8  band resid max 126.9 W/m2 (2.34% of hours > 1; reference US_xRM: 77.2, 3.27%)
  US_Vcs_UKESM1_0_LL_ssp585  743040 h  N 0.00-1.00  PARBmax  381.0  Rswmax 1090.1  band resid max 125.9 W/m2 (2.35% of hours > 1; reference US_xRM: 77.2, 3.27%)
  US_WBW_GFDL_ESM4_ssp585  753360 h  N 0.00-1.00  PARBmax  346.3  Rswmax  994.3  band resid max 121.0 W/m2 (1.78% of hours > 1; reference US_xRM: 77.2, 3.27%)
  US_WBW_IPSL_CM6A_LR_ssp585  753864 h  N 0.00-1.00  PARBmax  341.6  Rswmax  991.1  band resid max 115.6 W/m2 (1.78% of hours > 1; reference US_xRM: 77.2, 3.27%)
  US_WBW_MPI_ESM1_2_HR_ssp585  753864 h  N 0.00-1.00  PARBmax  354.4  Rswmax 1004.1  band resid max 118.8 W/m2 (1.78% of hours > 1; reference US_xRM: 77.2, 3.27%)
  US_WBW_MRI_ESM2_0_ssp585  753864 h  N 0.00-1.00  PARBmax  343.3  Rswmax  992.0  band resid max 115.3 W/m2 (1.78% of hours > 1; reference US_xRM: 77.2, 3.27%)
  US_WBW_UKESM1_0_LL_ssp585  743040 h  N 0.00-1.00  PARBmax  343.8  Rswmax  987.2  band resid max 114.0 W/m2 (1.76% of hours > 1; reference US_xRM: 77.2, 3.27%)
  US_WCr_GFDL_ESM4_ssp585  753360 h  N 0.00-1.00  PARBmax  328.3  Rswmax  955.6  band resid max 106.1 W/m2 (2.05% of hours > 1; reference US_xRM: 77.2, 3.27%)
  US_WCr_IPSL_CM6A_LR_ssp585  753864 h  N 0.00-1.00  PARBmax  320.5  Rswmax  952.6  band resid max 103.5 W/m2 (2.06% of hours > 1; reference US_xRM: 77.2, 3.27%)
  US_WCr_MPI_ESM1_2_HR_ssp585  753864 h  N 0.00-1.00  PARBmax  330.0  Rswmax  964.5  band resid max 110.1 W/m2 (2.06% of hours > 1; reference US_xRM: 77.2, 3.27%)
  US_WCr_MRI_ESM2_0_ssp585  753864 h  N 0.00-1.00  PARBmax  321.5  Rswmax  955.0  band resid max 105.6 W/m2 (2.06% of hours > 1; reference US_xRM: 77.2, 3.27%)
  US_WCr_UKESM1_0_LL_ssp585  743040 h  N 0.00-1.00  PARBmax  322.1  Rswmax  954.3  band resid max 102.0 W/m2 (2.05% of hours > 1; reference US_xRM: 77.2, 3.27%)
  US_Wi1_GFDL_ESM4_ssp585  753360 h  N 0.00-1.00  PARBmax  322.9  Rswmax  952.0  band resid max 107.4 W/m2 (1.92% of hours > 1; reference US_xRM: 77.2, 3.27%)
  US_Wi1_IPSL_CM6A_LR_ssp585  753864 h  N 0.00-1.00  PARBmax  316.1  Rswmax  950.5  band resid max 103.3 W/m2 (1.92% of hours > 1; reference US_xRM: 77.2, 3.27%)
  US_Wi1_MPI_ESM1_2_HR_ssp585  753864 h  N 0.00-1.00  PARBmax  326.3  Rswmax  956.6  band resid max 106.7 W/m2 (1.92% of hours > 1; reference US_xRM: 77.2, 3.27%)
  US_Wi1_MRI_ESM2_0_ssp585  753864 h  N 0.00-1.00  PARBmax  318.2  Rswmax  952.0  band resid max 103.8 W/m2 (1.92% of hours > 1; reference US_xRM: 77.2, 3.27%)
  US_Wi1_UKESM1_0_LL_ssp585  743040 h  N 0.00-1.00  PARBmax  321.8  Rswmax  952.6  band resid max 103.5 W/m2 (1.92% of hours > 1; reference US_xRM: 77.2, 3.27%)
  US_Wi2_GFDL_ESM4_ssp585  753360 h  N 0.00-1.00  PARBmax  323.8  Rswmax  952.2  band resid max 106.4 W/m2 (1.96% of hours > 1; reference US_xRM: 77.2, 3.27%)
  US_Wi2_IPSL_CM6A_LR_ssp585  753864 h  N 0.00-1.00  PARBmax  316.4  Rswmax  950.8  band resid max 102.4 W/m2 (1.96% of hours > 1; reference US_xRM: 77.2, 3.27%)
  US_Wi2_MPI_ESM1_2_HR_ssp585  753864 h  N 0.00-1.00  PARBmax  326.7  Rswmax  956.8  band resid max 105.8 W/m2 (1.96% of hours > 1; reference US_xRM: 77.2, 3.27%)
  US_Wi2_MRI_ESM2_0_ssp585  753864 h  N 0.00-1.00  PARBmax  318.5  Rswmax  952.2  band resid max 102.8 W/m2 (1.96% of hours > 1; reference US_xRM: 77.2, 3.27%)
  US_Wi2_UKESM1_0_LL_ssp585  743040 h  N 0.00-1.00  PARBmax  321.7  Rswmax  952.9  band resid max 102.6 W/m2 (1.96% of hours > 1; reference US_xRM: 77.2, 3.27%)
  US_Wi3_GFDL_ESM4_ssp585  753360 h  N 0.00-1.00  PARBmax  324.0  Rswmax  952.5  band resid max 105.8 W/m2 (1.96% of hours > 1; reference US_xRM: 77.2, 3.27%)
  US_Wi3_IPSL_CM6A_LR_ssp585  753864 h  N 0.00-1.00  PARBmax  316.6  Rswmax  951.1  band resid max 101.8 W/m2 (1.96% of hours > 1; reference US_xRM: 77.2, 3.27%)
  US_Wi3_MPI_ESM1_2_HR_ssp585  753864 h  N 0.00-1.00  PARBmax  326.9  Rswmax  957.1  band resid max 105.2 W/m2 (1.96% of hours > 1; reference US_xRM: 77.2, 3.27%)
  US_Wi3_MRI_ESM2_0_ssp585  753864 h  N 0.00-1.00  PARBmax  318.7  Rswmax  952.6  band resid max 102.3 W/m2 (1.96% of hours > 1; reference US_xRM: 77.2, 3.27%)
  US_Wi3_UKESM1_0_LL_ssp585  743040 h  N 0.00-1.00  PARBmax  320.6  Rswmax  953.2  band resid max 102.0 W/m2 (1.96% of hours > 1; reference US_xRM: 77.2, 3.27%)
  US_Wi4_GFDL_ESM4_ssp585  753360 h  N 0.00-1.00  PARBmax  323.4  Rswmax  951.9  band resid max 106.4 W/m2 (1.94% of hours > 1; reference US_xRM: 77.2, 3.27%)
  US_Wi4_IPSL_CM6A_LR_ssp585  753864 h  N 0.00-1.00  PARBmax  316.1  Rswmax  950.5  band resid max 102.4 W/m2 (1.94% of hours > 1; reference US_xRM: 77.2, 3.27%)
  US_Wi4_MPI_ESM1_2_HR_ssp585  753864 h  N 0.00-1.00  PARBmax  326.3  Rswmax  956.5  band resid max 105.8 W/m2 (1.94% of hours > 1; reference US_xRM: 77.2, 3.27%)
  US_Wi4_MRI_ESM2_0_ssp585  753864 h  N 0.00-1.00  PARBmax  318.2  Rswmax  951.9  band resid max 102.9 W/m2 (1.94% of hours > 1; reference US_xRM: 77.2, 3.27%)
  US_Wi4_UKESM1_0_LL_ssp585  743040 h  N 0.00-1.00  PARBmax  321.3  Rswmax  952.6  band resid max 102.6 W/m2 (1.94% of hours > 1; reference US_xRM: 77.2, 3.27%)
  US_Wrc_GFDL_ESM4_ssp585  753360 h  N 0.00-1.00  PARBmax  342.3  Rswmax 1010.4  band resid max 102.2 W/m2 (1.84% of hours > 1; reference US_xRM: 77.2, 3.27%)
  US_Wrc_IPSL_CM6A_LR_ssp585  753864 h  N 0.00-1.00  PARBmax  341.3  Rswmax 1005.0  band resid max 101.7 W/m2 (1.84% of hours > 1; reference US_xRM: 77.2, 3.27%)
  US_Wrc_MPI_ESM1_2_HR_ssp585  753864 h  N 0.00-1.00  PARBmax  339.8  Rswmax 1011.5  band resid max 101.7 W/m2 (1.83% of hours > 1; reference US_xRM: 77.2, 3.27%)
  US_Wrc_MRI_ESM2_0_ssp585  753864 h  N 0.00-1.00  PARBmax  341.0  Rswmax  997.5  band resid max 101.8 W/m2 (1.84% of hours > 1; reference US_xRM: 77.2, 3.27%)
  US_Wrc_UKESM1_0_LL_ssp585  743040 h  N 0.00-1.00  PARBmax  339.2  Rswmax 1004.9  band resid max 109.3 W/m2 (1.83% of hours > 1; reference US_xRM: 77.2, 3.27%)
  US_xAB_GFDL_ESM4_ssp585  753360 h  N 0.00-1.00  PARBmax  345.0  Rswmax 1008.7  band resid max 101.5 W/m2 (1.78% of hours > 1; reference US_xRM: 77.2, 3.27%)
  US_xAB_IPSL_CM6A_LR_ssp585  753864 h  N 0.00-1.00  PARBmax  343.6  Rswmax 1003.6  band resid max 100.4 W/m2 (1.78% of hours > 1; reference US_xRM: 77.2, 3.27%)
  US_xAB_MPI_ESM1_2_HR_ssp585  753864 h  N 0.00-1.00  PARBmax  341.6  Rswmax 1005.4  band resid max  99.8 W/m2 (1.78% of hours > 1; reference US_xRM: 77.2, 3.27%)
  US_xAB_MRI_ESM2_0_ssp585  753864 h  N 0.00-1.00  PARBmax  342.9  Rswmax  995.6  band resid max  99.9 W/m2 (1.78% of hours > 1; reference US_xRM: 77.2, 3.27%)
  US_xAB_UKESM1_0_LL_ssp585  743040 h  N 0.00-1.00  PARBmax  342.4  Rswmax 1003.9  band resid max 110.4 W/m2 (1.77% of hours > 1; reference US_xRM: 77.2, 3.27%)
  US_xBL_GFDL_ESM4_ssp585  753360 h  N 0.00-1.00  PARBmax  337.6  Rswmax  964.9  band resid max 117.2 W/m2 (1.99% of hours > 1; reference US_xRM: 77.2, 3.27%)
  US_xBL_IPSL_CM6A_LR_ssp585  753864 h  N 0.00-1.00  PARBmax  328.2  Rswmax  960.7  band resid max 121.8 W/m2 (1.98% of hours > 1; reference US_xRM: 77.2, 3.27%)
  US_xBL_MPI_ESM1_2_HR_ssp585  753864 h  N 0.00-1.00  PARBmax  339.7  Rswmax  972.8  band resid max 115.1 W/m2 (1.98% of hours > 1; reference US_xRM: 77.2, 3.27%)
  US_xBL_MRI_ESM2_0_ssp585  753864 h  N 0.00-1.00  PARBmax  328.5  Rswmax  959.9  band resid max 114.1 W/m2 (1.98% of hours > 1; reference US_xRM: 77.2, 3.27%)
  US_xBL_UKESM1_0_LL_ssp585  743040 h  N 0.00-1.00  PARBmax  330.6  Rswmax  962.4  band resid max 114.8 W/m2 (1.98% of hours > 1; reference US_xRM: 77.2, 3.27%)
  US_xBR_GFDL_ESM4_ssp585  753360 h  N 0.00-1.00  PARBmax  330.1  Rswmax  985.8  band resid max 107.4 W/m2 (2.68% of hours > 1; reference US_xRM: 77.2, 3.27%)
  US_xBR_IPSL_CM6A_LR_ssp585  753864 h  N 0.00-1.00  PARBmax  330.1  Rswmax  979.0  band resid max 109.6 W/m2 (2.68% of hours > 1; reference US_xRM: 77.2, 3.27%)
  US_xBR_MPI_ESM1_2_HR_ssp585  753864 h  N 0.00-1.00  PARBmax  336.6  Rswmax  992.8  band resid max 108.4 W/m2 (2.68% of hours > 1; reference US_xRM: 77.2, 3.27%)
  US_xBR_MRI_ESM2_0_ssp585  753864 h  N 0.00-1.00  PARBmax  326.7  Rswmax  978.6  band resid max 104.1 W/m2 (2.68% of hours > 1; reference US_xRM: 77.2, 3.27%)
  US_xBR_UKESM1_0_LL_ssp585  743040 h  N 0.00-1.00  PARBmax  331.2  Rswmax  989.3  band resid max 104.0 W/m2 (2.69% of hours > 1; reference US_xRM: 77.2, 3.27%)
  US_xGR_GFDL_ESM4_ssp585  753360 h  N 0.00-1.00  PARBmax  344.5  Rswmax  993.3  band resid max 119.5 W/m2 (1.92% of hours > 1; reference US_xRM: 77.2, 3.27%)
  US_xGR_IPSL_CM6A_LR_ssp585  753864 h  N 0.00-1.00  PARBmax  340.3  Rswmax  992.0  band resid max 117.6 W/m2 (1.92% of hours > 1; reference US_xRM: 77.2, 3.27%)
  US_xGR_MPI_ESM1_2_HR_ssp585  753864 h  N 0.00-1.00  PARBmax  349.5  Rswmax  996.0  band resid max 120.4 W/m2 (1.92% of hours > 1; reference US_xRM: 77.2, 3.27%)
  US_xGR_MRI_ESM2_0_ssp585  753864 h  N 0.00-1.00  PARBmax  338.9  Rswmax  988.9  band resid max 117.6 W/m2 (1.92% of hours > 1; reference US_xRM: 77.2, 3.27%)
  US_xGR_UKESM1_0_LL_ssp585  743040 h  N 0.00-1.00  PARBmax  339.6  Rswmax  989.6  band resid max 117.8 W/m2 (1.90% of hours > 1; reference US_xRM: 77.2, 3.27%)
  US_xHA_GFDL_ESM4_ssp585  753360 h  N 0.00-1.00  PARBmax  334.4  Rswmax  980.0  band resid max 102.3 W/m2 (2.55% of hours > 1; reference US_xRM: 77.2, 3.27%)
  US_xHA_IPSL_CM6A_LR_ssp585  753864 h  N 0.00-1.00  PARBmax  338.4  Rswmax  988.1  band resid max 104.4 W/m2 (2.55% of hours > 1; reference US_xRM: 77.2, 3.27%)
  US_xHA_MPI_ESM1_2_HR_ssp585  753864 h  N 0.00-1.00  PARBmax  346.9  Rswmax 1006.6  band resid max 102.7 W/m2 (2.55% of hours > 1; reference US_xRM: 77.2, 3.27%)
  US_xHA_MRI_ESM2_0_ssp585  753864 h  N 0.00-1.00  PARBmax  332.7  Rswmax  984.8  band resid max  98.2 W/m2 (2.55% of hours > 1; reference US_xRM: 77.2, 3.27%)
  US_xHA_UKESM1_0_LL_ssp585  743040 h  N 0.00-1.00  PARBmax  334.8  Rswmax  985.4  band resid max  97.7 W/m2 (2.55% of hours > 1; reference US_xRM: 77.2, 3.27%)
  US_xJE_GFDL_ESM4_ssp585  753360 h  N 0.00-1.00  PARBmax  352.6  Rswmax  995.3  band resid max 113.9 W/m2 (1.57% of hours > 1; reference US_xRM: 77.2, 3.27%)
  US_xJE_IPSL_CM6A_LR_ssp585  753864 h  N 0.00-1.00  PARBmax  342.2  Rswmax  991.6  band resid max 111.8 W/m2 (1.57% of hours > 1; reference US_xRM: 77.2, 3.27%)
  US_xJE_MPI_ESM1_2_HR_ssp585  753864 h  N 0.00-1.00  PARBmax  352.9  Rswmax 1008.5  band resid max 116.2 W/m2 (1.57% of hours > 1; reference US_xRM: 77.2, 3.27%)
  US_xJE_MRI_ESM2_0_ssp585  753864 h  N 0.00-1.00  PARBmax  342.0  Rswmax  995.4  band resid max 115.5 W/m2 (1.57% of hours > 1; reference US_xRM: 77.2, 3.27%)
  US_xJE_UKESM1_0_LL_ssp585  743040 h  N 0.00-1.00  PARBmax  341.2  Rswmax  984.2  band resid max 115.3 W/m2 (1.57% of hours > 1; reference US_xRM: 77.2, 3.27%)
  US_xLE_GFDL_ESM4_ssp585  753360 h  N 0.00-1.00  PARBmax  358.1  Rswmax 1026.9  band resid max 114.0 W/m2 (1.53% of hours > 1; reference US_xRM: 77.2, 3.27%)
  US_xLE_IPSL_CM6A_LR_ssp585  753864 h  N 0.00-1.00  PARBmax  351.6  Rswmax 1025.9  band resid max 114.6 W/m2 (1.53% of hours > 1; reference US_xRM: 77.2, 3.27%)
  US_xLE_MPI_ESM1_2_HR_ssp585  753864 h  N 0.00-1.00  PARBmax  365.3  Rswmax 1036.2  band resid max 115.3 W/m2 (1.53% of hours > 1; reference US_xRM: 77.2, 3.27%)
  US_xLE_MRI_ESM2_0_ssp585  753864 h  N 0.00-1.00  PARBmax  349.9  Rswmax 1018.0  band resid max 112.5 W/m2 (1.53% of hours > 1; reference US_xRM: 77.2, 3.27%)
  US_xLE_UKESM1_0_LL_ssp585  743040 h  N 0.00-1.00  PARBmax  353.9  Rswmax 1014.6  band resid max 113.4 W/m2 (1.54% of hours > 1; reference US_xRM: 77.2, 3.27%)
  US_xML_GFDL_ESM4_ssp585  753360 h  N 0.00-1.00  PARBmax  334.7  Rswmax  987.9  band resid max 118.4 W/m2 (2.35% of hours > 1; reference US_xRM: 77.2, 3.27%)
  US_xML_IPSL_CM6A_LR_ssp585  753864 h  N 0.00-1.00  PARBmax  337.2  Rswmax  974.9  band resid max 117.3 W/m2 (2.35% of hours > 1; reference US_xRM: 77.2, 3.27%)
  US_xML_MPI_ESM1_2_HR_ssp585  753864 h  N 0.00-1.00  PARBmax  344.0  Rswmax  984.4  band resid max 117.5 W/m2 (2.35% of hours > 1; reference US_xRM: 77.2, 3.27%)
  US_xML_MRI_ESM2_0_ssp585  753864 h  N 0.00-1.00  PARBmax  335.0  Rswmax  977.2  band resid max 114.8 W/m2 (2.35% of hours > 1; reference US_xRM: 77.2, 3.27%)
  US_xML_UKESM1_0_LL_ssp585  743040 h  N 0.00-1.00  PARBmax  333.3  Rswmax  976.4  band resid max 114.9 W/m2 (2.35% of hours > 1; reference US_xRM: 77.2, 3.27%)
  US_xNW_GFDL_ESM4_ssp585  753360 h  N 0.00-1.00  PARBmax  366.6  Rswmax 1055.5  band resid max 125.2 W/m2 (2.11% of hours > 1; reference US_xRM: 77.2, 3.27%)
  US_xNW_IPSL_CM6A_LR_ssp585  753864 h  N 0.00-1.00  PARBmax  371.0  Rswmax 1057.9  band resid max 125.6 W/m2 (2.11% of hours > 1; reference US_xRM: 77.2, 3.27%)
  US_xNW_MPI_ESM1_2_HR_ssp585  753864 h  N 0.00-1.00  PARBmax  368.8  Rswmax 1050.8  band resid max 121.8 W/m2 (2.11% of hours > 1; reference US_xRM: 77.2, 3.27%)
  US_xNW_UKESM1_0_LL_ssp585  743040 h  N 0.00-1.00  PARBmax  365.6  Rswmax 1045.8  band resid max 119.8 W/m2 (2.12% of hours > 1; reference US_xRM: 77.2, 3.27%)
  US_xRM_GFDL_ESM4_ssp585  753360 h  N 0.00-1.00  PARBmax  363.2  Rswmax 1055.5  band resid max 123.1 W/m2 (2.11% of hours > 1; reference US_xRM: 77.2, 3.27%)
  US_xRM_IPSL_CM6A_LR_ssp585  753864 h  N 0.00-1.00  PARBmax  366.2  Rswmax 1053.3  band resid max 123.8 W/m2 (2.11% of hours > 1; reference US_xRM: 77.2, 3.27%)
  US_xRM_MPI_ESM1_2_HR_ssp585  753864 h  N 0.00-1.00  PARBmax  364.7  Rswmax 1052.1  band resid max 119.6 W/m2 (2.11% of hours > 1; reference US_xRM: 77.2, 3.27%)
  US_xRM_UKESM1_0_LL_ssp585  743040 h  N 0.00-1.00  PARBmax  361.9  Rswmax 1044.1  band resid max 117.5 W/m2 (2.11% of hours > 1; reference US_xRM: 77.2, 3.27%)
  US_xRN_GFDL_ESM4_ssp585  753360 h  N 0.00-1.00  PARBmax  346.4  Rswmax  994.3  band resid max 120.9 W/m2 (1.78% of hours > 1; reference US_xRM: 77.2, 3.27%)
  US_xRN_IPSL_CM6A_LR_ssp585  753864 h  N 0.00-1.00  PARBmax  341.9  Rswmax  991.0  band resid max 115.5 W/m2 (1.78% of hours > 1; reference US_xRM: 77.2, 3.27%)
  US_xRN_MPI_ESM1_2_HR_ssp585  753864 h  N 0.00-1.00  PARBmax  354.6  Rswmax 1004.1  band resid max 118.7 W/m2 (1.78% of hours > 1; reference US_xRM: 77.2, 3.27%)
  US_xRN_MRI_ESM2_0_ssp585  753864 h  N 0.00-1.00  PARBmax  343.6  Rswmax  992.0  band resid max 115.3 W/m2 (1.78% of hours > 1; reference US_xRM: 77.2, 3.27%)
  US_xRN_UKESM1_0_LL_ssp585  743040 h  N 0.00-1.00  PARBmax  344.1  Rswmax  987.2  band resid max 113.9 W/m2 (1.76% of hours > 1; reference US_xRM: 77.2, 3.27%)
  US_xSB_GFDL_ESM4_ssp585  753360 h  N 0.00-1.00  PARBmax  348.4  Rswmax  978.8  band resid max 115.5 W/m2 (1.99% of hours > 1; reference US_xRM: 77.2, 3.27%)
  US_xSB_IPSL_CM6A_LR_ssp585  753864 h  N 0.00-1.00  PARBmax  341.4  Rswmax  985.6  band resid max 113.8 W/m2 (2.00% of hours > 1; reference US_xRM: 77.2, 3.27%)
  US_xSB_MPI_ESM1_2_HR_ssp585  753864 h  N 0.00-1.00  PARBmax  357.9  Rswmax  991.1  band resid max 117.6 W/m2 (2.00% of hours > 1; reference US_xRM: 77.2, 3.27%)
  US_xSB_MRI_ESM2_0_ssp585  753864 h  N 0.00-1.00  PARBmax  338.8  Rswmax  971.9  band resid max 115.1 W/m2 (2.00% of hours > 1; reference US_xRM: 77.2, 3.27%)
  US_xSB_UKESM1_0_LL_ssp585  743040 h  N 0.00-1.00  PARBmax  344.7  Rswmax  978.2  band resid max 114.8 W/m2 (1.98% of hours > 1; reference US_xRM: 77.2, 3.27%)
  US_xSC_GFDL_ESM4_ssp585  753360 h  N 0.00-1.00  PARBmax  339.2  Rswmax  964.1  band resid max 119.8 W/m2 (2.01% of hours > 1; reference US_xRM: 77.2, 3.27%)
  US_xSC_IPSL_CM6A_LR_ssp585  753864 h  N 0.00-1.00  PARBmax  326.5  Rswmax  959.4  band resid max 123.8 W/m2 (2.01% of hours > 1; reference US_xRM: 77.2, 3.27%)
  US_xSC_MPI_ESM1_2_HR_ssp585  753864 h  N 0.00-1.00  PARBmax  341.0  Rswmax  975.4  band resid max 117.2 W/m2 (2.01% of hours > 1; reference US_xRM: 77.2, 3.27%)
  US_xSC_MRI_ESM2_0_ssp585  753864 h  N 0.00-1.00  PARBmax  328.9  Rswmax  962.3  band resid max 116.5 W/m2 (2.01% of hours > 1; reference US_xRM: 77.2, 3.27%)
  US_xSC_UKESM1_0_LL_ssp585  743040 h  N 0.00-1.00  PARBmax  329.0  Rswmax  961.4  band resid max 116.8 W/m2 (2.01% of hours > 1; reference US_xRM: 77.2, 3.27%)
  US_xSE_GFDL_ESM4_ssp585  753360 h  N 0.00-1.00  PARBmax  332.3  Rswmax  954.5  band resid max 115.9 W/m2 (2.23% of hours > 1; reference US_xRM: 77.2, 3.27%)
  US_xSE_IPSL_CM6A_LR_ssp585  753864 h  N 0.00-1.00  PARBmax  334.0  Rswmax  961.5  band resid max 116.3 W/m2 (2.23% of hours > 1; reference US_xRM: 77.2, 3.27%)
  US_xSE_MPI_ESM1_2_HR_ssp585  753864 h  N 0.00-1.00  PARBmax  337.1  Rswmax  966.0  band resid max 114.2 W/m2 (2.23% of hours > 1; reference US_xRM: 77.2, 3.27%)
  US_xSE_MRI_ESM2_0_ssp585  753864 h  N 0.00-1.00  PARBmax  321.0  Rswmax  949.1  band resid max 112.5 W/m2 (2.23% of hours > 1; reference US_xRM: 77.2, 3.27%)
  US_xSE_UKESM1_0_LL_ssp585  743040 h  N 0.00-1.00  PARBmax  327.5  Rswmax  962.3  band resid max 113.3 W/m2 (2.24% of hours > 1; reference US_xRM: 77.2, 3.27%)
  US_xSP_GFDL_ESM4_ssp585  753360 h  N 0.00-1.00  PARBmax  373.1  Rswmax 1077.3  band resid max 120.2 W/m2 (1.97% of hours > 1; reference US_xRM: 77.2, 3.27%)
  US_xSP_MPI_ESM1_2_HR_ssp585  753864 h  N 0.00-1.00  PARBmax  372.8  Rswmax 1082.1  band resid max 122.5 W/m2 (1.97% of hours > 1; reference US_xRM: 77.2, 3.27%)
  US_xSP_MRI_ESM2_0_ssp585  753864 h  N 0.00-1.00  PARBmax  373.3  Rswmax 1087.8  band resid max 122.7 W/m2 (1.97% of hours > 1; reference US_xRM: 77.2, 3.27%)
  US_xST_GFDL_ESM4_ssp585  753360 h  N 0.00-1.00  PARBmax  328.2  Rswmax  957.2  band resid max 106.2 W/m2 (2.12% of hours > 1; reference US_xRM: 77.2, 3.27%)
  US_xST_IPSL_CM6A_LR_ssp585  753864 h  N 0.00-1.00  PARBmax  323.4  Rswmax  954.4  band resid max 109.0 W/m2 (2.12% of hours > 1; reference US_xRM: 77.2, 3.27%)
  US_xST_MPI_ESM1_2_HR_ssp585  753864 h  N 0.00-1.00  PARBmax  329.3  Rswmax  970.6  band resid max 108.2 W/m2 (2.12% of hours > 1; reference US_xRM: 77.2, 3.27%)
  US_xST_MRI_ESM2_0_ssp585  753864 h  N 0.00-1.00  PARBmax  321.3  Rswmax  960.6  band resid max 104.2 W/m2 (2.12% of hours > 1; reference US_xRM: 77.2, 3.27%)
  US_xST_UKESM1_0_LL_ssp585  743040 h  N 0.00-1.00  PARBmax  324.5  Rswmax  954.6  band resid max 102.3 W/m2 (2.11% of hours > 1; reference US_xRM: 77.2, 3.27%)
  US_xTA_GFDL_ESM4_ssp585  753360 h  N 0.00-1.00  PARBmax  357.5  Rswmax 1025.8  band resid max 118.6 W/m2 (1.43% of hours > 1; reference US_xRM: 77.2, 3.27%)
  US_xTA_IPSL_CM6A_LR_ssp585  753864 h  N 0.00-1.00  PARBmax  352.8  Rswmax 1019.8  band resid max 118.3 W/m2 (1.43% of hours > 1; reference US_xRM: 77.2, 3.27%)
  US_xTA_MPI_ESM1_2_HR_ssp585  753864 h  N 0.00-1.00  PARBmax  366.8  Rswmax 1038.6  band resid max 119.1 W/m2 (1.43% of hours > 1; reference US_xRM: 77.2, 3.27%)
  US_xTA_MRI_ESM2_0_ssp585  753864 h  N 0.00-1.00  PARBmax  356.1  Rswmax 1016.1  band resid max 115.5 W/m2 (1.43% of hours > 1; reference US_xRM: 77.2, 3.27%)
  US_xTA_UKESM1_0_LL_ssp585  743040 h  N 0.00-1.00  PARBmax  353.5  Rswmax 1019.8  band resid max 117.7 W/m2 (1.44% of hours > 1; reference US_xRM: 77.2, 3.27%)
  US_xTE_GFDL_ESM4_ssp585  753360 h  N 0.00-1.00  PARBmax  370.9  Rswmax 1078.8  band resid max 122.4 W/m2 (1.94% of hours > 1; reference US_xRM: 77.2, 3.27%)
  US_xTE_MPI_ESM1_2_HR_ssp585  753864 h  N 0.00-1.00  PARBmax  371.7  Rswmax 1083.0  band resid max 124.0 W/m2 (1.94% of hours > 1; reference US_xRM: 77.2, 3.27%)
  US_xTE_MRI_ESM2_0_ssp585  753864 h  N 0.00-1.00  PARBmax  370.9  Rswmax 1089.7  band resid max 124.5 W/m2 (1.94% of hours > 1; reference US_xRM: 77.2, 3.27%)
  US_xTR_GFDL_ESM4_ssp585  753360 h  N 0.00-1.00  PARBmax  328.3  Rswmax  958.0  band resid max 106.8 W/m2 (2.12% of hours > 1; reference US_xRM: 77.2, 3.27%)
  US_xTR_IPSL_CM6A_LR_ssp585  753864 h  N 0.00-1.00  PARBmax  323.7  Rswmax  953.9  band resid max 109.5 W/m2 (2.12% of hours > 1; reference US_xRM: 77.2, 3.27%)
  US_xTR_MPI_ESM1_2_HR_ssp585  753864 h  N 0.00-1.00  PARBmax  330.3  Rswmax  973.3  band resid max 109.0 W/m2 (2.12% of hours > 1; reference US_xRM: 77.2, 3.27%)
  US_xTR_MRI_ESM2_0_ssp585  753864 h  N 0.00-1.00  PARBmax  322.9  Rswmax  961.9  band resid max 104.9 W/m2 (2.12% of hours > 1; reference US_xRM: 77.2, 3.27%)
  US_xTR_UKESM1_0_LL_ssp585  743040 h  N 0.00-1.00  PARBmax  323.3  Rswmax  954.4  band resid max 103.5 W/m2 (2.11% of hours > 1; reference US_xRM: 77.2, 3.27%)
  US_xUK_IPSL_CM6A_LR_ssp585  753864 h  N 0.00-1.00  PARBmax  356.3  Rswmax 1010.5  band resid max 111.0 W/m2 (2.08% of hours > 1; reference US_xRM: 77.2, 3.27%)
  US_xUK_MPI_ESM1_2_HR_ssp585  753864 h  N 0.00-1.00  PARBmax  363.3  Rswmax 1024.9  band resid max 115.9 W/m2 (2.08% of hours > 1; reference US_xRM: 77.2, 3.27%)
  US_xUK_MRI_ESM2_0_ssp585  753864 h  N 0.00-1.00  PARBmax  348.4  Rswmax 1010.5  band resid max 113.3 W/m2 (2.08% of hours > 1; reference US_xRM: 77.2, 3.27%)
  US_xUK_UKESM1_0_LL_ssp585  743040 h  N 0.00-1.00  PARBmax  354.7  Rswmax 1011.2  band resid max 116.0 W/m2 (2.08% of hours > 1; reference US_xRM: 77.2, 3.27%)
  US_xWR_GFDL_ESM4_ssp585  753360 h  N 0.00-1.00  PARBmax  342.4  Rswmax 1010.4  band resid max 102.2 W/m2 (1.84% of hours > 1; reference US_xRM: 77.2, 3.27%)
  US_xWR_IPSL_CM6A_LR_ssp585  753864 h  N 0.00-1.00  PARBmax  341.5  Rswmax 1005.0  band resid max 101.7 W/m2 (1.84% of hours > 1; reference US_xRM: 77.2, 3.27%)
  US_xWR_MPI_ESM1_2_HR_ssp585  753864 h  N 0.00-1.00  PARBmax  340.0  Rswmax 1011.5  band resid max 101.7 W/m2 (1.83% of hours > 1; reference US_xRM: 77.2, 3.27%)
  US_xWR_MRI_ESM2_0_ssp585  753864 h  N 0.00-1.00  PARBmax  341.2  Rswmax  997.5  band resid max 101.8 W/m2 (1.84% of hours > 1; reference US_xRM: 77.2, 3.27%)
  US_xWR_UKESM1_0_LL_ssp585  743040 h  N 0.00-1.00  PARBmax  339.4  Rswmax 1004.9  band resid max 109.3 W/m2 (1.83% of hours > 1; reference US_xRM: 77.2, 3.27%)
  US_xYE_MPI_ESM1_2_HR_ssp585  753864 h  N 0.00-1.00  PARBmax  349.1  Rswmax 1016.1  band resid max 115.1 W/m2 (1.77% of hours > 1; reference US_xRM: 77.2, 3.27%)

456/456 written to /vol_efthymios/NFS07/dd1136/T_and_C/input_data/gcm_meteo/ssp585/

raw  files : 1415
final files: 1415
79G	/vol_efthymios/NFS07/dd1136/T_and_C/input_data/gcm_meteo
finished   : 2026-08-14T19:45:04Z
exit status: stage1=0 stage2=1
