job        : 38497
node       : soeepyc05
cluster    : soe   partition: SOE_main
started    : 2026-08-25T14:37:58Z
model_run  : /vol_efthymios/NFS07/dd1136/T_and_C/model_run

model_run : /vol_efthymios/NFS07/dd1136/T_and_C/model_run
stations  : 98   pair filter: historical/*:*

US-Bar  historical/GFDL-ESM4:fixed_lma
  Sl_H  fixed=0.025391  dyn(final)=0.028513
  variable verdict       max|diff|   mean|diff| as % of |fixed|
  LAI_H    differs         2.68768                      14.266%
  An_H     differs        0.437664                       5.891%
  B_H      differs         56.9522                       0.373%
  T_H      differs       0.0246385                      12.259%
  EIn_H    differs        0.170053                       7.702%
  EG       differs       0.0659098                      15.104%
  QE       differs         111.306                       5.344%
  H        differs         153.331                       4.145%
  Rn       differs         68.4489                       0.774%
  SWE      differs          20.092                       1.513%
  Lk       differs          1.3452                      18.321%

  OK: the arms differ. LAI_H mean |diff| = 14.27% of the fixed-arm mean.

US-Bar  historical/IPSL-CM6A-LR:fixed_lma
  Sl_H  fixed=0.025391  dyn(final)=0.026225
  variable verdict       max|diff|   mean|diff| as % of |fixed|
  LAI_H    differs         3.34183                      12.891%
  An_H     differs        0.268901                       5.061%
  B_H      differs         84.4352                       0.390%
  T_H      differs       0.0270103                      10.924%
  EIn_H    differs        0.143334                       5.626%
  EG       differs       0.0510885                      13.092%
  QE       differs         94.8349                       4.472%
  H        differs         143.838                       3.724%
  Rn       differs          63.219                       0.706%
  SWE      differs         27.4873                       1.665%
  Lk       differs         0.83884                      11.149%

  OK: the arms differ. LAI_H mean |diff| = 12.89% of the fixed-arm mean.

US-Bar  historical/MPI-ESM1-2-HR:fixed_lma
  Sl_H  fixed=0.025391  dyn(final)=0.026618
  variable verdict       max|diff|   mean|diff| as % of |fixed|
  LAI_H    differs         2.48719                      14.089%
  An_H     differs        0.362666                       5.634%
  B_H      differs         77.4181                       0.330%
  T_H      differs       0.0176023                      12.121%
  EIn_H    differs        0.132735                       6.263%
  EG       differs       0.0509775                      16.890%
  QE       differs         90.8375                       5.705%
  H        differs         375.526                       4.414%
  Rn       differs         90.0105                       0.827%
  SWE      differs         25.3317                       1.659%
  Lk       differs          1.1574                      21.541%

  OK: the arms differ. LAI_H mean |diff| = 14.09% of the fixed-arm mean.

US-Bar  historical/MRI-ESM2-0:fixed_lma
  Sl_H  fixed=0.025391  dyn(final)=0.027852
  variable verdict       max|diff|   mean|diff| as % of |fixed|
  LAI_H    differs         2.58865                      14.025%
  An_H     differs        0.294642                       5.641%
  B_H      differs         115.112                       0.526%
  T_H      differs       0.0258006                      12.114%
  EIn_H    differs        0.146371                       6.174%
  EG       differs       0.0618977                      14.581%
  QE       differs         116.683                       5.207%
  H        differs         334.514                       3.925%
  Rn       differs         98.6211                       0.724%
  SWE      differs         11.2668                       1.185%
  Lk       differs         1.65709                      27.948%

  OK: the arms differ. LAI_H mean |diff| = 14.02% of the fixed-arm mean.

US-Bar  historical/UKESM1-0-LL:fixed_lma
  Sl_H  fixed=0.025391  dyn(final)=0.021608
  variable verdict       max|diff|   mean|diff| as % of |fixed|
  LAI_H    differs         3.48862                      18.508%
  An_H     differs         0.27155                       6.690%
  B_H      differs          128.75                       0.745%
  T_H      differs       0.0305695                      15.710%
  EIn_H    differs        0.213361                       8.767%
  EG       differs        0.044999                      14.023%
  QE       differs         139.437                       6.435%
  H        differs         168.951                       5.029%
  Rn       differs         85.3225                       0.931%
  SWE      differs         6.12806                       1.397%
  Lk       differs         1.14617                      18.209%

  OK: the arms differ. LAI_H mean |diff| = 18.51% of the fixed-arm mean.

US-Blk  historical/GFDL-ESM4:fixed_lma
  Sl_H  fixed=0.016617  dyn(final)=0.014999
  variable verdict       max|diff|   mean|diff| as % of |fixed|
  LAI_H    differs        0.772493                       7.029%
  An_H     differs         7.34029                       6.274%
  B_H      differs          34.726                       0.222%
  T_H      differs        0.124818                       5.509%
  EIn_H    differs       0.0716046                       7.634%
  EG       differs       0.0607145                      14.675%
  QE       differs         84.0574                       5.161%
  H        differs         235.243                       4.966%
  Rn       differs         114.631                       0.514%
  SWE      differs         2.35359                       2.109%
  Lk       IDENTICAL             0                       0.000%  <--

  OK: the arms differ. LAI_H mean |diff| = 7.03% of the fixed-arm mean.
  note: still identical for ['Lk'] -- expected only if that
        variable is genuinely insensitive to leaf area.

US-Blk  historical/IPSL-CM6A-LR:fixed_lma
  Sl_H  fixed=0.016617  dyn(final)=0.013821
  variable verdict       max|diff|   mean|diff| as % of |fixed|
  LAI_H    differs          1.1163                       7.347%
  An_H     differs         9.93243                       7.845%
  B_H      differs         24.2953                       0.141%
  T_H      differs        0.165247                       6.976%
  EIn_H    differs        0.116304                       8.034%
  EG       differs       0.0265137                      13.061%
  QE       differs          111.86                       6.395%
  H        differs         211.685                       6.177%
  Rn       differs         117.984                       0.572%
  SWE      differs          1.2443                       1.582%
  Lk       IDENTICAL             0                       0.000%  <--

  OK: the arms differ. LAI_H mean |diff| = 7.35% of the fixed-arm mean.
  note: still identical for ['Lk'] -- expected only if that
        variable is genuinely insensitive to leaf area.

US-Blk  historical/MPI-ESM1-2-HR:fixed_lma
  Sl_H  fixed=0.016617  dyn(final)=0.018881
  variable verdict       max|diff|   mean|diff| as % of |fixed|
  LAI_H    differs        0.725849                       9.067%
  An_H     differs         8.07263                       8.037%
  B_H      differs         34.2907                       0.164%
  T_H      differs        0.140879                       7.320%
  EIn_H    differs       0.0979274                       9.381%
  EG       differs         0.02842                      16.023%
  QE       differs         94.9351                       6.773%
  H        differs         370.198                       6.546%
  Rn       differs         89.5612                       0.669%
  SWE      differs         1.57164                       2.571%
  Lk       IDENTICAL             0                       0.000%  <--

  OK: the arms differ. LAI_H mean |diff| = 9.07% of the fixed-arm mean.
  note: still identical for ['Lk'] -- expected only if that
        variable is genuinely insensitive to leaf area.

US-Blk  historical/MRI-ESM2-0:fixed_lma
  Sl_H  fixed=0.016617  dyn(final)=0.013925
  variable verdict       max|diff|   mean|diff| as % of |fixed|
  LAI_H    differs         0.96472                       8.034%
  An_H     differs         8.57888                       7.251%
  B_H      differs         23.7901                       0.160%
  T_H      differs        0.136549                       6.137%
  EIn_H    differs       0.0975405                       8.180%
  EG       differs       0.0346527                      16.861%
  QE       differs         92.3076                       5.729%
  H        differs         242.224                       5.835%
  Rn       differs         158.157                       0.557%
  SWE      differs         2.19067                       2.653%
  Lk       IDENTICAL             0                       0.000%  <--

  OK: the arms differ. LAI_H mean |diff| = 8.03% of the fixed-arm mean.
  note: still identical for ['Lk'] -- expected only if that
        variable is genuinely insensitive to leaf area.

US-Blk  historical/UKESM1-0-LL:fixed_lma
  Sl_H  fixed=0.016617  dyn(final)=0.012706
  variable verdict       max|diff|   mean|diff| as % of |fixed|
  LAI_H    differs         1.56164                      10.599%
  An_H     differs         10.3214                      11.665%
  B_H      differs         36.9578                       0.266%
  T_H      differs         0.21269                      10.376%
  EIn_H    differs        0.160837                      12.240%
  EG       differs       0.0384544                      17.405%
  QE       differs         143.834                       9.647%
  H        differs          247.31                       8.184%
  Rn       differs         180.315                       0.827%
  SWE      differs         4.02717                       3.695%
  Lk       IDENTICAL             0                       0.000%  <--

  OK: the arms differ. LAI_H mean |diff| = 10.60% of the fixed-arm mean.
  note: still identical for ['Lk'] -- expected only if that
        variable is genuinely insensitive to leaf area.

US-CPF  historical/GFDL-ESM4:fixed_lma
  Sl_H  fixed=0.016803  dyn(final)=0.016119
  variable verdict       max|diff|   mean|diff| as % of |fixed|
  LAI_H    differs        0.662933                       5.367%
  An_H     differs         9.09229                       5.418%
  B_H      differs         15.5394                       0.170%
  T_H      differs        0.195992                       5.278%
  EIn_H    differs       0.0640541                       6.063%
  EG       differs       0.0621572                      13.359%
  QE       differs         133.824                       4.416%
  H        differs         310.904                       5.011%
  Rn       differs         263.774                       0.811%
  SWE      differs         11.8263                       2.391%
  Lk       differs        0.238081                      49.808%

  OK: the arms differ. LAI_H mean |diff| = 5.37% of the fixed-arm mean.

US-CPF  historical/IPSL-CM6A-LR:fixed_lma
  Sl_H  fixed=0.016803  dyn(final)=0.016393
  variable verdict       max|diff|   mean|diff| as % of |fixed|
  LAI_H    differs        0.602534                       6.843%
  An_H     differs         10.1665                       7.959%
  B_H      differs         20.2269                       0.256%
  T_H      differs        0.250814                       7.049%
  EIn_H    differs       0.0612198                       8.057%
  EG       differs       0.0580238                      13.917%
  QE       differs         170.082                       5.687%
  H        differs          362.55                       6.071%
  Rn       differs         246.934                       0.915%
  SWE      differs         34.1276                       3.387%
  Lk       differs     0.000867866                       1.832%

  OK: the arms differ. LAI_H mean |diff| = 6.84% of the fixed-arm mean.

US-CPF  historical/MPI-ESM1-2-HR:fixed_lma
  Sl_H  fixed=0.016803  dyn(final)=0.016682
  variable verdict       max|diff|   mean|diff| as % of |fixed|
  LAI_H    differs        0.817543                       7.099%
  An_H     differs         10.3839                       7.386%
  B_H      differs         39.8472                       0.322%
  T_H      differs          0.2557                       6.566%
  EIn_H    differs       0.0849707                       8.058%
  EG       differs       0.0591055                      13.847%
  QE       differs         173.298                       5.416%
  H        differs         263.148                       6.142%
  Rn       differs         248.633                       1.100%
  SWE      differs         18.9842                       2.477%
  Lk       differs        0.155322                      35.060%

  OK: the arms differ. LAI_H mean |diff| = 7.10% of the fixed-arm mean.

US-CPF  historical/MRI-ESM2-0:fixed_lma
  Sl_H  fixed=0.016803  dyn(final)=0.016307
  variable verdict       max|diff|   mean|diff| as % of |fixed|
  LAI_H    differs         0.51124                       6.521%
  An_H     differs         8.40784                       5.999%
  B_H      differs         8.92356                       0.122%
  T_H      differs        0.197006                       5.949%
  EIn_H    differs       0.0800847                       7.834%
  EG       differs       0.0576565                      15.293%
  QE       differs         133.455                       4.997%
  H        differs         360.809                       5.447%
  Rn       differs         260.346                       0.858%
  SWE      differs          13.645                       2.735%
  Lk       differs        0.179131                      48.391%

  OK: the arms differ. LAI_H mean |diff| = 6.52% of the fixed-arm mean.

US-CPF  historical/UKESM1-0-LL:fixed_lma
  Sl_H  fixed=0.016803  dyn(final)=0.018692
  variable verdict       max|diff|   mean|diff| as % of |fixed|
  LAI_H    differs        0.589815                       7.774%
  An_H     differs         10.8605                       8.759%
  B_H      differs          46.601                       0.407%
  T_H      differs        0.320413                       8.462%
  EIn_H    differs       0.0590321                       9.457%
  EG       differs       0.0631027                      16.498%
  QE       differs         217.014                       6.862%
  H        differs         389.388                       7.204%
  Rn       differs         252.558                       1.049%
  SWE      differs         25.9605                       4.017%
  Lk       differs       0.0146342                      57.072%

  OK: the arms differ. LAI_H mean |diff| = 7.77% of the fixed-arm mean.

US-CPk  historical/GFDL-ESM4:fixed_lma
  Sl_H  fixed=0.020050  dyn(final)=0.018687
  variable verdict       max|diff|   mean|diff| as % of |fixed|
  LAI_H    differs        0.719761                       6.257%
  An_H     differs          9.0338                       6.985%
  B_H      differs         12.3335                       0.098%
  T_H      differs        0.209458                       6.795%
  EIn_H    differs        0.105481                       7.487%
  EG       differs       0.0714935                      14.197%
  QE       differs         142.103                       5.726%
  H        differs         231.492                       4.536%
  Rn       differs         232.579                       0.777%
  SWE      differs         13.4951                       3.057%
  Lk       differs            0.01                      33.333%

  OK: the arms differ. LAI_H mean |diff| = 6.26% of the fixed-arm mean.

US-CPk  historical/IPSL-CM6A-LR:fixed_lma
  Sl_H  fixed=0.020050  dyn(final)=0.018848
  variable verdict       max|diff|   mean|diff| as % of |fixed|
  LAI_H    differs        0.600586                       7.480%
  An_H     differs         8.22363                       8.709%
  B_H      differs         10.1443                       0.115%
  T_H      differs        0.204054                       8.305%
  EIn_H    differs       0.0599319                       9.124%
  EG       differs        0.062245                      13.179%
  QE       differs         138.192                       6.757%
  H        differs         269.362                       4.810%
  Rn       differs         201.495                       0.749%
  SWE      differs          18.229                       3.947%
  Lk       differs            0.01                      70.000%

  OK: the arms differ. LAI_H mean |diff| = 7.48% of the fixed-arm mean.

US-CPk  historical/MPI-ESM1-2-HR:fixed_lma
  Sl_H  fixed=0.020050  dyn(final)=0.020672
  variable verdict       max|diff|   mean|diff| as % of |fixed|
  LAI_H    differs        0.740593                       6.603%
  An_H     differs         9.27383                       7.717%
  B_H      differs         14.1848                       0.202%
  T_H      differs        0.162215                       7.139%
  EIn_H    differs       0.0753955                       7.760%
  EG       differs       0.0786824                      11.169%
  QE       differs         110.247                       5.702%
  H        differs         210.399                       4.746%
  Rn       differs         260.776                       0.869%
  SWE      differs         21.7186                       2.825%
  Lk       IDENTICAL             0                       0.000%  <--

  OK: the arms differ. LAI_H mean |diff| = 6.60% of the fixed-arm mean.
  note: still identical for ['Lk'] -- expected only if that
        variable is genuinely insensitive to leaf area.

US-CPk  historical/MRI-ESM2-0:fixed_lma
  Sl_H  fixed=0.020050  dyn(final)=0.019480
  variable verdict       max|diff|   mean|diff| as % of |fixed|
  LAI_H    differs        0.687959                       7.472%
  An_H     differs         9.50218                       8.216%
  B_H      differs         9.83773                       0.125%
  T_H      differs        0.191623                       7.789%
  EIn_H    differs        0.109795                       8.693%
  EG       differs       0.0527713                      12.092%
  QE       differs         130.042                       6.476%
  H        differs         276.141                       4.981%
  Rn       differs         213.707                       0.894%
  SWE      differs         14.9016                       3.852%
  Lk       differs            0.01                      31.034%

  OK: the arms differ. LAI_H mean |diff| = 7.47% of the fixed-arm mean.

US-CPk  historical/UKESM1-0-LL:fixed_lma
  Sl_H  fixed=0.020050  dyn(final)=0.022812
  variable verdict       max|diff|   mean|diff| as % of |fixed|
  LAI_H    differs        0.865429                       8.287%
  An_H     differs         9.18262                      10.356%
  B_H      differs          26.496                       0.222%
  T_H      differs        0.179998                       9.757%
  EIn_H    differs       0.0858904                      10.296%
  EG       differs       0.0774182                      17.237%
  QE       differs         121.906                       8.052%
  H        differs         228.219                       5.704%
  Rn       differs         259.878                       0.954%
  SWE      differs         12.8179                       4.640%
  Lk       IDENTICAL             0                       0.000%  <--

  OK: the arms differ. LAI_H mean |diff| = 8.29% of the fixed-arm mean.
  note: still identical for ['Lk'] -- expected only if that
        variable is genuinely insensitive to leaf area.

US-CRK  historical/GFDL-ESM4:fixed_lma
  Sl_H  fixed=0.014376  dyn(final)=0.012806
  variable verdict       max|diff|   mean|diff| as % of |fixed|
  LAI_H    differs         1.02553                       4.848%
  An_H     differs         4.65444                       1.675%
  B_H      differs         60.5647                       0.132%
  T_H      differs       0.0984189                       1.734%
  EIn_H    differs         0.13773                       3.133%
  EG       differs       0.0534015                       7.322%
  QE       differs         65.9571                       1.346%
  H        differs         61.7077                       2.796%
  Rn       differs         12.4685                       0.287%
  SWE      differs        0.596736                       1.040%
  Lk       differs        0.104663                       5.237%

  OK: the arms differ. LAI_H mean |diff| = 4.85% of the fixed-arm mean.

US-CRK  historical/IPSL-CM6A-LR:fixed_lma
  Sl_H  fixed=0.014373  dyn(final)=0.012364
  variable verdict       max|diff|   mean|diff| as % of |fixed|
  LAI_H    differs        0.854971                       4.825%
  An_H     differs         5.59076                       1.808%
  B_H      differs         37.6916                       0.101%
  T_H      differs         0.16076                       1.684%
  EIn_H    differs       0.0970816                       2.818%
  EG       differs       0.0357823                       8.164%
  QE       differs         107.692                       1.361%
  H        differs          89.976                       2.728%
  Rn       differs          21.072                       0.329%
  SWE      differs        0.465532                       1.002%
  Lk       differs       0.0911311                       6.426%

  OK: the arms differ. LAI_H mean |diff| = 4.83% of the fixed-arm mean.

US-CRK  historical/MPI-ESM1-2-HR:fixed_lma
  Sl_H  fixed=0.014371  dyn(final)=0.016569
  variable verdict       max|diff|   mean|diff| as % of |fixed|
  LAI_H    differs         1.61567                       6.471%
  An_H     differs         5.74722                       2.449%
  B_H      differs         53.9824                       0.116%
  T_H      differs        0.163667                       2.512%
  EIn_H    differs       0.0888127                       4.022%
  EG       differs       0.0361593                       8.764%
  QE       differs         109.731                       2.019%
  H        differs         99.0649                       4.140%
  Rn       differs         12.4422                       0.420%
  SWE      differs         2.83014                       2.485%
  Lk       differs       0.0943624                       5.675%

  OK: the arms differ. LAI_H mean |diff| = 6.47% of the fixed-arm mean.

US-CRK  historical/MRI-ESM2-0:fixed_lma
  Sl_H  fixed=0.014373  dyn(final)=0.013349
  variable verdict       max|diff|   mean|diff| as % of |fixed|
  LAI_H    differs        0.818031                       4.636%
  An_H     differs         2.84984                       1.616%
  B_H      differs         78.5989                       0.161%
  T_H      differs        0.120148                       1.527%
  EIn_H    differs       0.0841731                       2.736%
  EG       differs       0.0266526                       7.699%
  QE       differs          80.465                       1.181%
  H        differs         72.2126                       2.554%
  Rn       differs           12.54                       0.263%
  SWE      differs         0.45093                       0.763%
  Lk       differs        0.110462                       6.410%

  OK: the arms differ. LAI_H mean |diff| = 4.64% of the fixed-arm mean.

US-CRK  historical/UKESM1-0-LL:fixed_lma
  Sl_H  fixed=0.014370  dyn(final)=0.011668
  variable verdict       max|diff|   mean|diff| as % of |fixed|
  LAI_H    differs        0.821323                       5.981%
  An_H     differs         4.71185                       2.378%
  B_H      differs         147.912                       0.333%
  T_H      differs        0.123834                       2.370%
  EIn_H    differs       0.0985469                       3.571%
  EG       differs        0.046739                      10.557%
  QE       differs         83.0338                       1.808%
  H        differs         134.094                       4.022%
  Rn       differs         26.7551                       0.400%
  SWE      differs         2.32606                       1.979%
  Lk       differs       0.0667541                       9.294%

  OK: the arms differ. LAI_H mean |diff| = 5.98% of the fixed-arm mean.

US-CS2
  FAIL: no fixed_lma/dyn_lma pair found matching 'historical/*:*'. Nothing was
        compared, which is not the same as a pass -- check the run
        tree under /vol_efthymios/NFS07/dd1136/T_and_C/model_run/US-CS2.

US-CZ2  historical/GFDL-ESM4:fixed_lma
  Sl_H  fixed=0.015072  dyn(final)=0.014830
  variable verdict       max|diff|   mean|diff| as % of |fixed|
  LAI_H    differs        0.494589                       5.407%
  An_H     differs         4.94104                       5.699%
  B_H      differs          23.528                       0.193%
  T_H      differs        0.173617                       5.274%
  EIn_H    differs       0.0464308                       7.383%
  EG       differs        0.084181                       3.985%
  QE       differs         116.318                       4.418%
  H        differs         109.062                       2.824%
  Rn       differs         275.991                       0.218%
  SWE      differs          1.2782                       2.239%
  Lk       differs            0.01                       7.973%

  OK: the arms differ. LAI_H mean |diff| = 5.41% of the fixed-arm mean.

US-CZ2  historical/IPSL-CM6A-LR:fixed_lma
  Sl_H  fixed=0.015072  dyn(final)=0.014860
  variable verdict       max|diff|   mean|diff| as % of |fixed|
  LAI_H    differs        0.742141                       6.095%
  An_H     differs         5.75161                       6.874%
  B_H      differs         73.5792                       0.205%
  T_H      differs        0.149349                       5.886%
  EIn_H    differs       0.0636101                       8.337%
  EG       differs       0.0368835                       4.850%
  QE       differs         100.109                       4.810%
  H        differs         131.624                       3.029%
  Rn       differs         63.7518                       0.241%
  SWE      differs        0.631078                       0.987%
  Lk       differs            0.01                       8.021%

  OK: the arms differ. LAI_H mean |diff| = 6.10% of the fixed-arm mean.

US-CZ2  historical/MPI-ESM1-2-HR:fixed_lma
  Sl_H  fixed=0.015072  dyn(final)=0.015755
  variable verdict       max|diff|   mean|diff| as % of |fixed|
  LAI_H    differs        0.735477                       6.192%
  An_H     differs         5.05501                       6.383%
  B_H      differs         31.9632                       0.233%
  T_H      differs        0.199896                       5.509%
  EIn_H    differs       0.0521703                       8.107%
  EG       differs        0.041722                       4.813%
  QE       differs         133.709                       4.610%
  H        differs         125.711                       3.011%
  Rn       differs         8.11475                       0.199%
  SWE      differs         0.70529                       1.370%
  Lk       differs            0.01                       5.888%

  OK: the arms differ. LAI_H mean |diff| = 6.19% of the fixed-arm mean.

US-CZ2  historical/MRI-ESM2-0:fixed_lma
  Sl_H  fixed=0.015072  dyn(final)=0.014088
  variable verdict       max|diff|   mean|diff| as % of |fixed|
  LAI_H    differs        0.538716                       6.074%
  An_H     differs         4.25411                       6.208%
  B_H      differs         18.5302                       0.129%
  T_H      differs        0.136907                       5.660%
  EIn_H    differs       0.0411803                       7.887%
  EG       differs       0.0387906                       4.361%
  QE       differs         91.9053                       4.737%
  H        differs         96.9303                       3.006%
  Rn       differs         16.3262                       0.213%
  SWE      differs         0.60293                       1.196%
  Lk       differs            0.01                       6.549%

  OK: the arms differ. LAI_H mean |diff| = 6.07% of the fixed-arm mean.

US-CZ2  historical/UKESM1-0-LL:fixed_lma
  Sl_H  fixed=0.015072  dyn(final)=0.013168
  variable verdict       max|diff|   mean|diff| as % of |fixed|
  LAI_H    differs        0.850609                       8.473%
  An_H     differs         7.39658                       9.218%
  B_H      differs         36.1958                       0.281%
  T_H      differs        0.187656                       7.942%
  EIn_H    differs       0.0756876                      10.227%
  EG       differs       0.0664679                       6.268%
  QE       differs         126.522                       6.572%
  H        differs         123.637                       3.873%
  Rn       differs         28.9618                       0.307%
  SWE      differs         1.18628                       4.002%
  Lk       differs            0.01                      12.229%

  OK: the arms differ. LAI_H mean |diff| = 8.47% of the fixed-arm mean.

US-CZ3  historical/GFDL-ESM4:fixed_lma
  Sl_H  fixed=0.013234  dyn(final)=0.012663
  variable verdict       max|diff|   mean|diff| as % of |fixed|
  LAI_H    differs        0.497302                       5.764%
  An_H     differs         8.88281                       5.931%
  B_H      differs         25.8031                       0.118%
  T_H      differs        0.177855                       6.127%
  EIn_H    differs        0.158733                       6.964%
  EG       differs        0.132051                       7.619%
  QE       differs         120.224                       5.062%
  H        differs         245.554                       3.823%
  Rn       differs         315.584                       0.303%
  SWE      differs         12.7463                       1.797%
  Lk       differs            0.01                      24.665%

  OK: the arms differ. LAI_H mean |diff| = 5.76% of the fixed-arm mean.

US-CZ3  historical/IPSL-CM6A-LR:fixed_lma
  Sl_H  fixed=0.013234  dyn(final)=0.013605
  variable verdict       max|diff|   mean|diff| as % of |fixed|
  LAI_H    differs         0.59701                       5.623%
  An_H     differs         7.33389                       6.390%
  B_H      differs         25.9131                       0.103%
  T_H      differs        0.176195                       6.103%
  EIn_H    differs        0.160672                       8.424%
  EG       differs        0.088318                       6.387%
  QE       differs         174.595                       4.885%
  H        differs         223.289                       3.628%
  Rn       differs          396.28                       0.438%
  SWE      differs         33.7098                       2.069%
  Lk       differs            0.01                      52.869%

  OK: the arms differ. LAI_H mean |diff| = 5.62% of the fixed-arm mean.

US-CZ3  historical/MPI-ESM1-2-HR:fixed_lma
  Sl_H  fixed=0.013234  dyn(final)=0.013674
  variable verdict       max|diff|   mean|diff| as % of |fixed|
  LAI_H    differs        0.536905                       5.168%
  An_H     differs         7.61933                       5.605%
  B_H      differs         21.3326                       0.141%
  T_H      differs        0.245715                       5.220%
  EIn_H    differs        0.157808                       7.019%
  EG       differs       0.0619776                       6.157%
  QE       differs         165.617                       4.203%
  H        differs         288.728                       3.334%
  Rn       differs         291.371                       0.325%
  SWE      differs          13.136                       1.638%
  Lk       differs            0.01                      51.247%

  OK: the arms differ. LAI_H mean |diff| = 5.17% of the fixed-arm mean.

US-CZ3  historical/MRI-ESM2-0:fixed_lma
  Sl_H  fixed=0.013234  dyn(final)=0.011965
  variable verdict       max|diff|   mean|diff| as % of |fixed|
  LAI_H    differs        0.451546                       5.178%
  An_H     differs         6.02064                       5.101%
  B_H      differs         14.2794                       0.099%
  T_H      differs        0.127039                       4.992%
  EIn_H    differs       0.0360388                       6.537%
  EG       differs         0.10147                       7.203%
  QE       differs         122.458                       4.319%
  H        differs         205.699                       3.174%
  Rn       differs         275.868                       0.295%
  SWE      differs         7.05428                       2.031%
  Lk       differs            0.01                      46.259%

  OK: the arms differ. LAI_H mean |diff| = 5.18% of the fixed-arm mean.

US-CZ3  historical/UKESM1-0-LL:fixed_lma
  Sl_H  fixed=0.013234  dyn(final)=0.012249
  variable verdict       max|diff|   mean|diff| as % of |fixed|
  LAI_H    differs         0.58223                       8.572%
  An_H     differs         9.18201                       8.640%
  B_H      differs         60.6133                       0.470%
  T_H      differs        0.217777                       8.338%
  EIn_H    differs        0.141724                      11.158%
  EG       differs        0.104982                       7.579%
  QE       differs          147.86                       6.563%
  H        differs         290.719                       4.471%
  Rn       differs         292.669                       0.552%
  SWE      differs         57.0865                       2.203%
  Lk       differs            0.01                      21.701%

  OK: the arms differ. LAI_H mean |diff| = 8.57% of the fixed-arm mean.

US-CZ4  historical/GFDL-ESM4:fixed_lma
  Sl_H  fixed=0.013499  dyn(final)=0.013052
  variable verdict       max|diff|   mean|diff| as % of |fixed|
  LAI_H    differs         1.05693                       6.480%
  An_H     differs         9.94345                       9.169%
  B_H      differs         91.3184                       0.501%
  T_H      differs         0.34765                       8.860%
  EIn_H    differs        0.189313                       5.786%
  EG       differs        0.142214                      44.453%
  QE       differs         301.368                       9.254%
  H        differs         398.327                       8.863%
  Rn       differs          408.32                       1.010%
  SWE      differs         76.5029                       1.966%
  Lk       differs         3.73393                      67.970%

  OK: the arms differ. LAI_H mean |diff| = 6.48% of the fixed-arm mean.

US-CZ4  historical/IPSL-CM6A-LR:fixed_lma
  Sl_H  fixed=0.013491  dyn(final)=0.013272
  variable verdict       max|diff|   mean|diff| as % of |fixed|
  LAI_H    differs         1.31477                       9.283%
  An_H     differs         11.8223                      11.614%
  B_H      differs         392.751                       1.755%
  T_H      differs        0.323333                      11.244%
  EIn_H    differs         0.24699                       9.183%
  EG       differs        0.137917                      43.734%
  QE       differs         268.407                      11.280%
  H        differs         392.308                      10.258%
  Rn       differs         425.195                       1.406%
  SWE      differs         68.4654                       3.695%
  Lk       differs        0.855498                      69.337%

  OK: the arms differ. LAI_H mean |diff| = 9.28% of the fixed-arm mean.

US-CZ4  historical/MPI-ESM1-2-HR:fixed_lma
  Sl_H  fixed=0.013495  dyn(final)=0.013893
  variable verdict       max|diff|   mean|diff| as % of |fixed|
  LAI_H    differs        0.868245                       7.331%
  An_H     differs         9.93112                       8.337%
  B_H      differs         89.3059                       0.505%
  T_H      differs        0.379151                       7.659%
  EIn_H    differs        0.305123                       8.188%
  EG       differs        0.163909                      65.990%
  QE       differs          256.52                       8.564%
  H        differs         416.302                       8.430%
  Rn       differs         418.138                       1.297%
  SWE      differs         75.7146                       3.040%
  Lk       differs         1.50402                      73.208%

  OK: the arms differ. LAI_H mean |diff| = 7.33% of the fixed-arm mean.

US-CZ4  historical/MRI-ESM2-0:fixed_lma
  Sl_H  fixed=0.013491  dyn(final)=0.012596
  variable verdict       max|diff|   mean|diff| as % of |fixed|
  LAI_H    differs         0.91506                       7.300%
  An_H     differs         8.82706                       7.320%
  B_H      differs         87.4352                       0.553%
  T_H      differs        0.368961                       7.480%
  EIn_H    differs        0.256353                       7.679%
  EG       differs        0.135428                      50.869%
  QE       differs         249.053                       8.050%
  H        differs         451.156                       7.785%
  Rn       differs         409.732                       0.942%
  SWE      differs         42.8964                       3.449%
  Lk       differs         2.25267                      63.705%

  OK: the arms differ. LAI_H mean |diff| = 7.30% of the fixed-arm mean.

US-CZ4  historical/UKESM1-0-LL:fixed_lma
  Sl_H  fixed=0.013472  dyn(final)=0.012498
  variable verdict       max|diff|   mean|diff| as % of |fixed|
  LAI_H    differs         0.94341                       9.316%
  An_H     differs         10.1653                       9.034%
  B_H      differs         201.098                       1.156%
  T_H      differs        0.410238                       9.363%
  EIn_H    differs        0.118088                      10.085%
  EG       differs        0.138268                      54.016%
  QE       differs          277.24                      10.397%
  H        differs         444.921                       8.834%
  Rn       differs         475.568                       1.866%
  SWE      differs         200.373                       4.106%
  Lk       differs         3.34791                      66.306%

  OK: the arms differ. LAI_H mean |diff| = 9.32% of the fixed-arm mean.

US-ChR  historical/GFDL-ESM4:fixed_lma
  Sl_H  fixed=0.019808  dyn(final)=0.018131
  variable verdict       max|diff|   mean|diff| as % of |fixed|
  LAI_H    differs        0.626659                       3.718%
  An_H     differs        0.437085                       0.844%
  B_H      differs          34.932                       0.113%
  T_H      differs       0.0129821                       1.415%
  EIn_H    differs       0.0436064                       2.076%
  EG       differs       0.0253199                       2.092%
  QE       differs         20.8395                       0.923%
  H        differs         63.9601                       0.968%
  Rn       differs         64.3767                       0.239%
  SWE      differs        0.288074                       0.396%
  Lk       differs        0.233912                       1.313%

  OK: the arms differ. LAI_H mean |diff| = 3.72% of the fixed-arm mean.

US-ChR  historical/IPSL-CM6A-LR:fixed_lma
  Sl_H  fixed=0.019808  dyn(final)=0.019347
  variable verdict       max|diff|   mean|diff| as % of |fixed|
  LAI_H    differs        0.546972                       4.189%
  An_H     differs        0.330006                       0.938%
  B_H      differs         50.7371                       0.135%
  T_H      differs       0.0334788                       1.592%
  EIn_H    differs       0.0509843                       2.692%
  EG       differs       0.0298872                       2.595%
  QE       differs         34.4823                       1.126%
  H        differs         199.233                       1.365%
  Rn       differs         61.1369                       0.287%
  SWE      differs        0.716242                       0.469%
  Lk       differs       0.0472184                       1.365%

  OK: the arms differ. LAI_H mean |diff| = 4.19% of the fixed-arm mean.

US-ChR  historical/MPI-ESM1-2-HR:fixed_lma
  Sl_H  fixed=0.019808  dyn(final)=0.020022
  variable verdict       max|diff|   mean|diff| as % of |fixed|
  LAI_H    differs         0.72784                       6.020%
  An_H     differs        0.462329                       1.356%
  B_H      differs          59.397                       0.248%
  T_H      differs       0.0227821                       2.371%
  EIn_H    differs       0.0779796                       3.845%
  EG       differs       0.0270401                       3.364%
  QE       differs         48.7329                       1.514%
  H        differs         264.055                       1.817%
  Rn       differs         55.8293                       0.468%
  SWE      differs        0.743385                       0.997%
  Lk       differs       0.0813769                       1.675%

  OK: the arms differ. LAI_H mean |diff| = 6.02% of the fixed-arm mean.

US-ChR  historical/MRI-ESM2-0:fixed_lma
  Sl_H  fixed=0.019808  dyn(final)=0.019153
  variable verdict       max|diff|   mean|diff| as % of |fixed|
  LAI_H    differs        0.780428                       6.024%
  An_H     differs        0.478481                       1.321%
  B_H      differs         123.111                       0.439%
  T_H      differs       0.0130141                       2.297%
  EIn_H    differs       0.0711992                       3.561%
  EG       differs       0.0439473                       3.297%
  QE       differs         40.4933                       1.509%
  H        differs         58.3961                       1.575%
  Rn       differs         55.3164                       0.409%
  SWE      differs          1.7353                       1.077%
  Lk       differs        0.149567                       1.655%

  OK: the arms differ. LAI_H mean |diff| = 6.02% of the fixed-arm mean.

US-ChR  historical/UKESM1-0-LL:fixed_lma
  Sl_H  fixed=0.019808  dyn(final)=0.020257
  variable verdict       max|diff|   mean|diff| as % of |fixed|
  LAI_H    differs        0.945636                       5.235%
  An_H     differs         1.04517                       1.225%
  B_H      differs          116.95                       0.411%
  T_H      differs       0.0200995                       1.995%
  EIn_H    differs       0.0849785                       3.614%
  EG       differs       0.0360029                       3.022%
  QE       differs         48.6472                       1.440%
  H        differs         105.966                       1.508%
  Rn       differs         48.7601                       0.362%
  SWE      differs         0.97183                       0.548%
  Lk       differs       0.0813522                       1.713%

  OK: the arms differ. LAI_H mean |diff| = 5.24% of the fixed-arm mean.

US-Cst  historical/GFDL-ESM4:fixed_lma
  Sl_H  fixed=0.016479  dyn(final)=0.014336
  variable verdict       max|diff|   mean|diff| as % of |fixed|
  LAI_H    differs         1.45479                       5.988%
  An_H     differs         4.37715                       1.315%
  B_H      differs          73.339                       0.138%
  T_H      differs       0.0646435                       2.259%
  EIn_H    differs        0.143103                       2.938%
  EG       differs       0.0367013                       9.015%
  QE       differs         89.4508                       1.787%
  H        differs         55.1683                       2.098%
  Rn       differs         27.5561                       0.404%
  SWE      differs        0.549536                       0.537%
  Lk       differs       0.0883128                       3.956%

  OK: the arms differ. LAI_H mean |diff| = 5.99% of the fixed-arm mean.

US-Cst  historical/IPSL-CM6A-LR:fixed_lma
  Sl_H  fixed=0.016479  dyn(final)=0.013883
  variable verdict       max|diff|   mean|diff| as % of |fixed|
  LAI_H    differs            1.61                       6.642%
  An_H     differs            5.92                       1.485%
  B_H      differs         71.4082                       0.168%
  T_H      differs       0.0295006                       2.373%
  EIn_H    differs        0.111997                       3.130%
  EG       differs       0.0267482                      11.484%
  QE       differs         64.5301                       1.861%
  H        differs         131.956                       2.367%
  Rn       differs         75.7182                       0.505%
  SWE      differs         1.22949                       0.682%
  Lk       differs       0.0935975                       4.684%

  OK: the arms differ. LAI_H mean |diff| = 6.64% of the fixed-arm mean.

US-Cst  historical/MPI-ESM1-2-HR:fixed_lma
  Sl_H  fixed=0.016479  dyn(final)=0.020520
  variable verdict       max|diff|   mean|diff| as % of |fixed|
  LAI_H    differs         2.02259                       7.590%
  An_H     differs         6.35935                       1.729%
  B_H      differs         52.0124                       0.131%
  T_H      differs       0.0689551                       2.734%
  EIn_H    differs        0.206348                       4.453%
  EG       differs       0.0279929                      11.165%
  QE       differs         103.292                       2.229%
  H        differs         76.7493                       2.721%
  Rn       differs         22.9894                       0.469%
  SWE      differs         3.49787                       1.909%
  Lk       differs        0.108021                       4.335%

  OK: the arms differ. LAI_H mean |diff| = 7.59% of the fixed-arm mean.

US-Cst  historical/MRI-ESM2-0:fixed_lma
  Sl_H  fixed=0.016479  dyn(final)=0.014786
  variable verdict       max|diff|   mean|diff| as % of |fixed|
  LAI_H    differs         1.25764                       5.807%
  An_H     differs         5.81475                       1.228%
  B_H      differs         128.807                       0.231%
  T_H      differs       0.0233924                       2.124%
  EIn_H    differs         0.12318                       3.114%
  EG       differs       0.0372624                       9.225%
  QE       differs         69.7719                       1.691%
  H        differs         48.3126                       2.154%
  Rn       differs         51.3402                       0.372%
  SWE      differs        0.875779                       0.939%
  Lk       differs        0.160185                       3.783%

  OK: the arms differ. LAI_H mean |diff| = 5.81% of the fixed-arm mean.

US-Cst  historical/UKESM1-0-LL:fixed_lma
  Sl_H  fixed=0.016479  dyn(final)=0.013089
  variable verdict       max|diff|   mean|diff| as % of |fixed|
  LAI_H    differs         1.25638                       7.599%
  An_H     differs         5.81059                       1.791%
  B_H      differs         122.019                       0.259%
  T_H      differs       0.0357904                       2.801%
  EIn_H    differs        0.145596                       4.262%
  EG       differs       0.0445342                      13.073%
  QE       differs         107.545                       2.298%
  H        differs         108.408                       2.938%
  Rn       differs         66.9164                       0.527%
  SWE      differs         2.51219                       2.212%
  Lk       differs        0.079284                       5.918%

  OK: the arms differ. LAI_H mean |diff| = 7.60% of the fixed-arm mean.

US-Cwt  historical/GFDL-ESM4:fixed_lma
  Sl_H  fixed=0.023596  dyn(final)=0.021363
  variable verdict       max|diff|   mean|diff| as % of |fixed|
  LAI_H    differs        0.790177                       3.258%
  An_H     differs        0.400133                       0.608%
  B_H      differs         36.5004                       0.115%
  T_H      differs       0.0118171                       1.327%
  EIn_H    differs       0.0687256                       1.721%
  EG       differs       0.0560929                       2.145%
  QE       differs         44.4253                       0.966%
  H        differs          21.002                       0.943%
  Rn       differs         13.2814                       0.202%
  SWE      differs         1.13743                       0.282%
  Lk       differs        0.233017                       1.164%

  OK: the arms differ. LAI_H mean |diff| = 3.26% of the fixed-arm mean.

US-Cwt  historical/IPSL-CM6A-LR:fixed_lma
  Sl_H  fixed=0.023596  dyn(final)=0.022144
  variable verdict       max|diff|   mean|diff| as % of |fixed|
  LAI_H    differs         0.82897                       4.210%
  An_H     differs          0.2967                       0.723%
  B_H      differs         57.9755                       0.166%
  T_H      differs       0.0209799                       1.667%
  EIn_H    differs       0.0829508                       2.113%
  EG       differs        0.030951                       2.748%
  QE       differs         44.5442                       1.179%
  H        differs         303.937                       1.274%
  Rn       differs         68.1533                       0.318%
  SWE      differs        0.852564                       0.326%
  Lk       differs        0.473453                       1.451%

  OK: the arms differ. LAI_H mean |diff| = 4.21% of the fixed-arm mean.

US-Cwt  historical/MPI-ESM1-2-HR:fixed_lma
  Sl_H  fixed=0.023596  dyn(final)=0.023020
  variable verdict       max|diff|   mean|diff| as % of |fixed|
  LAI_H    differs        0.767151                       4.405%
  An_H     differs          2.0272                       0.869%
  B_H      differs         56.3971                       0.184%
  T_H      differs       0.0341105                       1.847%
  EIn_H    differs       0.0658092                       2.215%
  EG       differs       0.0600492                       3.263%
  QE       differs         41.9642                       1.334%
  H        differs         185.435                       1.462%
  Rn       differs          64.148                       0.315%
  SWE      differs         1.19924                       0.786%
  Lk       differs        0.103931                       1.143%

  OK: the arms differ. LAI_H mean |diff| = 4.40% of the fixed-arm mean.

US-Cwt  historical/MRI-ESM2-0:fixed_lma
  Sl_H  fixed=0.023596  dyn(final)=0.022591
  variable verdict       max|diff|   mean|diff| as % of |fixed|
  LAI_H    differs        0.814801                       4.346%
  An_H     differs         0.32907                       0.795%
  B_H      differs         88.4745                       0.253%
  T_H      differs       0.0166542                       1.746%
  EIn_H    differs       0.0488997                       1.951%
  EG       differs       0.0400046                       2.803%
  QE       differs         35.4256                       1.207%
  H        differs         318.305                       1.447%
  Rn       differs         64.9203                       0.313%
  SWE      differs         5.99339                       1.701%
  Lk       differs        0.485132                       1.250%

  OK: the arms differ. LAI_H mean |diff| = 4.35% of the fixed-arm mean.

US-Cwt  historical/UKESM1-0-LL:fixed_lma
  Sl_H  fixed=0.023596  dyn(final)=0.021656
  variable verdict       max|diff|   mean|diff| as % of |fixed|
  LAI_H    differs         1.24431                       6.455%
  An_H     differs        0.502609                       1.259%
  B_H      differs         185.051                       0.534%
  T_H      differs        0.014184                       2.535%
  EIn_H    differs        0.109454                       3.278%
  EG       differs        0.035688                       3.852%
  QE       differs         73.8015                       1.743%
  H        differs         42.1628                       1.626%
  Rn       differs         57.5762                       0.395%
  SWE      differs        0.741923                       0.641%
  Lk       differs        0.106449                       1.465%

  OK: the arms differ. LAI_H mean |diff| = 6.46% of the fixed-arm mean.

US-DPP  historical/GFDL-ESM4:fixed_lma
  SKIP  no single RES_*.mat for fixed_lma and dyn_lma

US-DPP  historical/IPSL-CM6A-LR:fixed_lma
  SKIP  no single RES_*.mat for fixed_lma and dyn_lma

US-DPP  historical/MPI-ESM1-2-HR:fixed_lma
  SKIP  no single RES_*.mat for fixed_lma and dyn_lma

US-DPP  historical/MRI-ESM2-0:fixed_lma
  SKIP  no single RES_*.mat for fixed_lma and dyn_lma

US-DPP  historical/UKESM1-0-LL:fixed_lma
  SKIP  no single RES_*.mat for fixed_lma and dyn_lma

US-Dk2  historical/GFDL-ESM4:fixed_lma
  Sl_H  fixed=0.025011  dyn(final)=0.025120
  variable verdict       max|diff|   mean|diff| as % of |fixed|
  LAI_H    differs        0.480862                       2.890%
  An_H     differs       0.0453951                       0.913%
  B_H      differs         35.8714                       0.094%
  T_H      differs      0.00750971                       1.808%
  EIn_H    differs       0.0543304                       1.431%
  EG       differs        0.014511                       1.464%
  QE       differs         33.6541                       0.884%
  H        differs         18.2654                       0.665%
  Rn       differs         15.6956                       0.154%
  SWE      differs        0.567214                       0.211%
  Lk       differs            0.01                       2.396%

  OK: the arms differ. LAI_H mean |diff| = 2.89% of the fixed-arm mean.

US-Dk2  historical/IPSL-CM6A-LR:fixed_lma
  Sl_H  fixed=0.025011  dyn(final)=0.024134
  variable verdict       max|diff|   mean|diff| as % of |fixed|
  LAI_H    differs        0.643695                       2.785%
  An_H     differs       0.0563693                       0.868%
  B_H      differs         18.7804                       0.066%
  T_H      differs      0.00880362                       1.730%
  EIn_H    differs       0.0589535                       1.527%
  EG       differs       0.0244555                       1.706%
  QE       differs         64.8926                       0.941%
  H        differs         73.5608                       0.788%
  Rn       differs         13.0504                       0.162%
  SWE      differs        0.893997                       0.439%
  Lk       differs            0.01                       2.520%

  OK: the arms differ. LAI_H mean |diff| = 2.79% of the fixed-arm mean.

US-Dk2  historical/MPI-ESM1-2-HR:fixed_lma
  Sl_H  fixed=0.025011  dyn(final)=0.024767
  variable verdict       max|diff|   mean|diff| as % of |fixed|
  LAI_H    differs        0.538794                       2.362%
  An_H     differs       0.0590729                       0.749%
  B_H      differs          32.584                       0.070%
  T_H      differs      0.00733387                       1.491%
  EIn_H    differs       0.0352197                       1.029%
  EG       differs        0.067375                       1.383%
  QE       differs         26.6921                       0.721%
  H        differs         60.0589                       0.639%
  Rn       differs         15.6808                       0.137%
  SWE      differs        0.918453                       1.021%
  Lk       differs            0.01                       1.851%

  OK: the arms differ. LAI_H mean |diff| = 2.36% of the fixed-arm mean.

US-Dk2  historical/MRI-ESM2-0:fixed_lma
  Sl_H  fixed=0.025011  dyn(final)=0.025315
  variable verdict       max|diff|   mean|diff| as % of |fixed|
  LAI_H    differs        0.690687                       3.033%
  An_H     differs       0.0640317                       0.960%
  B_H      differs         54.6377                       0.095%
  T_H      differs       0.0081045                       1.904%
  EIn_H    differs        0.061447                       1.550%
  EG       differs       0.0226609                       1.561%
  QE       differs         36.9118                       0.915%
  H        differs         171.535                       0.771%
  Rn       differs         45.3433                       0.167%
  SWE      differs        0.803143                       0.445%
  Lk       differs            0.01                       1.811%

  OK: the arms differ. LAI_H mean |diff| = 3.03% of the fixed-arm mean.

US-Dk2  historical/UKESM1-0-LL:fixed_lma
  Sl_H  fixed=0.025011  dyn(final)=0.025422
  variable verdict       max|diff|   mean|diff| as % of |fixed|
  LAI_H    differs        0.746016                       3.162%
  An_H     differs        0.072481                       1.008%
  B_H      differs         58.3667                       0.142%
  T_H      differs        0.011367                       1.909%
  EIn_H    differs       0.0632312                       1.578%
  EG       differs       0.0190228                       1.708%
  QE       differs         30.2281                       0.963%
  H        differs         18.7089                       0.748%
  Rn       differs         5.60997                       0.172%
  SWE      differs        0.210178                       0.245%
  Lk       differs            0.01                       2.640%

  OK: the arms differ. LAI_H mean |diff| = 3.16% of the fixed-arm mean.

US-Dk3  historical/GFDL-ESM4:fixed_lma
  Sl_H  fixed=0.021135  dyn(final)=0.021212
  variable verdict       max|diff|   mean|diff| as % of |fixed|
  LAI_H    differs        0.389093                       2.050%
  An_H     differs       0.0236173                       0.432%
  B_H      differs         12.3776                       0.022%
  T_H      differs       0.0256595                       1.651%
  EIn_H    differs       0.0421145                       1.223%
  EG       differs       0.0103221                       3.538%
  QE       differs          25.646                       1.342%
  H        differs         104.118                       0.826%
  Rn       differs         5.42261                       0.145%
  SWE      differs        0.571705                       1.157%
  Lk       differs       0.0788604                       4.134%

  OK: the arms differ. LAI_H mean |diff| = 2.05% of the fixed-arm mean.

US-Dk3  historical/IPSL-CM6A-LR:fixed_lma
  Sl_H  fixed=0.021135  dyn(final)=0.020505
  variable verdict       max|diff|   mean|diff| as % of |fixed|
  LAI_H    differs        0.490762                       1.959%
  An_H     differs       0.0171063                       0.414%
  B_H      differs         20.6989                       0.039%
  T_H      differs        0.130806                       1.789%
  EIn_H    differs        0.305513                       1.151%
  EG       differs       0.0115492                       3.753%
  QE       differs         214.697                       1.392%
  H        differs         238.794                       0.828%
  Rn       differs          82.767                       0.165%
  SWE      differs        0.233036                       0.572%
  Lk       differs       0.0776756                       5.725%

  OK: the arms differ. LAI_H mean |diff| = 1.96% of the fixed-arm mean.

US-Dk3  historical/MPI-ESM1-2-HR:fixed_lma
  Sl_H  fixed=0.021135  dyn(final)=0.020960
  variable verdict       max|diff|   mean|diff| as % of |fixed|
  LAI_H    differs        0.427215                       1.680%
  An_H     differs       0.0196486                       0.364%
  B_H      differs         8.27401                       0.022%
  T_H      differs       0.0263671                       1.338%
  EIn_H    differs       0.0618997                       0.966%
  EG       differs      0.00595155                       2.707%
  QE       differs          35.449                       1.073%
  H        differs         84.9201                       0.663%
  Rn       differs         49.6126                       0.119%
  SWE      differs        0.670221                       1.342%
  Lk       differs       0.0341115                       3.331%

  OK: the arms differ. LAI_H mean |diff| = 1.68% of the fixed-arm mean.

US-Dk3  historical/MRI-ESM2-0:fixed_lma
  Sl_H  fixed=0.021135  dyn(final)=0.021351
  variable verdict       max|diff|   mean|diff| as % of |fixed|
  LAI_H    differs        0.483121                       2.126%
  An_H     differs       0.0177127                       0.448%
  B_H      differs         25.4988                       0.033%
  T_H      differs       0.0577918                       1.803%
  EIn_H    differs       0.0626753                       1.276%
  EG       differs      0.00854703                       3.461%
  QE       differs          39.529                       1.428%
  H        differs         78.7957                       0.834%
  Rn       differs          45.343                       0.158%
  SWE      differs        0.370952                       1.015%
  Lk       differs       0.0451805                       4.689%

  OK: the arms differ. LAI_H mean |diff| = 2.13% of the fixed-arm mean.

US-Dk3  historical/UKESM1-0-LL:fixed_lma
  Sl_H  fixed=0.021135  dyn(final)=0.021427
  variable verdict       max|diff|   mean|diff| as % of |fixed|
  LAI_H    differs        0.557091                       2.256%
  An_H     differs       0.0240414                       0.470%
  B_H      differs         42.2746                       0.068%
  T_H      differs        0.061482                       1.850%
  EIn_H    differs        0.081693                       1.365%
  EG       differs      0.00968458                       3.860%
  QE       differs         55.4883                       1.511%
  H        differs         110.861                       0.915%
  Rn       differs         88.7681                       0.183%
  SWE      differs        0.599989                       1.369%
  Lk       differs        0.128042                       7.482%

  OK: the arms differ. LAI_H mean |diff| = 2.26% of the fixed-arm mean.

US-Fmf  historical/GFDL-ESM4:fixed_lma
  Sl_H  fixed=0.017819  dyn(final)=0.018910
  variable verdict       max|diff|   mean|diff| as % of |fixed|
  LAI_H    differs         1.17483                       9.310%
  An_H     differs         7.09159                      11.721%
  B_H      differs         29.5698                       0.369%
  T_H      differs        0.173614                       9.776%
  EIn_H    differs        0.116533                      12.733%
  EG       differs       0.0475974                      10.273%
  QE       differs           117.5                       9.059%
  H        differs         214.054                       5.433%
  Rn       differs         196.095                       0.490%
  SWE      differs         5.10785                       2.947%
  Lk       differs        0.041857                       9.313%

  OK: the arms differ. LAI_H mean |diff| = 9.31% of the fixed-arm mean.

US-Fmf  historical/IPSL-CM6A-LR:fixed_lma
  Sl_H  fixed=0.017819  dyn(final)=0.023560
  variable verdict       max|diff|   mean|diff| as % of |fixed|
  LAI_H    differs          1.6106                      10.323%
  An_H     differs         8.98921                       9.872%
  B_H      differs         57.0355                       0.221%
  T_H      differs        0.203222                      10.053%
  EIn_H    differs        0.163468                      12.540%
  EG       differs       0.0646149                      12.493%
  QE       differs         138.086                       8.962%
  H        differs          223.12                       6.038%
  Rn       differs         180.811                       0.443%
  SWE      differs         6.13197                       3.555%
  Lk       differs        0.129386                      17.049%

  OK: the arms differ. LAI_H mean |diff| = 10.32% of the fixed-arm mean.

US-Fmf  historical/MPI-ESM1-2-HR:fixed_lma
  Sl_H  fixed=0.017819  dyn(final)=0.018084
  variable verdict       max|diff|   mean|diff| as % of |fixed|
  LAI_H    differs        0.768351                       8.215%
  An_H     differs         7.25897                       8.202%
  B_H      differs         47.9924                       0.337%
  T_H      differs        0.161111                       7.557%
  EIn_H    differs       0.0645378                       8.702%
  EG       differs       0.0241852                       9.839%
  QE       differs         162.362                       6.906%
  H        differs         271.152                       4.992%
  Rn       differs         204.624                       0.444%
  SWE      differs         2.29161                       2.753%
  Lk       differs       0.0779386                      20.346%

  OK: the arms differ. LAI_H mean |diff| = 8.21% of the fixed-arm mean.

US-Fmf  historical/MRI-ESM2-0:fixed_lma
  Sl_H  fixed=0.017819  dyn(final)=0.017384
  variable verdict       max|diff|   mean|diff| as % of |fixed|
  LAI_H    differs        0.776271                       7.751%
  An_H     differs         6.54911                       9.443%
  B_H      differs         35.5502                       0.379%
  T_H      differs         0.14348                       8.439%
  EIn_H    differs       0.0758279                       9.249%
  EG       differs       0.0330795                       9.535%
  QE       differs         96.7085                       7.651%
  H        differs         130.237                       4.702%
  Rn       differs         231.023                       0.351%
  SWE      differs         1.79895                       2.287%
  Lk       differs       0.0755766                      18.496%

  OK: the arms differ. LAI_H mean |diff| = 7.75% of the fixed-arm mean.

US-Fmf  historical/UKESM1-0-LL:fixed_lma
  Sl_H  fixed=0.017819  dyn(final)=0.016412
  variable verdict       max|diff|   mean|diff| as % of |fixed|
  LAI_H    differs         1.34152                      10.000%
  An_H     differs         7.39176                      10.354%
  B_H      differs         51.8158                       0.400%
  T_H      differs        0.154482                       9.083%
  EIn_H    differs        0.103199                      10.848%
  EG       differs       0.0549872                       9.185%
  QE       differs         104.014                       8.399%
  H        differs         189.013                       5.316%
  Rn       differs         264.699                       0.581%
  SWE      differs         4.43782                       3.768%
  Lk       differs        0.127794                      10.146%

  OK: the arms differ. LAI_H mean |diff| = 10.00% of the fixed-arm mean.

US-Fuf  historical/GFDL-ESM4:fixed_lma
  Sl_H  fixed=0.017762  dyn(final)=0.018944
  variable verdict       max|diff|   mean|diff| as % of |fixed|
  LAI_H    differs         1.28247                       9.513%
  An_H     differs         7.80696                      11.744%
  B_H      differs         39.2102                       0.398%
  T_H      differs        0.198857                       9.834%
  EIn_H    differs        0.126838                      12.624%
  EG       differs       0.0797436                      10.903%
  QE       differs         134.181                       9.048%
  H        differs         143.875                       5.818%
  Rn       differs         201.811                       0.517%
  SWE      differs         5.64614                       4.403%
  Lk       differs       0.0476205                       9.846%

  OK: the arms differ. LAI_H mean |diff| = 9.51% of the fixed-arm mean.

US-Fuf  historical/IPSL-CM6A-LR:fixed_lma
  Sl_H  fixed=0.017762  dyn(final)=0.023690
  variable verdict       max|diff|   mean|diff| as % of |fixed|
  LAI_H    differs         1.61197                      10.691%
  An_H     differs         9.12046                      10.315%
  B_H      differs         54.9203                       0.267%
  T_H      differs        0.172899                      10.295%
  EIn_H    differs        0.155811                      13.370%
  EG       differs       0.0491514                      14.338%
  QE       differs         116.479                       9.083%
  H        differs         183.247                       6.583%
  Rn       differs         177.584                       0.455%
  SWE      differs         4.64606                       2.370%
  Lk       differs        0.123322                      14.886%

  OK: the arms differ. LAI_H mean |diff| = 10.69% of the fixed-arm mean.

US-Fuf  historical/MPI-ESM1-2-HR:fixed_lma
  Sl_H  fixed=0.017762  dyn(final)=0.018029
  variable verdict       max|diff|   mean|diff| as % of |fixed|
  LAI_H    differs        0.755716                       7.631%
  An_H     differs         6.47615                       7.548%
  B_H      differs         52.7566                       0.410%
  T_H      differs        0.160081                       7.122%
  EIn_H    differs       0.0705064                       8.193%
  EG       differs       0.0369198                       8.638%
  QE       differs         107.821                       6.445%
  H        differs         243.293                       4.941%
  Rn       differs         176.507                       0.385%
  SWE      differs         2.87046                       2.638%
  Lk       differs        0.149679                      17.003%

  OK: the arms differ. LAI_H mean |diff| = 7.63% of the fixed-arm mean.

US-Fuf  historical/MRI-ESM2-0:fixed_lma
  Sl_H  fixed=0.017762  dyn(final)=0.017255
  variable verdict       max|diff|   mean|diff| as % of |fixed|
  LAI_H    differs        0.968382                       8.477%
  An_H     differs         7.58848                      10.155%
  B_H      differs          42.181                       0.374%
  T_H      differs        0.147048                       8.896%
  EIn_H    differs       0.0999432                      10.267%
  EG       differs       0.0284493                      10.109%
  QE       differs         118.943                       8.033%
  H        differs         175.902                       5.267%
  Rn       differs         228.777                       0.371%
  SWE      differs         3.30858                       2.456%
  Lk       differs        0.147389                      14.604%

  OK: the arms differ. LAI_H mean |diff| = 8.48% of the fixed-arm mean.

US-Fuf  historical/UKESM1-0-LL:fixed_lma
  Sl_H  fixed=0.017762  dyn(final)=0.016259
  variable verdict       max|diff|   mean|diff| as % of |fixed|
  LAI_H    differs         1.48928                      10.185%
  An_H     differs         7.47181                      10.556%
  B_H      differs         51.2402                       0.407%
  T_H      differs        0.181089                       9.578%
  EIn_H    differs         0.10998                      11.337%
  EG       differs       0.0335242                       9.570%
  QE       differs         122.078                       8.776%
  H        differs         163.381                       5.854%
  Rn       differs         198.095                       0.573%
  SWE      differs         3.86857                       4.419%
  Lk       differs        0.132367                       9.073%

  OK: the arms differ. LAI_H mean |diff| = 10.18% of the fixed-arm mean.

US-GBT  historical/GFDL-ESM4:fixed_lma
  Sl_H  fixed=0.018893  dyn(final)=0.017417
  variable verdict       max|diff|   mean|diff| as % of |fixed|
  LAI_H    differs        0.597421                       5.848%
  An_H     differs         7.08963                       7.217%
  B_H      differs         11.6207                       0.100%
  T_H      differs        0.205602                       6.916%
  EIn_H    differs       0.0595162                       8.270%
  EG       differs       0.0397092                      10.720%
  QE       differs         139.654                       5.403%
  H        differs         294.763                       3.973%
  Rn       differs         231.545                       0.573%
  SWE      differs         5.65937                       2.966%
  Lk       IDENTICAL             0                       0.000%  <--

  OK: the arms differ. LAI_H mean |diff| = 5.85% of the fixed-arm mean.
  note: still identical for ['Lk'] -- expected only if that
        variable is genuinely insensitive to leaf area.

US-GBT  historical/IPSL-CM6A-LR:fixed_lma
  Sl_H  fixed=0.018893  dyn(final)=0.017601
  variable verdict       max|diff|   mean|diff| as % of |fixed|
  LAI_H    differs        0.466923                       6.891%
  An_H     differs         7.90262                       9.325%
  B_H      differs         14.1359                       0.177%
  T_H      differs        0.167452                       8.435%
  EIn_H    differs       0.0475785                       9.639%
  EG       differs       0.0604464                      13.418%
  QE       differs         113.096                       6.443%
  H        differs         353.126                       4.481%
  Rn       differs         211.289                       0.713%
  SWE      differs         5.62489                       3.377%
  Lk       IDENTICAL             0                       0.000%  <--

  OK: the arms differ. LAI_H mean |diff| = 6.89% of the fixed-arm mean.
  note: still identical for ['Lk'] -- expected only if that
        variable is genuinely insensitive to leaf area.

US-GBT  historical/MPI-ESM1-2-HR:fixed_lma
  Sl_H  fixed=0.018893  dyn(final)=0.019756
  variable verdict       max|diff|   mean|diff| as % of |fixed|
  LAI_H    differs        0.580671                       5.568%
  An_H     differs         6.11477                       7.225%
  B_H      differs         23.4368                       0.223%
  T_H      differs        0.106359                       6.622%
  EIn_H    differs       0.0579371                       7.406%
  EG       differs       0.0377786                      10.048%
  QE       differs         71.9164                       5.114%
  H        differs         304.935                       4.060%
  Rn       differs             207                       0.670%
  SWE      differs         13.8847                       2.633%
  Lk       IDENTICAL             0                       0.000%  <--

  OK: the arms differ. LAI_H mean |diff| = 5.57% of the fixed-arm mean.
  note: still identical for ['Lk'] -- expected only if that
        variable is genuinely insensitive to leaf area.

US-GBT  historical/MRI-ESM2-0:fixed_lma
  Sl_H  fixed=0.018893  dyn(final)=0.018688
  variable verdict       max|diff|   mean|diff| as % of |fixed|
  LAI_H    differs        0.568443                       6.683%
  An_H     differs         8.43061                       7.882%
  B_H      differs         11.5593                       0.120%
  T_H      differs        0.143272                       7.495%
  EIn_H    differs       0.0563862                       8.082%
  EG       differs       0.0575247                      11.113%
  QE       differs         96.9954                       5.837%
  H        differs         317.558                       4.254%
  Rn       differs         191.038                       0.647%
  SWE      differs         7.84203                       3.992%
  Lk       IDENTICAL             0                       0.000%  <--

  OK: the arms differ. LAI_H mean |diff| = 6.68% of the fixed-arm mean.
  note: still identical for ['Lk'] -- expected only if that
        variable is genuinely insensitive to leaf area.

US-GBT  historical/UKESM1-0-LL:fixed_lma
  Sl_H  fixed=0.018893  dyn(final)=0.021203
  variable verdict       max|diff|   mean|diff| as % of |fixed|
  LAI_H    differs        0.802859                       7.795%
  An_H     differs         7.51574                      10.347%
  B_H      differs         15.1719                       0.202%
  T_H      differs        0.167778                       9.954%
  EIn_H    differs       0.0739606                      10.437%
  EG       differs       0.0478051                      12.889%
  QE       differs         113.946                       7.645%
  H        differs         367.431                       5.041%
  Rn       differs         247.621                       0.814%
  SWE      differs         5.67917                       3.422%
  Lk       IDENTICAL             0                       0.000%  <--

  OK: the arms differ. LAI_H mean |diff| = 7.79% of the fixed-arm mean.
  note: still identical for ['Lk'] -- expected only if that
        variable is genuinely insensitive to leaf area.

US-GLE  historical/GFDL-ESM4:fixed_lma
  Sl_H  fixed=0.018893  dyn(final)=0.017417
  variable verdict       max|diff|   mean|diff| as % of |fixed|
  LAI_H    differs        0.585486                       5.917%
  An_H     differs         6.95233                       7.359%
  B_H      differs         10.7291                       0.113%
  T_H      differs        0.174356                       7.053%
  EIn_H    differs       0.0573589                       8.106%
  EG       differs       0.0362357                      11.211%
  QE       differs          118.43                       5.489%
  H        differs         296.215                       3.996%
  Rn       differs         196.961                       0.536%
  SWE      differs         5.95106                       3.054%
  Lk       IDENTICAL             0                       0.000%  <--

  OK: the arms differ. LAI_H mean |diff| = 5.92% of the fixed-arm mean.
  note: still identical for ['Lk'] -- expected only if that
        variable is genuinely insensitive to leaf area.

US-GLE  historical/IPSL-CM6A-LR:fixed_lma
  Sl_H  fixed=0.018893  dyn(final)=0.017601
  variable verdict       max|diff|   mean|diff| as % of |fixed|
  LAI_H    differs        0.468718                       6.906%
  An_H     differs         8.29862                       9.493%
  B_H      differs         13.4862                       0.178%
  T_H      differs        0.149386                       8.514%
  EIn_H    differs       0.0469154                       9.852%
  EG       differs       0.0483317                      13.052%
  QE       differs          101.19                       6.516%
  H        differs         373.308                       4.554%
  Rn       differs         204.233                       0.697%
  SWE      differs         5.68836                       3.254%
  Lk       IDENTICAL             0                       0.000%  <--

  OK: the arms differ. LAI_H mean |diff| = 6.91% of the fixed-arm mean.
  note: still identical for ['Lk'] -- expected only if that
        variable is genuinely insensitive to leaf area.

US-GLE  historical/MPI-ESM1-2-HR:fixed_lma
  Sl_H  fixed=0.018893  dyn(final)=0.019756
  variable verdict       max|diff|   mean|diff| as % of |fixed|
  LAI_H    differs        0.592346                       5.727%
  An_H     differs         6.69893                       7.223%
  B_H      differs         22.0469                       0.212%
  T_H      differs        0.113973                       6.687%
  EIn_H    differs        0.056577                       7.786%
  EG       differs       0.0342461                      10.264%
  QE       differs         77.0393                       5.215%
  H        differs         366.599                       4.241%
  Rn       differs           200.3                       0.647%
  SWE      differs         14.7725                       2.829%
  Lk       IDENTICAL             0                       0.000%  <--

  OK: the arms differ. LAI_H mean |diff| = 5.73% of the fixed-arm mean.
  note: still identical for ['Lk'] -- expected only if that
        variable is genuinely insensitive to leaf area.

US-GLE  historical/MRI-ESM2-0:fixed_lma
  Sl_H  fixed=0.018893  dyn(final)=0.018688
  variable verdict       max|diff|   mean|diff| as % of |fixed|
  LAI_H    differs        0.575004                       6.882%
  An_H     differs         8.18169                       7.924%
  B_H      differs         11.9744                       0.101%
  T_H      differs        0.174879                       7.523%
  EIn_H    differs        0.058432                       9.097%
  EG       differs       0.0361724                      11.150%
  QE       differs         118.392                       5.880%
  H        differs         372.411                       4.198%
  Rn       differs         225.212                       0.682%
  SWE      differs         8.38272                       4.317%
  Lk       IDENTICAL             0                       0.000%  <--

  OK: the arms differ. LAI_H mean |diff| = 6.88% of the fixed-arm mean.
  note: still identical for ['Lk'] -- expected only if that
        variable is genuinely insensitive to leaf area.

US-GLE  historical/UKESM1-0-LL:fixed_lma
  Sl_H  fixed=0.018893  dyn(final)=0.021203
  variable verdict       max|diff|   mean|diff| as % of |fixed|
  LAI_H    differs        0.836113                       8.007%
  An_H     differs         7.77671                      10.614%
  B_H      differs         15.3361                       0.217%
  T_H      differs        0.208734                      10.215%
  EIn_H    differs       0.0714838                      11.239%
  EG       differs       0.0390065                      13.815%
  QE       differs         141.288                       7.907%
  H        differs         238.677                       5.138%
  Rn       differs         233.091                       0.790%
  SWE      differs         5.81688                       3.429%
  Lk       IDENTICAL             0                       0.000%  <--

  OK: the arms differ. LAI_H mean |diff| = 8.01% of the fixed-arm mean.
  note: still identical for ['Lk'] -- expected only if that
        variable is genuinely insensitive to leaf area.

US-HBK  historical/GFDL-ESM4:fixed_lma
  Sl_H  fixed=0.025391  dyn(final)=0.024769
  variable verdict       max|diff|   mean|diff| as % of |fixed|
  LAI_H    differs        0.914891                       4.573%
  An_H     differs          0.2343                       1.857%
  B_H      differs         26.2036                       0.141%
  T_H      differs      0.00809705                       3.627%
  EIn_H    differs       0.0555921                       2.356%
  EG       differs       0.0412648                       8.151%
  QE       differs         31.2488                       2.521%
  H        differs          375.02                       1.954%
  Rn       differs         74.8914                       0.445%
  SWE      differs         2.63337                       0.815%
  Lk       differs        0.349475                      10.580%

  OK: the arms differ. LAI_H mean |diff| = 4.57% of the fixed-arm mean.

US-HBK  historical/IPSL-CM6A-LR:fixed_lma
  Sl_H  fixed=0.025391  dyn(final)=0.025092
  variable verdict       max|diff|   mean|diff| as % of |fixed|
  LAI_H    differs        0.845897                       5.052%
  An_H     differs        0.363724                       2.335%
  B_H      differs         55.1764                       0.263%
  T_H      differs      0.00951264                       4.212%
  EIn_H    differs         0.11667                       2.690%
  EG       differs       0.0631189                      11.445%
  QE       differs         66.8089                       3.009%
  H        differs         432.342                       2.381%
  Rn       differs         72.5315                       0.534%
  SWE      differs         3.31455                       0.763%
  Lk       differs        0.597071                      11.154%

  OK: the arms differ. LAI_H mean |diff| = 5.05% of the fixed-arm mean.

US-HBK  historical/MPI-ESM1-2-HR:fixed_lma
  Sl_H  fixed=0.025391  dyn(final)=0.024461
  variable verdict       max|diff|   mean|diff| as % of |fixed|
  LAI_H    differs        0.795341                       5.452%
  An_H     differs        0.306836                       2.526%
  B_H      differs          28.468                       0.136%
  T_H      differs      0.00911354                       4.656%
  EIn_H    differs       0.0860672                       3.040%
  EG       differs       0.0479939                      12.659%
  QE       differs          54.027                       3.537%
  H        differs         175.834                       2.455%
  Rn       differs          45.214                       0.560%
  SWE      differs         4.68637                       0.882%
  Lk       differs        0.400714                      18.206%

  OK: the arms differ. LAI_H mean |diff| = 5.45% of the fixed-arm mean.

US-HBK  historical/MRI-ESM2-0:fixed_lma
  Sl_H  fixed=0.025391  dyn(final)=0.025066
  variable verdict       max|diff|   mean|diff| as % of |fixed|
  LAI_H    differs         0.78737                       4.674%
  An_H     differs        0.228495                       2.041%
  B_H      differs         26.1576                       0.149%
  T_H      differs      0.00686056                       3.837%
  EIn_H    differs       0.0543052                       2.289%
  EG       differs       0.0439593                       9.384%
  QE       differs         37.0564                       2.876%
  H        differs         113.007                       2.031%
  Rn       differs         53.6382                       0.469%
  SWE      differs         2.68137                       0.851%
  Lk       differs        0.608539                      16.385%

  OK: the arms differ. LAI_H mean |diff| = 4.67% of the fixed-arm mean.

US-HBK  historical/UKESM1-0-LL:fixed_lma
  Sl_H  fixed=0.025391  dyn(final)=0.024656
  variable verdict       max|diff|   mean|diff| as % of |fixed|
  LAI_H    differs         1.03421                       5.156%
  An_H     differs        0.437655                       2.297%
  B_H      differs         38.8281                       0.140%
  T_H      differs       0.0132986                       4.232%
  EIn_H    differs       0.0723534                       2.687%
  EG       differs       0.0596079                      10.903%
  QE       differs         74.3634                       3.301%
  H        differs         114.118                       2.482%
  Rn       differs         62.4893                       0.587%
  SWE      differs         1.68617                       0.519%
  Lk       differs        0.525665                      15.756%

  OK: the arms differ. LAI_H mean |diff| = 5.16% of the fixed-arm mean.

US-Ha1  historical/GFDL-ESM4:fixed_lma
  Sl_H  fixed=0.025391  dyn(final)=0.024136
  variable verdict       max|diff|   mean|diff| as % of |fixed|
  LAI_H    differs        0.946598                       4.538%
  An_H     differs        0.289815                       1.719%
  B_H      differs         30.2763                       0.106%
  T_H      differs       0.0138447                       3.897%
  EIn_H    differs         0.10698                       2.865%
  EG       differs        0.087171                      13.674%
  QE       differs          68.041                       4.590%
  H        differs         348.848                       2.667%
  Rn       differs         36.9052                       0.437%
  SWE      differs             2.6                       0.849%
  Lk       differs        0.918946                      28.711%

  OK: the arms differ. LAI_H mean |diff| = 4.54% of the fixed-arm mean.

US-Ha1  historical/IPSL-CM6A-LR:fixed_lma
  Sl_H  fixed=0.025391  dyn(final)=0.025049
  variable verdict       max|diff|   mean|diff| as % of |fixed|
  LAI_H    differs          1.0995                       4.493%
  An_H     differs        0.181737                       1.761%
  B_H      differs         23.6016                       0.114%
  T_H      differs       0.0129504                       3.898%
  EIn_H    differs        0.082897                       2.432%
  EG       differs       0.0728438                      15.203%
  QE       differs         191.888                       4.412%
  H        differs          453.08                       2.843%
  Rn       differs         63.1868                       0.502%
  SWE      differs         3.32698                       1.218%
  Lk       differs        0.935948                      28.094%

  OK: the arms differ. LAI_H mean |diff| = 4.49% of the fixed-arm mean.

US-Ha1  historical/MPI-ESM1-2-HR:fixed_lma
  Sl_H  fixed=0.025391  dyn(final)=0.025342
  variable verdict       max|diff|   mean|diff| as % of |fixed|
  LAI_H    differs        0.768521                       5.350%
  An_H     differs        0.302381                       2.164%
  B_H      differs         32.9796                       0.160%
  T_H      differs       0.0340175                       4.798%
  EIn_H    differs       0.0766851                       3.264%
  EG       differs       0.0942311                      17.168%
  QE       differs         66.4256                       5.559%
  H        differs          330.51                       3.068%
  Rn       differs         66.0333                       0.505%
  SWE      differs         2.82823                       1.600%
  Lk       differs         1.22563                      32.754%

  OK: the arms differ. LAI_H mean |diff| = 5.35% of the fixed-arm mean.

US-Ha1  historical/MRI-ESM2-0:fixed_lma
  Sl_H  fixed=0.025391  dyn(final)=0.025899
  variable verdict       max|diff|   mean|diff| as % of |fixed|
  LAI_H    differs        0.825878                       4.287%
  An_H     differs        0.257264                       1.911%
  B_H      differs         59.4814                       0.273%
  T_H      differs       0.0119669                       3.884%
  EIn_H    differs       0.0908776                       3.028%
  EG       differs       0.0695356                      15.234%
  QE       differs         222.842                       4.889%
  H        differs         379.619                       2.834%
  Rn       differs         62.2268                       0.493%
  SWE      differs         1.07914                       0.689%
  Lk       differs        0.896498                      35.194%

  OK: the arms differ. LAI_H mean |diff| = 4.29% of the fixed-arm mean.

US-Ha1  historical/UKESM1-0-LL:fixed_lma
  Sl_H  fixed=0.025391  dyn(final)=0.024458
  variable verdict       max|diff|   mean|diff| as % of |fixed|
  LAI_H    differs        0.952415                       4.454%
  An_H     differs         0.26316                       1.846%
  B_H      differs         27.6978                       0.104%
  T_H      differs       0.0151886                       3.978%
  EIn_H    differs        0.119251                       2.764%
  EG       differs       0.0695423                      13.488%
  QE       differs         131.036                       4.503%
  H        differs         237.558                       2.642%
  Rn       differs         41.5605                       0.419%
  SWE      differs         1.67477                       0.535%
  Lk       differs        0.878691                      27.550%

  OK: the arms differ. LAI_H mean |diff| = 4.45% of the fixed-arm mean.

US-Ha2  historical/GFDL-ESM4:fixed_lma
  Sl_H  fixed=0.020397  dyn(final)=0.019579
  variable verdict       max|diff|   mean|diff| as % of |fixed|
  LAI_H    differs        0.521755                       2.588%
  An_H     differs       0.0287334                       0.703%
  B_H      differs         28.5392                       0.060%
  T_H      differs       0.0225477                       2.284%
  EIn_H    differs       0.0621762                       1.750%
  EG       differs       0.0471324                       9.054%
  QE       differs         41.0957                       1.647%
  H        differs         189.735                       1.841%
  Rn       differs         81.1149                       0.406%
  SWE      differs        0.711895                       0.914%
  Lk       differs         2.65039                      28.759%

  OK: the arms differ. LAI_H mean |diff| = 2.59% of the fixed-arm mean.

US-Ha2  historical/IPSL-CM6A-LR:fixed_lma
  Sl_H  fixed=0.020397  dyn(final)=0.020176
  variable verdict       max|diff|   mean|diff| as % of |fixed|
  LAI_H    differs        0.608264                       2.504%
  An_H     differs       0.0335099                       0.682%
  B_H      differs         23.9781                       0.052%
  T_H      differs       0.0128722                       2.084%
  EIn_H    differs       0.0827027                       1.493%
  EG       differs       0.0245623                       9.748%
  QE       differs         51.4924                       1.431%
  H        differs         280.275                       1.751%
  Rn       differs         84.1995                       0.373%
  SWE      differs         0.89272                       0.814%
  Lk       differs         1.35517                      35.338%

  OK: the arms differ. LAI_H mean |diff| = 2.50% of the fixed-arm mean.

US-Ha2  historical/MPI-ESM1-2-HR:fixed_lma
  Sl_H  fixed=0.020397  dyn(final)=0.020366
  variable verdict       max|diff|   mean|diff| as % of |fixed|
  LAI_H    differs        0.465346                       3.155%
  An_H     differs       0.0270812                       0.869%
  B_H      differs         14.5594                       0.043%
  T_H      differs      0.00902565                       2.580%
  EIn_H    differs       0.0936686                       1.891%
  EG       differs       0.0261419                       9.919%
  QE       differs         185.544                       1.813%
  H        differs         207.785                       1.699%
  Rn       differs         80.7505                       0.395%
  SWE      differs        0.924929                       0.737%
  Lk       differs        0.573704                      22.170%

  OK: the arms differ. LAI_H mean |diff| = 3.16% of the fixed-arm mean.

US-Ha2  historical/MRI-ESM2-0:fixed_lma
  Sl_H  fixed=0.020397  dyn(final)=0.020724
  variable verdict       max|diff|   mean|diff| as % of |fixed|
  LAI_H    differs        0.447669                       2.348%
  An_H     differs        0.024159                       0.644%
  B_H      differs         19.3158                       0.054%
  T_H      differs       0.0159021                       2.013%
  EIn_H    differs       0.0871295                       1.468%
  EG       differs       0.0155803                       8.632%
  QE       differs         71.0802                       1.470%
  H        differs         180.596                       1.723%
  Rn       differs          79.889                       0.296%
  SWE      differs        0.652998                       0.767%
  Lk       differs        0.991672                      23.861%

  OK: the arms differ. LAI_H mean |diff| = 2.35% of the fixed-arm mean.

US-Ha2  historical/UKESM1-0-LL:fixed_lma
  Sl_H  fixed=0.020397  dyn(final)=0.019791
  variable verdict       max|diff|   mean|diff| as % of |fixed|
  LAI_H    differs        0.495947                       2.456%
  An_H     differs       0.0262879                       0.656%
  B_H      differs         17.2091                       0.042%
  T_H      differs      0.00956314                       2.023%
  EIn_H    differs       0.0832832                       1.815%
  EG       differs       0.0251077                       7.897%
  QE       differs          57.558                       1.550%
  H        differs         324.752                       1.625%
  Rn       differs         82.3479                       0.380%
  SWE      differs         1.54076                       0.898%
  Lk       differs         1.14707                      19.935%

  OK: the arms differ. LAI_H mean |diff| = 2.46% of the fixed-arm mean.

US-Ho1  historical/GFDL-ESM4:fixed_lma
  Sl_H  fixed=0.023563  dyn(final)=0.025469
  variable verdict       max|diff|   mean|diff| as % of |fixed|
  LAI_H    differs         1.63556                       4.555%
  An_H     differs          0.2778                       1.103%
  B_H      differs          73.936                       0.170%
  T_H      differs        0.017378                       3.987%
  EIn_H    differs        0.108818                       2.458%
  EG       differs       0.0171988                      12.541%
  QE       differs          68.524                       2.242%
  H        differs          451.09                       2.119%
  Rn       differs         91.7332                       0.646%
  SWE      differs         2.92632                       0.992%
  Lk       differs        0.934029                      27.816%

  OK: the arms differ. LAI_H mean |diff| = 4.56% of the fixed-arm mean.

US-Ho1  historical/IPSL-CM6A-LR:fixed_lma
  Sl_H  fixed=0.023564  dyn(final)=0.022026
  variable verdict       max|diff|   mean|diff| as % of |fixed|
  LAI_H    differs         1.71968                       5.965%
  An_H     differs        0.404027                       1.428%
  B_H      differs         66.4549                       0.137%
  T_H      differs       0.0207785                       4.692%
  EIn_H    differs        0.176537                       2.851%
  EG       differs       0.0127856                      15.973%
  QE       differs         279.307                       2.506%
  H        differs          245.98                       2.202%
  Rn       differs          79.705                       0.662%
  SWE      differs         3.23455                       1.587%
  Lk       differs        0.479748                      25.068%

  OK: the arms differ. LAI_H mean |diff| = 5.97% of the fixed-arm mean.

US-Ho1  historical/MPI-ESM1-2-HR:fixed_lma
  Sl_H  fixed=0.023557  dyn(final)=0.022011
  variable verdict       max|diff|   mean|diff| as % of |fixed|
  LAI_H    differs         1.16561                       6.683%
  An_H     differs        0.330818                       1.649%
  B_H      differs         94.5552                       0.224%
  T_H      differs       0.0191665                       5.308%
  EIn_H    differs        0.100627                       3.043%
  EG       differs       0.0506583                      19.585%
  QE       differs         69.5001                       2.864%
  H        differs         144.348                       2.673%
  Rn       differs         80.0276                       0.692%
  SWE      differs         2.60952                       1.499%
  Lk       differs         2.18076                      27.212%

  OK: the arms differ. LAI_H mean |diff| = 6.68% of the fixed-arm mean.

US-Ho1  historical/MRI-ESM2-0:fixed_lma
  Sl_H  fixed=0.023571  dyn(final)=0.028078
  variable verdict       max|diff|   mean|diff| as % of |fixed|
  LAI_H    differs         1.33636                       4.981%
  An_H     differs         0.30977                       1.220%
  B_H      differs         71.6845                       0.167%
  T_H      differs       0.0247823                       4.281%
  EIn_H    differs        0.132673                       2.501%
  EG       differs       0.0243854                      14.031%
  QE       differs         82.0436                       2.429%
  H        differs         312.294                       2.475%
  Rn       differs         76.1102                       0.661%
  SWE      differs         5.21444                       1.810%
  Lk       differs        0.654226                      26.577%

  OK: the arms differ. LAI_H mean |diff| = 4.98% of the fixed-arm mean.

US-Ho1  historical/UKESM1-0-LL:fixed_lma
  Sl_H  fixed=0.023577  dyn(final)=0.023250
  variable verdict       max|diff|   mean|diff| as % of |fixed|
  LAI_H    differs         1.22789                       6.848%
  An_H     differs       0.0641003                       1.610%
  B_H      differs         139.126                       0.320%
  T_H      differs       0.0143664                       5.435%
  EIn_H    differs        0.135318                       3.279%
  EG       differs       0.0166171                      18.731%
  QE       differs         169.939                       3.057%
  H        differs         442.945                       2.715%
  Rn       differs         85.0065                       0.735%
  SWE      differs         2.59421                       1.599%
  Lk       differs        0.488915                      22.610%

  OK: the arms differ. LAI_H mean |diff| = 6.85% of the fixed-arm mean.

US-Ho2  historical/GFDL-ESM4:fixed_lma
  Sl_H  fixed=0.023563  dyn(final)=0.025469
  variable verdict       max|diff|   mean|diff| as % of |fixed|
  LAI_H    differs         1.74002                       4.578%
  An_H     differs       0.0574308                       1.108%
  B_H      differs         88.9071                       0.211%
  T_H      differs       0.0199596                       3.819%
  EIn_H    differs        0.182806                       2.103%
  EG       differs       0.0420228                      11.354%
  QE       differs         121.558                       2.052%
  H        differs         322.195                       1.917%
  Rn       differs         79.0714                       0.517%
  SWE      differs         1.57723                       1.055%
  Lk       differs         2.51107                      27.758%

  OK: the arms differ. LAI_H mean |diff| = 4.58% of the fixed-arm mean.

US-Ho2  historical/IPSL-CM6A-LR:fixed_lma
  Sl_H  fixed=0.023564  dyn(final)=0.022026
  variable verdict       max|diff|   mean|diff| as % of |fixed|
  LAI_H    differs         1.80786                       5.973%
  An_H     differs        0.402456                       1.439%
  B_H      differs         58.4383                       0.123%
  T_H      differs       0.0195852                       4.711%
  EIn_H    differs         0.11497                       2.646%
  EG       differs       0.0182858                      14.969%
  QE       differs         76.7466                       2.383%
  H        differs         258.268                       2.131%
  Rn       differs         82.8456                       0.601%
  SWE      differs         3.74384                       1.661%
  Lk       differs         4.27827                      28.143%

  OK: the arms differ. LAI_H mean |diff| = 5.97% of the fixed-arm mean.

US-Ho2  historical/MPI-ESM1-2-HR:fixed_lma
  Sl_H  fixed=0.023557  dyn(final)=0.022011
  variable verdict       max|diff|   mean|diff| as % of |fixed|
  LAI_H    differs         1.19173                       6.657%
  An_H     differs       0.0631521                       1.638%
  B_H      differs         92.2047                       0.216%
  T_H      differs       0.0159669                       5.382%
  EIn_H    differs        0.127325                       2.937%
  EG       differs       0.0134598                      13.962%
  QE       differs         80.9959                       2.726%
  H        differs          254.39                       2.328%
  Rn       differs         90.9186                       0.627%
  SWE      differs         2.64253                       1.566%
  Lk       differs          5.6576                      23.964%

  OK: the arms differ. LAI_H mean |diff| = 6.66% of the fixed-arm mean.

US-Ho2  historical/MRI-ESM2-0:fixed_lma
  Sl_H  fixed=0.023571  dyn(final)=0.028078
  variable verdict       max|diff|   mean|diff| as % of |fixed|
  LAI_H    differs         1.30623                       4.880%
  An_H     differs       0.0568157                       1.209%
  B_H      differs         71.9119                       0.172%
  T_H      differs       0.0200207                       4.119%
  EIn_H    differs        0.128196                       2.507%
  EG       differs       0.0405276                      11.556%
  QE       differs         113.033                       2.322%
  H        differs         189.275                       2.006%
  Rn       differs         81.6192                       0.464%
  SWE      differs         4.34047                       1.799%
  Lk       differs         2.48723                      32.091%

  OK: the arms differ. LAI_H mean |diff| = 4.88% of the fixed-arm mean.

US-Ho2  historical/UKESM1-0-LL:fixed_lma
  Sl_H  fixed=0.023577  dyn(final)=0.023250
  variable verdict       max|diff|   mean|diff| as % of |fixed|
  LAI_H    differs         1.25485                       6.699%
  An_H     differs        0.284502                       1.598%
  B_H      differs         136.302                       0.333%
  T_H      differs       0.0156028                       5.452%
  EIn_H    differs        0.134552                       3.419%
  EG       differs       0.0307117                      19.321%
  QE       differs         88.8345                       3.190%
  H        differs         183.629                       2.898%
  Rn       differs         90.7031                       0.729%
  SWE      differs         2.70425                       1.782%
  Lk       differs         2.70915                      32.005%

  OK: the arms differ. LAI_H mean |diff| = 6.70% of the fixed-arm mean.

US-Ho3  historical/GFDL-ESM4:fixed_lma
  Sl_H  fixed=0.023563  dyn(final)=0.025469
  variable verdict       max|diff|   mean|diff| as % of |fixed|
  LAI_H    differs         1.66286                       4.529%
  An_H     differs       0.0571979                       1.095%
  B_H      differs         81.2199                       0.188%
  T_H      differs       0.0167828                       3.921%
  EIn_H    differs        0.137311                       2.262%
  EG       differs       0.0178157                      11.942%
  QE       differs         95.4165                       2.120%
  H        differs         175.528                       2.005%
  Rn       differs         76.2799                       0.607%
  SWE      differs         3.56736                       1.107%
  Lk       differs        0.433572                      24.623%

  OK: the arms differ. LAI_H mean |diff| = 4.53% of the fixed-arm mean.

US-Ho3  historical/IPSL-CM6A-LR:fixed_lma
  Sl_H  fixed=0.023564  dyn(final)=0.022026
  variable verdict       max|diff|   mean|diff| as % of |fixed|
  LAI_H    differs         1.70756                       5.922%
  An_H     differs       0.0534007                       1.415%
  B_H      differs         61.5099                       0.127%
  T_H      differs       0.0174297                       4.584%
  EIn_H    differs        0.145759                       2.837%
  EG       differs       0.0213451                      17.176%
  QE       differs         92.9156                       2.460%
  H        differs         176.445                       2.317%
  Rn       differs         74.1723                       0.717%
  SWE      differs         2.80351                       1.673%
  Lk       differs        0.653767                      27.420%

  OK: the arms differ. LAI_H mean |diff| = 5.92% of the fixed-arm mean.

US-Ho3  historical/MPI-ESM1-2-HR:fixed_lma
  Sl_H  fixed=0.023557  dyn(final)=0.022011
  variable verdict       max|diff|   mean|diff| as % of |fixed|
  LAI_H    differs         1.18172                       6.712%
  An_H     differs        0.060986                       1.639%
  B_H      differs         97.2232                       0.227%
  T_H      differs       0.0262391                       5.471%
  EIn_H    differs        0.165637                       3.638%
  EG       differs       0.0384592                      20.055%
  QE       differs         241.213                       3.097%
  H        differs         470.095                       2.757%
  Rn       differs         92.8001                       0.790%
  SWE      differs         4.14257                       1.504%
  Lk       differs          2.9655                      24.040%

  OK: the arms differ. LAI_H mean |diff| = 6.71% of the fixed-arm mean.

US-Ho3  historical/MRI-ESM2-0:fixed_lma
  Sl_H  fixed=0.023571  dyn(final)=0.028078
  variable verdict       max|diff|   mean|diff| as % of |fixed|
  LAI_H    differs         1.32982                       4.960%
  An_H     differs       0.0563532                       1.212%
  B_H      differs         71.0867                       0.165%
  T_H      differs       0.0199641                       4.343%
  EIn_H    differs        0.116858                       2.974%
  EG       differs       0.0272347                      14.932%
  QE       differs         155.778                       2.620%
  H        differs         638.066                       2.622%
  Rn       differs         89.2602                       0.700%
  SWE      differs         4.47229                       1.651%
  Lk       differs         2.14222                      31.322%

  OK: the arms differ. LAI_H mean |diff| = 4.96% of the fixed-arm mean.

US-Ho3  historical/UKESM1-0-LL:fixed_lma
  Sl_H  fixed=0.023577  dyn(final)=0.023250
  variable verdict       max|diff|   mean|diff| as % of |fixed|
  LAI_H    differs         1.20891                       6.732%
  An_H     differs        0.192544                       1.594%
  B_H      differs         134.233                       0.317%
  T_H      differs       0.0133664                       5.256%
  EIn_H    differs        0.111141                       3.295%
  EG       differs       0.0189353                      19.314%
  QE       differs         71.8758                       2.962%
  H        differs         152.466                       2.656%
  Rn       differs          87.887                       0.791%
  SWE      differs         2.78601                       1.814%
  Lk       differs        0.480951                      23.929%

  OK: the arms differ. LAI_H mean |diff| = 6.73% of the fixed-arm mean.

US-LPH  historical/GFDL-ESM4:fixed_lma
  Sl_H  fixed=0.025391  dyn(final)=0.024136
  variable verdict       max|diff|   mean|diff| as % of |fixed|
  LAI_H    differs         1.20471                       5.322%
  An_H     differs        0.362261                       2.408%
  B_H      differs         50.2396                       0.247%
  T_H      differs       0.0123887                       4.135%
  EIn_H    differs        0.115325                       3.276%
  EG       differs       0.0555132                      14.886%
  QE       differs         66.6843                       4.354%
  H        differs         247.467                       2.833%
  Rn       differs         47.0408                       0.730%
  SWE      differs         2.63797                       1.049%
  Lk       differs        0.855244                      25.237%

  OK: the arms differ. LAI_H mean |diff| = 5.32% of the fixed-arm mean.

US-LPH  historical/IPSL-CM6A-LR:fixed_lma
  Sl_H  fixed=0.025391  dyn(final)=0.025049
  variable verdict       max|diff|   mean|diff| as % of |fixed|
  LAI_H    differs         1.01641                       4.590%
  An_H     differs        0.256431                       1.995%
  B_H      differs         27.0441                       0.111%
  T_H      differs       0.0122727                       3.625%
  EIn_H    differs       0.0613178                       2.599%
  EG       differs       0.0778772                      14.578%
  QE       differs         53.7305                       3.862%
  H        differs          130.73                       2.408%
  Rn       differs         81.7209                       0.690%
  SWE      differs          2.8445                       1.042%
  Lk       differs        0.436837                      20.229%

  OK: the arms differ. LAI_H mean |diff| = 4.59% of the fixed-arm mean.

US-LPH  historical/MPI-ESM1-2-HR:fixed_lma
  Sl_H  fixed=0.025391  dyn(final)=0.025342
  variable verdict       max|diff|   mean|diff| as % of |fixed|
  LAI_H    differs        0.778774                       5.406%
  An_H     differs        0.282381                       2.224%
  B_H      differs          28.669                       0.105%
  T_H      differs       0.0657469                       4.390%
  EIn_H    differs       0.0905269                       3.063%
  EG       differs       0.0586365                      16.158%
  QE       differs         48.2323                       4.831%
  H        differs         160.204                       2.799%
  Rn       differs         82.1667                       0.770%
  SWE      differs         4.55036                       1.401%
  Lk       differs          1.2383                      25.623%

  OK: the arms differ. LAI_H mean |diff| = 5.41% of the fixed-arm mean.

US-LPH  historical/MRI-ESM2-0:fixed_lma
  Sl_H  fixed=0.025391  dyn(final)=0.025899
  variable verdict       max|diff|   mean|diff| as % of |fixed|
  LAI_H    differs        0.755301                       4.313%
  An_H     differs        0.260304                       1.971%
  B_H      differs         46.0573                       0.174%
  T_H      differs      0.00727119                       3.525%
  EIn_H    differs       0.0706712                       2.808%
  EG       differs       0.0550688                      14.102%
  QE       differs         65.0229                       4.221%
  H        differs         118.942                       2.550%
  Rn       differs          77.561                       0.656%
  SWE      differs         0.81596                       0.634%
  Lk       differs         1.96146                      29.830%

  OK: the arms differ. LAI_H mean |diff| = 4.31% of the fixed-arm mean.

US-LPH  historical/UKESM1-0-LL:fixed_lma
  Sl_H  fixed=0.025391  dyn(final)=0.024458
  variable verdict       max|diff|   mean|diff| as % of |fixed|
  LAI_H    differs         1.00437                       4.528%
  An_H     differs        0.285203                       2.036%
  B_H      differs         24.6062                       0.091%
  T_H      differs       0.0112579                       3.586%
  EIn_H    differs       0.0653929                       2.741%
  EG       differs       0.0522802                      13.532%
  QE       differs         37.1261                       4.018%
  H        differs         123.858                       2.491%
  Rn       differs         65.9687                       0.665%
  SWE      differs         1.03206                       0.810%
  Lk       differs        0.477769                      22.874%

  OK: the arms differ. LAI_H mean |diff| = 4.53% of the fixed-arm mean.

US-MEF  historical/GFDL-ESM4:fixed_lma
  Sl_H  fixed=0.010698  dyn(final)=0.010055
  variable verdict       max|diff|   mean|diff| as % of |fixed|
  LAI_H    differs        0.480152                       6.450%
  An_H     differs         8.47217                       5.852%
  B_H      differs         48.0135                       0.349%
  T_H      differs        0.265883                       5.368%
  EIn_H    differs       0.0567958                       7.826%
  EG       differs         0.11012                      13.235%
  QE       differs         179.288                       4.715%
  H        differs         168.156                       3.971%
  Rn       differs         215.308                       0.606%
  SWE      differs         2.01418                       3.253%
  Lk       differs            0.01                     100.000%

  OK: the arms differ. LAI_H mean |diff| = 6.45% of the fixed-arm mean.

US-MEF  historical/IPSL-CM6A-LR:fixed_lma
  Sl_H  fixed=0.010698  dyn(final)=0.010007
  variable verdict       max|diff|   mean|diff| as % of |fixed|
  LAI_H    differs        0.420936                       5.413%
  An_H     differs         8.52076                       5.609%
  B_H      differs          45.506                       0.170%
  T_H      differs        0.156769                       4.721%
  EIn_H    differs       0.0570203                       7.056%
  EG       differs       0.0893356                       9.872%
  QE       differs         106.099                       4.254%
  H        differs         204.782                       3.501%
  Rn       differs         200.364                       0.497%
  SWE      differs          5.1525                       2.502%
  Lk       IDENTICAL             0                       0.000%  <--

  OK: the arms differ. LAI_H mean |diff| = 5.41% of the fixed-arm mean.
  note: still identical for ['Lk'] -- expected only if that
        variable is genuinely insensitive to leaf area.

US-MEF  historical/MPI-ESM1-2-HR:fixed_lma
  Sl_H  fixed=0.010698  dyn(final)=0.010963
  variable verdict       max|diff|   mean|diff| as % of |fixed|
  LAI_H    differs        0.567428                       6.988%
  An_H     differs         9.29023                       6.299%
  B_H      differs         41.3057                       0.294%
  T_H      differs        0.247107                       5.917%
  EIn_H    differs       0.0509175                       8.092%
  EG       differs       0.0626127                      11.589%
  QE       differs         167.204                       5.316%
  H        differs         152.635                       4.575%
  Rn       differs         211.174                       0.599%
  SWE      differs         4.03339                       2.292%
  Lk       IDENTICAL             0                       0.000%  <--

  OK: the arms differ. LAI_H mean |diff| = 6.99% of the fixed-arm mean.
  note: still identical for ['Lk'] -- expected only if that
        variable is genuinely insensitive to leaf area.

US-MEF  historical/MRI-ESM2-0:fixed_lma
  Sl_H  fixed=0.010698  dyn(final)=0.010526
  variable verdict       max|diff|   mean|diff| as % of |fixed|
  LAI_H    differs        0.258334                       4.806%
  An_H     differs         9.20134                       5.277%
  B_H      differs         20.0862                       0.145%
  T_H      differs        0.218066                       4.749%
  EIn_H    differs       0.0255923                       6.227%
  EG       differs       0.0513337                       9.400%
  QE       differs         147.828                       4.208%
  H        differs         137.935                       3.478%
  Rn       differs          187.18                       0.420%
  SWE      differs         1.07784                       1.829%
  Lk       IDENTICAL             0                       0.000%  <--

  OK: the arms differ. LAI_H mean |diff| = 4.81% of the fixed-arm mean.
  note: still identical for ['Lk'] -- expected only if that
        variable is genuinely insensitive to leaf area.

US-MEF  historical/UKESM1-0-LL:fixed_lma
  Sl_H  fixed=0.010698  dyn(final)=0.011347
  variable verdict       max|diff|   mean|diff| as % of |fixed|
  LAI_H    differs        0.506049                       5.849%
  An_H     differs         9.98081                       7.118%
  B_H      differs          29.884                       0.261%
  T_H      differs         0.25554                       6.523%
  EIn_H    differs       0.0511142                       7.801%
  EG       differs       0.0524175                       9.050%
  QE       differs         172.855                       5.552%
  H        differs         160.457                       4.132%
  Rn       differs         142.042                       0.463%
  SWE      differs         2.23374                       2.728%
  Lk       IDENTICAL             0                       0.000%  <--

  OK: the arms differ. LAI_H mean |diff| = 5.85% of the fixed-arm mean.
  note: still identical for ['Lk'] -- expected only if that
        variable is genuinely insensitive to leaf area.

US-MMS  historical/GFDL-ESM4:fixed_lma
  Sl_H  fixed=0.018925  dyn(final)=0.018718
  variable verdict       max|diff|   mean|diff| as % of |fixed|
  LAI_H    differs         1.57492                       6.234%
  An_H     differs         1.01452                       1.664%
  B_H      differs         33.3945                       0.145%
  T_H      differs       0.0370084                       2.390%
  EIn_H    differs        0.139859                       4.493%
  EG       differs       0.0525745                       5.186%
  QE       differs         85.9435                       1.879%
  H        differs         140.246                       2.240%
  Rn       differs         53.5738                       0.449%
  SWE      differs          1.6324                       0.800%
  Lk       differs       0.0405866                       2.920%

  OK: the arms differ. LAI_H mean |diff| = 6.23% of the fixed-arm mean.

US-MMS  historical/IPSL-CM6A-LR:fixed_lma
  Sl_H  fixed=0.018925  dyn(final)=0.017854
  variable verdict       max|diff|   mean|diff| as % of |fixed|
  LAI_H    differs        0.794905                       6.150%
  An_H     differs        0.643125                       1.546%
  B_H      differs         113.634                       0.384%
  T_H      differs       0.0236336                       2.394%
  EIn_H    differs        0.074407                       4.445%
  EG       differs       0.0426271                       4.893%
  QE       differs         51.1917                       1.890%
  H        differs         256.224                       2.092%
  Rn       differs         57.6366                       0.438%
  SWE      differs         2.19389                       1.489%
  Lk       differs       0.0499093                       3.111%

  OK: the arms differ. LAI_H mean |diff| = 6.15% of the fixed-arm mean.

US-MMS  historical/MPI-ESM1-2-HR:fixed_lma
  Sl_H  fixed=0.018925  dyn(final)=0.018410
  variable verdict       max|diff|   mean|diff| as % of |fixed|
  LAI_H    differs         1.10073                       7.137%
  An_H     differs         1.05885                       1.891%
  B_H      differs         111.025                       0.420%
  T_H      differs       0.0181957                       2.771%
  EIn_H    differs        0.127492                       5.071%
  EG       differs       0.0411327                       5.927%
  QE       differs         85.8593                       2.184%
  H        differs         193.389                       2.449%
  Rn       differs         63.8587                       0.480%
  SWE      differs        0.824254                       1.109%
  Lk       differs       0.0397073                       3.153%

  OK: the arms differ. LAI_H mean |diff| = 7.14% of the fixed-arm mean.

US-MMS  historical/MRI-ESM2-0:fixed_lma
  Sl_H  fixed=0.018925  dyn(final)=0.017491
  variable verdict       max|diff|   mean|diff| as % of |fixed|
  LAI_H    differs        0.833734                       5.994%
  An_H     differs        0.649328                       1.584%
  B_H      differs         90.6579                       0.367%
  T_H      differs       0.0354625                       2.334%
  EIn_H    differs       0.0759117                       4.144%
  EG       differs       0.0298989                       5.033%
  QE       differs         48.5539                       1.761%
  H        differs         130.833                       1.851%
  Rn       differs         24.2858                       0.354%
  SWE      differs         1.25458                       0.743%
  Lk       differs       0.0716219                       2.839%

  OK: the arms differ. LAI_H mean |diff| = 5.99% of the fixed-arm mean.

US-MMS  historical/UKESM1-0-LL:fixed_lma
  Sl_H  fixed=0.018925  dyn(final)=0.019532
  variable verdict       max|diff|   mean|diff| as % of |fixed|
  LAI_H    differs          0.7975                       7.024%
  An_H     differs        0.723998                       2.011%
  B_H      differs         50.7041                       0.233%
  T_H      differs       0.0226256                       2.893%
  EIn_H    differs       0.0883992                       5.688%
  EG       differs       0.0379893                       6.041%
  QE       differs         60.0373                       2.205%
  H        differs         488.664                       2.436%
  Rn       differs         75.1686                       0.491%
  SWE      differs         1.04189                       0.844%
  Lk       differs       0.0625955                       3.296%

  OK: the arms differ. LAI_H mean |diff| = 7.02% of the fixed-arm mean.

US-MOz  historical/GFDL-ESM4:fixed_lma
  Sl_H  fixed=0.014902  dyn(final)=0.013721
  variable verdict       max|diff|   mean|diff| as % of |fixed|
  LAI_H    differs        0.824073                       6.904%
  An_H     differs         0.97043                       2.611%
  B_H      differs         22.5844                       0.157%
  T_H      differs       0.0206108                       2.877%
  EIn_H    differs       0.0751944                       6.198%
  EG       differs       0.0576728                       5.444%
  QE       differs         46.7254                       1.845%
  H        differs         292.151                       2.922%
  Rn       differs         101.484                       0.354%
  SWE      differs         2.73184                       1.082%
  Lk       differs        0.102253                       3.366%

  OK: the arms differ. LAI_H mean |diff| = 6.90% of the fixed-arm mean.

US-MOz  historical/IPSL-CM6A-LR:fixed_lma
  Sl_H  fixed=0.014902  dyn(final)=0.014768
  variable verdict       max|diff|   mean|diff| as % of |fixed|
  LAI_H    differs         0.96511                       7.004%
  An_H     differs         1.16298                       2.641%
  B_H      differs         78.0122                       0.366%
  T_H      differs        0.028386                       3.088%
  EIn_H    differs       0.0956088                       6.000%
  EG       differs       0.0370391                       5.907%
  QE       differs         60.3863                       1.933%
  H        differs         179.616                       3.454%
  Rn       differs         64.1718                       0.441%
  SWE      differs         2.92075                       1.314%
  Lk       differs       0.0405565                       3.080%

  OK: the arms differ. LAI_H mean |diff| = 7.00% of the fixed-arm mean.

US-MOz  historical/MPI-ESM1-2-HR:fixed_lma
  Sl_H  fixed=0.014902  dyn(final)=0.014137
  variable verdict       max|diff|   mean|diff| as % of |fixed|
  LAI_H    differs         1.40933                       9.470%
  An_H     differs         1.63322                       3.566%
  B_H      differs          120.79                       0.551%
  T_H      differs       0.0345846                       3.954%
  EIn_H    differs        0.111745                       8.452%
  EG       differs       0.0603137                       7.296%
  QE       differs         69.9047                       2.438%
  H        differs         273.228                       3.936%
  Rn       differs         76.9405                       0.476%
  SWE      differs         1.56616                       1.226%
  Lk       differs        0.164179                       4.625%

  OK: the arms differ. LAI_H mean |diff| = 9.47% of the fixed-arm mean.

US-MOz  historical/MRI-ESM2-0:fixed_lma
  Sl_H  fixed=0.014902  dyn(final)=0.014029
  variable verdict       max|diff|   mean|diff| as % of |fixed|
  LAI_H    differs        0.733436                       7.035%
  An_H     differs         1.08322                       2.836%
  B_H      differs          116.18                       0.651%
  T_H      differs       0.0267358                       3.137%
  EIn_H    differs       0.0728739                       6.494%
  EG       differs       0.0467107                       5.798%
  QE       differs         46.5812                       1.845%
  H        differs          203.94                       3.017%
  Rn       differs          69.949                       0.385%
  SWE      differs         2.56491                       2.090%
  Lk       differs        0.124145                       3.367%

  OK: the arms differ. LAI_H mean |diff| = 7.03% of the fixed-arm mean.

US-MOz  historical/UKESM1-0-LL:fixed_lma
  Sl_H  fixed=0.014902  dyn(final)=0.015560
  variable verdict       max|diff|   mean|diff| as % of |fixed|
  LAI_H    differs        0.827696                       8.510%
  An_H     differs         1.27115                       3.408%
  B_H      differs         54.8945                       0.304%
  T_H      differs       0.0281074                       3.854%
  EIn_H    differs       0.0932703                       8.296%
  EG       differs       0.0369377                       6.676%
  QE       differs         60.5477                       2.268%
  H        differs         132.333                       3.725%
  Rn       differs          67.299                       0.457%
  SWE      differs         5.61393                       2.964%
  Lk       differs        0.106454                       4.252%

  OK: the arms differ. LAI_H mean |diff| = 8.51% of the fixed-arm mean.

US-MRf  historical/GFDL-ESM4:fixed_lma
  Sl_H  fixed=0.015674  dyn(final)=0.014059
  variable verdict       max|diff|   mean|diff| as % of |fixed|
  LAI_H    differs         1.00978                       5.657%
  An_H     differs         2.07014                       1.812%
  B_H      differs         112.358                       0.208%
  T_H      differs       0.0461429                       2.887%
  EIn_H    differs        0.117371                       3.971%
  EG       differs       0.0268997                       4.659%
  QE       differs         80.5527                       2.088%
  H        differs         124.476                       1.953%
  Rn       differs         12.7787                       0.039%
  SWE      differs        0.353171                       0.997%
  Lk       differs            0.01                       4.655%

  OK: the arms differ. LAI_H mean |diff| = 5.66% of the fixed-arm mean.

US-MRf  historical/IPSL-CM6A-LR:fixed_lma
  Sl_H  fixed=0.015674  dyn(final)=0.014672
  variable verdict       max|diff|   mean|diff| as % of |fixed|
  LAI_H    differs        0.948987                       4.791%
  An_H     differs         3.06376                       1.521%
  B_H      differs         29.7369                       0.060%
  T_H      differs       0.0324816                       2.424%
  EIn_H    differs         0.09644                       3.074%
  EG       differs       0.0265832                       3.874%
  QE       differs         59.2049                       1.764%
  H        differs         180.342                       1.748%
  Rn       differs         46.3108                       0.037%
  SWE      differs        0.356868                       0.944%
  Lk       differs            0.01                       4.221%

  OK: the arms differ. LAI_H mean |diff| = 4.79% of the fixed-arm mean.

US-MRf  historical/MPI-ESM1-2-HR:fixed_lma
  Sl_H  fixed=0.015674  dyn(final)=0.016574
  variable verdict       max|diff|   mean|diff| as % of |fixed|
  LAI_H    differs         1.03147                       4.984%
  An_H     differs         4.10522                       1.724%
  B_H      differs         27.8611                       0.090%
  T_H      differs       0.0470628                       2.593%
  EIn_H    differs        0.105809                       3.759%
  EG       differs       0.0336717                       3.991%
  QE       differs         68.2672                       1.976%
  H        differs          71.238                       1.873%
  Rn       differs         158.787                       0.044%
  SWE      differs        0.637761                       1.955%
  Lk       differs            0.01                       4.173%

  OK: the arms differ. LAI_H mean |diff| = 4.98% of the fixed-arm mean.

US-MRf  historical/MRI-ESM2-0:fixed_lma
  Sl_H  fixed=0.015674  dyn(final)=0.015190
  variable verdict       max|diff|   mean|diff| as % of |fixed|
  LAI_H    differs        0.564957                       4.249%
  An_H     differs         3.22747                       1.372%
  B_H      differs         31.8718                       0.075%
  T_H      differs       0.0308249                       2.180%
  EIn_H    differs       0.0618916                       2.929%
  EG       differs       0.0197247                       3.498%
  QE       differs         39.1589                       1.590%
  H        differs         65.2938                       1.470%
  Rn       differs          3.4084                       0.031%
  SWE      differs        0.756953                       3.240%
  Lk       differs            0.01                       4.478%

  OK: the arms differ. LAI_H mean |diff| = 4.25% of the fixed-arm mean.

US-MRf  historical/UKESM1-0-LL:fixed_lma
  Sl_H  fixed=0.015674  dyn(final)=0.014053
  variable verdict       max|diff|   mean|diff| as % of |fixed|
  LAI_H    differs        0.915618                       5.169%
  An_H     differs         6.58989                       1.804%
  B_H      differs         53.0991                       0.155%
  T_H      differs       0.0588121                       2.710%
  EIn_H    differs       0.0989656                       3.978%
  EG       differs       0.0337173                       4.053%
  QE       differs         70.8977                       2.136%
  H        differs         278.991                       2.170%
  Rn       differs          87.986                       0.046%
  SWE      differs        0.887859                       2.374%
  Lk       differs            0.01                       4.130%

  OK: the arms differ. LAI_H mean |diff| = 5.17% of the fixed-arm mean.

US-Me1  historical/GFDL-ESM4:fixed_lma
  Sl_H  fixed=0.015010  dyn(final)=0.014330
  variable verdict       max|diff|   mean|diff| as % of |fixed|
  LAI_H    differs        0.739942                       5.668%
  An_H     differs         7.54278                       4.490%
  B_H      differs         60.8517                       0.320%
  T_H      differs        0.133048                       4.661%
  EIn_H    differs       0.0996774                       5.571%
  EG       differs        0.049867                       4.398%
  QE       differs         144.186                       3.175%
  H        differs         288.293                       2.230%
  Rn       differs         224.514                       0.156%
  SWE      differs         6.06825                       1.813%
  Lk       differs            0.01                       5.903%

  OK: the arms differ. LAI_H mean |diff| = 5.67% of the fixed-arm mean.

US-Me1  historical/IPSL-CM6A-LR:fixed_lma
  Sl_H  fixed=0.015010  dyn(final)=0.014379
  variable verdict       max|diff|   mean|diff| as % of |fixed|
  LAI_H    differs        0.914188                       5.351%
  An_H     differs         8.32954                       4.694%
  B_H      differs         32.6977                       0.231%
  T_H      differs        0.147443                       4.687%
  EIn_H    differs        0.137202                       5.624%
  EG       differs       0.0397112                       4.206%
  QE       differs         181.773                       3.204%
  H        differs         331.613                       2.279%
  Rn       differs         265.991                       0.179%
  SWE      differs         8.64694                       2.427%
  Lk       differs            0.01                       5.983%

  OK: the arms differ. LAI_H mean |diff| = 5.35% of the fixed-arm mean.

US-Me1  historical/MPI-ESM1-2-HR:fixed_lma
  Sl_H  fixed=0.015010  dyn(final)=0.016549
  variable verdict       max|diff|   mean|diff| as % of |fixed|
  LAI_H    differs        0.962853                       6.474%
  An_H     differs         8.99172                       4.964%
  B_H      differs         37.8103                       0.228%
  T_H      differs        0.157258                       5.228%
  EIn_H    differs        0.178036                       6.839%
  EG       differs       0.0290767                       4.391%
  QE       differs         140.411                       3.657%
  H        differs         455.804                       2.597%
  Rn       differs         105.131                       0.161%
  SWE      differs         3.39238                       2.358%
  Lk       differs            0.01                       5.664%

  OK: the arms differ. LAI_H mean |diff| = 6.47% of the fixed-arm mean.

US-Me1  historical/MRI-ESM2-0:fixed_lma
  Sl_H  fixed=0.015010  dyn(final)=0.014445
  variable verdict       max|diff|   mean|diff| as % of |fixed|
  LAI_H    differs        0.779095                       5.799%
  An_H     differs         8.61574                       4.478%
  B_H      differs         55.2967                       0.400%
  T_H      differs        0.142886                       4.809%
  EIn_H    differs        0.115958                       5.496%
  EG       differs       0.0380209                       4.534%
  QE       differs         147.633                       3.426%
  H        differs         407.701                       2.510%
  Rn       differs         292.468                       0.157%
  SWE      differs         3.69449                       1.805%
  Lk       differs            0.01                       6.771%

  OK: the arms differ. LAI_H mean |diff| = 5.80% of the fixed-arm mean.

US-Me1  historical/UKESM1-0-LL:fixed_lma
  Sl_H  fixed=0.015010  dyn(final)=0.012461
  variable verdict       max|diff|   mean|diff| as % of |fixed|
  LAI_H    differs        0.597782                       6.306%
  An_H     differs         7.94321                       5.635%
  B_H      differs         36.8241                       0.278%
  T_H      differs        0.176802                       5.991%
  EIn_H    differs        0.223894                       6.388%
  EG       differs       0.0320027                       4.355%
  QE       differs           119.2                       4.065%
  H        differs         300.715                       2.680%
  Rn       differs         264.262                       0.204%
  SWE      differs         1.98093                       1.942%
  Lk       differs            0.01                       4.405%

  OK: the arms differ. LAI_H mean |diff| = 6.31% of the fixed-arm mean.

US-Me2  historical/GFDL-ESM4:fixed_lma
  Sl_H  fixed=0.014860  dyn(final)=0.014108
  variable verdict       max|diff|   mean|diff| as % of |fixed|
  LAI_H    differs        0.763056                       5.427%
  An_H     differs         7.97441                       3.937%
  B_H      differs         97.3219                       0.405%
  T_H      differs        0.113417                       3.672%
  EIn_H    differs        0.353607                       5.046%
  EG       differs       0.0285233                       4.399%
  QE       differs         80.4867                       2.715%
  H        differs         238.233                       2.413%
  Rn       differs         296.654                       0.160%
  SWE      differs         3.22531                       1.280%
  Lk       differs            0.01                      12.475%

  OK: the arms differ. LAI_H mean |diff| = 5.43% of the fixed-arm mean.

US-Me2  historical/IPSL-CM6A-LR:fixed_lma
  Sl_H  fixed=0.014860  dyn(final)=0.014288
  variable verdict       max|diff|   mean|diff| as % of |fixed|
  LAI_H    differs        0.951971                       5.086%
  An_H     differs         7.69667                       4.078%
  B_H      differs         49.5294                       0.226%
  T_H      differs         0.13365                       3.665%
  EIn_H    differs        0.207236                       5.039%
  EG       differs       0.0339946                       3.899%
  QE       differs         242.844                       2.814%
  H        differs          142.04                       2.597%
  Rn       differs         222.832                       0.156%
  SWE      differs         5.20629                       1.806%
  Lk       differs            0.01                      17.120%

  OK: the arms differ. LAI_H mean |diff| = 5.09% of the fixed-arm mean.

US-Me2  historical/MPI-ESM1-2-HR:fixed_lma
  Sl_H  fixed=0.014860  dyn(final)=0.016289
  variable verdict       max|diff|   mean|diff| as % of |fixed|
  LAI_H    differs         1.08163                       6.013%
  An_H     differs         7.19016                       3.930%
  B_H      differs         71.7208                       0.305%
  T_H      differs        0.152312                       4.082%
  EIn_H    differs        0.104192                       4.808%
  EG       differs       0.0285094                       4.052%
  QE       differs          102.72                       3.070%
  H        differs         208.396                       2.791%
  Rn       differs         246.618                       0.205%
  SWE      differs          2.9228                       1.303%
  Lk       differs            0.01                      17.847%

  OK: the arms differ. LAI_H mean |diff| = 6.01% of the fixed-arm mean.

US-Me2  historical/MRI-ESM2-0:fixed_lma
  Sl_H  fixed=0.014860  dyn(final)=0.014274
  variable verdict       max|diff|   mean|diff| as % of |fixed|
  LAI_H    differs         0.84007                       5.761%
  An_H     differs         7.55699                       3.713%
  B_H      differs          84.946                       0.440%
  T_H      differs         0.12278                       3.749%
  EIn_H    differs        0.121759                       4.847%
  EG       differs       0.0406525                       4.542%
  QE       differs         83.6053                       2.921%
  H        differs         209.073                       2.655%
  Rn       differs         261.615                       0.134%
  SWE      differs         1.62627                       1.528%
  Lk       differs            0.01                      19.881%

  OK: the arms differ. LAI_H mean |diff| = 5.76% of the fixed-arm mean.

US-Me2  historical/UKESM1-0-LL:fixed_lma
  Sl_H  fixed=0.014860  dyn(final)=0.012286
  variable verdict       max|diff|   mean|diff| as % of |fixed|
  LAI_H    differs         0.80875                       6.174%
  An_H     differs         9.20754                       5.139%
  B_H      differs         49.6892                       0.271%
  T_H      differs         0.19568                       5.043%
  EIn_H    differs        0.176183                       5.397%
  EG       differs       0.0521994                       4.490%
  QE       differs          131.87                       3.822%
  H        differs         146.469                       3.405%
  Rn       differs           270.2                       0.189%
  SWE      differs         1.88852                       1.279%
  Lk       differs            0.01                      17.178%

  OK: the arms differ. LAI_H mean |diff| = 6.17% of the fixed-arm mean.

US-Me4  historical/GFDL-ESM4:fixed_lma
  Sl_H  fixed=0.014860  dyn(final)=0.014108
  variable verdict       max|diff|   mean|diff| as % of |fixed|
  LAI_H    differs        0.801669                       5.458%
  An_H     differs         4.18209                       3.772%
  B_H      differs         92.5289                       0.426%
  T_H      differs        0.101484                       3.065%
  EIn_H    differs        0.069198                       4.269%
  EG       differs       0.0660186                       5.507%
  QE       differs         68.3315                       2.892%
  H        differs         186.924                       2.363%
  Rn       differs         268.535                       0.200%
  SWE      differs         10.5518                       1.614%
  Lk       differs        0.598335                      11.493%

  OK: the arms differ. LAI_H mean |diff| = 5.46% of the fixed-arm mean.

US-Me4  historical/IPSL-CM6A-LR:fixed_lma
  Sl_H  fixed=0.014860  dyn(final)=0.014288
  variable verdict       max|diff|   mean|diff| as % of |fixed|
  LAI_H    differs        0.830767                       4.918%
  An_H     differs         5.17235                       3.569%
  B_H      differs         60.8484                       0.266%
  T_H      differs       0.0765315                       2.843%
  EIn_H    differs        0.257983                       4.193%
  EG       differs       0.0384127                       4.817%
  QE       differs         97.1266                       2.682%
  H        differs         198.933                       2.139%
  Rn       differs         288.994                       0.217%
  SWE      differs         11.3748                       1.811%
  Lk       differs        0.319573                       9.882%

  OK: the arms differ. LAI_H mean |diff| = 4.92% of the fixed-arm mean.

US-Me4  historical/MPI-ESM1-2-HR:fixed_lma
  Sl_H  fixed=0.014860  dyn(final)=0.016289
  variable verdict       max|diff|   mean|diff| as % of |fixed|
  LAI_H    differs         1.21445                       6.044%
  An_H     differs          7.4826                       3.867%
  B_H      differs         60.1796                       0.276%
  T_H      differs        0.137145                       3.392%
  EIn_H    differs        0.145271                       4.711%
  EG       differs       0.0414026                       5.364%
  QE       differs         105.625                       3.229%
  H        differs         150.842                       2.593%
  Rn       differs         227.284                       0.187%
  SWE      differs          6.1892                       3.165%
  Lk       differs        0.609205                      13.226%

  OK: the arms differ. LAI_H mean |diff| = 6.04% of the fixed-arm mean.

US-Me4  historical/MRI-ESM2-0:fixed_lma
  Sl_H  fixed=0.014860  dyn(final)=0.014274
  variable verdict       max|diff|   mean|diff| as % of |fixed|
  LAI_H    differs        0.819318                       5.673%
  An_H     differs         5.56849                       3.780%
  B_H      differs         70.5138                       0.390%
  T_H      differs        0.119068                       3.157%
  EIn_H    differs        0.201585                       4.456%
  EG       differs       0.0380865                       5.333%
  QE       differs         140.124                       2.973%
  H        differs         174.103                       2.450%
  Rn       differs         273.679                       0.183%
  SWE      differs         3.13767                       0.861%
  Lk       differs        0.893343                      14.656%

  OK: the arms differ. LAI_H mean |diff| = 5.67% of the fixed-arm mean.

US-Me4  historical/UKESM1-0-LL:fixed_lma
  Sl_H  fixed=0.014860  dyn(final)=0.012286
  variable verdict       max|diff|   mean|diff| as % of |fixed|
  LAI_H    differs        0.822712                       6.068%
  An_H     differs         5.71773                       4.693%
  B_H      differs         49.2967                       0.311%
  T_H      differs        0.141214                       4.017%
  EIn_H    differs       0.0884141                       5.087%
  EG       differs       0.0392393                       5.365%
  QE       differs         94.8844                       3.747%
  H        differs         121.407                       2.880%
  Rn       differs         271.075                       0.208%
  SWE      differs         4.57224                       1.384%
  Lk       differs        0.349282                      10.038%

  OK: the arms differ. LAI_H mean |diff| = 6.07% of the fixed-arm mean.

US-Me6  historical/GFDL-ESM4:fixed_lma
  Sl_H  fixed=0.014860  dyn(final)=0.014108
  variable verdict       max|diff|   mean|diff| as % of |fixed|
  LAI_H    differs        0.759193                       5.609%
  An_H     differs         9.67481                       4.359%
  B_H      differs         77.2933                       0.359%
  T_H      differs          0.1846                       4.110%
  EIn_H    differs       0.0949834                       5.287%
  EG       differs        0.040184                       6.201%
  QE       differs         124.942                       3.748%
  H        differs         315.481                       2.769%
  Rn       differs         70.9258                       0.170%
  SWE      differs         2.03302                       1.648%
  Lk       differs        0.533713                      17.554%

  OK: the arms differ. LAI_H mean |diff| = 5.61% of the fixed-arm mean.

US-Me6  historical/IPSL-CM6A-LR:fixed_lma
  Sl_H  fixed=0.014860  dyn(final)=0.014288
  variable verdict       max|diff|   mean|diff| as % of |fixed|
  LAI_H    differs        0.741493                       4.953%
  An_H     differs         10.7106                       4.384%
  B_H      differs         60.1572                       0.292%
  T_H      differs        0.225122                       4.102%
  EIn_H    differs        0.159779                       4.762%
  EG       differs       0.0574877                       5.714%
  QE       differs         179.829                       3.662%
  H        differs         341.153                       2.703%
  Rn       differs         272.107                       0.191%
  SWE      differs         2.49325                       1.658%
  Lk       differs        0.530615                      17.647%

  OK: the arms differ. LAI_H mean |diff| = 4.95% of the fixed-arm mean.

US-Me6  historical/MPI-ESM1-2-HR:fixed_lma
  Sl_H  fixed=0.014860  dyn(final)=0.016289
  variable verdict       max|diff|   mean|diff| as % of |fixed|
  LAI_H    differs         1.04673                       6.244%
  An_H     differs         6.87292                       4.281%
  B_H      differs         43.2908                       0.186%
  T_H      differs        0.194079                       4.297%
  EIn_H    differs        0.105969                       5.026%
  EG       differs       0.0377446                       6.538%
  QE       differs         130.285                       3.891%
  H        differs         225.379                       2.903%
  Rn       differs         262.234                       0.202%
  SWE      differs         2.51254                       1.604%
  Lk       differs         0.51751                      21.144%

  OK: the arms differ. LAI_H mean |diff| = 6.24% of the fixed-arm mean.

US-Me6  historical/MRI-ESM2-0:fixed_lma
  Sl_H  fixed=0.014860  dyn(final)=0.014274
  variable verdict       max|diff|   mean|diff| as % of |fixed|
  LAI_H    differs        0.784532                       5.580%
  An_H     differs         9.10993                       4.104%
  B_H      differs          46.588                       0.299%
  T_H      differs        0.184109                       4.157%
  EIn_H    differs        0.148946                       5.051%
  EG       differs       0.0436865                       6.488%
  QE       differs         173.624                       3.807%
  H        differs         238.674                       2.867%
  Rn       differs         192.873                       0.174%
  SWE      differs         3.13736                       1.532%
  Lk       differs        0.459547                      20.242%

  OK: the arms differ. LAI_H mean |diff| = 5.58% of the fixed-arm mean.

US-Me6  historical/UKESM1-0-LL:fixed_lma
  Sl_H  fixed=0.014860  dyn(final)=0.012286
  variable verdict       max|diff|   mean|diff| as % of |fixed|
  LAI_H    differs        0.692283                       6.348%
  An_H     differs         10.6643                       5.202%
  B_H      differs         45.5768                       0.281%
  T_H      differs        0.151257                       5.259%
  EIn_H    differs       0.0735636                       5.640%
  EG       differs       0.0906602                       7.850%
  QE       differs         101.613                       4.854%
  H        differs         237.529                       3.503%
  Rn       differs         178.333                       0.218%
  SWE      differs         2.28763                       1.989%
  Lk       differs        0.655235                      23.043%

  OK: the arms differ. LAI_H mean |diff| = 6.35% of the fixed-arm mean.

US-Me7  historical/GFDL-ESM4:fixed_lma
  Sl_H  fixed=0.014860  dyn(final)=0.014108
  variable verdict       max|diff|   mean|diff| as % of |fixed|
  LAI_H    differs        0.735599                       5.519%
  An_H     differs         8.34799                       4.113%
  B_H      differs          106.88                       0.422%
  T_H      differs        0.133288                       3.983%
  EIn_H    differs        0.163932                       5.094%
  EG       differs       0.0240177                       5.528%
  QE       differs         89.1711                       2.942%
  H        differs         397.327                       2.582%
  Rn       differs         223.848                       0.117%
  SWE      differs         1.42743                       1.381%
  Lk       differs            0.01                      17.504%

  OK: the arms differ. LAI_H mean |diff| = 5.52% of the fixed-arm mean.

US-Me7  historical/IPSL-CM6A-LR:fixed_lma
  Sl_H  fixed=0.014860  dyn(final)=0.014288
  variable verdict       max|diff|   mean|diff| as % of |fixed|
  LAI_H    differs        0.939171                       5.122%
  An_H     differs         9.18418                       4.202%
  B_H      differs         48.0899                       0.222%
  T_H      differs        0.132699                       3.952%
  EIn_H    differs       0.0937379                       4.607%
  EG       differs       0.0431668                       4.612%
  QE       differs         89.4651                       2.946%
  H        differs         237.877                       2.638%
  Rn       differs         240.987                       0.124%
  SWE      differs         6.49838                       3.351%
  Lk       differs            0.01                      18.423%

  OK: the arms differ. LAI_H mean |diff| = 5.12% of the fixed-arm mean.

US-Me7  historical/MPI-ESM1-2-HR:fixed_lma
  Sl_H  fixed=0.014860  dyn(final)=0.016289
  variable verdict       max|diff|   mean|diff| as % of |fixed|
  LAI_H    differs         1.06923                       5.954%
  An_H     differs         7.78188                       4.013%
  B_H      differs         71.8651                       0.300%
  T_H      differs        0.154397                       4.381%
  EIn_H    differs        0.107073                       5.390%
  EG       differs       0.0486583                       4.993%
  QE       differs         104.126                       3.329%
  H        differs         374.914                       2.891%
  Rn       differs         125.861                       0.123%
  SWE      differs         1.36315                       1.105%
  Lk       differs            0.01                      15.022%

  OK: the arms differ. LAI_H mean |diff| = 5.95% of the fixed-arm mean.

US-Me7  historical/MRI-ESM2-0:fixed_lma
  Sl_H  fixed=0.014860  dyn(final)=0.014274
  variable verdict       max|diff|   mean|diff| as % of |fixed|
  LAI_H    differs        0.851341                       5.836%
  An_H     differs         8.18769                       3.975%
  B_H      differs         78.7669                       0.417%
  T_H      differs        0.130799                       4.089%
  EIn_H    differs        0.325762                       5.397%
  EG       differs       0.0376898                       5.776%
  QE       differs         88.1625                       3.210%
  H        differs         408.301                       2.867%
  Rn       differs         207.255                       0.131%
  SWE      differs         1.22753                       1.770%
  Lk       differs            0.01                      21.084%

  OK: the arms differ. LAI_H mean |diff| = 5.84% of the fixed-arm mean.

US-Me7  historical/UKESM1-0-LL:fixed_lma
  Sl_H  fixed=0.014860  dyn(final)=0.012286
  variable verdict       max|diff|   mean|diff| as % of |fixed|
  LAI_H    differs          0.7922                       6.040%
  An_H     differs         8.83812                       5.164%
  B_H      differs         45.1183                       0.258%
  T_H      differs        0.195471                       5.374%
  EIn_H    differs        0.152916                       5.706%
  EG       differs       0.0409321                       5.450%
  QE       differs         131.706                       4.048%
  H        differs         194.219                       3.397%
  Rn       differs          274.64                       0.150%
  SWE      differs         1.08306                       1.836%
  Lk       differs            0.01                      21.090%

  OK: the arms differ. LAI_H mean |diff| = 6.04% of the fixed-arm mean.

US-MtB  historical/GFDL-ESM4:fixed_lma
  SKIP  no single RES_*.mat for dyn_lma

US-MtB  historical/IPSL-CM6A-LR:fixed_lma
  SKIP  no single RES_*.mat for dyn_lma

US-MtB  historical/MPI-ESM1-2-HR:fixed_lma
  SKIP  no single RES_*.mat for dyn_lma

US-MtB  historical/MRI-ESM2-0:fixed_lma
  SKIP  no single RES_*.mat for fixed_lma and dyn_lma

US-MtB  historical/UKESM1-0-LL:fixed_lma
  SKIP  no single RES_*.mat for dyn_lma

US-NC2  historical/GFDL-ESM4:fixed_lma
  Sl_H  fixed=0.023117  dyn(final)=0.021793
  variable verdict       max|diff|   mean|diff| as % of |fixed|
  LAI_H    differs        0.655911                       2.494%
  An_H     differs       0.0185587                       0.430%
  B_H      differs         30.3924                       0.040%
  T_H      differs      0.00909934                       1.707%
  EIn_H    differs       0.0709783                       0.873%
  EG       differs      0.00661513                       5.306%
  QE       differs         47.6577                       1.025%
  H        differs         56.8495                       0.688%
  Rn       differs          5.8587                       0.243%
  SWE      differs        0.176195                       0.473%
  Lk       differs        0.216377                       4.019%

  OK: the arms differ. LAI_H mean |diff| = 2.49% of the fixed-arm mean.

US-NC2  historical/IPSL-CM6A-LR:fixed_lma
  Sl_H  fixed=0.023143  dyn(final)=0.022975
  variable verdict       max|diff|   mean|diff| as % of |fixed|
  LAI_H    differs        0.687454                       2.140%
  An_H     differs       0.0189377                       0.366%
  B_H      differs         22.0828                       0.039%
  T_H      differs       0.0213886                       1.429%
  EIn_H    differs       0.0562018                       0.741%
  EG       differs      0.00607355                       5.194%
  QE       differs         37.6134                       0.883%
  H        differs         113.438                       0.605%
  Rn       differs         84.2124                       0.261%
  SWE      differs        0.766399                       0.663%
  Lk       differs        0.100404                       4.218%

  OK: the arms differ. LAI_H mean |diff| = 2.14% of the fixed-arm mean.

US-NC2  historical/MPI-ESM1-2-HR:fixed_lma
  Sl_H  fixed=0.023123  dyn(final)=0.021932
  variable verdict       max|diff|   mean|diff| as % of |fixed|
  LAI_H    differs        0.716766                       2.652%
  An_H     differs       0.0246311                       0.474%
  B_H      differs         63.3107                       0.091%
  T_H      differs       0.0743594                       1.952%
  EIn_H    differs       0.0681143                       1.098%
  EG       differs       0.0138481                       5.704%
  QE       differs         50.4871                       1.229%
  H        differs         45.7571                       0.799%
  Rn       differs         31.2509                       0.288%
  SWE      differs        0.514413                       0.583%
  Lk       differs        0.243623                       3.258%

  OK: the arms differ. LAI_H mean |diff| = 2.65% of the fixed-arm mean.

US-NC2  historical/MRI-ESM2-0:fixed_lma
  Sl_H  fixed=0.023132  dyn(final)=0.022341
  variable verdict       max|diff|   mean|diff| as % of |fixed|
  LAI_H    differs        0.479192                       2.603%
  An_H     differs       0.0161433                       0.460%
  B_H      differs         44.5872                       0.074%
  T_H      differs       0.0280816                       1.815%
  EIn_H    differs       0.0529929                       0.945%
  EG       differs       0.0149129                       5.406%
  QE       differs         36.5763                       1.102%
  H        differs         100.707                       0.723%
  Rn       differs         12.0143                       0.251%
  SWE      differs        0.278675                       0.973%
  Lk       differs        0.301681                       4.195%

  OK: the arms differ. LAI_H mean |diff| = 2.60% of the fixed-arm mean.

US-NC2  historical/UKESM1-0-LL:fixed_lma
  Sl_H  fixed=0.023128  dyn(final)=0.022691
  variable verdict       max|diff|   mean|diff| as % of |fixed|
  LAI_H    differs        0.429214                       1.567%
  An_H     differs       0.0124666                       0.269%
  B_H      differs         42.6507                       0.074%
  T_H      differs       0.0130391                       1.096%
  EIn_H    differs       0.0440943                       0.646%
  EG       differs      0.00853829                       4.397%
  QE       differs         29.3188                       0.716%
  H        differs          45.057                       0.492%
  Rn       differs         12.9245                       0.194%
  SWE      differs        0.325369                       0.905%
  Lk       differs        0.236135                       3.134%

  OK: the arms differ. LAI_H mean |diff| = 1.57% of the fixed-arm mean.

US-NC3  historical/GFDL-ESM4:fixed_lma
  Sl_H  fixed=0.023117  dyn(final)=0.021793
  variable verdict       max|diff|   mean|diff| as % of |fixed|
  LAI_H    differs        0.656328                       2.499%
  An_H     differs       0.0190821                       0.431%
  B_H      differs         31.2501                       0.040%
  T_H      differs        0.165206                       2.020%
  EIn_H    differs       0.0674959                       1.036%
  EG       differs        0.011151                       4.377%
  QE       differs         110.768                       1.425%
  H        differs         377.569                       0.956%
  Rn       differs         93.6148                       0.213%
  SWE      differs         2.19252                       1.082%
  Lk       differs        0.164466                       4.776%

  OK: the arms differ. LAI_H mean |diff| = 2.50% of the fixed-arm mean.

US-NC3  historical/IPSL-CM6A-LR:fixed_lma
  Sl_H  fixed=0.023143  dyn(final)=0.022975
  variable verdict       max|diff|   mean|diff| as % of |fixed|
  LAI_H    differs        0.688631                       2.204%
  An_H     differs       0.0190343                       0.376%
  B_H      differs         29.4537                       0.047%
  T_H      differs       0.0746387                       1.783%
  EIn_H    differs       0.0811362                       0.871%
  EG       differs       0.0046491                       4.226%
  QE       differs         52.9708                       1.242%
  H        differs         135.572                       0.847%
  Rn       differs         69.4948                       0.196%
  SWE      differs         0.25858                       0.470%
  Lk       differs        0.247737                       6.244%

  OK: the arms differ. LAI_H mean |diff| = 2.20% of the fixed-arm mean.

US-NC3  historical/MPI-ESM1-2-HR:fixed_lma
  Sl_H  fixed=0.023123  dyn(final)=0.021932
  variable verdict       max|diff|   mean|diff| as % of |fixed|
  LAI_H    differs        0.707583                       2.670%
  An_H     differs       0.0246582                       0.482%
  B_H      differs           67.45                       0.096%
  T_H      differs       0.0953685                       2.269%
  EIn_H    differs        0.074137                       1.203%
  EG       differs      0.00988208                       4.483%
  QE       differs         63.9047                       1.623%
  H        differs         98.3363                       1.062%
  Rn       differs         68.0801                       0.229%
  SWE      differs        0.128335                       0.832%
  Lk       differs        0.226344                       4.366%

  OK: the arms differ. LAI_H mean |diff| = 2.67% of the fixed-arm mean.

US-NC3  historical/MRI-ESM2-0:fixed_lma
  Sl_H  fixed=0.023132  dyn(final)=0.022341
  variable verdict       max|diff|   mean|diff| as % of |fixed|
  LAI_H    differs        0.473398                       2.608%
  An_H     differs       0.0158848                       0.461%
  B_H      differs         42.6886                       0.074%
  T_H      differs       0.0333443                       2.092%
  EIn_H    differs       0.0581452                       1.252%
  EG       differs      0.00621487                       4.259%
  QE       differs         34.1169                       1.536%
  H        differs         51.5964                       0.963%
  Rn       differs         15.2429                       0.198%
  SWE      differs        0.300583                       1.538%
  Lk       differs        0.210364                       4.594%

  OK: the arms differ. LAI_H mean |diff| = 2.61% of the fixed-arm mean.

US-NC3  historical/UKESM1-0-LL:fixed_lma
  Sl_H  fixed=0.023128  dyn(final)=0.022691
  variable verdict       max|diff|   mean|diff| as % of |fixed|
  LAI_H    differs        0.446681                       1.575%
  An_H     differs       0.0134155                       0.272%
  B_H      differs         42.7471                       0.076%
  T_H      differs       0.0706997                       1.303%
  EIn_H    differs       0.0452821                       0.758%
  EG       differs      0.00802841                       3.620%
  QE       differs         47.6585                       0.959%
  H        differs         109.987                       0.720%
  Rn       differs         12.8431                       0.147%
  SWE      differs       0.0519237                       0.255%
  Lk       differs        0.213438                       4.328%

  OK: the arms differ. LAI_H mean |diff| = 1.57% of the fixed-arm mean.

US-NC5  historical/GFDL-ESM4:fixed_lma
  Sl_H  fixed=0.021135  dyn(final)=0.021206
  variable verdict       max|diff|   mean|diff| as % of |fixed|
  LAI_H    differs        0.369526                       2.021%
  An_H     differs       0.0157344                       0.419%
  B_H      differs         19.5928                       0.031%
  T_H      differs       0.0101621                       1.285%
  EIn_H    differs       0.0357258                       0.898%
  EG       differs      0.00706144                       3.237%
  QE       differs         24.1108                       0.905%
  H        differs         42.6733                       0.661%
  Rn       differs         14.5073                       0.237%
  SWE      differs         1.63447                       1.211%
  Lk       differs       0.0632595                       2.895%

  OK: the arms differ. LAI_H mean |diff| = 2.02% of the fixed-arm mean.

US-NC5  historical/IPSL-CM6A-LR:fixed_lma
  Sl_H  fixed=0.021135  dyn(final)=0.020475
  variable verdict       max|diff|   mean|diff| as % of |fixed|
  LAI_H    differs        0.555727                       2.137%
  An_H     differs       0.0170106                       0.429%
  B_H      differs         10.1467                       0.025%
  T_H      differs       0.0115056                       1.363%
  EIn_H    differs        0.085217                       1.140%
  EG       differs      0.00634119                       4.155%
  QE       differs         50.7471                       1.035%
  H        differs         64.1349                       0.844%
  Rn       differs         47.4154                       0.303%
  SWE      differs        0.204031                       0.271%
  Lk       differs       0.0431447                       3.910%

  OK: the arms differ. LAI_H mean |diff| = 2.14% of the fixed-arm mean.

US-NC5  historical/MPI-ESM1-2-HR:fixed_lma
  Sl_H  fixed=0.021135  dyn(final)=0.021016
  variable verdict       max|diff|   mean|diff| as % of |fixed|
  LAI_H    differs         0.44771                       1.734%
  An_H     differs       0.0196109                       0.372%
  B_H      differs           7.736                       0.019%
  T_H      differs       0.0276962                       1.098%
  EIn_H    differs       0.0407685                       0.817%
  EG       differs       0.0104382                       3.191%
  QE       differs          67.347                       0.809%
  H        differs         114.001                       0.751%
  Rn       differs         82.1304                       0.216%
  SWE      differs         0.37824                       0.370%
  Lk       differs       0.0385622                       2.451%

  OK: the arms differ. LAI_H mean |diff| = 1.73% of the fixed-arm mean.

US-NC5  historical/MRI-ESM2-0:fixed_lma
  Sl_H  fixed=0.021135  dyn(final)=0.021350
  variable verdict       max|diff|   mean|diff| as % of |fixed|
  LAI_H    differs        0.482478                       2.096%
  An_H     differs        0.345945                       0.442%
  B_H      differs         9.80314                       0.020%
  T_H      differs       0.0152528                       1.339%
  EIn_H    differs        0.123144                       1.083%
  EG       differs      0.00658231                       3.440%
  QE       differs         85.8293                       0.970%
  H        differs         40.0996                       0.745%
  Rn       differs         24.4231                       0.236%
  SWE      differs        0.631668                       0.636%
  Lk       differs       0.0426237                       3.027%

  OK: the arms differ. LAI_H mean |diff| = 2.10% of the fixed-arm mean.

US-NC5  historical/UKESM1-0-LL:fixed_lma
  Sl_H  fixed=0.021135  dyn(final)=0.021394
  variable verdict       max|diff|   mean|diff| as % of |fixed|
  LAI_H    differs         0.55567                       2.256%
  An_H     differs       0.0231932                       0.465%
  B_H      differs         41.5316                       0.066%
  T_H      differs      0.00745143                       1.418%
  EIn_H    differs       0.0534669                       1.112%
  EG       differs         0.01076                       4.425%
  QE       differs         36.0116                       1.071%
  H        differs         29.0099                       0.821%
  Rn       differs         13.5982                       0.296%
  SWE      differs        0.925807                       1.297%
  Lk       differs       0.0674212                       4.003%

  OK: the arms differ. LAI_H mean |diff| = 2.26% of the fixed-arm mean.

US-NMj  historical/GFDL-ESM4:fixed_lma
  SKIP  no single RES_*.mat for fixed_lma and dyn_lma

US-NMj  historical/IPSL-CM6A-LR:fixed_lma
  SKIP  no single RES_*.mat for fixed_lma and dyn_lma

US-NMj  historical/MPI-ESM1-2-HR:fixed_lma
  SKIP  no single RES_*.mat for fixed_lma and dyn_lma

US-NMj  historical/MRI-ESM2-0:fixed_lma
  SKIP  no single RES_*.mat for fixed_lma and dyn_lma

US-NMj  historical/UKESM1-0-LL:fixed_lma
  SKIP  no single RES_*.mat for fixed_lma and dyn_lma

US-NR1  historical/GFDL-ESM4:fixed_lma
  Sl_H  fixed=0.018453  dyn(final)=0.018565
  variable verdict       max|diff|   mean|diff| as % of |fixed|
  LAI_H    differs         1.16511                      10.155%
  An_H     differs         8.59642                       8.764%
  B_H      differs         42.1361                       0.369%
  T_H      differs        0.197014                       8.522%
  EIn_H    differs        0.116785                      11.297%
  EG       differs       0.0485242                      13.085%
  QE       differs         146.017                       5.967%
  H        differs         380.696                       6.953%
  Rn       differs         270.075                       1.291%
  SWE      differs         14.8106                       4.212%
  Lk       differs        0.164547                      48.403%

  OK: the arms differ. LAI_H mean |diff| = 10.16% of the fixed-arm mean.

US-NR1  historical/IPSL-CM6A-LR:fixed_lma
  Sl_H  fixed=0.018453  dyn(final)=0.019973
  variable verdict       max|diff|   mean|diff| as % of |fixed|
  LAI_H    differs        0.773314                       6.555%
  An_H     differs         9.28985                       7.167%
  B_H      differs          22.859                       0.156%
  T_H      differs        0.245227                       6.676%
  EIn_H    differs       0.0792186                       7.018%
  EG       differs       0.0472473                      12.240%
  QE       differs         166.497                       4.686%
  H        differs         346.455                       5.933%
  Rn       differs         267.889                       0.998%
  SWE      differs         15.3732                       3.659%
  Lk       differs      0.00268831                       2.855%

  OK: the arms differ. LAI_H mean |diff| = 6.55% of the fixed-arm mean.

US-NR1  historical/MPI-ESM1-2-HR:fixed_lma
  Sl_H  fixed=0.018453  dyn(final)=0.016851
  variable verdict       max|diff|   mean|diff| as % of |fixed|
  LAI_H    differs         1.14212                       7.166%
  An_H     differs          8.6763                       5.844%
  B_H      differs         31.7557                       0.236%
  T_H      differs        0.194353                       5.784%
  EIn_H    differs        0.206878                       7.538%
  EG       differs         0.07257                       9.608%
  QE       differs         132.441                       4.156%
  H        differs         362.917                       5.455%
  Rn       differs         192.533                       0.997%
  SWE      differs         30.0305                       3.415%
  Lk       differs       0.0782819                      30.936%

  OK: the arms differ. LAI_H mean |diff| = 7.17% of the fixed-arm mean.

US-NR1  historical/MRI-ESM2-0:fixed_lma
  Sl_H  fixed=0.018453  dyn(final)=0.017565
  variable verdict       max|diff|   mean|diff| as % of |fixed|
  LAI_H    differs         1.01336                       7.649%
  An_H     differs         9.61113                       7.163%
  B_H      differs         19.8255                       0.137%
  T_H      differs        0.236652                       7.107%
  EIn_H    differs       0.0981946                       8.032%
  EG       differs       0.0408173                      11.619%
  QE       differs         161.091                       5.046%
  H        differs         247.372                       5.607%
  Rn       differs         227.347                       0.949%
  SWE      differs         24.6013                       3.172%
  Lk       differs       0.0737541                      37.923%

  OK: the arms differ. LAI_H mean |diff| = 7.65% of the fixed-arm mean.

US-NR1  historical/UKESM1-0-LL:fixed_lma
  Sl_H  fixed=0.018453  dyn(final)=0.023933
  variable verdict       max|diff|   mean|diff| as % of |fixed|
  LAI_H    differs         1.29937                      10.384%
  An_H     differs         10.5652                      11.125%
  B_H      differs         28.3235                       0.246%
  T_H      differs        0.271603                      10.487%
  EIn_H    differs        0.135269                      11.126%
  EG       differs       0.0564902                      16.675%
  QE       differs         185.228                       7.116%
  H        differs         297.994                       8.207%
  Rn       differs         288.222                       1.249%
  SWE      differs         20.3261                       5.691%
  Lk       differs      0.00879437                      10.660%

  OK: the arms differ. LAI_H mean |diff| = 10.38% of the fixed-arm mean.

US-Oho
  FAIL: no fixed_lma/dyn_lma pair found matching 'historical/*:*'. Nothing was
        compared, which is not the same as a pass -- check the run
        tree under /vol_efthymios/NFS07/dd1136/T_and_C/model_run/US-Oho.

US-PFL  historical/GFDL-ESM4:fixed_lma
  Sl_H  fixed=0.018991  dyn(final)=0.017313
  variable verdict       max|diff|   mean|diff| as % of |fixed|
  LAI_H    differs        0.934748                       7.967%
  An_H     differs         1.84626                       3.146%
  B_H      differs         45.3853                       0.205%
  T_H      differs       0.0254165                       3.421%
  EIn_H    differs       0.0927849                       6.692%
  EG       differs       0.0703105                      10.953%
  QE       differs          58.026                       3.541%
  H        differs         145.319                       4.223%
  Rn       differs         93.1289                       0.812%
  SWE      differs         4.62445                       1.235%
  Lk       differs        0.402359                      25.632%

  OK: the arms differ. LAI_H mean |diff| = 7.97% of the fixed-arm mean.

US-PFL  historical/IPSL-CM6A-LR:fixed_lma
  Sl_H  fixed=0.018990  dyn(final)=0.017982
  variable verdict       max|diff|   mean|diff| as % of |fixed|
  LAI_H    differs         1.45547                       8.829%
  An_H     differs         2.03595                       3.085%
  B_H      differs         80.7481                       0.392%
  T_H      differs       0.0729159                       3.589%
  EIn_H    differs        0.193407                       6.835%
  EG       differs       0.0559675                      10.624%
  QE       differs         93.2109                       3.628%
  H        differs          219.79                       4.713%
  Rn       differs         59.7523                       0.873%
  SWE      differs         6.28654                       2.051%
  Lk       differs         1.32618                      30.171%

  OK: the arms differ. LAI_H mean |diff| = 8.83% of the fixed-arm mean.

US-PFL  historical/MPI-ESM1-2-HR:fixed_lma
  Sl_H  fixed=0.018989  dyn(final)=0.021122
  variable verdict       max|diff|   mean|diff| as % of |fixed|
  LAI_H    differs         1.63855                       9.876%
  An_H     differs         1.96569                       3.481%
  B_H      differs         55.6063                       0.333%
  T_H      differs       0.0251838                       3.953%
  EIn_H    differs        0.160253                       7.681%
  EG       differs       0.0810927                      12.296%
  QE       differs          106.03                       4.033%
  H        differs         102.857                       4.610%
  Rn       differs          78.433                       0.888%
  SWE      differs         2.86223                       1.111%
  Lk       differs        0.393718                      26.909%

  OK: the arms differ. LAI_H mean |diff| = 9.88% of the fixed-arm mean.

US-PFL  historical/MRI-ESM2-0:fixed_lma
  Sl_H  fixed=0.018989  dyn(final)=0.018863
  variable verdict       max|diff|   mean|diff| as % of |fixed|
  LAI_H    differs        0.663069                       5.660%
  An_H     differs         2.34072                       2.569%
  B_H      differs         64.0278                       0.287%
  T_H      differs       0.0292353                       2.662%
  EIn_H    differs        0.074831                       4.786%
  EG       differs       0.0545825                       9.576%
  QE       differs         48.2234                       2.820%
  H        differs         168.269                       3.430%
  Rn       differs         77.3937                       0.667%
  SWE      differs         3.31029                       0.980%
  Lk       differs         1.76233                      23.416%

  OK: the arms differ. LAI_H mean |diff| = 5.66% of the fixed-arm mean.

US-PFL  historical/UKESM1-0-LL:fixed_lma
  Sl_H  fixed=0.018991  dyn(final)=0.016796
  variable verdict       max|diff|   mean|diff| as % of |fixed|
  LAI_H    differs          2.1231                      12.623%
  An_H     differs         1.82163                       4.267%
  B_H      differs         210.838                       0.999%
  T_H      differs       0.0331416                       4.920%
  EIn_H    differs        0.243934                       9.401%
  EG       differs       0.0835162                      12.402%
  QE       differs         153.992                       4.596%
  H        differs         134.732                       5.748%
  Rn       differs         67.3344                       0.917%
  SWE      differs         5.13215                       1.740%
  Lk       differs        0.466448                      27.831%

  OK: the arms differ. LAI_H mean |diff| = 12.62% of the fixed-arm mean.

US-PFb  historical/GFDL-ESM4:fixed_lma
  Sl_H  fixed=0.019824  dyn(final)=0.020274
  variable verdict       max|diff|   mean|diff| as % of |fixed|
  LAI_H    differs        0.445075                       3.013%
  An_H     differs         2.90606                       0.767%
  B_H      differs         36.2287                       0.100%
  T_H      differs       0.0321308                       1.334%
  EIn_H    differs       0.0945772                       1.806%
  EG       differs       0.0284332                       5.615%
  QE       differs          103.38                       1.082%
  H        differs         175.177                       1.697%
  Rn       differs         84.2589                       0.274%
  SWE      differs         2.80261                       0.447%
  Lk       differs        0.443466                      21.350%

  OK: the arms differ. LAI_H mean |diff| = 3.01% of the fixed-arm mean.

US-PFb  historical/IPSL-CM6A-LR:fixed_lma
  Sl_H  fixed=0.019834  dyn(final)=0.022019
  variable verdict       max|diff|   mean|diff| as % of |fixed|
  LAI_H    differs        0.631398                       3.974%
  An_H     differs         7.06695                       1.002%
  B_H      differs          45.776                       0.128%
  T_H      differs       0.0521305                       1.682%
  EIn_H    differs       0.0880429                       2.175%
  EG       differs       0.0152143                       6.961%
  QE       differs         46.7924                       1.262%
  H        differs         101.595                       1.999%
  Rn       differs          78.837                       0.279%
  SWE      differs         2.15534                       0.648%
  Lk       differs         0.42206                      16.870%

  OK: the arms differ. LAI_H mean |diff| = 3.97% of the fixed-arm mean.

US-PFb  historical/MPI-ESM1-2-HR:fixed_lma
  Sl_H  fixed=0.019813  dyn(final)=0.020758
  variable verdict       max|diff|   mean|diff| as % of |fixed|
  LAI_H    differs        0.695393                       3.629%
  An_H     differs         2.09222                       0.850%
  B_H      differs         24.1178                       0.074%
  T_H      differs        0.028087                       1.592%
  EIn_H    differs       0.0700613                       2.056%
  EG       differs       0.0262165                       6.717%
  QE       differs         43.7688                       1.252%
  H        differs         194.317                       2.093%
  Rn       differs         96.1616                       0.355%
  SWE      differs          2.6238                       0.489%
  Lk       differs        0.465305                      17.651%

  OK: the arms differ. LAI_H mean |diff| = 3.63% of the fixed-arm mean.

US-PFb  historical/MRI-ESM2-0:fixed_lma
  Sl_H  fixed=0.019803  dyn(final)=0.018888
  variable verdict       max|diff|   mean|diff| as % of |fixed|
  LAI_H    differs        0.352376                       2.657%
  An_H     differs        0.228925                       0.626%
  B_H      differs          12.574                       0.043%
  T_H      differs       0.0135144                       1.145%
  EIn_H    differs       0.0388412                       1.699%
  EG       differs       0.0537181                       6.163%
  QE       differs         36.4634                       1.003%
  H        differs         74.9922                       1.585%
  Rn       differs         93.5595                       0.223%
  SWE      differs         1.96835                       0.341%
  Lk       differs         1.29064                      18.351%

  OK: the arms differ. LAI_H mean |diff| = 2.66% of the fixed-arm mean.

US-PFb  historical/UKESM1-0-LL:fixed_lma
  Sl_H  fixed=0.019791  dyn(final)=0.018582
  variable verdict       max|diff|   mean|diff| as % of |fixed|
  LAI_H    differs        0.607569                       4.130%
  An_H     differs         8.33443                       1.049%
  B_H      differs         42.9048                       0.133%
  T_H      differs        0.112297                       1.820%
  EIn_H    differs       0.0760829                       2.632%
  EG       differs       0.0218232                       7.217%
  QE       differs         75.8803                       1.433%
  H        differs          135.39                       2.187%
  Rn       differs         70.7776                       0.302%
  SWE      differs         3.61441                       0.621%
  Lk       differs        0.376587                      19.965%

  OK: the arms differ. LAI_H mean |diff| = 4.13% of the fixed-arm mean.

US-PFc  historical/GFDL-ESM4:fixed_lma
  Sl_H  fixed=0.018991  dyn(final)=0.017313
  variable verdict       max|diff|   mean|diff| as % of |fixed|
  LAI_H    differs        0.932922                       7.694%
  An_H     differs         2.89582                       2.763%
  B_H      differs         38.2521                       0.188%
  T_H      differs        0.025333                       3.412%
  EIn_H    differs         0.10122                       6.595%
  EG       differs       0.0627054                      10.225%
  QE       differs         68.2869                       3.478%
  H        differs         60.7686                       3.767%
  Rn       differs         72.2575                       0.608%
  SWE      differs         3.10963                       1.354%
  Lk       differs        0.366422                      19.895%

  OK: the arms differ. LAI_H mean |diff| = 7.69% of the fixed-arm mean.

US-PFc  historical/IPSL-CM6A-LR:fixed_lma
  Sl_H  fixed=0.018990  dyn(final)=0.017982
  variable verdict       max|diff|   mean|diff| as % of |fixed|
  LAI_H    differs         1.28495                       8.821%
  An_H     differs         9.44476                       3.650%
  B_H      differs         80.8086                       0.387%
  T_H      differs       0.0518563                       4.252%
  EIn_H    differs        0.122837                       7.139%
  EG       differs       0.0986739                      11.758%
  QE       differs         78.6995                       3.986%
  H        differs         121.666                       4.808%
  Rn       differs          77.779                       0.704%
  SWE      differs         4.26373                       1.428%
  Lk       differs         0.85956                      20.731%

  OK: the arms differ. LAI_H mean |diff| = 8.82% of the fixed-arm mean.

US-PFc  historical/MPI-ESM1-2-HR:fixed_lma
  Sl_H  fixed=0.018989  dyn(final)=0.021122
  variable verdict       max|diff|   mean|diff| as % of |fixed|
  LAI_H    differs         1.68211                       9.924%
  An_H     differs         5.15894                       3.405%
  B_H      differs         51.6404                       0.277%
  T_H      differs       0.0278841                       4.319%
  EIn_H    differs        0.157018                       7.962%
  EG       differs       0.0635894                      12.021%
  QE       differs         81.5392                       4.160%
  H        differs         192.831                       4.690%
  Rn       differs         74.1737                       0.729%
  SWE      differs         2.02086                       1.033%
  Lk       differs        0.460182                      19.946%

  OK: the arms differ. LAI_H mean |diff| = 9.92% of the fixed-arm mean.

US-PFc  historical/MRI-ESM2-0:fixed_lma
  Sl_H  fixed=0.018989  dyn(final)=0.018863
  variable verdict       max|diff|   mean|diff| as % of |fixed|
  LAI_H    differs        0.649386                       5.234%
  An_H     differs         1.43533                       2.074%
  B_H      differs          42.106                       0.232%
  T_H      differs       0.0276474                       2.496%
  EIn_H    differs       0.0672653                       4.417%
  EG       differs       0.0566962                       9.280%
  QE       differs         45.1164                       2.766%
  H        differs         153.604                       2.984%
  Rn       differs          99.043                       0.544%
  SWE      differs         2.29801                       1.097%
  Lk       differs        0.360503                      17.439%

  OK: the arms differ. LAI_H mean |diff| = 5.23% of the fixed-arm mean.

US-PFc  historical/UKESM1-0-LL:fixed_lma
  Sl_H  fixed=0.018991  dyn(final)=0.016796
  variable verdict       max|diff|   mean|diff| as % of |fixed|
  LAI_H    differs         2.12442                      12.687%
  An_H     differs         7.38682                       4.424%
  B_H      differs         225.637                       1.103%
  T_H      differs       0.0618365                       5.544%
  EIn_H    differs        0.199872                       9.716%
  EG       differs       0.0599242                      12.931%
  QE       differs         131.713                       4.980%
  H        differs         193.354                       6.294%
  Rn       differs         72.7419                       0.899%
  SWE      differs         4.64263                       1.963%
  Lk       differs        0.417953                      24.673%

  OK: the arms differ. LAI_H mean |diff| = 12.69% of the fixed-arm mean.

US-PFg  historical/GFDL-ESM4:fixed_lma
  Sl_H  fixed=0.019824  dyn(final)=0.020274
  variable verdict       max|diff|   mean|diff| as % of |fixed|
  LAI_H    differs        0.476037                       2.999%
  An_H     differs         5.43359                       0.762%
  B_H      differs         24.5286                       0.072%
  T_H      differs       0.0322849                       1.377%
  EIn_H    differs       0.0660216                       1.771%
  EG       differs       0.0242095                       6.470%
  QE       differs         32.4917                       1.096%
  H        differs         199.868                       1.891%
  Rn       differs         71.4319                       0.281%
  SWE      differs         0.82881                       0.392%
  Lk       differs         0.21643                      12.469%

  OK: the arms differ. LAI_H mean |diff| = 3.00% of the fixed-arm mean.

US-PFg  historical/IPSL-CM6A-LR:fixed_lma
  Sl_H  fixed=0.019834  dyn(final)=0.022019
  variable verdict       max|diff|   mean|diff| as % of |fixed|
  LAI_H    differs        0.661443                       4.023%
  An_H     differs         8.45511                       1.066%
  B_H      differs         46.6147                       0.126%
  T_H      differs        0.076285                       1.777%
  EIn_H    differs        0.120314                       2.468%
  EG       differs       0.0268986                       7.732%
  QE       differs         84.5538                       1.344%
  H        differs         89.0436                       2.211%
  Rn       differs         75.9121                       0.309%
  SWE      differs         1.33995                       0.505%
  Lk       differs        0.482803                      15.897%

  OK: the arms differ. LAI_H mean |diff| = 4.02% of the fixed-arm mean.

US-PFg  historical/MPI-ESM1-2-HR:fixed_lma
  Sl_H  fixed=0.019813  dyn(final)=0.020758
  variable verdict       max|diff|   mean|diff| as % of |fixed|
  LAI_H    differs        0.694224                       3.595%
  An_H     differs        0.997031                       0.812%
  B_H      differs         26.8495                       0.071%
  T_H      differs       0.0583293                       1.587%
  EIn_H    differs       0.0682862                       2.033%
  EG       differs       0.0263593                       8.003%
  QE       differs         39.2628                       1.246%
  H        differs         464.868                       2.201%
  Rn       differs         84.0061                       0.325%
  SWE      differs         2.31894                       0.461%
  Lk       differs        0.329634                      17.780%

  OK: the arms differ. LAI_H mean |diff| = 3.60% of the fixed-arm mean.

US-PFg  historical/MRI-ESM2-0:fixed_lma
  Sl_H  fixed=0.019803  dyn(final)=0.018888
  variable verdict       max|diff|   mean|diff| as % of |fixed|
  LAI_H    differs        0.350587                       2.647%
  An_H     differs        0.163298                       0.588%
  B_H      differs          14.026                       0.043%
  T_H      differs        0.029371                       1.202%
  EIn_H    differs       0.0645892                       1.716%
  EG       differs       0.0182022                       6.228%
  QE       differs         91.7015                       1.030%
  H        differs         191.842                       1.851%
  Rn       differs          92.415                       0.280%
  SWE      differs          1.3886                       0.429%
  Lk       differs        0.282704                      11.202%

  OK: the arms differ. LAI_H mean |diff| = 2.65% of the fixed-arm mean.

US-PFg  historical/UKESM1-0-LL:fixed_lma
  Sl_H  fixed=0.019791  dyn(final)=0.018582
  variable verdict       max|diff|   mean|diff| as % of |fixed|
  LAI_H    differs        0.629207                       4.067%
  An_H     differs          4.6061                       1.016%
  B_H      differs         41.0194                       0.131%
  T_H      differs       0.0516422                       1.825%
  EIn_H    differs       0.0680849                       2.473%
  EG       differs       0.0349577                       8.407%
  QE       differs         42.0229                       1.425%
  H        differs         92.7071                       2.325%
  Rn       differs         76.9623                       0.322%
  SWE      differs         3.39261                       0.591%
  Lk       differs        0.295186                      16.449%

  OK: the arms differ. LAI_H mean |diff| = 4.07% of the fixed-arm mean.

US-PFh  historical/GFDL-ESM4:fixed_lma
  Sl_H  fixed=0.019824  dyn(final)=0.020274
  variable verdict       max|diff|   mean|diff| as % of |fixed|
  LAI_H    differs        0.480253                       3.039%
  An_H     differs        0.270389                       0.696%
  B_H      differs         35.6073                       0.089%
  T_H      differs        0.148192                       1.453%
  EIn_H    differs        0.127068                       1.809%
  EG       differs       0.0255669                       6.708%
  QE       differs         100.412                       1.210%
  H        differs         155.435                       1.879%
  Rn       differs         91.1608                       0.345%
  SWE      differs         2.14992                       0.506%
  Lk       differs        0.151631                      19.432%

  OK: the arms differ. LAI_H mean |diff| = 3.04% of the fixed-arm mean.

US-PFh  historical/IPSL-CM6A-LR:fixed_lma
  Sl_H  fixed=0.019834  dyn(final)=0.022019
  variable verdict       max|diff|   mean|diff| as % of |fixed|
  LAI_H    differs        0.635339                       3.965%
  An_H     differs         4.18953                       0.930%
  B_H      differs         49.7086                       0.145%
  T_H      differs          0.1262                       1.883%
  EIn_H    differs       0.0655238                       2.236%
  EG       differs       0.0199612                       7.799%
  QE       differs         85.4352                       1.413%
  H        differs         61.5247                       2.208%
  Rn       differs         90.5445                       0.357%
  SWE      differs         2.25815                       0.675%
  Lk       differs        0.203567                      23.287%

  OK: the arms differ. LAI_H mean |diff| = 3.96% of the fixed-arm mean.

US-PFh  historical/MPI-ESM1-2-HR:fixed_lma
  Sl_H  fixed=0.019813  dyn(final)=0.020758
  variable verdict       max|diff|   mean|diff| as % of |fixed|
  LAI_H    differs        0.731751                       3.660%
  An_H     differs        0.346639                       0.832%
  B_H      differs         29.1102                       0.073%
  T_H      differs       0.0285697                       1.608%
  EIn_H    differs        0.165923                       2.033%
  EG       differs       0.0234613                       7.543%
  QE       differs         108.951                       1.328%
  H        differs         111.047                       2.122%
  Rn       differs          86.004                       0.355%
  SWE      differs         2.80706                       0.559%
  Lk       differs        0.441245                      21.393%

  OK: the arms differ. LAI_H mean |diff| = 3.66% of the fixed-arm mean.

US-PFh  historical/MRI-ESM2-0:fixed_lma
  Sl_H  fixed=0.019803  dyn(final)=0.018888
  variable verdict       max|diff|   mean|diff| as % of |fixed|
  LAI_H    differs        0.388239                       2.609%
  An_H     differs        0.178263                       0.589%
  B_H      differs         18.8621                       0.059%
  T_H      differs       0.0149808                       1.160%
  EIn_H    differs       0.0666433                       1.636%
  EG       differs       0.0190845                       5.999%
  QE       differs         57.5487                       1.011%
  H        differs         95.1187                       1.656%
  Rn       differs          94.545                       0.275%
  SWE      differs          3.2702                       0.345%
  Lk       differs        0.230306                      19.448%

  OK: the arms differ. LAI_H mean |diff| = 2.61% of the fixed-arm mean.

US-PFh  historical/UKESM1-0-LL:fixed_lma
  Sl_H  fixed=0.019791  dyn(final)=0.018582
  variable verdict       max|diff|   mean|diff| as % of |fixed|
  LAI_H    differs        0.606804                       4.140%
  An_H     differs        0.313705                       0.936%
  B_H      differs         43.5062                       0.130%
  T_H      differs       0.0501054                       1.910%
  EIn_H    differs        0.174344                       2.532%
  EG       differs        0.024869                       7.887%
  QE       differs         155.803                       1.568%
  H        differs         137.294                       2.486%
  Rn       differs         84.1432                       0.380%
  SWE      differs         4.77605                       0.665%
  Lk       differs        0.404997                      27.841%

  OK: the arms differ. LAI_H mean |diff| = 4.14% of the fixed-arm mean.

US-PFi  historical/GFDL-ESM4:fixed_lma
  Sl_H  fixed=0.018991  dyn(final)=0.017313
  variable verdict       max|diff|   mean|diff| as % of |fixed|
  LAI_H    differs        0.929912                       7.728%
  An_H     differs         2.84383                       2.897%
  B_H      differs         26.0799                       0.150%
  T_H      differs       0.0263086                       3.122%
  EIn_H    differs       0.0972921                       6.544%
  EG       differs       0.0538575                      10.148%
  QE       differs          60.189                       3.272%
  H        differs         134.036                       4.019%
  Rn       differs          71.696                       0.747%
  SWE      differs         6.83061                       1.494%
  Lk       differs        0.520556                      22.778%

  OK: the arms differ. LAI_H mean |diff| = 7.73% of the fixed-arm mean.

US-PFi  historical/IPSL-CM6A-LR:fixed_lma
  Sl_H  fixed=0.018990  dyn(final)=0.017982
  variable verdict       max|diff|   mean|diff| as % of |fixed|
  LAI_H    differs           1.342                       8.714%
  An_H     differs         8.74347                       3.147%
  B_H      differs         67.8773                       0.331%
  T_H      differs       0.0391215                       3.462%
  EIn_H    differs        0.107103                       5.917%
  EG       differs       0.0690681                       9.250%
  QE       differs         72.8216                       3.214%
  H        differs         99.9545                       4.336%
  Rn       differs         76.4996                       0.791%
  SWE      differs         5.75669                       1.477%
  Lk       differs        0.391279                      14.280%

  OK: the arms differ. LAI_H mean |diff| = 8.71% of the fixed-arm mean.

US-PFi  historical/MPI-ESM1-2-HR:fixed_lma
  Sl_H  fixed=0.018989  dyn(final)=0.021122
  variable verdict       max|diff|   mean|diff| as % of |fixed|
  LAI_H    differs         1.64548                       9.944%
  An_H     differs         5.51087                       3.368%
  B_H      differs         49.7668                       0.278%
  T_H      differs       0.0341322                       3.862%
  EIn_H    differs        0.147925                       7.972%
  EG       differs       0.0829603                      11.745%
  QE       differs         96.6526                       3.935%
  H        differs         130.848                       4.757%
  Rn       differs         71.6567                       0.894%
  SWE      differs         2.96834                       1.187%
  Lk       differs        0.980571                      22.684%

  OK: the arms differ. LAI_H mean |diff| = 9.94% of the fixed-arm mean.

US-PFi  historical/MRI-ESM2-0:fixed_lma
  Sl_H  fixed=0.018989  dyn(final)=0.018863
  variable verdict       max|diff|   mean|diff| as % of |fixed|
  LAI_H    differs        0.682284                       5.393%
  An_H     differs           1.126                       2.108%
  B_H      differs         45.8576                       0.237%
  T_H      differs        0.024004                       2.272%
  EIn_H    differs       0.0818664                       4.291%
  EG       differs       0.0611673                       8.593%
  QE       differs         41.9368                       2.548%
  H        differs         33.4491                       3.037%
  Rn       differs         73.5025                       0.556%
  SWE      differs         2.59453                       0.934%
  Lk       differs        0.674623                      21.318%

  OK: the arms differ. LAI_H mean |diff| = 5.39% of the fixed-arm mean.

US-PFi  historical/UKESM1-0-LL:fixed_lma
  Sl_H  fixed=0.018991  dyn(final)=0.016796
  variable verdict       max|diff|   mean|diff| as % of |fixed|
  LAI_H    differs         2.11761                      12.408%
  An_H     differs          8.2113                       4.377%
  B_H      differs         212.275                       1.019%
  T_H      differs        0.073196                       4.842%
  EIn_H    differs        0.226641                       8.956%
  EG       differs       0.0568175                      11.532%
  QE       differs         102.528                       4.292%
  H        differs         84.2182                       5.872%
  Rn       differs         81.5217                       0.923%
  SWE      differs         3.13981                       1.501%
  Lk       differs        0.639159                      26.116%

  OK: the arms differ. LAI_H mean |diff| = 12.41% of the fixed-arm mean.

US-PFj  historical/GFDL-ESM4:fixed_lma
  Sl_H  fixed=0.018991  dyn(final)=0.017313
  variable verdict       max|diff|   mean|diff| as % of |fixed|
  LAI_H    differs        0.894486                       7.786%
  An_H     differs         2.32281                       2.944%
  B_H      differs         21.7108                       0.167%
  T_H      differs         0.02993                       2.966%
  EIn_H    differs        0.092768                       6.000%
  EG       differs       0.0540787                       9.305%
  QE       differs         58.2579                       3.004%
  H        differs         105.049                       4.023%
  Rn       differs          91.898                       0.753%
  SWE      differs         4.95262                       1.046%
  Lk       differs        0.593659                      21.768%

  OK: the arms differ. LAI_H mean |diff| = 7.79% of the fixed-arm mean.

US-PFj  historical/IPSL-CM6A-LR:fixed_lma
  Sl_H  fixed=0.018990  dyn(final)=0.017982
  variable verdict       max|diff|   mean|diff| as % of |fixed|
  LAI_H    differs         1.29043                       8.620%
  An_H     differs         9.10716                       3.127%
  B_H      differs         74.6687                       0.358%
  T_H      differs       0.0364076                       3.068%
  EIn_H    differs        0.112469                       6.415%
  EG       differs       0.0709105                       9.071%
  QE       differs         63.6861                       3.092%
  H        differs         79.3011                       4.388%
  Rn       differs         62.2803                       0.829%
  SWE      differs         9.16745                       1.460%
  Lk       differs        0.971173                      18.596%

  OK: the arms differ. LAI_H mean |diff| = 8.62% of the fixed-arm mean.

US-PFj  historical/MPI-ESM1-2-HR:fixed_lma
  Sl_H  fixed=0.018989  dyn(final)=0.021122
  variable verdict       max|diff|   mean|diff| as % of |fixed|
  LAI_H    differs         1.62863                       9.792%
  An_H     differs         4.87819                       3.333%
  B_H      differs         49.3698                       0.270%
  T_H      differs       0.0378433                       3.557%
  EIn_H    differs        0.159042                       6.501%
  EG       differs       0.0774099                      11.504%
  QE       differs         74.9419                       3.625%
  H        differs         135.959                       4.687%
  Rn       differs         81.8255                       0.976%
  SWE      differs         3.71973                       1.053%
  Lk       differs        0.621606                      21.346%

  OK: the arms differ. LAI_H mean |diff| = 9.79% of the fixed-arm mean.

US-PFj  historical/MRI-ESM2-0:fixed_lma
  Sl_H  fixed=0.018989  dyn(final)=0.018863
  variable verdict       max|diff|   mean|diff| as % of |fixed|
  LAI_H    differs        0.620407                       5.326%
  An_H     differs          1.4372                       2.084%
  B_H      differs         47.3582                       0.229%
  T_H      differs       0.0245193                       2.077%
  EIn_H    differs        0.053281                       3.805%
  EG       differs       0.0853789                       7.981%
  QE       differs         58.5643                       2.331%
  H        differs          41.892                       3.026%
  Rn       differs         75.5254                       0.596%
  SWE      differs         2.05258                       0.821%
  Lk       differs         1.09946                      17.470%

  OK: the arms differ. LAI_H mean |diff| = 5.33% of the fixed-arm mean.

US-PFj  historical/UKESM1-0-LL:fixed_lma
  Sl_H  fixed=0.018991  dyn(final)=0.016796
  variable verdict       max|diff|   mean|diff| as % of |fixed|
  LAI_H    differs         2.14467                      12.787%
  An_H     differs         7.85012                       4.531%
  B_H      differs         226.875                       1.111%
  T_H      differs       0.0463179                       4.677%
  EIn_H    differs        0.129752                       9.500%
  EG       differs       0.0667893                      11.732%
  QE       differs         85.4726                       4.204%
  H        differs         63.0368                       6.178%
  Rn       differs         91.0271                       1.087%
  SWE      differs         2.90366                       1.379%
  Lk       differs         0.73917                      27.766%

  OK: the arms differ. LAI_H mean |diff| = 12.79% of the fixed-arm mean.

US-PFk  historical/GFDL-ESM4:fixed_lma
  Sl_H  fixed=0.018991  dyn(final)=0.017313
  variable verdict       max|diff|   mean|diff| as % of |fixed|
  LAI_H    differs        0.897286                       7.692%
  An_H     differs         2.21016                       2.743%
  B_H      differs         37.6229                       0.186%
  T_H      differs       0.0262633                       2.767%
  EIn_H    differs       0.0989363                       5.824%
  EG       differs       0.0724588                       9.947%
  QE       differs         49.8709                       3.057%
  H        differs         95.6439                       4.165%
  Rn       differs         80.5663                       0.832%
  SWE      differs         5.49149                       1.114%
  Lk       differs         0.49003                      21.908%

  OK: the arms differ. LAI_H mean |diff| = 7.69% of the fixed-arm mean.

US-PFk  historical/IPSL-CM6A-LR:fixed_lma
  Sl_H  fixed=0.018990  dyn(final)=0.017982
  variable verdict       max|diff|   mean|diff| as % of |fixed|
  LAI_H    differs         1.29953                       8.776%
  An_H     differs         8.91389                       3.337%
  B_H      differs         68.0806                       0.334%
  T_H      differs       0.0510198                       3.220%
  EIn_H    differs       0.0937197                       6.065%
  EG       differs       0.0671486                       9.619%
  QE       differs         52.4547                       3.136%
  H        differs          72.077                       4.695%
  Rn       differs          82.958                       0.868%
  SWE      differs         9.85852                       1.439%
  Lk       differs        0.874671                      18.880%

  OK: the arms differ. LAI_H mean |diff| = 8.78% of the fixed-arm mean.

US-PFk  historical/MPI-ESM1-2-HR:fixed_lma
  Sl_H  fixed=0.018989  dyn(final)=0.021122
  variable verdict       max|diff|   mean|diff| as % of |fixed|
  LAI_H    differs         1.66318                       9.801%
  An_H     differs         4.67059                       3.264%
  B_H      differs         45.0367                       0.256%
  T_H      differs       0.0333715                       3.430%
  EIn_H    differs        0.163583                       7.364%
  EG       differs       0.0911902                       9.871%
  QE       differs          93.618                       3.419%
  H        differs         87.2907                       4.545%
  Rn       differs         106.192                       0.829%
  SWE      differs         2.01847                       1.006%
  Lk       differs        0.890446                      22.389%

  OK: the arms differ. LAI_H mean |diff| = 9.80% of the fixed-arm mean.

US-PFk  historical/MRI-ESM2-0:fixed_lma
  Sl_H  fixed=0.018989  dyn(final)=0.018863
  variable verdict       max|diff|   mean|diff| as % of |fixed|
  LAI_H    differs        0.649521                       5.493%
  An_H     differs         1.24629                       2.264%
  B_H      differs         46.5702                       0.237%
  T_H      differs       0.0179383                       2.214%
  EIn_H    differs        0.070825                       4.172%
  EG       differs       0.0578456                       8.652%
  QE       differs         47.0002                       2.525%
  H        differs         103.873                       3.444%
  Rn       differs         60.7741                       0.636%
  SWE      differs         2.11928                       0.776%
  Lk       differs        0.801616                      19.341%

  OK: the arms differ. LAI_H mean |diff| = 5.49% of the fixed-arm mean.

US-PFk  historical/UKESM1-0-LL:fixed_lma
  Sl_H  fixed=0.018991  dyn(final)=0.016796
  variable verdict       max|diff|   mean|diff| as % of |fixed|
  LAI_H    differs           2.127                      12.797%
  An_H     differs         7.31834                       4.517%
  B_H      differs         239.397                       1.178%
  T_H      differs       0.0524273                       4.514%
  EIn_H    differs        0.139019                       9.087%
  EG       differs       0.0636808                      12.144%
  QE       differs         78.2949                       4.220%
  H        differs         76.2685                       6.347%
  Rn       differs         65.6571                       1.127%
  SWE      differs         4.01718                       1.397%
  Lk       differs        0.509911                      26.303%

  OK: the arms differ. LAI_H mean |diff| = 12.80% of the fixed-arm mean.

US-PFm  historical/GFDL-ESM4:fixed_lma
  Sl_H  fixed=0.018991  dyn(final)=0.017313
  variable verdict       max|diff|   mean|diff| as % of |fixed|
  LAI_H    differs        0.918537                       7.665%
  An_H     differs         2.72114                       2.689%
  B_H      differs         33.4079                       0.192%
  T_H      differs       0.0261554                       2.860%
  EIn_H    differs        0.074897                       6.014%
  EG       differs       0.0596661                       8.524%
  QE       differs         45.0195                       2.881%
  H        differs         105.278                       3.779%
  Rn       differs         77.4139                       0.832%
  SWE      differs         5.33329                       1.446%
  Lk       differs        0.360569                      22.405%

  OK: the arms differ. LAI_H mean |diff| = 7.66% of the fixed-arm mean.

US-PFm  historical/IPSL-CM6A-LR:fixed_lma
  Sl_H  fixed=0.018990  dyn(final)=0.017982
  variable verdict       max|diff|   mean|diff| as % of |fixed|
  LAI_H    differs         1.24461                       8.741%
  An_H     differs         9.00995                       3.338%
  B_H      differs         69.0475                       0.336%
  T_H      differs       0.0365683                       3.392%
  EIn_H    differs        0.119816                       6.805%
  EG       differs       0.0611196                      10.089%
  QE       differs         75.4425                       3.368%
  H        differs         150.457                       4.683%
  Rn       differs         65.8816                       0.885%
  SWE      differs         6.22468                       1.371%
  Lk       differs        0.853678                      19.110%

  OK: the arms differ. LAI_H mean |diff| = 8.74% of the fixed-arm mean.

US-PFm  historical/MPI-ESM1-2-HR:fixed_lma
  Sl_H  fixed=0.018989  dyn(final)=0.021122
  variable verdict       max|diff|   mean|diff| as % of |fixed|
  LAI_H    differs         1.64011                       9.843%
  An_H     differs         5.49427                       3.350%
  B_H      differs         46.9694                       0.267%
  T_H      differs       0.0268262                       3.656%
  EIn_H    differs         0.09473                       7.406%
  EG       differs       0.0607239                      10.765%
  QE       differs          56.306                       3.654%
  H        differs         124.801                       4.605%
  Rn       differs         85.1327                       0.811%
  SWE      differs          2.7162                       1.043%
  Lk       differs        0.533202                      18.961%

  OK: the arms differ. LAI_H mean |diff| = 9.84% of the fixed-arm mean.

US-PFm  historical/MRI-ESM2-0:fixed_lma
  Sl_H  fixed=0.018989  dyn(final)=0.018863
  variable verdict       max|diff|   mean|diff| as % of |fixed|
  LAI_H    differs        0.680481                       5.483%
  An_H     differs         1.14554                       2.226%
  B_H      differs         62.8591                       0.310%
  T_H      differs       0.0176109                       2.289%
  EIn_H    differs       0.0685442                       4.408%
  EG       differs       0.0582027                       9.199%
  QE       differs           40.19                       2.640%
  H        differs         109.781                       3.384%
  Rn       differs         61.9124                       0.652%
  SWE      differs         2.78801                       0.894%
  Lk       differs        0.720806                      19.037%

  OK: the arms differ. LAI_H mean |diff| = 5.48% of the fixed-arm mean.

US-PFm  historical/UKESM1-0-LL:fixed_lma
  Sl_H  fixed=0.018991  dyn(final)=0.016796
  variable verdict       max|diff|   mean|diff| as % of |fixed|
  LAI_H    differs         2.11682                      12.625%
  An_H     differs          7.2543                       4.314%
  B_H      differs          228.09                       1.140%
  T_H      differs       0.0520423                       4.636%
  EIn_H    differs        0.140225                       9.260%
  EG       differs       0.0564849                      11.111%
  QE       differs         87.5383                       4.147%
  H        differs         63.2346                       5.847%
  Rn       differs         75.0478                       0.972%
  SWE      differs         4.17062                       1.643%
  Lk       differs        0.482905                      24.374%

  OK: the arms differ. LAI_H mean |diff| = 12.63% of the fixed-arm mean.

US-PFn  historical/GFDL-ESM4:fixed_lma
  Sl_H  fixed=0.018991  dyn(final)=0.017313
  variable verdict       max|diff|   mean|diff| as % of |fixed|
  LAI_H    differs         0.91725                       7.708%
  An_H     differs         3.20059                       2.854%
  B_H      differs         34.0045                       0.173%
  T_H      differs       0.0259837                       3.014%
  EIn_H    differs       0.0906376                       5.855%
  EG       differs       0.0698058                      10.334%
  QE       differs         47.7657                       3.200%
  H        differs          82.488                       4.122%
  Rn       differs         70.2352                       0.786%
  SWE      differs         4.93947                       1.383%
  Lk       differs        0.491179                      23.068%

  OK: the arms differ. LAI_H mean |diff| = 7.71% of the fixed-arm mean.

US-PFn  historical/IPSL-CM6A-LR:fixed_lma
  Sl_H  fixed=0.018990  dyn(final)=0.017982
  variable verdict       max|diff|   mean|diff| as % of |fixed|
  LAI_H    differs         1.32398                       8.687%
  An_H     differs         8.91484                       3.262%
  B_H      differs         64.0669                       0.308%
  T_H      differs       0.0344215                       3.334%
  EIn_H    differs        0.122901                       5.994%
  EG       differs       0.0726818                      10.027%
  QE       differs         75.6854                       3.279%
  H        differs         133.098                       4.723%
  Rn       differs         68.9845                       0.919%
  SWE      differs          6.0223                       1.735%
  Lk       differs        0.562303                      19.096%

  OK: the arms differ. LAI_H mean |diff| = 8.69% of the fixed-arm mean.

US-PFn  historical/MPI-ESM1-2-HR:fixed_lma
  Sl_H  fixed=0.018989  dyn(final)=0.021122
  variable verdict       max|diff|   mean|diff| as % of |fixed|
  LAI_H    differs          1.6307                       9.808%
  An_H     differs         4.74489                       3.284%
  B_H      differs         39.2334                       0.240%
  T_H      differs       0.0294449                       3.656%
  EIn_H    differs        0.145784                       7.269%
  EG       differs         0.10146                      11.186%
  QE       differs           93.08                       3.691%
  H        differs         135.102                       4.627%
  Rn       differs         87.1567                       0.870%
  SWE      differs         2.05308                       1.023%
  Lk       differs        0.605861                      22.643%

  OK: the arms differ. LAI_H mean |diff| = 9.81% of the fixed-arm mean.

US-PFn  historical/MRI-ESM2-0:fixed_lma
  Sl_H  fixed=0.018989  dyn(final)=0.018863
  variable verdict       max|diff|   mean|diff| as % of |fixed|
  LAI_H    differs        0.713176                       5.281%
  An_H     differs         1.10403                       1.965%
  B_H      differs         35.9794                       0.191%
  T_H      differs       0.0229279                       2.086%
  EIn_H    differs       0.0657412                       4.255%
  EG       differs       0.0661859                       8.634%
  QE       differs         158.047                       2.515%
  H        differs         289.508                       3.122%
  Rn       differs         86.0563                       0.645%
  SWE      differs         3.84194                       0.909%
  Lk       differs        0.785068                      22.353%

  OK: the arms differ. LAI_H mean |diff| = 5.28% of the fixed-arm mean.

US-PFn  historical/UKESM1-0-LL:fixed_lma
  Sl_H  fixed=0.018991  dyn(final)=0.016796
  variable verdict       max|diff|   mean|diff| as % of |fixed|
  LAI_H    differs         2.16112                      12.554%
  An_H     differs         6.80809                       4.569%
  B_H      differs         213.305                       1.005%
  T_H      differs       0.0513399                       4.810%
  EIn_H    differs        0.202011                       9.322%
  EG       differs       0.0692345                      13.146%
  QE       differs          87.474                       4.517%
  H        differs         77.2183                       6.375%
  Rn       differs         84.1931                       1.030%
  SWE      differs         3.26915                       1.457%
  Lk       differs         0.49494                      26.221%

  OK: the arms differ. LAI_H mean |diff| = 12.55% of the fixed-arm mean.

US-PFp  historical/GFDL-ESM4:fixed_lma
  Sl_H  fixed=0.018991  dyn(final)=0.017313
  variable verdict       max|diff|   mean|diff| as % of |fixed|
  LAI_H    differs        0.970769                       7.680%
  An_H     differs         2.88415                       2.676%
  B_H      differs         38.0673                       0.192%
  T_H      differs       0.0277188                       3.066%
  EIn_H    differs         0.10661                       6.217%
  EG       differs       0.0548225                       5.908%
  QE       differs         46.8842                       1.972%
  H        differs         112.981                       3.382%
  Rn       differs         79.7171                       0.642%
  SWE      differs         3.80952                       1.134%
  Lk       differs        0.535046                      30.876%

  OK: the arms differ. LAI_H mean |diff| = 7.68% of the fixed-arm mean.

US-PFp  historical/IPSL-CM6A-LR:fixed_lma
  Sl_H  fixed=0.018990  dyn(final)=0.017982
  variable verdict       max|diff|   mean|diff| as % of |fixed|
  LAI_H    differs         1.25563                       8.464%
  An_H     differs         8.21157                       3.009%
  B_H      differs         70.0625                       0.336%
  T_H      differs        0.045343                       3.223%
  EIn_H    differs        0.114002                       6.230%
  EG       differs       0.0375205                       6.147%
  QE       differs         65.5132                       2.216%
  H        differs         132.506                       3.810%
  Rn       differs         79.3933                       0.709%
  SWE      differs         6.86408                       1.783%
  Lk       differs        0.833699                      33.486%

  OK: the arms differ. LAI_H mean |diff| = 8.46% of the fixed-arm mean.

US-PFp  historical/MPI-ESM1-2-HR:fixed_lma
  Sl_H  fixed=0.018989  dyn(final)=0.021122
  variable verdict       max|diff|   mean|diff| as % of |fixed|
  LAI_H    differs          1.6726                       9.829%
  An_H     differs         1.73645                       3.308%
  B_H      differs         39.5262                       0.259%
  T_H      differs       0.0396146                       3.872%
  EIn_H    differs        0.158522                       7.324%
  EG       differs       0.0466711                       7.189%
  QE       differs         73.6236                       2.477%
  H        differs         219.394                       4.058%
  Rn       differs          88.773                       0.754%
  SWE      differs         2.66774                       1.156%
  Lk       differs         0.68207                      34.784%

  OK: the arms differ. LAI_H mean |diff| = 9.83% of the fixed-arm mean.

US-PFp  historical/MRI-ESM2-0:fixed_lma
  Sl_H  fixed=0.018989  dyn(final)=0.018863
  variable verdict       max|diff|   mean|diff| as % of |fixed|
  LAI_H    differs        0.682877                       5.445%
  An_H     differs         1.29478                       2.306%
  B_H      differs         41.1394                       0.232%
  T_H      differs       0.0271202                       2.444%
  EIn_H    differs        0.063016                       4.435%
  EG       differs       0.0388205                       5.805%
  QE       differs         38.8321                       1.688%
  H        differs         332.104                       2.891%
  Rn       differs         77.3134                       0.509%
  SWE      differs         1.18126                       0.661%
  Lk       differs        0.586756                      36.241%

  OK: the arms differ. LAI_H mean |diff| = 5.44% of the fixed-arm mean.

US-PFp  historical/UKESM1-0-LL:fixed_lma
  Sl_H  fixed=0.018991  dyn(final)=0.016796
  variable verdict       max|diff|   mean|diff| as % of |fixed|
  LAI_H    differs         2.12875                      12.618%
  An_H     differs         7.92626                       4.271%
  B_H      differs         223.826                       1.119%
  T_H      differs       0.0704991                       4.801%
  EIn_H    differs        0.150413                       9.443%
  EG       differs       0.0382175                       9.072%
  QE       differs         82.8012                       3.068%
  H        differs         183.022                       5.719%
  Rn       differs         84.3806                       0.839%
  SWE      differs         2.75463                       1.474%
  Lk       differs        0.576955                      36.057%

  OK: the arms differ. LAI_H mean |diff| = 12.62% of the fixed-arm mean.

US-PFq  historical/GFDL-ESM4:fixed_lma
  Sl_H  fixed=0.018991  dyn(final)=0.017313
  variable verdict       max|diff|   mean|diff| as % of |fixed|
  LAI_H    differs        0.994839                       7.754%
  An_H     differs        0.978239                       2.636%
  B_H      differs         29.4244                       0.174%
  T_H      differs       0.0201544                       2.887%
  EIn_H    differs       0.0989737                       6.155%
  EG       differs       0.0502808                       7.877%
  QE       differs         63.7452                       2.687%
  H        differs         151.828                       3.622%
  Rn       differs         81.7246                       0.630%
  SWE      differs         4.28534                       1.266%
  Lk       differs        0.673626                      15.758%

  OK: the arms differ. LAI_H mean |diff| = 7.75% of the fixed-arm mean.

US-PFq  historical/IPSL-CM6A-LR:fixed_lma
  Sl_H  fixed=0.018990  dyn(final)=0.017982
  variable verdict       max|diff|   mean|diff| as % of |fixed|
  LAI_H    differs         1.45205                       8.925%
  An_H     differs         1.48595                       3.214%
  B_H      differs         87.0164                       0.442%
  T_H      differs       0.0286085                       3.409%
  EIn_H    differs        0.152465                       6.637%
  EG       differs       0.0589204                       9.558%
  QE       differs         91.6052                       3.126%
  H        differs         128.331                       4.618%
  Rn       differs         96.7311                       0.843%
  SWE      differs         9.99908                       1.474%
  Lk       differs         1.05098                      16.121%

  OK: the arms differ. LAI_H mean |diff| = 8.92% of the fixed-arm mean.

US-PFq  historical/MPI-ESM1-2-HR:fixed_lma
  Sl_H  fixed=0.018989  dyn(final)=0.021122
  variable verdict       max|diff|   mean|diff| as % of |fixed|
  LAI_H    differs         1.64129                       9.750%
  An_H     differs         1.31543                       3.073%
  B_H      differs         39.3687                       0.264%
  T_H      differs       0.0436463                       3.509%
  EIn_H    differs        0.115427                       7.511%
  EG       differs       0.0782877                       9.778%
  QE       differs         73.3269                       3.390%
  H        differs         100.323                       4.278%
  Rn       differs         85.1444                       0.764%
  SWE      differs         3.10346                       1.176%
  Lk       differs         1.14489                      20.480%

  OK: the arms differ. LAI_H mean |diff| = 9.75% of the fixed-arm mean.

US-PFq  historical/MRI-ESM2-0:fixed_lma
  Sl_H  fixed=0.018989  dyn(final)=0.018863
  variable verdict       max|diff|   mean|diff| as % of |fixed|
  LAI_H    differs        0.657821                       5.495%
  An_H     differs         1.41687                       2.156%
  B_H      differs         52.0557                       0.262%
  T_H      differs       0.0200932                       2.263%
  EIn_H    differs        0.076214                       4.139%
  EG       differs       0.0686993                       7.948%
  QE       differs         49.0864                       2.237%
  H        differs          94.333                       2.865%
  Rn       differs         62.7152                       0.539%
  SWE      differs         1.48988                       0.738%
  Lk       differs         2.34482                      21.503%

  OK: the arms differ. LAI_H mean |diff| = 5.49% of the fixed-arm mean.

US-PFq  historical/UKESM1-0-LL:fixed_lma
  Sl_H  fixed=0.018991  dyn(final)=0.016796
  variable verdict       max|diff|   mean|diff| as % of |fixed|
  LAI_H    differs         2.10873                      12.543%
  An_H     differs         2.20192                       4.391%
  B_H      differs         233.718                       1.163%
  T_H      differs       0.0322311                       4.758%
  EIn_H    differs        0.196672                       9.461%
  EG       differs       0.0541096                      11.529%
  QE       differs         110.744                       4.024%
  H        differs         146.028                       6.079%
  Rn       differs          98.431                       0.960%
  SWE      differs         3.08699                       1.381%
  Lk       differs        0.545268                      17.160%

  OK: the arms differ. LAI_H mean |diff| = 12.54% of the fixed-arm mean.

US-PFs  historical/GFDL-ESM4:fixed_lma
  Sl_H  fixed=0.018991  dyn(final)=0.017313
  variable verdict       max|diff|   mean|diff| as % of |fixed|
  LAI_H    differs        0.919882                       7.827%
  An_H     differs         1.00364                       2.916%
  B_H      differs         30.2474                       0.167%
  T_H      differs       0.0166336                       3.834%
  EIn_H    differs       0.0989477                       6.981%
  EG       differs       0.0847852                      11.462%
  QE       differs         113.984                       3.971%
  H        differs         173.228                       3.807%
  Rn       differs         67.3935                       0.534%
  SWE      differs         2.13984                       1.340%
  Lk       differs        0.554373                      22.222%

  OK: the arms differ. LAI_H mean |diff| = 7.83% of the fixed-arm mean.

US-PFs  historical/IPSL-CM6A-LR:fixed_lma
  Sl_H  fixed=0.018990  dyn(final)=0.017982
  variable verdict       max|diff|   mean|diff| as % of |fixed|
  LAI_H    differs         1.41995                       8.730%
  An_H     differs         1.49855                       3.031%
  B_H      differs         67.2355                       0.373%
  T_H      differs       0.0354383                       4.307%
  EIn_H    differs        0.140937                       6.705%
  EG       differs       0.0652276                      12.564%
  QE       differs         93.9606                       4.277%
  H        differs         238.629                       4.443%
  Rn       differs         84.2417                       0.615%
  SWE      differs         3.93498                       1.598%
  Lk       differs         1.32745                      28.783%

  OK: the arms differ. LAI_H mean |diff| = 8.73% of the fixed-arm mean.

US-PFs  historical/MPI-ESM1-2-HR:fixed_lma
  Sl_H  fixed=0.018989  dyn(final)=0.021122
  variable verdict       max|diff|   mean|diff| as % of |fixed|
  LAI_H    differs         1.65055                      10.052%
  An_H     differs         2.27187                       3.633%
  B_H      differs         58.7499                       0.337%
  T_H      differs       0.0285685                       4.923%
  EIn_H    differs         0.15338                       8.569%
  EG       differs       0.0950346                      13.233%
  QE       differs         96.4077                       4.794%
  H        differs         139.715                       4.659%
  Rn       differs          82.379                       0.690%
  SWE      differs         4.01684                       1.378%
  Lk       differs         0.60255                      23.091%

  OK: the arms differ. LAI_H mean |diff| = 10.05% of the fixed-arm mean.

US-PFs  historical/MRI-ESM2-0:fixed_lma
  Sl_H  fixed=0.018989  dyn(final)=0.018863
  variable verdict       max|diff|   mean|diff| as % of |fixed|
  LAI_H    differs        0.679886                       5.377%
  An_H     differs         1.35284                       2.152%
  B_H      differs         52.1662                       0.290%
  T_H      differs       0.0177216                       2.739%
  EIn_H    differs       0.0723664                       4.650%
  EG       differs       0.0689316                      10.001%
  QE       differs         49.2755                       2.994%
  H        differs         130.005                       2.893%
  Rn       differs         78.2801                       0.478%
  SWE      differs         2.40233                       1.077%
  Lk       differs        0.569908                      24.396%

  OK: the arms differ. LAI_H mean |diff| = 5.38% of the fixed-arm mean.

US-PFs  historical/UKESM1-0-LL:fixed_lma
  Sl_H  fixed=0.018991  dyn(final)=0.016796
  variable verdict       max|diff|   mean|diff| as % of |fixed|
  LAI_H    differs         2.10446                      12.424%
  An_H     differs         1.91104                       4.233%
  B_H      differs         215.389                       1.103%
  T_H      differs       0.0409547                       5.898%
  EIn_H    differs          0.1885                       9.782%
  EG       differs       0.0614627                      14.449%
  QE       differs         128.616                       5.547%
  H        differs         329.897                       6.046%
  Rn       differs         90.2922                       0.772%
  SWE      differs         2.20642                       1.663%
  Lk       differs        0.331218                      28.311%

  OK: the arms differ. LAI_H mean |diff| = 12.42% of the fixed-arm mean.

US-PFt  historical/GFDL-ESM4:fixed_lma
  Sl_H  fixed=0.019824  dyn(final)=0.020274
  variable verdict       max|diff|   mean|diff| as % of |fixed|
  LAI_H    differs         0.45812                       3.027%
  An_H     differs        0.799176                       0.735%
  B_H      differs         39.3323                       0.103%
  T_H      differs       0.0901028                       1.495%
  EIn_H    differs        0.068667                       1.781%
  EG       differs       0.0537122                       7.763%
  QE       differs         61.2525                       1.259%
  H        differs         222.964                       2.112%
  Rn       differs         95.2296                       0.408%
  SWE      differs           2.929                       0.522%
  Lk       differs        0.318041                      22.401%

  OK: the arms differ. LAI_H mean |diff| = 3.03% of the fixed-arm mean.

US-PFt  historical/IPSL-CM6A-LR:fixed_lma
  Sl_H  fixed=0.019834  dyn(final)=0.022019
  variable verdict       max|diff|   mean|diff| as % of |fixed|
  LAI_H    differs        0.631462                       3.911%
  An_H     differs         7.47688                       0.957%
  B_H      differs         44.4393                       0.136%
  T_H      differs        0.157148                       1.880%
  EIn_H    differs        0.157649                       2.540%
  EG       differs       0.0299903                      10.007%
  QE       differs         110.266                       1.553%
  H        differs         195.626                       2.473%
  Rn       differs         95.3135                       0.378%
  SWE      differs         1.81324                       0.692%
  Lk       differs        0.494288                      24.975%

  OK: the arms differ. LAI_H mean |diff| = 3.91% of the fixed-arm mean.

US-PFt  historical/MPI-ESM1-2-HR:fixed_lma
  Sl_H  fixed=0.019813  dyn(final)=0.020758
  variable verdict       max|diff|   mean|diff| as % of |fixed|
  LAI_H    differs        0.711184                       3.591%
  An_H     differs        0.342122                       0.834%
  B_H      differs         26.2578                       0.076%
  T_H      differs       0.0221619                       1.624%
  EIn_H    differs        0.101151                       2.399%
  EG       differs       0.0282796                       8.793%
  QE       differs         70.7625                       1.406%
  H        differs         121.484                       2.012%
  Rn       differs         85.8761                       0.298%
  SWE      differs         2.44256                       0.651%
  Lk       differs        0.444938                      22.741%

  OK: the arms differ. LAI_H mean |diff| = 3.59% of the fixed-arm mean.

US-PFt  historical/MRI-ESM2-0:fixed_lma
  Sl_H  fixed=0.019803  dyn(final)=0.018888
  variable verdict       max|diff|   mean|diff| as % of |fixed|
  LAI_H    differs        0.349431                       2.607%
  An_H     differs        0.174419                       0.615%
  B_H      differs         12.8439                       0.041%
  T_H      differs       0.0203089                       1.247%
  EIn_H    differs        0.192328                       1.765%
  EG       differs       0.0258453                       8.734%
  QE       differs         106.607                       1.196%
  H        differs         216.596                       1.999%
  Rn       differs         89.9458                       0.362%
  SWE      differs         1.74342                       0.531%
  Lk       differs        0.875071                      26.382%

  OK: the arms differ. LAI_H mean |diff| = 2.61% of the fixed-arm mean.

US-PFt  historical/UKESM1-0-LL:fixed_lma
  Sl_H  fixed=0.019791  dyn(final)=0.018582
  variable verdict       max|diff|   mean|diff| as % of |fixed|
  LAI_H    differs        0.602336                       4.131%
  An_H     differs          1.7583                       0.976%
  B_H      differs         48.3102                       0.140%
  T_H      differs        0.114034                       1.999%
  EIn_H    differs       0.0795861                       2.574%
  EG       differs        0.030201                      10.847%
  QE       differs         77.0517                       1.692%
  H        differs         65.6419                       2.593%
  Rn       differs         63.9539                       0.357%
  SWE      differs          4.0682                       0.687%
  Lk       differs        0.831616                      29.932%

  OK: the arms differ. LAI_H mean |diff| = 4.13% of the fixed-arm mean.

US-SB1  historical/GFDL-ESM4:fixed_lma
  Sl_H  fixed=0.021135  dyn(final)=0.020880
  variable verdict       max|diff|   mean|diff| as % of |fixed|
  LAI_H    differs        0.467036                       2.202%
  An_H     differs       0.0675299                       0.329%
  B_H      differs         16.5492                       0.023%
  T_H      differs       0.0190373                       1.236%
  EIn_H    differs       0.0374956                       0.997%
  EG       differs       0.0154853                       3.980%
  QE       differs         26.2205                       0.917%
  H        differs         54.4096                       0.908%
  Rn       differs         7.50967                       0.273%
  SWE      differs        0.844256                       0.746%
  Lk       differs       0.0702358                       3.792%

  OK: the arms differ. LAI_H mean |diff| = 2.20% of the fixed-arm mean.

US-SB1  historical/IPSL-CM6A-LR:fixed_lma
  Sl_H  fixed=0.021135  dyn(final)=0.020438
  variable verdict       max|diff|   mean|diff| as % of |fixed|
  LAI_H    differs         0.60394                       2.394%
  An_H     differs        0.119246                       0.341%
  B_H      differs         18.0054                       0.031%
  T_H      differs       0.0185849                       1.292%
  EIn_H    differs       0.0888243                       1.256%
  EG       differs       0.0192344                       4.950%
  QE       differs         47.9107                       1.070%
  H        differs         67.3398                       1.101%
  Rn       differs         13.9532                       0.342%
  SWE      differs        0.402807                       0.481%
  Lk       differs       0.0365653                       5.321%

  OK: the arms differ. LAI_H mean |diff| = 2.39% of the fixed-arm mean.

US-SB1  historical/MPI-ESM1-2-HR:fixed_lma
  Sl_H  fixed=0.021135  dyn(final)=0.021120
  variable verdict       max|diff|   mean|diff| as % of |fixed|
  LAI_H    differs        0.535437                       2.050%
  An_H     differs       0.0952746                       0.303%
  B_H      differs         9.66785                       0.021%
  T_H      differs       0.0189276                       1.197%
  EIn_H    differs       0.0768381                       1.024%
  EG       differs       0.0156891                       4.088%
  QE       differs         50.3393                       0.954%
  H        differs         76.2966                       1.049%
  Rn       differs         11.3602                       0.296%
  SWE      differs        0.463337                       0.430%
  Lk       differs       0.0420197                       3.604%

  OK: the arms differ. LAI_H mean |diff| = 2.05% of the fixed-arm mean.

US-SB1  historical/MRI-ESM2-0:fixed_lma
  Sl_H  fixed=0.021135  dyn(final)=0.021705
  variable verdict       max|diff|   mean|diff| as % of |fixed|
  LAI_H    differs        0.385521                       1.913%
  An_H     differs       0.0424025                       0.281%
  B_H      differs         11.0202                       0.022%
  T_H      differs       0.0212118                       1.071%
  EIn_H    differs       0.0464748                       0.975%
  EG       differs       0.0253873                       3.803%
  QE       differs         34.0641                       0.864%
  H        differs         123.028                       0.972%
  Rn       differs         66.5204                       0.276%
  SWE      differs        0.821353                       0.670%
  Lk       differs        0.130131                       3.930%

  OK: the arms differ. LAI_H mean |diff| = 1.91% of the fixed-arm mean.

US-SB1  historical/UKESM1-0-LL:fixed_lma
  Sl_H  fixed=0.021135  dyn(final)=0.021237
  variable verdict       max|diff|   mean|diff| as % of |fixed|
  LAI_H    differs        0.576331                       2.306%
  An_H     differs         0.32631                       0.336%
  B_H      differs         35.2825                       0.063%
  T_H      differs       0.0148646                       1.282%
  EIn_H    differs        0.057574                       1.178%
  EG       differs      0.00834583                       4.844%
  QE       differs         37.4179                       1.027%
  H        differs         31.8692                       0.951%
  Rn       differs         34.5049                       0.336%
  SWE      differs        0.358874                       0.491%
  Lk       differs       0.0498275                       6.394%

  OK: the arms differ. LAI_H mean |diff| = 2.31% of the fixed-arm mean.

US-SHC  historical/GFDL-ESM4:fixed_lma
  SKIP  no single RES_*.mat for dyn_lma

US-SHC  historical/IPSL-CM6A-LR:fixed_lma
  SKIP  no single RES_*.mat for dyn_lma

US-SHC  historical/MPI-ESM1-2-HR:fixed_lma
  SKIP  no single RES_*.mat for dyn_lma

US-SHC  historical/MRI-ESM2-0:fixed_lma
  SKIP  no single RES_*.mat for dyn_lma

US-SHC  historical/UKESM1-0-LL:fixed_lma
  SKIP  no single RES_*.mat for dyn_lma

US-SP1  historical/GFDL-ESM4:fixed_lma
  Sl_H  fixed=0.016677  dyn(final)=0.016610
  variable verdict       max|diff|   mean|diff| as % of |fixed|
  LAI_H    differs        0.162052                       0.868%
  An_H     differs       0.0103831                       0.249%
  B_H      differs         15.8316                       0.020%
  T_H      differs        0.025444                       0.655%
  EIn_H    differs       0.0211817                       0.491%
  EG       differs      0.00547662                       1.759%
  QE       differs          17.136                       0.542%
  H        differs         23.5426                       0.286%
  Rn       differs         2.99891                       0.081%
  SWE      differs      0.00915795                       6.007%
  Lk       differs        0.032237                       1.103%

  OK: the arms differ. LAI_H mean |diff| = 0.87% of the fixed-arm mean.

US-SP1  historical/IPSL-CM6A-LR:fixed_lma
  Sl_H  fixed=0.016677  dyn(final)=0.016273
  variable verdict       max|diff|   mean|diff| as % of |fixed|
  LAI_H    differs        0.332035                       1.430%
  An_H     differs       0.0207954                       0.409%
  B_H      differs         37.2872                       0.059%
  T_H      differs       0.0343264                       1.098%
  EIn_H    differs       0.0339276                       0.792%
  EG       differs       0.0029972                       3.169%
  QE       differs         22.9683                       0.892%
  H        differs         20.1478                       0.490%
  Rn       differs         7.61148                       0.146%
  SWE      differs     4.64283e-05                       0.117%
  Lk       differs        0.115498                       2.985%

  OK: the arms differ. LAI_H mean |diff| = 1.43% of the fixed-arm mean.

US-SP1  historical/MPI-ESM1-2-HR:fixed_lma
  Sl_H  fixed=0.016677  dyn(final)=0.016964
  variable verdict       max|diff|   mean|diff| as % of |fixed|
  LAI_H    differs        0.248829                       0.944%
  An_H     differs       0.0167363                       0.271%
  B_H      differs         14.0283                       0.018%
  T_H      differs       0.0747827                       0.893%
  EIn_H    differs       0.0248174                       0.470%
  EG       differs      0.00216448                       1.937%
  QE       differs         50.2362                       0.672%
  H        differs         35.4212                       0.336%
  Rn       differs         12.0983                       0.099%
  SWE      differs       0.0149421                       0.245%
  Lk       differs        0.114739                       0.851%

  OK: the arms differ. LAI_H mean |diff| = 0.94% of the fixed-arm mean.

US-SP1  historical/MRI-ESM2-0:fixed_lma
  Sl_H  fixed=0.016677  dyn(final)=0.017249
  variable verdict       max|diff|   mean|diff| as % of |fixed|
  LAI_H    differs        0.205304                       1.073%
  An_H     differs       0.0120793                       0.308%
  B_H      differs         27.0678                       0.036%
  T_H      differs      0.00410616                       0.783%
  EIn_H    differs        0.022048                       0.696%
  EG       differs      0.00567156                       2.283%
  QE       differs         14.0368                       0.682%
  H        differs         22.0304                       0.372%
  Rn       differs         2.60672                       0.094%
  SWE      IDENTICAL             0                       0.000%  <--
  Lk       differs       0.0518606                       1.342%

  OK: the arms differ. LAI_H mean |diff| = 1.07% of the fixed-arm mean.
  note: still identical for ['SWE'] -- expected only if that
        variable is genuinely insensitive to leaf area.

US-SP1  historical/UKESM1-0-LL:fixed_lma
  Sl_H  fixed=0.016677  dyn(final)=0.016750
  variable verdict       max|diff|   mean|diff| as % of |fixed|
  LAI_H    differs        0.228555                       0.711%
  An_H     differs        0.012954                       0.201%
  B_H      differs         9.92237                       0.020%
  T_H      differs       0.0296138                       0.574%
  EIn_H    differs       0.0235463                       0.462%
  EG       differs      0.00254065                       1.631%
  QE       differs         20.0418                       0.486%
  H        differs         25.7705                       0.261%
  Rn       differs         4.06646                       0.073%
  SWE      IDENTICAL             0                       0.000%  <--
  Lk       differs       0.0729465                       1.226%

  OK: the arms differ. LAI_H mean |diff| = 0.71% of the fixed-arm mean.
  note: still identical for ['SWE'] -- expected only if that
        variable is genuinely insensitive to leaf area.

US-SP2  historical/GFDL-ESM4:fixed_lma
  Sl_H  fixed=0.019608  dyn(final)=0.019534
  variable verdict       max|diff|   mean|diff| as % of |fixed|
  LAI_H    differs        0.205798                       1.051%
  An_H     differs       0.0104387                       0.251%
  B_H      differs         7.90966                       0.016%
  T_H      differs       0.0184231                       0.588%
  EIn_H    differs       0.0221462                       0.369%
  EG       differs      0.00392921                       1.588%
  QE       differs         13.4455                       0.400%
  H        differs         9.11959                       0.221%
  Rn       differs         5.24734                       0.106%
  SWE      differs       0.0203987                       4.083%
  Lk       differs        0.028234                       1.174%

  OK: the arms differ. LAI_H mean |diff| = 1.05% of the fixed-arm mean.

US-SP2  historical/IPSL-CM6A-LR:fixed_lma
  Sl_H  fixed=0.019608  dyn(final)=0.019053
  variable verdict       max|diff|   mean|diff| as % of |fixed|
  LAI_H    differs        0.445848                       1.853%
  An_H     differs       0.0206751                       0.433%
  B_H      differs          30.408                       0.044%
  T_H      differs       0.0132617                       0.990%
  EIn_H    differs        0.025954                       0.700%
  EG       differs       0.0121436                       2.693%
  QE       differs         15.0884                       0.678%
  H        differs         8.00878                       0.395%
  Rn       differs         4.18976                       0.198%
  SWE      differs      0.00297974                       3.450%
  Lk       differs        0.128957                       3.690%

  OK: the arms differ. LAI_H mean |diff| = 1.85% of the fixed-arm mean.

US-SP2  historical/MPI-ESM1-2-HR:fixed_lma
  Sl_H  fixed=0.019608  dyn(final)=0.020070
  variable verdict       max|diff|   mean|diff| as % of |fixed|
  LAI_H    differs        0.344778                       1.235%
  An_H     differs       0.0182574                       0.301%
  B_H      differs         18.7882                       0.025%
  T_H      differs       0.0209493                       0.826%
  EIn_H    differs       0.0416913                       0.454%
  EG       differs      0.00505665                       1.681%
  QE       differs         21.8234                       0.549%
  H        differs          14.222                       0.268%
  Rn       differs         7.08095                       0.136%
  SWE      differs      0.00068312                       0.009%
  Lk       differs       0.0843812                       0.932%

  OK: the arms differ. LAI_H mean |diff| = 1.23% of the fixed-arm mean.

US-SP2  historical/MRI-ESM2-0:fixed_lma
  Sl_H  fixed=0.019608  dyn(final)=0.020401
  variable verdict       max|diff|   mean|diff| as % of |fixed|
  LAI_H    differs        0.283285                       1.354%
  An_H     differs       0.0121819                       0.320%
  B_H      differs         25.2807                       0.031%
  T_H      differs      0.00615332                       0.736%
  EIn_H    differs       0.0597877                       0.550%
  EG       differs      0.00436172                       1.824%
  QE       differs         36.5023                       0.513%
  H        differs         15.5073                       0.318%
  Rn       differs         3.03995                       0.124%
  SWE      differs        0.194651                       2.079%
  Lk       differs       0.0730643                       1.473%

  OK: the arms differ. LAI_H mean |diff| = 1.35% of the fixed-arm mean.

US-SP2  historical/UKESM1-0-LL:fixed_lma
  Sl_H  fixed=0.019608  dyn(final)=0.019709
  variable verdict       max|diff|   mean|diff| as % of |fixed|
  LAI_H    differs        0.304253                       0.888%
  An_H     differs       0.0131436                       0.209%
  B_H      differs         9.37646                       0.017%
  T_H      differs       0.0204822                       0.526%
  EIn_H    differs       0.0339874                       0.326%
  EG       differs      0.00492897                       1.408%
  QE       differs         22.2907                       0.351%
  H        differs         10.4038                       0.192%
  Rn       differs         3.92235                       0.099%
  SWE      differs      0.00366435                       0.112%
  Lk       differs       0.0948114                       1.379%

  OK: the arms differ. LAI_H mean |diff| = 0.89% of the fixed-arm mean.

US-SP3  historical/GFDL-ESM4:fixed_lma
  Sl_H  fixed=0.019608  dyn(final)=0.019534
  variable verdict       max|diff|   mean|diff| as % of |fixed|
  LAI_H    differs        0.206119                       1.095%
  An_H     differs       0.0103404                       0.261%
  B_H      differs         13.3236                       0.016%
  T_H      differs       0.0463607                       0.716%
  EIn_H    differs       0.0208545                       0.423%
  EG       differs      0.00590318                       2.358%
  QE       differs         31.6645                       0.502%
  H        differs         30.3866                       0.251%
  Rn       differs         4.74517                       0.111%
  SWE      differs       0.0418311                       0.491%
  Lk       differs       0.0368439                       1.247%

  OK: the arms differ. LAI_H mean |diff| = 1.10% of the fixed-arm mean.

US-SP3  historical/IPSL-CM6A-LR:fixed_lma
  Sl_H  fixed=0.019608  dyn(final)=0.019053
  variable verdict       max|diff|   mean|diff| as % of |fixed|
  LAI_H    differs        0.453431                       1.844%
  An_H     differs        0.020597                       0.428%
  B_H      differs         31.9861                       0.047%
  T_H      differs       0.0616925                       1.129%
  EIn_H    differs       0.0669154                       0.708%
  EG       differs       0.0050444                       3.743%
  QE       differs         41.3868                       0.791%
  H        differs         18.0908                       0.371%
  Rn       differs         10.5245                       0.200%
  SWE      differs      0.00784775                       0.111%
  Lk       differs        0.139421                       3.768%

  OK: the arms differ. LAI_H mean |diff| = 1.84% of the fixed-arm mean.

US-SP3  historical/MPI-ESM1-2-HR:fixed_lma
  Sl_H  fixed=0.019608  dyn(final)=0.020070
  variable verdict       max|diff|   mean|diff| as % of |fixed|
  LAI_H    differs         0.34688                       1.213%
  An_H     differs       0.0182043                       0.295%
  B_H      differs         23.6552                       0.033%
  T_H      differs       0.0425385                       0.954%
  EIn_H    differs       0.0487376                       0.487%
  EG       differs      0.00299934                       2.262%
  QE       differs         28.7064                       0.644%
  H        differs         17.9374                       0.258%
  Rn       differs         10.9406                       0.139%
  SWE      differs      0.00336649                       0.026%
  Lk       differs       0.0786344                       0.947%

  OK: the arms differ. LAI_H mean |diff| = 1.21% of the fixed-arm mean.

US-SP3  historical/MRI-ESM2-0:fixed_lma
  Sl_H  fixed=0.019608  dyn(final)=0.020401
  variable verdict       max|diff|   mean|diff| as % of |fixed|
  LAI_H    differs        0.283077                       1.356%
  An_H     differs       0.0120971                       0.319%
  B_H      differs         24.6132                       0.029%
  T_H      differs      0.00880531                       0.809%
  EIn_H    differs       0.0286633                       0.623%
  EG       differs      0.00520743                       2.886%
  QE       differs         19.2853                       0.600%
  H        differs         13.2583                       0.288%
  Rn       differs         3.53419                       0.121%
  SWE      differs        0.154466                       0.390%
  Lk       differs       0.0804166                       1.478%

  OK: the arms differ. LAI_H mean |diff| = 1.36% of the fixed-arm mean.

US-SP3  historical/UKESM1-0-LL:fixed_lma
  Sl_H  fixed=0.019608  dyn(final)=0.019709
  variable verdict       max|diff|   mean|diff| as % of |fixed|
  LAI_H    differs        0.304935                       0.891%
  An_H     differs       0.0130496                       0.209%
  B_H      differs         9.77258                       0.017%
  T_H      differs       0.0277445                       0.582%
  EIn_H    differs       0.0365801                       0.405%
  EG       differs      0.00424242                       1.942%
  QE       differs         20.9249                       0.422%
  H        differs         10.2805                       0.191%
  Rn       differs         6.14776                       0.098%
  SWE      IDENTICAL             0                       0.000%  <--
  Lk       differs       0.0897879                       1.458%

  OK: the arms differ. LAI_H mean |diff| = 0.89% of the fixed-arm mean.
  note: still identical for ['SWE'] -- expected only if that
        variable is genuinely insensitive to leaf area.

US-SP4  historical/GFDL-ESM4:fixed_lma
  Sl_H  fixed=0.019608  dyn(final)=0.019534
  variable verdict       max|diff|   mean|diff| as % of |fixed|
  LAI_H    differs        0.207404                       1.031%
  An_H     differs       0.0105038                       0.244%
  B_H      differs         7.12838                       0.013%
  T_H      differs       0.0272398                       0.695%
  EIn_H    differs       0.0240643                       0.453%
  EG       differs       0.0052902                       2.461%
  QE       differs         18.4009                       0.520%
  H        differs         33.8156                       0.264%
  Rn       differs         4.45548                       0.103%
  SWE      differs       0.0434559                       0.521%
  Lk       differs       0.0205551                       1.259%

  OK: the arms differ. LAI_H mean |diff| = 1.03% of the fixed-arm mean.

US-SP4  historical/IPSL-CM6A-LR:fixed_lma
  Sl_H  fixed=0.019608  dyn(final)=0.019053
  variable verdict       max|diff|   mean|diff| as % of |fixed|
  LAI_H    differs        0.458032                       1.838%
  An_H     differs       0.0204374                       0.425%
  B_H      differs         31.8623                       0.047%
  T_H      differs       0.0544146                       1.191%
  EIn_H    differs       0.0281036                       0.744%
  EG       differs      0.00880753                       4.721%
  QE       differs          36.616                       0.871%
  H        differs         12.6994                       0.427%
  Rn       differs         13.9481                       0.205%
  SWE      differs     0.000590808                       3.312%
  Lk       differs       0.0738519                       4.107%

  OK: the arms differ. LAI_H mean |diff| = 1.84% of the fixed-arm mean.

US-SP4  historical/MPI-ESM1-2-HR:fixed_lma
  Sl_H  fixed=0.019608  dyn(final)=0.020070
  variable verdict       max|diff|   mean|diff| as % of |fixed|
  LAI_H    differs        0.357486                       1.208%
  An_H     differs       0.0180525                       0.290%
  B_H      differs         9.79883                       0.015%
  T_H      differs       0.0834552                       1.043%
  EIn_H    differs       0.0257474                       0.462%
  EG       differs       0.0031647                       2.649%
  QE       differs         56.1509                       0.720%
  H        differs         42.8653                       0.326%
  Rn       differs         14.5239                       0.145%
  SWE      IDENTICAL             0                       0.000%  <--
  Lk       differs       0.0707186                       0.992%

  OK: the arms differ. LAI_H mean |diff| = 1.21% of the fixed-arm mean.
  note: still identical for ['SWE'] -- expected only if that
        variable is genuinely insensitive to leaf area.

US-SP4  historical/MRI-ESM2-0:fixed_lma
  Sl_H  fixed=0.019608  dyn(final)=0.020401
  variable verdict       max|diff|   mean|diff| as % of |fixed|
  LAI_H    differs        0.283805                       1.353%
  An_H     differs       0.0121548                       0.318%
  B_H      differs         21.4527                       0.025%
  T_H      differs       0.0455566                       0.870%
  EIn_H    differs       0.0320939                       0.595%
  EG       differs      0.00424138                       3.226%
  QE       differs         30.7002                       0.648%
  H        differs         25.8064                       0.318%
  Rn       differs         8.10212                       0.127%
  SWE      IDENTICAL             0                       0.000%  <--
  Lk       differs       0.0690677                       1.503%

  OK: the arms differ. LAI_H mean |diff| = 1.35% of the fixed-arm mean.
  note: still identical for ['SWE'] -- expected only if that
        variable is genuinely insensitive to leaf area.

US-SP4  historical/UKESM1-0-LL:fixed_lma
  Sl_H  fixed=0.019608  dyn(final)=0.019709
  variable verdict       max|diff|   mean|diff| as % of |fixed|
  LAI_H    differs        0.304446                       0.892%
  An_H     differs       0.0131229                       0.206%
  B_H      differs         10.5935                       0.017%
  T_H      differs       0.0130682                       0.608%
  EIn_H    differs        0.024043                       0.375%
  EG       differs      0.00884368                       2.314%
  QE       differs         15.0286                       0.447%
  H        differs         17.8513                       0.227%
  Rn       differs         5.47993                       0.104%
  SWE      IDENTICAL             0                       0.000%  <--
  Lk       differs       0.0650572                       1.495%

  OK: the arms differ. LAI_H mean |diff| = 0.89% of the fixed-arm mean.
  note: still identical for ['SWE'] -- expected only if that
        variable is genuinely insensitive to leaf area.

US-SSH  historical/GFDL-ESM4:fixed_lma
  Sl_H  fixed=0.028662  dyn(final)=0.025279
  variable verdict       max|diff|   mean|diff| as % of |fixed|
  LAI_H    differs         1.23434                       3.845%
  An_H     differs        0.308508                       0.605%
  B_H      differs         38.0632                       0.116%
  T_H      differs       0.0134645                       1.918%
  EIn_H    differs       0.0696249                       2.057%
  EG       differs       0.0374915                       2.915%
  QE       differs         35.2651                       1.326%
  H        differs         106.907                       1.434%
  Rn       differs         74.4892                       0.337%
  SWE      differs          1.0021                       0.585%
  Lk       differs            0.01                       9.974%

  OK: the arms differ. LAI_H mean |diff| = 3.84% of the fixed-arm mean.

US-SSH  historical/IPSL-CM6A-LR:fixed_lma
  Sl_H  fixed=0.028662  dyn(final)=0.026772
  variable verdict       max|diff|   mean|diff| as % of |fixed|
  LAI_H    differs         1.12928                       5.313%
  An_H     differs        0.268051                       0.770%
  B_H      differs         38.5244                       0.112%
  T_H      differs       0.0140332                       2.668%
  EIn_H    differs        0.115302                       3.012%
  EG       differs       0.0242437                       3.652%
  QE       differs         77.6153                       1.878%
  H        differs         227.769                       1.930%
  Rn       differs         68.7043                       0.455%
  SWE      differs          0.6299                       0.443%
  Lk       differs            0.01                      11.507%

  OK: the arms differ. LAI_H mean |diff| = 5.31% of the fixed-arm mean.

US-SSH  historical/MPI-ESM1-2-HR:fixed_lma
  Sl_H  fixed=0.028662  dyn(final)=0.027989
  variable verdict       max|diff|   mean|diff| as % of |fixed|
  LAI_H    differs         1.34919                       6.970%
  An_H     differs        0.269175                       1.015%
  B_H      differs          130.29                       0.370%
  T_H      differs       0.0610069                       3.680%
  EIn_H    differs        0.133699                       4.190%
  EG       differs       0.0362135                       4.860%
  QE       differs         87.2487                       2.686%
  H        differs           177.4                       2.655%
  Rn       differs         72.2553                       0.658%
  SWE      differs         1.04803                       0.875%
  Lk       differs            0.01                      12.299%

  OK: the arms differ. LAI_H mean |diff| = 6.97% of the fixed-arm mean.

US-SSH  historical/MRI-ESM2-0:fixed_lma
  Sl_H  fixed=0.028662  dyn(final)=0.025185
  variable verdict       max|diff|   mean|diff| as % of |fixed|
  LAI_H    differs         1.49188                       6.453%
  An_H     differs        0.456963                       0.925%
  B_H      differs         117.152                       0.351%
  T_H      differs       0.0174843                       3.211%
  EIn_H    differs        0.150799                       3.002%
  EG       differs        0.022309                       4.276%
  QE       differs         90.6226                       2.058%
  H        differs         135.058                       2.095%
  Rn       differs         47.0429                       0.487%
  SWE      differs         1.44413                       0.898%
  Lk       differs            0.01                      14.505%

  OK: the arms differ. LAI_H mean |diff| = 6.45% of the fixed-arm mean.

US-SSH  historical/UKESM1-0-LL:fixed_lma
  Sl_H  fixed=0.028662  dyn(final)=0.029881
  variable verdict       max|diff|   mean|diff| as % of |fixed|
  LAI_H    differs         1.18941                       5.780%
  An_H     differs        0.305472                       0.912%
  B_H      differs         71.6891                       0.206%
  T_H      differs       0.0184462                       2.948%
  EIn_H    differs        0.112712                       3.085%
  EG       differs       0.0515561                       4.164%
  QE       differs         76.8613                       2.118%
  H        differs         131.308                       2.140%
  Rn       differs         76.4734                       0.578%
  SWE      differs         1.51786                       1.038%
  Lk       differs            0.01                      10.674%

  OK: the arms differ. LAI_H mean |diff| = 5.78% of the fixed-arm mean.

US-Slt
  FAIL: no fixed_lma/dyn_lma pair found matching 'historical/*:*'. Nothing was
        compared, which is not the same as a pass -- check the run
        tree under /vol_efthymios/NFS07/dd1136/T_and_C/model_run/US-Slt.

US-TEF  historical/GFDL-ESM4:fixed_lma
  Sl_H  fixed=0.020510  dyn(final)=0.018035
  variable verdict       max|diff|   mean|diff| as % of |fixed|
  LAI_H    differs         1.77214                       9.603%
  An_H     differs         10.4839                       8.442%
  B_H      differs         28.8525                       0.159%
  T_H      differs         0.14493                       7.390%
  EIn_H    differs        0.179387                       9.418%
  EG       differs       0.0240689                      12.485%
  QE       differs         111.765                       6.436%
  H        differs         175.062                       4.354%
  Rn       differs         227.263                       0.519%
  SWE      differs         4.25805                       2.298%
  Lk       differs       0.0146542                      10.255%

  OK: the arms differ. LAI_H mean |diff| = 9.60% of the fixed-arm mean.

US-TEF  historical/IPSL-CM6A-LR:fixed_lma
  Sl_H  fixed=0.020510  dyn(final)=0.019396
  variable verdict       max|diff|   mean|diff| as % of |fixed|
  LAI_H    differs         1.13039                       8.363%
  An_H     differs         10.1916                       9.540%
  B_H      differs         34.3469                       0.328%
  T_H      differs        0.209999                       7.751%
  EIn_H    differs        0.104233                       9.688%
  EG       differs       0.0264882                      13.353%
  QE       differs         141.867                       6.839%
  H        differs         242.048                       4.542%
  Rn       differs         211.518                       0.527%
  SWE      differs         3.89156                       2.100%
  Lk       differs      0.00271678                      18.372%

  OK: the arms differ. LAI_H mean |diff| = 8.36% of the fixed-arm mean.

US-TEF  historical/MPI-ESM1-2-HR:fixed_lma
  Sl_H  fixed=0.020510  dyn(final)=0.020811
  variable verdict       max|diff|   mean|diff| as % of |fixed|
  LAI_H    differs         2.75982                      13.306%
  An_H     differs         10.3549                      12.976%
  B_H      differs         57.6893                       0.216%
  T_H      differs         0.18149                      11.500%
  EIn_H    differs        0.260916                      14.946%
  EG       differs       0.0428889                      17.889%
  QE       differs         153.178                      10.135%
  H        differs         231.599                       6.662%
  Rn       differs         242.416                       0.878%
  SWE      differs         8.47768                       3.435%
  Lk       differs       0.0463117                      33.782%

  OK: the arms differ. LAI_H mean |diff| = 13.31% of the fixed-arm mean.

US-TEF  historical/MRI-ESM2-0:fixed_lma
  Sl_H  fixed=0.020510  dyn(final)=0.019305
  variable verdict       max|diff|   mean|diff| as % of |fixed|
  LAI_H    differs         1.86144                       9.891%
  An_H     differs         10.3857                       9.459%
  B_H      differs         22.5657                       0.195%
  T_H      differs        0.158685                       8.639%
  EIn_H    differs         0.17657                      11.577%
  EG       differs       0.0556598                      16.620%
  QE       differs         112.907                       7.626%
  H        differs         246.998                       5.113%
  Rn       differs         282.498                       0.588%
  SWE      differs         5.68736                       3.248%
  Lk       differs      0.00508545                       6.818%

  OK: the arms differ. LAI_H mean |diff| = 9.89% of the fixed-arm mean.

US-TEF  historical/UKESM1-0-LL:fixed_lma
  Sl_H  fixed=0.020510  dyn(final)=0.017389
  variable verdict       max|diff|   mean|diff| as % of |fixed|
  LAI_H    differs         2.39032                      13.932%
  An_H     differs         11.8808                      14.956%
  B_H      differs         34.9397                       0.315%
  T_H      differs        0.287343                      12.601%
  EIn_H    differs        0.246113                      15.449%
  EG       differs       0.0703912                      22.755%
  QE       differs         194.597                      11.151%
  H        differs         281.867                       7.236%
  Rn       differs         262.138                       0.958%
  SWE      differs         10.8716                       4.519%
  Lk       differs       0.0153814                      81.061%

  OK: the arms differ. LAI_H mean |diff| = 13.93% of the fixed-arm mean.

US-UMB  historical/GFDL-ESM4:fixed_lma
  Sl_H  fixed=0.018991  dyn(final)=0.017313
  variable verdict       max|diff|   mean|diff| as % of |fixed|
  LAI_H    differs        0.921747                       7.933%
  An_H     differs         1.81079                       3.073%
  B_H      differs         27.8029                       0.164%
  T_H      differs       0.0652992                       3.461%
  EIn_H    differs       0.0933372                       5.489%
  EG       differs        0.049994                      10.721%
  QE       differs         44.2465                       3.449%
  H        differs         42.5032                       4.060%
  Rn       differs         76.6567                       0.894%
  SWE      differs          4.2771                       0.936%
  Lk       differs        0.616214                      24.398%

  OK: the arms differ. LAI_H mean |diff| = 7.93% of the fixed-arm mean.

US-UMB  historical/IPSL-CM6A-LR:fixed_lma
  Sl_H  fixed=0.018990  dyn(final)=0.017982
  variable verdict       max|diff|   mean|diff| as % of |fixed|
  LAI_H    differs         1.40909                       9.055%
  An_H     differs         2.09035                       3.385%
  B_H      differs         94.7575                       0.442%
  T_H      differs       0.0911729                       4.039%
  EIn_H    differs        0.137786                       6.396%
  EG       differs       0.0341041                      11.244%
  QE       differs         91.6484                       3.779%
  H        differs         124.428                       4.837%
  Rn       differs         68.5195                       1.030%
  SWE      differs         2.43972                       0.679%
  Lk       differs        0.605568                      22.233%

  OK: the arms differ. LAI_H mean |diff| = 9.06% of the fixed-arm mean.

US-UMB  historical/MPI-ESM1-2-HR:fixed_lma
  Sl_H  fixed=0.018989  dyn(final)=0.021122
  variable verdict       max|diff|   mean|diff| as % of |fixed|
  LAI_H    differs          1.6805                      10.000%
  An_H     differs         1.58407                       3.724%
  B_H      differs         59.8147                       0.342%
  T_H      differs       0.0994848                       4.199%
  EIn_H    differs        0.120591                       6.648%
  EG       differs         0.05137                      13.995%
  QE       differs         67.5582                       4.162%
  H        differs         161.119                       4.919%
  Rn       differs         71.7353                       1.047%
  SWE      differs          3.2565                       1.003%
  Lk       differs         0.81963                      24.572%

  OK: the arms differ. LAI_H mean |diff| = 10.00% of the fixed-arm mean.

US-UMB  historical/MRI-ESM2-0:fixed_lma
  Sl_H  fixed=0.018989  dyn(final)=0.018863
  variable verdict       max|diff|   mean|diff| as % of |fixed|
  LAI_H    differs        0.665121                       5.403%
  An_H     differs         1.70765                       2.286%
  B_H      differs         61.6718                       0.278%
  T_H      differs       0.0244224                       2.321%
  EIn_H    differs        0.075152                       4.282%
  EG       differs       0.0631186                      11.146%
  QE       differs         43.3525                       2.784%
  H        differs         114.209                       3.215%
  Rn       differs         78.0658                       0.714%
  SWE      differs         2.85023                       0.728%
  Lk       differs        0.458901                      21.605%

  OK: the arms differ. LAI_H mean |diff| = 5.40% of the fixed-arm mean.

US-UMB  historical/UKESM1-0-LL:fixed_lma
  Sl_H  fixed=0.018991  dyn(final)=0.016796
  variable verdict       max|diff|   mean|diff| as % of |fixed|
  LAI_H    differs         2.11951                      13.057%
  An_H     differs         2.23536                       4.867%
  B_H      differs         255.659                       1.162%
  T_H      differs       0.0899832                       5.366%
  EIn_H    differs          0.1648                       9.327%
  EG       differs       0.0517066                      14.646%
  QE       differs         89.4968                       5.240%
  H        differs          270.05                       6.404%
  Rn       differs         69.5943                       1.330%
  SWE      differs         3.54632                       1.359%
  Lk       differs        0.505777                      32.976%

  OK: the arms differ. LAI_H mean |diff| = 13.06% of the fixed-arm mean.

US-UMd  historical/GFDL-ESM4:fixed_lma
  Sl_H  fixed=0.018991  dyn(final)=0.017313
  variable verdict       max|diff|   mean|diff| as % of |fixed|
  LAI_H    differs        0.951821                       8.279%
  An_H     differs         2.50437                       3.540%
  B_H      differs         27.5805                       0.147%
  T_H      differs       0.0711682                       4.425%
  EIn_H    differs       0.0778302                       6.476%
  EG       differs       0.0586535                      13.937%
  QE       differs         50.2537                       4.308%
  H        differs         162.515                       4.300%
  Rn       differs          70.541                       0.881%
  SWE      differs         3.18887                       1.068%
  Lk       differs        0.968848                      28.934%

  OK: the arms differ. LAI_H mean |diff| = 8.28% of the fixed-arm mean.

US-UMd  historical/IPSL-CM6A-LR:fixed_lma
  Sl_H  fixed=0.018990  dyn(final)=0.017982
  variable verdict       max|diff|   mean|diff| as % of |fixed|
  LAI_H    differs         1.41715                       8.773%
  An_H     differs         1.30966                       2.973%
  B_H      differs          85.222                       0.411%
  T_H      differs        0.141667                       5.024%
  EIn_H    differs        0.151415                       6.655%
  EG       differs       0.0445282                      13.046%
  QE       differs         96.1106                       4.491%
  H        differs         142.575                       4.500%
  Rn       differs         63.5564                       0.847%
  SWE      differs         2.58524                       0.860%
  Lk       differs        0.410698                      17.361%

  OK: the arms differ. LAI_H mean |diff| = 8.77% of the fixed-arm mean.

US-UMd  historical/MPI-ESM1-2-HR:fixed_lma
  Sl_H  fixed=0.018989  dyn(final)=0.021122
  variable verdict       max|diff|   mean|diff| as % of |fixed|
  LAI_H    differs         1.57398                      10.000%
  An_H     differs         1.83374                       3.427%
  B_H      differs         43.7354                       0.261%
  T_H      differs        0.140022                       4.862%
  EIn_H    differs       0.0992899                       6.857%
  EG       differs       0.0567226                      15.008%
  QE       differs         94.7209                       4.627%
  H        differs         274.545                       4.506%
  Rn       differs         81.1116                       0.855%
  SWE      differs         2.81302                       1.298%
  Lk       differs        0.434703                      27.047%

  OK: the arms differ. LAI_H mean |diff| = 10.00% of the fixed-arm mean.

US-UMd  historical/MRI-ESM2-0:fixed_lma
  Sl_H  fixed=0.018989  dyn(final)=0.018863
  variable verdict       max|diff|   mean|diff| as % of |fixed|
  LAI_H    differs        0.751405                       5.459%
  An_H     differs         2.89699                       2.367%
  B_H      differs         40.4433                       0.190%
  T_H      differs       0.0560721                       2.785%
  EIn_H    differs       0.0771237                       4.284%
  EG       differs       0.0763094                      12.391%
  QE       differs         52.5363                       3.169%
  H        differs         103.061                       3.122%
  Rn       differs         75.6819                       0.690%
  SWE      differs         2.34518                       0.893%
  Lk       differs        0.405006                      22.203%

  OK: the arms differ. LAI_H mean |diff| = 5.46% of the fixed-arm mean.

US-UMd  historical/UKESM1-0-LL:fixed_lma
  Sl_H  fixed=0.018991  dyn(final)=0.016796
  variable verdict       max|diff|   mean|diff| as % of |fixed|
  LAI_H    differs          2.0739                      12.582%
  An_H     differs         1.69276                       4.237%
  B_H      differs          239.69                       1.098%
  T_H      differs        0.101844                       6.080%
  EIn_H    differs        0.180634                       8.979%
  EG       differs        0.076805                      17.294%
  QE       differs         117.356                       5.931%
  H        differs         367.677                       5.746%
  Rn       differs          62.351                       0.999%
  SWE      differs         4.44634                       1.645%
  Lk       differs        0.556456                      24.707%

  OK: the arms differ. LAI_H mean |diff| = 12.58% of the fixed-arm mean.

US-Vcp  historical/GFDL-ESM4:fixed_lma
  Sl_H  fixed=0.017252  dyn(final)=0.016722
  variable verdict       max|diff|   mean|diff| as % of |fixed|
  LAI_H    differs         1.19195                       7.976%
  An_H     differs         9.95975                       8.238%
  B_H      differs         49.9895                       0.252%
  T_H      differs        0.179195                       7.053%
  EIn_H    differs        0.141527                       7.673%
  EG       differs       0.0371781                      13.987%
  QE       differs         121.477                       6.254%
  H        differs         124.815                       6.169%
  Rn       differs         187.542                       0.602%
  SWE      differs         7.44447                       4.182%
  Lk       differs     0.000708356                      26.456%

  OK: the arms differ. LAI_H mean |diff| = 7.98% of the fixed-arm mean.

US-Vcp  historical/IPSL-CM6A-LR:fixed_lma
  Sl_H  fixed=0.017252  dyn(final)=0.016028
  variable verdict       max|diff|   mean|diff| as % of |fixed|
  LAI_H    differs         1.24424                       9.552%
  An_H     differs         10.7144                       9.823%
  B_H      differs         60.4013                       0.251%
  T_H      differs        0.295842                       8.234%
  EIn_H    differs        0.203527                      10.169%
  EG       differs       0.0414914                      18.843%
  QE       differs         222.182                       7.344%
  H        differs         187.284                       7.684%
  Rn       differs         220.851                       0.744%
  SWE      differs         10.9996                       5.352%
  Lk       differs     0.000175417                      16.628%

  OK: the arms differ. LAI_H mean |diff| = 9.55% of the fixed-arm mean.

US-Vcp  historical/MPI-ESM1-2-HR:fixed_lma
  Sl_H  fixed=0.017252  dyn(final)=0.017719
  variable verdict       max|diff|   mean|diff| as % of |fixed|
  LAI_H    differs         1.95345                       9.786%
  An_H     differs         10.5128                       9.781%
  B_H      differs         77.0688                       0.438%
  T_H      differs        0.183754                       7.926%
  EIn_H    differs        0.179316                       9.302%
  EG       differs       0.0445823                      14.256%
  QE       differs         124.738                       6.820%
  H        differs         244.387                       7.870%
  Rn       differs         124.249                       0.708%
  SWE      differs         8.66296                       3.253%
  Lk       differs        0.110279                      27.557%

  OK: the arms differ. LAI_H mean |diff| = 9.79% of the fixed-arm mean.

US-Vcp  historical/MRI-ESM2-0:fixed_lma
  Sl_H  fixed=0.017252  dyn(final)=0.015674
  variable verdict       max|diff|   mean|diff| as % of |fixed|
  LAI_H    differs         1.01691                      10.236%
  An_H     differs         9.10931                       9.127%
  B_H      differs         18.4258                       0.176%
  T_H      differs        0.173454                       8.165%
  EIn_H    differs        0.105347                       9.394%
  EG       differs       0.0350481                      15.954%
  QE       differs         117.738                       7.288%
  H        differs         202.528                       8.065%
  Rn       differs         153.813                       0.746%
  SWE      differs         13.9719                       4.792%
  Lk       differs       0.0729097                      47.327%

  OK: the arms differ. LAI_H mean |diff| = 10.24% of the fixed-arm mean.

US-Vcp  historical/UKESM1-0-LL:fixed_lma
  Sl_H  fixed=0.017252  dyn(final)=0.018714
  variable verdict       max|diff|   mean|diff| as % of |fixed|
  LAI_H    differs        0.852432                       7.824%
  An_H     differs          8.4751                       7.826%
  B_H      differs         28.1196                       0.193%
  T_H      differs        0.153761                       6.456%
  EIn_H    differs       0.0690937                       7.224%
  EG       differs       0.0286897                      12.723%
  QE       differs         117.443                       5.828%
  H        differs         211.375                       5.992%
  Rn       differs          169.15                       0.607%
  SWE      differs         6.28629                       2.679%
  Lk       differs      0.00483747                      18.429%

  OK: the arms differ. LAI_H mean |diff| = 7.82% of the fixed-arm mean.

US-Vcs  historical/GFDL-ESM4:fixed_lma
  Sl_H  fixed=0.017252  dyn(final)=0.016722
  variable verdict       max|diff|   mean|diff| as % of |fixed|
  LAI_H    differs         1.05443                       7.914%
  An_H     differs         11.7365                       7.931%
  B_H      differs          26.238                       0.224%
  T_H      differs        0.299716                       7.043%
  EIn_H    differs        0.107437                       7.652%
  EG       differs        0.051352                      13.271%
  QE       differs          203.29                       6.391%
  H        differs         183.085                       6.683%
  Rn       differs         179.388                       0.730%
  SWE      differs         5.78219                       2.848%
  Lk       differs     0.000594177                       5.138%

  OK: the arms differ. LAI_H mean |diff| = 7.91% of the fixed-arm mean.

US-Vcs  historical/IPSL-CM6A-LR:fixed_lma
  Sl_H  fixed=0.017252  dyn(final)=0.016028
  variable verdict       max|diff|   mean|diff| as % of |fixed|
  LAI_H    differs          1.2627                       9.106%
  An_H     differs         11.7057                       8.571%
  B_H      differs         34.1587                       0.217%
  T_H      differs        0.355503                       7.769%
  EIn_H    differs       0.0890408                       8.630%
  EG       differs        0.051928                      14.718%
  QE       differs          240.85                       6.925%
  H        differs         223.631                       7.725%
  Rn       differs         161.868                       0.817%
  SWE      differs         11.5133                       4.990%
  Lk       differs     0.000986363                       4.371%

  OK: the arms differ. LAI_H mean |diff| = 9.11% of the fixed-arm mean.

US-Vcs  historical/MPI-ESM1-2-HR:fixed_lma
  Sl_H  fixed=0.017252  dyn(final)=0.017719
  variable verdict       max|diff|   mean|diff| as % of |fixed|
  LAI_H    differs         2.02124                       9.856%
  An_H     differs         11.6812                       8.730%
  B_H      differs         55.7101                       0.337%
  T_H      differs        0.342819                       7.469%
  EIn_H    differs        0.211072                       8.803%
  EG       differs       0.0530679                      13.121%
  QE       differs         231.957                       6.839%
  H        differs         215.064                       8.080%
  Rn       differs         275.478                       0.853%
  SWE      differs          9.0152                       3.575%
  Lk       differs        0.341924                      36.222%

  OK: the arms differ. LAI_H mean |diff| = 9.86% of the fixed-arm mean.

US-Vcs  historical/MRI-ESM2-0:fixed_lma
  Sl_H  fixed=0.017252  dyn(final)=0.015674
  variable verdict       max|diff|   mean|diff| as % of |fixed|
  LAI_H    differs         0.96915                      10.610%
  An_H     differs         10.6246                       9.337%
  B_H      differs         23.2414                       0.203%
  T_H      differs        0.286813                       8.654%
  EIn_H    differs        0.101048                      10.080%
  EG       differs       0.0482646                      15.959%
  QE       differs         244.564                       7.728%
  H        differs         201.199                       8.753%
  Rn       differs         195.983                       0.908%
  SWE      differs         28.8473                       7.226%
  Lk       differs         0.17795                      63.891%

  OK: the arms differ. LAI_H mean |diff| = 10.61% of the fixed-arm mean.

US-Vcs  historical/UKESM1-0-LL:fixed_lma
  Sl_H  fixed=0.017252  dyn(final)=0.018714
  variable verdict       max|diff|   mean|diff| as % of |fixed|
  LAI_H    differs        0.840543                       8.402%
  An_H     differs         11.9983                       8.233%
  B_H      differs          21.292                       0.137%
  T_H      differs        0.277045                       7.320%
  EIn_H    differs       0.0732573                       8.170%
  EG       differs       0.0505974                      14.386%
  QE       differs         187.432                       6.654%
  H        differs         174.767                       6.931%
  Rn       differs         227.613                       0.674%
  SWE      differs         7.53344                       2.964%
  Lk       differs       0.0905423                      27.233%

  OK: the arms differ. LAI_H mean |diff| = 8.40% of the fixed-arm mean.

US-WBW  historical/GFDL-ESM4:fixed_lma
  Sl_H  fixed=0.019808  dyn(final)=0.018131
  variable verdict       max|diff|   mean|diff| as % of |fixed|
  LAI_H    differs        0.626506                       3.715%
  An_H     differs        0.436777                       0.839%
  B_H      differs         35.2118                       0.111%
  T_H      differs       0.0155274                       1.465%
  EIn_H    differs       0.0536726                       2.179%
  EG       differs       0.0476943                       2.116%
  QE       differs         30.7059                       0.970%
  H        differs         142.567                       0.977%
  Rn       differs         62.1672                       0.232%
  SWE      differs        0.454994                       0.477%
  Lk       differs       0.0882595                       1.279%

  OK: the arms differ. LAI_H mean |diff| = 3.72% of the fixed-arm mean.

US-WBW  historical/IPSL-CM6A-LR:fixed_lma
  Sl_H  fixed=0.019808  dyn(final)=0.019347
  variable verdict       max|diff|   mean|diff| as % of |fixed|
  LAI_H    differs        0.546929                       4.192%
  An_H     differs        0.329472                       0.941%
  B_H      differs          51.027                       0.134%
  T_H      differs       0.0201418                       1.651%
  EIn_H    differs       0.0497249                       2.841%
  EG       differs       0.0276625                       2.596%
  QE       differs         28.9372                       1.180%
  H        differs         157.181                       1.297%
  Rn       differs         57.3293                       0.289%
  SWE      differs         1.00816                       0.693%
  Lk       differs       0.0719139                       1.389%

  OK: the arms differ. LAI_H mean |diff| = 4.19% of the fixed-arm mean.

US-WBW  historical/MPI-ESM1-2-HR:fixed_lma
  Sl_H  fixed=0.019808  dyn(final)=0.020022
  variable verdict       max|diff|   mean|diff| as % of |fixed|
  LAI_H    differs        0.727204                       6.015%
  An_H     differs        0.461894                       1.353%
  B_H      differs         59.7341                       0.244%
  T_H      differs       0.0163149                       2.424%
  EIn_H    differs        0.073482                       3.810%
  EG       differs       0.0498646                       3.393%
  QE       differs         38.5002                       1.634%
  H        differs         170.324                       1.637%
  Rn       differs         51.5198                       0.377%
  SWE      differs          0.8192                       1.121%
  Lk       differs       0.0812511                       1.826%

  OK: the arms differ. LAI_H mean |diff| = 6.01% of the fixed-arm mean.

US-WBW  historical/MRI-ESM2-0:fixed_lma
  Sl_H  fixed=0.019808  dyn(final)=0.019153
  variable verdict       max|diff|   mean|diff| as % of |fixed|
  LAI_H    differs        0.781234                       6.018%
  An_H     differs         0.47933                       1.314%
  B_H      differs         122.782                       0.431%
  T_H      differs       0.0134598                       2.342%
  EIn_H    differs       0.0805429                       3.539%
  EG       differs       0.0344534                       3.246%
  QE       differs         45.7512                       1.510%
  H        differs         213.094                       1.573%
  Rn       differs         40.9956                       0.374%
  SWE      differs          1.3908                       1.129%
  Lk       differs        0.275636                       1.776%

  OK: the arms differ. LAI_H mean |diff| = 6.02% of the fixed-arm mean.

US-WBW  historical/UKESM1-0-LL:fixed_lma
  Sl_H  fixed=0.019808  dyn(final)=0.020257
  variable verdict       max|diff|   mean|diff| as % of |fixed|
  LAI_H    differs        0.946667                       5.208%
  An_H     differs         1.28644                       1.221%
  B_H      differs         114.172                       0.393%
  T_H      differs       0.0342163                       2.054%
  EIn_H    differs       0.0807163                       3.325%
  EG       differs       0.0312038                       3.021%
  QE       differs         50.9116                       1.445%
  H        differs          122.58                       1.514%
  Rn       differs         51.1433                       0.367%
  SWE      differs        0.781103                       1.104%
  Lk       differs       0.0804027                       1.671%

  OK: the arms differ. LAI_H mean |diff| = 5.21% of the fixed-arm mean.

US-WCr  historical/GFDL-ESM4:fixed_lma
  Sl_H  fixed=0.018991  dyn(final)=0.017313
  variable verdict       max|diff|   mean|diff| as % of |fixed|
  LAI_H    differs        0.909449                       7.658%
  An_H     differs         3.85924                       2.883%
  B_H      differs         30.4549                       0.187%
  T_H      differs       0.0287373                       3.558%
  EIn_H    differs       0.0868549                       6.624%
  EG       differs       0.0716829                       9.981%
  QE       differs          55.289                       3.452%
  H        differs         128.937                       3.863%
  Rn       differs         81.2869                       0.651%
  SWE      differs          3.8545                       1.375%
  Lk       differs        0.749502                      20.263%

  OK: the arms differ. LAI_H mean |diff| = 7.66% of the fixed-arm mean.

US-WCr  historical/IPSL-CM6A-LR:fixed_lma
  Sl_H  fixed=0.018990  dyn(final)=0.017982
  variable verdict       max|diff|   mean|diff| as % of |fixed|
  LAI_H    differs         1.35813                       8.695%
  An_H     differs         6.03662                       3.154%
  B_H      differs         63.9809                       0.328%
  T_H      differs        0.030786                       4.044%
  EIn_H    differs        0.140289                       6.084%
  EG       differs       0.0713477                       9.274%
  QE       differs         94.5343                       3.381%
  H        differs         132.006                       4.172%
  Rn       differs         86.1889                       0.660%
  SWE      differs         3.39415                       1.508%
  Lk       differs         30.2304                      30.226%

  OK: the arms differ. LAI_H mean |diff| = 8.69% of the fixed-arm mean.

US-WCr  historical/MPI-ESM1-2-HR:fixed_lma
  Sl_H  fixed=0.018989  dyn(final)=0.021122
  variable verdict       max|diff|   mean|diff| as % of |fixed|
  LAI_H    differs         1.60979                       9.996%
  An_H     differs         1.54842                       3.565%
  B_H      differs         48.8858                       0.329%
  T_H      differs       0.0255306                       4.581%
  EIn_H    differs        0.170843                       7.978%
  EG       differs       0.0759899                      10.607%
  QE       differs           115.7                       3.886%
  H        differs         106.223                       4.428%
  Rn       differs         94.8516                       0.759%
  SWE      differs         2.14007                       1.212%
  Lk       differs        0.693587                      18.926%

  OK: the arms differ. LAI_H mean |diff| = 10.00% of the fixed-arm mean.

US-WCr  historical/MRI-ESM2-0:fixed_lma
  Sl_H  fixed=0.018989  dyn(final)=0.018863
  variable verdict       max|diff|   mean|diff| as % of |fixed|
  LAI_H    differs        0.672257                       5.188%
  An_H     differs         1.24955                       2.072%
  B_H      differs         28.0254                       0.206%
  T_H      differs       0.0165144                       2.509%
  EIn_H    differs       0.0717708                       3.997%
  EG       differs       0.0908201                       8.348%
  QE       differs         62.3009                       2.584%
  H        differs         106.295                       2.854%
  Rn       differs         76.2581                       0.488%
  SWE      differs         1.17241                       0.857%
  Lk       differs         3.06803                      18.280%

  OK: the arms differ. LAI_H mean |diff| = 5.19% of the fixed-arm mean.

US-WCr  historical/UKESM1-0-LL:fixed_lma
  Sl_H  fixed=0.018991  dyn(final)=0.016796
  variable verdict       max|diff|   mean|diff| as % of |fixed|
  LAI_H    differs         2.07848                      12.557%
  An_H     differs          7.9918                       4.325%
  B_H      differs         210.712                       1.125%
  T_H      differs       0.0586983                       5.660%
  EIn_H    differs         0.23621                      10.165%
  EG       differs       0.0616147                      12.821%
  QE       differs         152.006                       4.865%
  H        differs         175.504                       5.889%
  Rn       differs         72.0608                       0.816%
  SWE      differs         2.34932                       1.705%
  Lk       differs        0.466317                      21.430%

  OK: the arms differ. LAI_H mean |diff| = 12.56% of the fixed-arm mean.

US-Wi1  historical/GFDL-ESM4:fixed_lma
  SKIP  no single RES_*.mat for fixed_lma and dyn_lma

US-Wi1  historical/IPSL-CM6A-LR:fixed_lma
  SKIP  no single RES_*.mat for fixed_lma and dyn_lma

US-Wi1  historical/MPI-ESM1-2-HR:fixed_lma
  SKIP  no single RES_*.mat for fixed_lma and dyn_lma

US-Wi1  historical/MRI-ESM2-0:fixed_lma
  SKIP  no single RES_*.mat for fixed_lma and dyn_lma

US-Wi1  historical/UKESM1-0-LL:fixed_lma
  SKIP  no single RES_*.mat for fixed_lma and dyn_lma

US-Wi2  historical/GFDL-ESM4:fixed_lma
  SKIP  no single RES_*.mat for fixed_lma and dyn_lma

US-Wi2  historical/IPSL-CM6A-LR:fixed_lma
  SKIP  no single RES_*.mat for fixed_lma and dyn_lma

US-Wi2  historical/MPI-ESM1-2-HR:fixed_lma
  SKIP  no single RES_*.mat for fixed_lma and dyn_lma

US-Wi2  historical/MRI-ESM2-0:fixed_lma
  SKIP  no single RES_*.mat for fixed_lma and dyn_lma

US-Wi2  historical/UKESM1-0-LL:fixed_lma
  SKIP  no single RES_*.mat for fixed_lma and dyn_lma

US-Wi3  historical/GFDL-ESM4:fixed_lma
  Sl_H  fixed=0.017786  dyn(final)=0.016043
  variable verdict       max|diff|   mean|diff| as % of |fixed|
  LAI_H    differs        0.956334                       8.114%
  An_H     differs         2.61833                       3.523%
  B_H      differs         59.1014                       0.351%
  T_H      differs       0.0316887                       4.053%
  EIn_H    differs       0.0863888                       6.917%
  EG       differs       0.0868424                      14.843%
  QE       differs         59.8303                       4.468%
  H        differs         263.037                       4.394%
  Rn       differs         94.4433                       0.719%
  SWE      differs         1.53132                       1.198%
  Lk       differs        0.732928                      23.040%

  OK: the arms differ. LAI_H mean |diff| = 8.11% of the fixed-arm mean.

US-Wi3  historical/IPSL-CM6A-LR:fixed_lma
  Sl_H  fixed=0.017786  dyn(final)=0.016476
  variable verdict       max|diff|   mean|diff| as % of |fixed|
  LAI_H    differs         1.34977                       9.983%
  An_H     differs         4.57195                       3.806%
  B_H      differs         96.6365                       0.541%
  T_H      differs       0.0299828                       4.760%
  EIn_H    differs            0.12                       8.343%
  EG       differs       0.0751556                      13.526%
  QE       differs         77.6995                       4.765%
  H        differs         161.853                       5.228%
  Rn       differs         63.9176                       0.735%
  SWE      differs         2.60855                       1.482%
  Lk       differs         1.40097                      18.256%

  OK: the arms differ. LAI_H mean |diff| = 9.98% of the fixed-arm mean.

US-Wi3  historical/MPI-ESM1-2-HR:fixed_lma
  Sl_H  fixed=0.017786  dyn(final)=0.020121
  variable verdict       max|diff|   mean|diff| as % of |fixed|
  LAI_H    differs         1.59468                      10.969%
  An_H     differs         1.46149                       4.325%
  B_H      differs         44.4703                       0.283%
  T_H      differs       0.0263701                       5.276%
  EIn_H    differs        0.138015                       9.585%
  EG       differs        0.110703                      16.152%
  QE       differs         78.1037                       5.477%
  H        differs         174.637                       5.471%
  Rn       differs         78.5089                       0.857%
  SWE      differs         3.70129                       1.813%
  Lk       differs        0.776902                      24.489%

  OK: the arms differ. LAI_H mean |diff| = 10.97% of the fixed-arm mean.

US-Wi3  historical/MRI-ESM2-0:fixed_lma
  Sl_H  fixed=0.017786  dyn(final)=0.017801
  variable verdict       max|diff|   mean|diff| as % of |fixed|
  LAI_H    differs        0.715074                       5.874%
  An_H     differs          1.5054                       2.564%
  B_H      differs         30.3404                       0.276%
  T_H      differs       0.0208314                       2.975%
  EIn_H    differs       0.0770175                       5.753%
  EG       differs       0.0792697                      11.827%
  QE       differs         64.2595                       3.584%
  H        differs         130.277                       3.398%
  Rn       differs         88.2728                       0.622%
  SWE      differs         2.46446                       1.306%
  Lk       differs        0.737428                      19.652%

  OK: the arms differ. LAI_H mean |diff| = 5.87% of the fixed-arm mean.

US-Wi3  historical/UKESM1-0-LL:fixed_lma
  Sl_H  fixed=0.017786  dyn(final)=0.015177
  variable verdict       max|diff|   mean|diff| as % of |fixed|
  LAI_H    differs         2.77576                      14.724%
  An_H     differs         3.64058                       5.835%
  B_H      differs         241.282                       1.356%
  T_H      differs       0.0587664                       6.995%
  EIn_H    differs        0.265415                      13.894%
  EG       differs       0.0870701                      17.608%
  QE       differs         162.849                       6.662%
  H        differs         157.688                       7.204%
  Rn       differs         87.0452                       0.919%
  SWE      differs          4.4453                       1.875%
  Lk       differs        0.539948                      22.099%

  OK: the arms differ. LAI_H mean |diff| = 14.72% of the fixed-arm mean.

US-Wi4  historical/GFDL-ESM4:fixed_lma
  SKIP  no single RES_*.mat for fixed_lma and dyn_lma

US-Wi4  historical/IPSL-CM6A-LR:fixed_lma
  SKIP  no single RES_*.mat for fixed_lma and dyn_lma

US-Wi4  historical/MPI-ESM1-2-HR:fixed_lma
  SKIP  no single RES_*.mat for fixed_lma and dyn_lma

US-Wi4  historical/MRI-ESM2-0:fixed_lma
  SKIP  no single RES_*.mat for fixed_lma and dyn_lma

US-Wi4  historical/UKESM1-0-LL:fixed_lma
  SKIP  no single RES_*.mat for fixed_lma and dyn_lma

US-Wrc  historical/GFDL-ESM4:fixed_lma
  Sl_H  fixed=0.014646  dyn(final)=0.012737
  variable verdict       max|diff|   mean|diff| as % of |fixed|
  LAI_H    differs        0.645272                       3.046%
  An_H     differs           5.186                       1.381%
  B_H      differs         58.1474                       0.143%
  T_H      differs       0.0576336                       1.687%
  EIn_H    differs        0.164891                       2.411%
  EG       differs       0.0407461                       3.223%
  QE       differs         114.327                       1.602%
  H        differs         393.845                       1.561%
  Rn       differs         198.201                       0.099%
  SWE      differs         12.2632                       1.796%
  Lk       differs         1.38979                       5.616%

  OK: the arms differ. LAI_H mean |diff| = 3.05% of the fixed-arm mean.

US-Wrc  historical/IPSL-CM6A-LR:fixed_lma
  Sl_H  fixed=0.014646  dyn(final)=0.014039
  variable verdict       max|diff|   mean|diff| as % of |fixed|
  LAI_H    differs        0.475457                       3.277%
  An_H     differs         4.17136                       1.664%
  B_H      differs         43.7795                       0.094%
  T_H      differs       0.0519449                       1.884%
  EIn_H    differs        0.150962                       2.611%
  EG       differs       0.0574701                       3.639%
  QE       differs         156.726                       1.818%
  H        differs         480.704                       1.876%
  Rn       differs         240.624                       0.116%
  SWE      differs         5.54654                       1.868%
  Lk       differs        0.915598                       6.312%

  OK: the arms differ. LAI_H mean |diff| = 3.28% of the fixed-arm mean.

US-Wrc  historical/MPI-ESM1-2-HR:fixed_lma
  Sl_H  fixed=0.014646  dyn(final)=0.015562
  variable verdict       max|diff|   mean|diff| as % of |fixed|
  LAI_H    differs        0.344878                       3.215%
  An_H     differs         2.34184                       1.482%
  B_H      differs         19.8975                       0.060%
  T_H      differs       0.0631096                       1.731%
  EIn_H    differs        0.180209                       2.678%
  EG       differs       0.0241446                       3.111%
  QE       differs          165.51                       1.678%
  H        differs         308.675                       1.596%
  Rn       differs         222.769                       0.078%
  SWE      differs         4.72157                       1.118%
  Lk       differs         1.53773                       7.002%

  OK: the arms differ. LAI_H mean |diff| = 3.21% of the fixed-arm mean.

US-Wrc  historical/MRI-ESM2-0:fixed_lma
  Sl_H  fixed=0.014646  dyn(final)=0.013741
  variable verdict       max|diff|   mean|diff| as % of |fixed|
  LAI_H    differs        0.544925                       3.112%
  An_H     differs         5.83358                       1.436%
  B_H      differs         78.4237                       0.213%
  T_H      differs       0.0921263                       1.772%
  EIn_H    differs        0.306137                       2.720%
  EG       differs        0.101903                       4.144%
  QE       differs          310.49                       1.785%
  H        differs          538.74                       1.757%
  Rn       differs         303.001                       0.110%
  SWE      differs         7.32079                       3.311%
  Lk       differs         4.33635                       7.832%

  OK: the arms differ. LAI_H mean |diff| = 3.11% of the fixed-arm mean.

US-Wrc  historical/UKESM1-0-LL:fixed_lma
  Sl_H  fixed=0.014646  dyn(final)=0.014027
  variable verdict       max|diff|   mean|diff| as % of |fixed|
  LAI_H    differs        0.381686                       2.769%
  An_H     differs         3.39433                       1.389%
  B_H      differs         23.2859                       0.090%
  T_H      differs       0.0457972                       1.567%
  EIn_H    differs        0.100562                       2.189%
  EG       differs       0.0344805                       3.612%
  QE       differs         157.558                       1.524%
  H        differs         155.499                       1.492%
  Rn       differs         134.262                       0.062%
  SWE      differs         1.11317                       1.060%
  Lk       differs        0.608447                       5.276%

  OK: the arms differ. LAI_H mean |diff| = 2.77% of the fixed-arm mean.

US-xAB  historical/GFDL-ESM4:fixed_lma
  Sl_H  fixed=0.016080  dyn(final)=0.013889
  variable verdict       max|diff|   mean|diff| as % of |fixed|
  LAI_H    differs        0.755954                       3.247%
  An_H     differs         5.63871                       1.446%
  B_H      differs         56.4778                       0.138%
  T_H      differs       0.0570441                       1.626%
  EIn_H    differs       0.0760897                       1.956%
  EG       differs       0.0156385                       2.286%
  QE       differs         45.9573                       1.265%
  H        differs         100.823                       1.310%
  Rn       differs          11.385                       0.044%
  SWE      differs         2.21347                       1.213%
  Lk       differs        0.282195                       1.325%

  OK: the arms differ. LAI_H mean |diff| = 3.25% of the fixed-arm mean.

US-xAB  historical/IPSL-CM6A-LR:fixed_lma
  Sl_H  fixed=0.016080  dyn(final)=0.015417
  variable verdict       max|diff|   mean|diff| as % of |fixed|
  LAI_H    differs        0.605079                       3.581%
  An_H     differs         4.84639                       1.723%
  B_H      differs         62.0995                       0.107%
  T_H      differs       0.0582695                       1.856%
  EIn_H    differs        0.117474                       2.573%
  EG       differs       0.0394838                       2.640%
  QE       differs         50.2395                       1.506%
  H        differs           295.4                       1.612%
  Rn       differs         141.045                       0.064%
  SWE      differs         4.11973                       2.538%
  Lk       differs        0.221527                       1.286%

  OK: the arms differ. LAI_H mean |diff| = 3.58% of the fixed-arm mean.

US-xAB  historical/MPI-ESM1-2-HR:fixed_lma
  Sl_H  fixed=0.016080  dyn(final)=0.017173
  variable verdict       max|diff|   mean|diff| as % of |fixed|
  LAI_H    differs        0.416288                       3.398%
  An_H     differs         2.64621                       1.624%
  B_H      differs         17.4267                       0.070%
  T_H      differs       0.0309997                       1.708%
  EIn_H    differs       0.0509526                       2.187%
  EG       differs       0.0216309                       2.509%
  QE       differs         55.1602                       1.370%
  H        differs         165.038                       1.437%
  Rn       differs          91.898                       0.054%
  SWE      differs        0.382981                       0.410%
  Lk       differs        0.718738                       1.356%

  OK: the arms differ. LAI_H mean |diff| = 3.40% of the fixed-arm mean.

US-xAB  historical/MRI-ESM2-0:fixed_lma
  Sl_H  fixed=0.016080  dyn(final)=0.015078
  variable verdict       max|diff|   mean|diff| as % of |fixed|
  LAI_H    differs        0.625181                       3.428%
  An_H     differs          3.3699                       1.526%
  B_H      differs         64.5484                       0.145%
  T_H      differs       0.0324564                       1.710%
  EIn_H    differs       0.0640724                       2.104%
  EG       differs       0.0191761                       2.578%
  QE       differs         62.0561                       1.341%
  H        differs         114.866                       1.413%
  Rn       differs         145.929                       0.057%
  SWE      differs         2.19579                       1.583%
  Lk       differs        0.405225                       1.649%

  OK: the arms differ. LAI_H mean |diff| = 3.43% of the fixed-arm mean.

US-xAB  historical/UKESM1-0-LL:fixed_lma
  Sl_H  fixed=0.016080  dyn(final)=0.015323
  variable verdict       max|diff|   mean|diff| as % of |fixed|
  LAI_H    differs        0.471045                       2.948%
  An_H     differs         3.75093                       1.526%
  B_H      differs         21.6113                       0.076%
  T_H      differs        0.116357                       1.576%
  EIn_H    differs        0.102376                       1.999%
  EG       differs        0.020255                       2.130%
  QE       differs         78.4029                       1.281%
  H        differs         176.532                       1.348%
  Rn       differs         22.3895                       0.043%
  SWE      differs         2.57221                       2.233%
  Lk       differs        0.252404                       1.404%

  OK: the arms differ. LAI_H mean |diff| = 2.95% of the fixed-arm mean.

US-xBL  historical/GFDL-ESM4:fixed_lma
  Sl_H  fixed=0.024471  dyn(final)=0.022367
  variable verdict       max|diff|   mean|diff| as % of |fixed|
  LAI_H    differs        0.719048                       3.005%
  An_H     differs        0.232106                       0.669%
  B_H      differs         42.9871                       0.099%
  T_H      differs       0.0102702                       1.506%
  EIn_H    differs       0.0603181                       1.645%
  EG       differs       0.0231588                       2.532%
  QE       differs         41.6387                       1.052%
  H        differs         193.942                       1.173%
  Rn       differs         60.6444                       0.313%
  SWE      differs        0.627225                       0.298%
  Lk       differs        0.165775                       3.898%

  OK: the arms differ. LAI_H mean |diff| = 3.01% of the fixed-arm mean.

US-xBL  historical/IPSL-CM6A-LR:fixed_lma
  Sl_H  fixed=0.024467  dyn(final)=0.023445
  variable verdict       max|diff|   mean|diff| as % of |fixed|
  LAI_H    differs        0.582194                       3.466%
  An_H     differs        0.189375                       0.739%
  B_H      differs         33.5994                       0.090%
  T_H      differs       0.0155995                       1.792%
  EIn_H    differs       0.0680322                       1.832%
  EG       differs       0.0221607                       2.649%
  QE       differs          39.805                       1.190%
  H        differs         86.1985                       1.180%
  Rn       differs         40.2488                       0.337%
  SWE      differs        0.449924                       0.409%
  Lk       differs       0.0215721                       2.882%

  OK: the arms differ. LAI_H mean |diff| = 3.47% of the fixed-arm mean.

US-xBL  historical/MPI-ESM1-2-HR:fixed_lma
  Sl_H  fixed=0.024466  dyn(final)=0.024492
  variable verdict       max|diff|   mean|diff| as % of |fixed|
  LAI_H    differs         1.08159                       5.204%
  An_H     differs        0.478574                       1.173%
  B_H      differs         84.3448                       0.288%
  T_H      differs       0.0191191                       2.697%
  EIn_H    differs       0.0734754                       2.947%
  EG       differs        0.031524                       3.987%
  QE       differs         46.8853                       1.768%
  H        differs         184.972                       1.882%
  Rn       differs          46.543                       0.455%
  SWE      differs         0.69957                       0.763%
  Lk       differs         0.46356                       6.116%

  OK: the arms differ. LAI_H mean |diff| = 5.20% of the fixed-arm mean.

US-xBL  historical/MRI-ESM2-0:fixed_lma
  Sl_H  fixed=0.024460  dyn(final)=0.022939
  variable verdict       max|diff|   mean|diff| as % of |fixed|
  LAI_H    differs        0.709219                       5.142%
  An_H     differs        0.236944                       1.078%
  B_H      differs         115.017                       0.429%
  T_H      differs       0.0141393                       2.628%
  EIn_H    differs       0.0862171                       2.650%
  EG       differs       0.0267954                       3.830%
  QE       differs           54.77                       1.666%
  H        differs          51.806                       1.593%
  Rn       differs         11.7374                       0.412%
  SWE      differs        0.838425                       0.523%
  Lk       differs        0.241158                       4.115%

  OK: the arms differ. LAI_H mean |diff| = 5.14% of the fixed-arm mean.

US-xBL  historical/UKESM1-0-LL:fixed_lma
  Sl_H  fixed=0.024464  dyn(final)=0.025381
  variable verdict       max|diff|   mean|diff| as % of |fixed|
  LAI_H    differs        0.963191                       4.975%
  An_H     differs        0.321393                       1.186%
  B_H      differs         85.3316                       0.277%
  T_H      differs       0.0153308                       2.645%
  EIn_H    differs       0.0851743                       2.781%
  EG       differs       0.0403682                       3.655%
  QE       differs         46.6588                       1.773%
  H        differs         148.652                       1.760%
  Rn       differs         53.9492                       0.516%
  SWE      differs        0.840708                       0.767%
  Lk       differs        0.277025                       5.019%

  OK: the arms differ. LAI_H mean |diff| = 4.98% of the fixed-arm mean.

US-xBR  historical/GFDL-ESM4:fixed_lma
  Sl_H  fixed=0.025391  dyn(final)=0.028513
  variable verdict       max|diff|   mean|diff| as % of |fixed|
  LAI_H    differs         2.56663                      13.673%
  An_H     differs        0.386269                       5.334%
  B_H      differs         55.7027                       0.255%
  T_H      differs       0.0221832                      10.150%
  EIn_H    differs        0.143989                       6.462%
  EG       differs       0.0458057                      12.049%
  QE       differs         81.3917                       4.224%
  H        differs         112.242                       3.442%
  Rn       differs         64.2635                       0.824%
  SWE      differs          10.862                       1.228%
  Lk       differs         1.28248                      19.038%

  OK: the arms differ. LAI_H mean |diff| = 13.67% of the fixed-arm mean.

US-xBR  historical/IPSL-CM6A-LR:fixed_lma
  Sl_H  fixed=0.025391  dyn(final)=0.026225
  variable verdict       max|diff|   mean|diff| as % of |fixed|
  LAI_H    differs         3.21163                      13.129%
  An_H     differs        0.294032                       5.299%
  B_H      differs         81.4673                       0.385%
  T_H      differs       0.0197646                       9.829%
  EIn_H    differs       0.0912432                       5.958%
  EG       differs       0.0446996                      12.594%
  QE       differs         79.3452                       3.986%
  H        differs         145.818                       3.654%
  Rn       differs         71.1799                       1.015%
  SWE      differs         27.8223                       1.404%
  Lk       differs        0.971754                      12.022%

  OK: the arms differ. LAI_H mean |diff| = 13.13% of the fixed-arm mean.

US-xBR  historical/MPI-ESM1-2-HR:fixed_lma
  Sl_H  fixed=0.025391  dyn(final)=0.026618
  variable verdict       max|diff|   mean|diff| as % of |fixed|
  LAI_H    differs         2.36981                      13.423%
  An_H     differs        0.277533                       5.634%
  B_H      differs         51.8416                       0.343%
  T_H      differs       0.0202342                      10.411%
  EIn_H    differs        0.162989                       6.093%
  EG       differs       0.0605596                      16.750%
  QE       differs          93.918                       5.136%
  H        differs         120.195                       4.176%
  Rn       differs         70.9432                       1.008%
  SWE      differs         18.4611                       1.506%
  Lk       differs         1.50667                      20.023%

  OK: the arms differ. LAI_H mean |diff| = 13.42% of the fixed-arm mean.

US-xBR  historical/MRI-ESM2-0:fixed_lma
  Sl_H  fixed=0.025391  dyn(final)=0.027852
  variable verdict       max|diff|   mean|diff| as % of |fixed|
  LAI_H    differs         2.86742                      14.768%
  An_H     differs        0.355598                       6.032%
  B_H      differs         86.6071                       0.510%
  T_H      differs       0.0187288                      11.421%
  EIn_H    differs        0.176855                       6.765%
  EG       differs       0.0483105                      14.629%
  QE       differs         102.213                       4.544%
  H        differs         151.585                       3.638%
  Rn       differs         57.4482                       0.872%
  SWE      differs         9.48136                       1.033%
  Lk       differs          1.2893                      19.901%

  OK: the arms differ. LAI_H mean |diff| = 14.77% of the fixed-arm mean.

US-xBR  historical/UKESM1-0-LL:fixed_lma
  Sl_H  fixed=0.025391  dyn(final)=0.021608
  variable verdict       max|diff|   mean|diff| as % of |fixed|
  LAI_H    differs         3.57491                      19.096%
  An_H     differs         0.31644                       7.452%
  B_H      differs         165.496                       0.829%
  T_H      differs       0.0290055                      14.358%
  EIn_H    differs        0.200247                       7.918%
  EG       differs       0.0482941                      16.375%
  QE       differs         105.323                       5.702%
  H        differs         119.247                       5.138%
  Rn       differs         79.6485                       1.358%
  SWE      differs         10.8248                       1.544%
  Lk       differs         0.97406                      16.830%

  OK: the arms differ. LAI_H mean |diff| = 19.10% of the fixed-arm mean.

US-xGR  historical/GFDL-ESM4:fixed_lma
  Sl_H  fixed=0.024089  dyn(final)=0.021947
  variable verdict       max|diff|   mean|diff| as % of |fixed|
  LAI_H    differs        0.737124                       3.219%
  An_H     differs        0.354183                       0.583%
  B_H      differs         33.9855                       0.104%
  T_H      differs       0.0130799                       1.213%
  EIn_H    differs       0.0581012                       1.686%
  EG       differs       0.0423311                       4.557%
  QE       differs         40.0193                       1.511%
  H        differs         152.184                       1.637%
  Rn       differs         58.0828                       0.390%
  SWE      differs        0.837266                       0.543%
  Lk       differs         3.78183                      11.053%

  OK: the arms differ. LAI_H mean |diff| = 3.22% of the fixed-arm mean.

US-xGR  historical/IPSL-CM6A-LR:fixed_lma
  Sl_H  fixed=0.024089  dyn(final)=0.022586
  variable verdict       max|diff|   mean|diff| as % of |fixed|
  LAI_H    differs        0.791079                       4.242%
  An_H     differs        0.321961                       0.732%
  B_H      differs         51.1811                       0.146%
  T_H      differs       0.0218268                       1.564%
  EIn_H    differs       0.0463277                       2.143%
  EG       differs       0.0688104                       4.474%
  QE       differs         47.1703                       1.488%
  H        differs         73.1582                       1.764%
  Rn       differs         75.2879                       0.413%
  SWE      differs         3.12112                       0.759%
  Lk       differs         2.39772                       8.563%

  OK: the arms differ. LAI_H mean |diff| = 4.24% of the fixed-arm mean.

US-xGR  historical/MPI-ESM1-2-HR:fixed_lma
  Sl_H  fixed=0.024089  dyn(final)=0.023531
  variable verdict       max|diff|   mean|diff| as % of |fixed|
  LAI_H    differs         1.07631                       5.369%
  An_H     differs         1.23734                       1.149%
  B_H      differs         91.1056                       0.277%
  T_H      differs       0.0156112                       2.145%
  EIn_H    differs        0.103804                       3.228%
  EG       differs       0.0480148                       7.199%
  QE       differs         56.6294                       2.332%
  H        differs         106.839                       2.992%
  Rn       differs         60.4816                       0.622%
  SWE      differs         5.94351                       2.484%
  Lk       differs         1.75885                       9.829%

  OK: the arms differ. LAI_H mean |diff| = 5.37% of the fixed-arm mean.

US-xGR  historical/MRI-ESM2-0:fixed_lma
  Sl_H  fixed=0.024089  dyn(final)=0.023127
  variable verdict       max|diff|   mean|diff| as % of |fixed|
  LAI_H    differs        0.949522                       4.760%
  An_H     differs        0.495362                       0.899%
  B_H      differs         92.6852                       0.281%
  T_H      differs       0.0188687                       1.768%
  EIn_H    differs       0.0712685                       2.749%
  EG       differs       0.0394012                       5.294%
  QE       differs         46.1498                       1.863%
  H        differs         145.652                       2.305%
  Rn       differs         54.9897                       0.483%
  SWE      differs         1.69792                       0.862%
  Lk       differs         1.43716                      10.221%

  OK: the arms differ. LAI_H mean |diff| = 4.76% of the fixed-arm mean.

US-xGR  historical/UKESM1-0-LL:fixed_lma
  Sl_H  fixed=0.024089  dyn(final)=0.021883
  variable verdict       max|diff|   mean|diff| as % of |fixed|
  LAI_H    differs         1.30862                       6.677%
  An_H     differs        0.764525                       1.341%
  B_H      differs         175.705                       0.532%
  T_H      differs       0.0179152                       2.384%
  EIn_H    differs       0.0950551                       3.623%
  EG       differs        0.050842                       6.046%
  QE       differs         61.5679                       2.199%
  H        differs         95.0323                       2.429%
  Rn       differs         60.8695                       0.581%
  SWE      differs        0.745901                       0.558%
  Lk       differs         1.46355                       7.666%

  OK: the arms differ. LAI_H mean |diff| = 6.68% of the fixed-arm mean.

US-xHA  historical/GFDL-ESM4:fixed_lma
  Sl_H  fixed=0.025391  dyn(final)=0.024136
  variable verdict       max|diff|   mean|diff| as % of |fixed|
  LAI_H    differs        0.959813                       4.761%
  An_H     differs        0.361006                       1.899%
  B_H      differs         35.0445                       0.124%
  T_H      differs       0.0133686                       3.552%
  EIn_H    differs        0.086424                       2.640%
  EG       differs       0.0500839                      12.994%
  QE       differs          49.447                       3.961%
  H        differs         240.906                       2.756%
  Rn       differs         65.9659                       0.754%
  SWE      differs         3.86768                       1.057%
  Lk       differs        0.788616                      27.182%

  OK: the arms differ. LAI_H mean |diff| = 4.76% of the fixed-arm mean.

US-xHA  historical/IPSL-CM6A-LR:fixed_lma
  Sl_H  fixed=0.025391  dyn(final)=0.025049
  variable verdict       max|diff|   mean|diff| as % of |fixed|
  LAI_H    differs         1.19081                       4.743%
  An_H     differs        0.278392                       1.899%
  B_H      differs         30.4453                       0.124%
  T_H      differs       0.0111588                       3.421%
  EIn_H    differs       0.0683989                       2.724%
  EG       differs       0.0645229                      12.909%
  QE       differs         44.9709                       3.726%
  H        differs         300.442                       2.646%
  Rn       differs         90.2277                       0.736%
  SWE      differs         2.87159                       0.734%
  Lk       differs        0.495549                      21.153%

  OK: the arms differ. LAI_H mean |diff| = 4.74% of the fixed-arm mean.

US-xHA  historical/MPI-ESM1-2-HR:fixed_lma
  Sl_H  fixed=0.025391  dyn(final)=0.025342
  variable verdict       max|diff|   mean|diff| as % of |fixed|
  LAI_H    differs        0.793383                       5.382%
  An_H     differs        0.207798                       1.945%
  B_H      differs         32.0091                       0.128%
  T_H      differs       0.0125012                       4.013%
  EIn_H    differs       0.0695451                       2.972%
  EG       differs       0.0651037                      13.600%
  QE       differs          44.396                       4.260%
  H        differs         221.728                       2.515%
  Rn       differs         49.1328                       0.684%
  SWE      differs         4.36632                       1.556%
  Lk       differs         1.07698                      28.805%

  OK: the arms differ. LAI_H mean |diff| = 5.38% of the fixed-arm mean.

US-xHA  historical/MRI-ESM2-0:fixed_lma
  Sl_H  fixed=0.025391  dyn(final)=0.025899
  variable verdict       max|diff|   mean|diff| as % of |fixed|
  LAI_H    differs        0.840871                       4.330%
  An_H     differs         0.35149                       1.812%
  B_H      differs         31.8056                       0.088%
  T_H      differs       0.0116884                       3.295%
  EIn_H    differs        0.105583                       2.799%
  EG       differs       0.0565745                      13.281%
  QE       differs         55.0606                       4.217%
  H        differs          171.05                       2.582%
  Rn       differs         56.0881                       0.658%
  SWE      differs          7.9632                       1.011%
  Lk       differs         1.16068                      30.612%

  OK: the arms differ. LAI_H mean |diff| = 4.33% of the fixed-arm mean.

US-xHA  historical/UKESM1-0-LL:fixed_lma
  Sl_H  fixed=0.025391  dyn(final)=0.024458
  variable verdict       max|diff|   mean|diff| as % of |fixed|
  LAI_H    differs        0.951837                       4.448%
  An_H     differs        0.248581                       1.612%
  B_H      differs         26.7654                       0.100%
  T_H      differs       0.0139428                       3.242%
  EIn_H    differs       0.0911218                       2.542%
  EG       differs       0.0702682                      10.888%
  QE       differs          61.378                       3.451%
  H        differs         317.691                       2.343%
  Rn       differs         63.2538                       0.617%
  SWE      differs           2.119                       0.680%
  Lk       differs        0.903184                      19.329%

  OK: the arms differ. LAI_H mean |diff| = 4.45% of the fixed-arm mean.

US-xJE  historical/GFDL-ESM4:fixed_lma
  Sl_H  fixed=0.017477  dyn(final)=0.016782
  variable verdict       max|diff|   mean|diff| as % of |fixed|
  LAI_H    differs        0.414145                       2.212%
  An_H     differs        0.154332                       0.410%
  B_H      differs         38.6086                       0.054%
  T_H      differs       0.0125696                       0.980%
  EIn_H    differs         0.05025                       0.996%
  EG       differs        0.018881                       4.137%
  QE       differs         22.8218                       0.745%
  H        differs         140.877                       0.521%
  Rn       differs         127.623                       0.231%
  SWE      differs         12.7546                       5.947%
  Lk       differs        0.155606                       2.357%

  OK: the arms differ. LAI_H mean |diff| = 2.21% of the fixed-arm mean.

US-xJE  historical/IPSL-CM6A-LR:fixed_lma
  Sl_H  fixed=0.017493  dyn(final)=0.016783
  variable verdict       max|diff|   mean|diff| as % of |fixed|
  LAI_H    differs         0.36122                       1.834%
  An_H     differs        0.129276                       0.339%
  B_H      differs         48.8104                       0.071%
  T_H      differs      0.00925614                       0.784%
  EIn_H    differs       0.0435633                       1.019%
  EG       differs       0.0122577                       3.598%
  QE       differs         27.9135                       0.679%
  H        differs         158.283                       0.490%
  Rn       differs         15.0885                       0.194%
  SWE      differs        0.400816                       0.524%
  Lk       differs       0.0426785                       2.289%

  OK: the arms differ. LAI_H mean |diff| = 1.83% of the fixed-arm mean.

US-xJE  historical/MPI-ESM1-2-HR:fixed_lma
  Sl_H  fixed=0.017486  dyn(final)=0.017012
  variable verdict       max|diff|   mean|diff| as % of |fixed|
  LAI_H    differs          0.3713                       2.185%
  An_H     differs        0.158728                       0.412%
  B_H      differs         39.8303                       0.060%
  T_H      differs       0.0235362                       1.056%
  EIn_H    differs        0.101989                       1.103%
  EG       differs       0.0204253                       4.093%
  QE       differs         52.5173                       0.824%
  H        differs         100.589                       0.644%
  Rn       differs         12.8448                       0.218%
  SWE      differs         2.34525                       1.417%
  Lk       differs       0.0753001                       1.678%

  OK: the arms differ. LAI_H mean |diff| = 2.19% of the fixed-arm mean.

US-xJE  historical/MRI-ESM2-0:fixed_lma
  Sl_H  fixed=0.017485  dyn(final)=0.017144
  variable verdict       max|diff|   mean|diff| as % of |fixed|
  LAI_H    differs        0.424546                       2.331%
  An_H     differs        0.148552                       0.437%
  B_H      differs         44.8835                       0.065%
  T_H      differs       0.0133629                       1.082%
  EIn_H    differs       0.0422858                       1.015%
  EG       differs        0.011451                       4.079%
  QE       differs          38.765                       0.781%
  H        differs         52.9092                       0.527%
  Rn       differs         20.2508                       0.219%
  SWE      differs         0.24496                       1.087%
  Lk       differs        0.166231                       1.975%

  OK: the arms differ. LAI_H mean |diff| = 2.33% of the fixed-arm mean.

US-xJE  historical/UKESM1-0-LL:fixed_lma
  Sl_H  fixed=0.017495  dyn(final)=0.017409
  variable verdict       max|diff|   mean|diff| as % of |fixed|
  LAI_H    differs        0.444322                       2.177%
  An_H     differs        0.163792                       0.415%
  B_H      differs         95.7736                       0.126%
  T_H      differs      0.00959063                       0.993%
  EIn_H    differs       0.0698291                       1.106%
  EG       differs       0.0111684                       4.027%
  QE       differs         43.2573                       0.784%
  H        differs         32.0664                       0.544%
  Rn       differs         7.37991                       0.223%
  SWE      differs       0.0533945                       0.330%
  Lk       differs       0.0705047                       2.508%

  OK: the arms differ. LAI_H mean |diff| = 2.18% of the fixed-arm mean.

US-xLE
  FAIL: no fixed_lma/dyn_lma pair found matching 'historical/*:*'. Nothing was
        compared, which is not the same as a pass -- check the run
        tree under /vol_efthymios/NFS07/dd1136/T_and_C/model_run/US-xLE.

US-xML  historical/GFDL-ESM4:fixed_lma
  Sl_H  fixed=0.026647  dyn(final)=0.024044
  variable verdict       max|diff|   mean|diff| as % of |fixed|
  LAI_H    differs        0.995917                       4.585%
  An_H     differs        0.301994                       0.752%
  B_H      differs         52.9506                       0.127%
  T_H      differs       0.0170652                       1.978%
  EIn_H    differs       0.0849471                       2.308%
  EG       differs       0.0258458                       4.291%
  QE       differs          57.917                       1.773%
  H        differs         543.833                       1.751%
  Rn       differs         71.5165                       0.457%
  SWE      differs        0.832113                       0.301%
  Lk       differs        0.446894                       9.163%

  OK: the arms differ. LAI_H mean |diff| = 4.59% of the fixed-arm mean.

US-xML  historical/IPSL-CM6A-LR:fixed_lma
  Sl_H  fixed=0.026647  dyn(final)=0.025671
  variable verdict       max|diff|   mean|diff| as % of |fixed|
  LAI_H    differs        0.884883                       5.774%
  An_H     differs        0.211404                       0.893%
  B_H      differs         29.4927                       0.108%
  T_H      differs       0.0207019                       2.517%
  EIn_H    differs       0.0663541                       3.324%
  EG       differs       0.0295534                       4.879%
  QE       differs         41.8783                       2.199%
  H        differs           192.4                       2.167%
  Rn       differs         70.8956                       0.613%
  SWE      differs         2.45461                       0.774%
  Lk       differs         0.20888                       6.409%

  OK: the arms differ. LAI_H mean |diff| = 5.77% of the fixed-arm mean.

US-xML  historical/MPI-ESM1-2-HR:fixed_lma
  Sl_H  fixed=0.026647  dyn(final)=0.027018
  variable verdict       max|diff|   mean|diff| as % of |fixed|
  LAI_H    differs         1.67337                       7.240%
  An_H     differs        0.549249                       1.255%
  B_H      differs         115.047                       0.392%
  T_H      differs        0.028703                       3.174%
  EIn_H    differs       0.0988617                       3.701%
  EG       differs       0.0604341                       6.870%
  QE       differs         53.5923                       2.886%
  H        differs         120.836                       2.735%
  Rn       differs         54.1575                       0.661%
  SWE      differs         1.96945                       1.479%
  Lk       differs        0.300003                       8.901%

  OK: the arms differ. LAI_H mean |diff| = 7.24% of the fixed-arm mean.

US-xML  historical/MRI-ESM2-0:fixed_lma
  Sl_H  fixed=0.026647  dyn(final)=0.025594
  variable verdict       max|diff|   mean|diff| as % of |fixed|
  LAI_H    differs         1.16772                       6.271%
  An_H     differs         0.38567                       1.096%
  B_H      differs         137.347                       0.450%
  T_H      differs       0.0157378                       2.760%
  EIn_H    differs        0.125612                       3.215%
  EG       differs       0.0396433                       6.061%
  QE       differs         84.4172                       2.462%
  H        differs         92.0265                       2.300%
  Rn       differs         57.4797                       0.583%
  SWE      differs         1.68504                       1.064%
  Lk       differs         1.81821                      13.300%

  OK: the arms differ. LAI_H mean |diff| = 6.27% of the fixed-arm mean.

US-xML  historical/UKESM1-0-LL:fixed_lma
  Sl_H  fixed=0.026647  dyn(final)=0.027432
  variable verdict       max|diff|   mean|diff| as % of |fixed|
  LAI_H    differs          1.5145                       6.370%
  An_H     differs         5.20352                       1.276%
  B_H      differs         75.4857                       0.245%
  T_H      differs       0.0318483                       2.873%
  EIn_H    differs       0.0992932                       3.198%
  EG       differs        0.046822                       5.485%
  QE       differs          67.734                       2.453%
  H        differs         119.991                       2.219%
  Rn       differs         53.7599                       0.638%
  SWE      differs         3.07457                       1.384%
  Lk       differs        0.724547                       8.341%

  OK: the arms differ. LAI_H mean |diff| = 6.37% of the fixed-arm mean.

US-xNW  historical/GFDL-ESM4:fixed_lma
  Sl_H  fixed=0.018453  dyn(final)=0.018565
  variable verdict       max|diff|   mean|diff| as % of |fixed|
  LAI_H    differs         1.06145                      10.171%
  An_H     differs         7.70473                       8.994%
  B_H      differs         44.7653                       0.468%
  T_H      differs        0.144467                       7.776%
  EIn_H    differs        0.103108                      11.704%
  EG       differs       0.0854483                      18.973%
  QE       differs         98.9733                       6.276%
  H        differs         230.243                       6.818%
  Rn       differs         237.964                       1.411%
  SWE      differs          12.737                       3.807%
  Lk       differs            0.01                      42.857%

  OK: the arms differ. LAI_H mean |diff| = 10.17% of the fixed-arm mean.

US-xNW  historical/IPSL-CM6A-LR:fixed_lma
  Sl_H  fixed=0.018453  dyn(final)=0.019973
  variable verdict       max|diff|   mean|diff| as % of |fixed|
  LAI_H    differs        0.730045                       7.003%
  An_H     differs         9.58425                       8.802%
  B_H      differs         22.1353                       0.243%
  T_H      differs         0.28149                       6.785%
  EIn_H    differs        0.072275                       7.601%
  EG       differs       0.0638223                      15.152%
  QE       differs         191.069                       5.661%
  H        differs         260.774                       5.994%
  Rn       differs         207.865                       1.073%
  SWE      differs         21.1125                       3.301%
  Lk       IDENTICAL             0                       0.000%  <--

  OK: the arms differ. LAI_H mean |diff| = 7.00% of the fixed-arm mean.
  note: still identical for ['Lk'] -- expected only if that
        variable is genuinely insensitive to leaf area.

US-xNW  historical/MPI-ESM1-2-HR:fixed_lma
  Sl_H  fixed=0.018453  dyn(final)=0.016851
  variable verdict       max|diff|   mean|diff| as % of |fixed|
  LAI_H    differs         1.10997                       7.976%
  An_H     differs          8.2321                       7.308%
  B_H      differs         27.9235                       0.263%
  T_H      differs        0.188902                       6.371%
  EIn_H    differs        0.106356                       8.933%
  EG       differs        0.068395                      18.360%
  QE       differs         128.237                       5.568%
  H        differs         289.218                       6.251%
  Rn       differs         223.286                       1.235%
  SWE      differs         31.4775                       2.946%
  Lk       IDENTICAL             0                       0.000%  <--

  OK: the arms differ. LAI_H mean |diff| = 7.98% of the fixed-arm mean.
  note: still identical for ['Lk'] -- expected only if that
        variable is genuinely insensitive to leaf area.

US-xNW  historical/MRI-ESM2-0:fixed_lma
  Sl_H  fixed=0.018453  dyn(final)=0.017565
  variable verdict       max|diff|   mean|diff| as % of |fixed|
  LAI_H    differs        0.942016                       7.863%
  An_H     differs         9.33624                       8.510%
  B_H      differs         20.0831                       0.231%
  T_H      differs        0.261611                       7.576%
  EIn_H    differs       0.0950243                       9.197%
  EG       differs       0.0556187                      17.187%
  QE       differs         177.551                       6.276%
  H        differs         308.454                       6.526%
  Rn       differs         263.523                       1.264%
  SWE      differs         21.2824                       3.461%
  Lk       IDENTICAL             0                       0.000%  <--

  OK: the arms differ. LAI_H mean |diff| = 7.86% of the fixed-arm mean.
  note: still identical for ['Lk'] -- expected only if that
        variable is genuinely insensitive to leaf area.

US-xNW  historical/UKESM1-0-LL:fixed_lma
  Sl_H  fixed=0.018453  dyn(final)=0.023933
  variable verdict       max|diff|   mean|diff| as % of |fixed|
  LAI_H    differs         1.32236                       9.740%
  An_H     differs         10.7952                      11.493%
  B_H      differs         45.7673                       0.494%
  T_H      differs        0.294723                       9.322%
  EIn_H    differs        0.132573                      11.482%
  EG       differs        0.064982                      15.873%
  QE       differs          200.12                       7.593%
  H        differs         252.003                       7.366%
  Rn       differs         220.953                       1.325%
  SWE      differs         17.4882                       4.358%
  Lk       IDENTICAL             0                       0.000%  <--

  OK: the arms differ. LAI_H mean |diff| = 9.74% of the fixed-arm mean.
  note: still identical for ['Lk'] -- expected only if that
        variable is genuinely insensitive to leaf area.

US-xRM  historical/GFDL-ESM4:fixed_lma
  Sl_H  fixed=0.017574  dyn(final)=0.016660
  variable verdict       max|diff|   mean|diff| as % of |fixed|
  LAI_H    differs        0.707092                       6.699%
  An_H     differs         8.99123                       6.594%
  B_H      differs         23.2139                       0.149%
  T_H      differs        0.148274                       5.663%
  EIn_H    differs       0.0667791                       7.035%
  EG       differs       0.0578676                      10.661%
  QE       differs         101.309                       4.614%
  H        differs         208.404                       5.215%
  Rn       differs          236.47                       0.885%
  SWE      differs         11.8873                       3.282%
  Lk       differs        0.382409                      30.628%

  OK: the arms differ. LAI_H mean |diff| = 6.70% of the fixed-arm mean.

US-xRM  historical/IPSL-CM6A-LR:fixed_lma
  Sl_H  fixed=0.017574  dyn(final)=0.017164
  variable verdict       max|diff|   mean|diff| as % of |fixed|
  LAI_H    differs        0.651214                       7.469%
  An_H     differs         9.41159                       8.286%
  B_H      differs         27.4585                       0.147%
  T_H      differs        0.221144                       7.000%
  EIn_H    differs        0.175988                       8.752%
  EG       differs       0.0729587                      12.360%
  QE       differs         159.671                       5.613%
  H        differs         494.647                       6.529%
  Rn       differs         243.994                       1.072%
  SWE      differs         34.9444                       4.095%
  Lk       differs     0.000889735                       6.622%

  OK: the arms differ. LAI_H mean |diff| = 7.47% of the fixed-arm mean.

US-xRM  historical/MPI-ESM1-2-HR:fixed_lma
  Sl_H  fixed=0.017574  dyn(final)=0.017520
  variable verdict       max|diff|   mean|diff| as % of |fixed|
  LAI_H    differs        0.826071                       7.406%
  An_H     differs         9.38555                       6.809%
  B_H      differs         32.3059                       0.219%
  T_H      differs        0.171324                       6.244%
  EIn_H    differs       0.0838588                       7.582%
  EG       differs       0.0777792                      10.683%
  QE       differs         186.924                       5.129%
  H        differs         440.019                       6.101%
  Rn       differs         225.451                       0.956%
  SWE      differs         16.6291                       3.332%
  Lk       differs        0.156661                      36.872%

  OK: the arms differ. LAI_H mean |diff| = 7.41% of the fixed-arm mean.

US-xRM  historical/MRI-ESM2-0:fixed_lma
  Sl_H  fixed=0.017574  dyn(final)=0.016925
  variable verdict       max|diff|   mean|diff| as % of |fixed|
  LAI_H    differs         1.62576                       8.245%
  An_H     differs         9.94931                       7.646%
  B_H      differs         60.4413                       0.245%
  T_H      differs        0.199418                       6.658%
  EIn_H    differs        0.141509                       8.183%
  EG       differs       0.0521842                      12.826%
  QE       differs         136.109                       5.337%
  H        differs         255.538                       6.007%
  Rn       differs         241.027                       1.017%
  SWE      differs         15.2907                       3.285%
  Lk       differs        0.188687                      58.255%

  OK: the arms differ. LAI_H mean |diff| = 8.24% of the fixed-arm mean.

US-xRM  historical/UKESM1-0-LL:fixed_lma
  Sl_H  fixed=0.017574  dyn(final)=0.019534
  variable verdict       max|diff|   mean|diff| as % of |fixed|
  LAI_H    differs        0.682533                       7.697%
  An_H     differs         11.0061                       8.753%
  B_H      differs         60.5146                       0.364%
  T_H      differs        0.276327                       8.090%
  EIn_H    differs       0.0662389                       8.466%
  EG       differs       0.0517471                      12.437%
  QE       differs         187.382                       6.332%
  H        differs         246.037                       7.070%
  Rn       differs         245.884                       1.155%
  SWE      differs         13.7291                       4.104%
  Lk       differs      0.00116203                      33.630%

  OK: the arms differ. LAI_H mean |diff| = 7.70% of the fixed-arm mean.

US-xRN  historical/GFDL-ESM4:fixed_lma
  Sl_H  fixed=0.019808  dyn(final)=0.018131
  variable verdict       max|diff|   mean|diff| as % of |fixed|
  LAI_H    differs        0.627639                       3.705%
  An_H     differs        0.433005                       0.839%
  B_H      differs          34.757                       0.110%
  T_H      differs       0.0116936                       1.462%
  EIn_H    differs       0.0383476                       2.163%
  EG       differs       0.0288164                       2.227%
  QE       differs         22.4293                       0.967%
  H        differs         64.9831                       0.948%
  Rn       differs         39.3334                       0.233%
  SWE      differs         2.15465                       1.082%
  Lk       differs       0.0615651                       1.203%

  OK: the arms differ. LAI_H mean |diff| = 3.71% of the fixed-arm mean.

US-xRN  historical/IPSL-CM6A-LR:fixed_lma
  Sl_H  fixed=0.019808  dyn(final)=0.019347
  variable verdict       max|diff|   mean|diff| as % of |fixed|
  LAI_H    differs         0.54571                       4.180%
  An_H     differs        0.330365                       0.939%
  B_H      differs         50.6053                       0.131%
  T_H      differs       0.0208851                       1.692%
  EIn_H    differs        0.060728                       2.852%
  EG       differs       0.0395311                       2.598%
  QE       differs         38.7796                       1.184%
  H        differs         267.451                       1.236%
  Rn       differs         49.3869                       0.284%
  SWE      differs         1.30099                       1.080%
  Lk       differs        0.103903                       1.439%

  OK: the arms differ. LAI_H mean |diff| = 4.18% of the fixed-arm mean.

US-xRN  historical/MPI-ESM1-2-HR:fixed_lma
  Sl_H  fixed=0.019808  dyn(final)=0.020022
  variable verdict       max|diff|   mean|diff| as % of |fixed|
  LAI_H    differs        0.727034                       6.003%
  An_H     differs        0.462451                       1.352%
  B_H      differs         57.9536                       0.239%
  T_H      differs        0.019586                       2.448%
  EIn_H    differs       0.0676884                       3.808%
  EG       differs       0.0231941                       3.462%
  QE       differs         38.1015                       1.600%
  H        differs         110.931                       1.689%
  Rn       differs         68.6723                       0.415%
  SWE      differs        0.739338                       0.964%
  Lk       differs        0.102583                       1.651%

  OK: the arms differ. LAI_H mean |diff| = 6.00% of the fixed-arm mean.

US-xRN  historical/MRI-ESM2-0:fixed_lma
  Sl_H  fixed=0.019808  dyn(final)=0.019153
  variable verdict       max|diff|   mean|diff| as % of |fixed|
  LAI_H    differs         0.77787                       6.006%
  An_H     differs        0.479083                       1.316%
  B_H      differs         123.811                       0.432%
  T_H      differs       0.0207168                       2.368%
  EIn_H    differs       0.0753991                       4.005%
  EG       differs       0.0240408                       3.393%
  QE       differs         46.1814                       1.601%
  H        differs         198.944                       1.594%
  Rn       differs         50.7521                       0.386%
  SWE      differs          2.3466                       0.956%
  Lk       differs        0.193897                       1.713%

  OK: the arms differ. LAI_H mean |diff| = 6.01% of the fixed-arm mean.

US-xRN  historical/UKESM1-0-LL:fixed_lma
  Sl_H  fixed=0.019808  dyn(final)=0.020257
  variable verdict       max|diff|   mean|diff| as % of |fixed|
  LAI_H    differs        0.944138                       5.251%
  An_H     differs         0.56474                       1.210%
  B_H      differs         119.912                       0.415%
  T_H      differs       0.0253222                       2.082%
  EIn_H    differs       0.0848654                       3.179%
  EG       differs       0.0248405                       3.185%
  QE       differs         48.1429                       1.438%
  H        differs         32.2958                       1.378%
  Rn       differs         60.6182                       0.367%
  SWE      differs         1.40303                       1.582%
  Lk       differs       0.0952395                       1.634%

  OK: the arms differ. LAI_H mean |diff| = 5.25% of the fixed-arm mean.

US-xSB  historical/GFDL-ESM4:fixed_lma
  SKIP  no single RES_*.mat for fixed_lma and dyn_lma

US-xSB  historical/IPSL-CM6A-LR:fixed_lma
  SKIP  no single RES_*.mat for fixed_lma and dyn_lma

US-xSB  historical/MPI-ESM1-2-HR:fixed_lma
  SKIP  no single RES_*.mat for fixed_lma and dyn_lma

US-xSB  historical/MRI-ESM2-0:fixed_lma
  SKIP  no single RES_*.mat for fixed_lma and dyn_lma

US-xSB  historical/UKESM1-0-LL:fixed_lma
  SKIP  no single RES_*.mat for fixed_lma and dyn_lma

US-xSC  historical/GFDL-ESM4:fixed_lma
  Sl_H  fixed=0.026047  dyn(final)=0.024024
  variable verdict       max|diff|   mean|diff| as % of |fixed|
  LAI_H    differs        0.729039                       3.196%
  An_H     differs        0.184048                       0.655%
  B_H      differs         21.0104                       0.074%
  T_H      differs       0.0172859                       1.610%
  EIn_H    differs       0.0714407                       1.804%
  EG       differs       0.0422935                       3.045%
  QE       differs          42.004                       1.308%
  H        differs          38.506                       1.255%
  Rn       differs         58.4903                       0.346%
  SWE      differs        0.587113                       0.431%
  Lk       differs         1.84724                       6.288%

  OK: the arms differ. LAI_H mean |diff| = 3.20% of the fixed-arm mean.

US-xSC  historical/IPSL-CM6A-LR:fixed_lma
  Sl_H  fixed=0.026047  dyn(final)=0.023801
  variable verdict       max|diff|   mean|diff| as % of |fixed|
  LAI_H    differs        0.839829                       4.410%
  An_H     differs        0.187558                       0.823%
  B_H      differs         67.2821                       0.170%
  T_H      differs       0.0157803                       2.010%
  EIn_H    differs       0.0478201                       2.385%
  EG       differs       0.0169916                       3.274%
  QE       differs         27.7663                       1.512%
  H        differs         16.9371                       1.397%
  Rn       differs         21.5396                       0.416%
  SWE      differs        0.889424                       0.740%
  Lk       differs       0.0924066                       3.764%

  OK: the arms differ. LAI_H mean |diff| = 4.41% of the fixed-arm mean.

US-xSC  historical/MPI-ESM1-2-HR:fixed_lma
  Sl_H  fixed=0.026047  dyn(final)=0.026930
  variable verdict       max|diff|   mean|diff| as % of |fixed|
  LAI_H    differs        0.862754                       5.015%
  An_H     differs         1.73481                       1.062%
  B_H      differs         55.7738                       0.182%
  T_H      differs       0.0213311                       2.388%
  EIn_H    differs       0.0786135                       2.748%
  EG       differs        0.023754                       3.969%
  QE       differs         51.8859                       1.837%
  H        differs         63.4445                       1.834%
  Rn       differs         50.3714                       0.499%
  SWE      differs         1.18135                       0.861%
  Lk       differs         2.03285                       6.472%

  OK: the arms differ. LAI_H mean |diff| = 5.01% of the fixed-arm mean.

US-xSC  historical/MRI-ESM2-0:fixed_lma
  Sl_H  fixed=0.026047  dyn(final)=0.024491
  variable verdict       max|diff|   mean|diff| as % of |fixed|
  LAI_H    differs         1.73161                       4.636%
  An_H     differs        0.299619                       0.866%
  B_H      differs          99.513                       0.350%
  T_H      differs       0.0172268                       2.154%
  EIn_H    differs        0.084716                       2.325%
  EG       differs       0.0575247                       3.583%
  QE       differs         51.5534                       1.655%
  H        differs         86.6828                       1.521%
  Rn       differs         71.4584                       0.424%
  SWE      differs        0.937684                       0.704%
  Lk       differs         1.54118                       7.035%

  OK: the arms differ. LAI_H mean |diff| = 4.64% of the fixed-arm mean.

US-xSC  historical/UKESM1-0-LL:fixed_lma
  Sl_H  fixed=0.026047  dyn(final)=0.023866
  variable verdict       max|diff|   mean|diff| as % of |fixed|
  LAI_H    differs         1.17336                       6.081%
  An_H     differs        0.321992                       1.254%
  B_H      differs         139.063                       0.442%
  T_H      differs       0.0269454                       2.888%
  EIn_H    differs       0.0986379                       3.622%
  EG       differs       0.0719716                       4.762%
  QE       differs         55.6692                       2.255%
  H        differs          62.191                       1.915%
  Rn       differs         50.9625                       0.512%
  SWE      differs         1.43161                       0.554%
  Lk       differs         1.19435                       9.184%

  OK: the arms differ. LAI_H mean |diff| = 6.08% of the fixed-arm mean.

US-xSE  historical/GFDL-ESM4:fixed_lma
  Sl_H  fixed=0.026301  dyn(final)=0.026268
  variable verdict       max|diff|   mean|diff| as % of |fixed|
  LAI_H    differs         1.57613                       9.348%
  An_H     differs        0.149341                       2.802%
  B_H      differs         50.7421                       0.139%
  T_H      differs       0.0210585                       5.668%
  EIn_H    differs        0.127648                       4.419%
  EG       differs       0.0327683                       5.919%
  QE       differs          65.454                       3.364%
  H        differs         120.492                       2.684%
  Rn       differs         78.6283                       0.589%
  SWE      differs         3.76316                       0.640%
  Lk       differs         1.61292                       7.223%

  OK: the arms differ. LAI_H mean |diff| = 9.35% of the fixed-arm mean.

US-xSE  historical/IPSL-CM6A-LR:fixed_lma
  Sl_H  fixed=0.026301  dyn(final)=0.024341
  variable verdict       max|diff|   mean|diff| as % of |fixed|
  LAI_H    differs         2.16609                       9.550%
  An_H     differs        0.221235                       2.825%
  B_H      differs          281.25                       0.702%
  T_H      differs       0.0313221                       5.202%
  EIn_H    differs        0.163099                       4.627%
  EG       differs         0.03708                       5.356%
  QE       differs         101.225                       3.139%
  H        differs         72.0769                       2.624%
  Rn       differs         59.1543                       0.581%
  SWE      differs         2.35599                       1.170%
  Lk       differs          0.2924                       5.431%

  OK: the arms differ. LAI_H mean |diff| = 9.55% of the fixed-arm mean.

US-xSE  historical/MPI-ESM1-2-HR:fixed_lma
  Sl_H  fixed=0.026301  dyn(final)=0.025164
  variable verdict       max|diff|   mean|diff| as % of |fixed|
  LAI_H    differs         2.01613                      10.096%
  An_H     differs        0.193294                       3.032%
  B_H      differs         187.946                       0.517%
  T_H      differs       0.0211745                       5.721%
  EIn_H    differs        0.199468                       5.265%
  EG       differs       0.0770341                       6.886%
  QE       differs         122.253                       3.852%
  H        differs         147.828                       3.047%
  Rn       differs         65.9764                       0.605%
  SWE      differs        0.936183                       0.839%
  Lk       differs         1.00145                       8.912%

  OK: the arms differ. LAI_H mean |diff| = 10.10% of the fixed-arm mean.

US-xSE  historical/MRI-ESM2-0:fixed_lma
  Sl_H  fixed=0.026301  dyn(final)=0.023945
  variable verdict       max|diff|   mean|diff| as % of |fixed|
  LAI_H    differs         1.75129                       7.941%
  An_H     differs        0.206182                       2.394%
  B_H      differs         58.1521                       0.194%
  T_H      differs       0.0232523                       4.725%
  EIn_H    differs        0.114295                       4.027%
  EG       differs       0.0289795                       4.472%
  QE       differs         64.8214                       2.900%
  H        differs         33.4771                       2.230%
  Rn       differs         57.6655                       0.489%
  SWE      differs         4.26076                       1.952%
  Lk       differs        0.559813                       4.225%

  OK: the arms differ. LAI_H mean |diff| = 7.94% of the fixed-arm mean.

US-xSE  historical/UKESM1-0-LL:fixed_lma
  Sl_H  fixed=0.026301  dyn(final)=0.027458
  variable verdict       max|diff|   mean|diff| as % of |fixed|
  LAI_H    differs         1.61627                       7.732%
  An_H     differs        0.154126                       2.393%
  B_H      differs         46.7372                       0.144%
  T_H      differs       0.0196745                       4.377%
  EIn_H    differs        0.116364                       4.015%
  EG       differs       0.0437273                       4.923%
  QE       differs         62.2922                       2.733%
  H        differs         74.1617                       2.320%
  Rn       differs         63.1994                       0.530%
  SWE      differs         1.29427                       1.156%
  Lk       differs        0.276621                       5.230%

  OK: the arms differ. LAI_H mean |diff| = 7.73% of the fixed-arm mean.

US-xSP  historical/GFDL-ESM4:fixed_lma
  Sl_H  fixed=0.015072  dyn(final)=0.014830
  variable verdict       max|diff|   mean|diff| as % of |fixed|
  LAI_H    differs         0.49233                       5.593%
  An_H     differs         5.27383                       5.733%
  B_H      differs         19.3345                       0.182%
  T_H      differs        0.172305                       4.960%
  EIn_H    differs       0.0429036                       7.337%
  EG       differs       0.0412346                       3.825%
  QE       differs         115.439                       4.231%
  H        differs         104.232                       2.831%
  Rn       differs         60.1547                       0.245%
  SWE      differs        0.756917                       0.793%
  Lk       differs            0.01                       8.627%

  OK: the arms differ. LAI_H mean |diff| = 5.59% of the fixed-arm mean.

US-xSP  historical/IPSL-CM6A-LR:fixed_lma
  Sl_H  fixed=0.015072  dyn(final)=0.014860
  variable verdict       max|diff|   mean|diff| as % of |fixed|
  LAI_H    differs        0.532979                       5.480%
  An_H     differs         4.70877                       6.160%
  B_H      differs         34.1748                       0.157%
  T_H      differs        0.150483                       5.200%
  EIn_H    differs       0.0516758                       7.003%
  EG       differs       0.0520114                       4.211%
  QE       differs         100.932                       4.388%
  H        differs         90.9692                       2.909%
  Rn       differs         46.8284                       0.238%
  SWE      differs        0.982349                       0.678%
  Lk       differs            0.01                       8.012%

  OK: the arms differ. LAI_H mean |diff| = 5.48% of the fixed-arm mean.

US-xSP  historical/MPI-ESM1-2-HR:fixed_lma
  Sl_H  fixed=0.015072  dyn(final)=0.015755
  variable verdict       max|diff|   mean|diff| as % of |fixed|
  LAI_H    differs         0.72482                       6.143%
  An_H     differs         5.12627                       6.092%
  B_H      differs         30.2542                       0.226%
  T_H      differs        0.191986                       5.047%
  EIn_H    differs        0.065353                       7.732%
  EG       differs       0.0281772                       4.347%
  QE       differs         128.418                       4.312%
  H        differs         117.499                       2.952%
  Rn       differs         27.9535                       0.228%
  SWE      differs        0.729266                       0.783%
  Lk       differs            0.01                       5.801%

  OK: the arms differ. LAI_H mean |diff| = 6.14% of the fixed-arm mean.

US-xSP  historical/MRI-ESM2-0:fixed_lma
  Sl_H  fixed=0.015072  dyn(final)=0.014088
  variable verdict       max|diff|   mean|diff| as % of |fixed|
  LAI_H    differs         0.52733                       6.031%
  An_H     differs         4.08229                       6.086%
  B_H      differs         16.6772                       0.132%
  T_H      differs         0.14496                       5.243%
  EIn_H    differs       0.0431718                       6.735%
  EG       differs       0.0456451                       4.063%
  QE       differs         97.1434                       4.453%
  H        differs         87.0662                       2.955%
  Rn       differs         22.4318                       0.242%
  SWE      differs        0.442492                       0.712%
  Lk       differs            0.01                       8.912%

  OK: the arms differ. LAI_H mean |diff| = 6.03% of the fixed-arm mean.

US-xSP  historical/UKESM1-0-LL:fixed_lma
  Sl_H  fixed=0.015072  dyn(final)=0.013168
  variable verdict       max|diff|   mean|diff| as % of |fixed|
  LAI_H    differs        0.852955                       8.539%
  An_H     differs         6.57005                       8.962%
  B_H      differs         31.1166                       0.302%
  T_H      differs        0.195941                       7.567%
  EIn_H    differs       0.0763551                      10.439%
  EG       differs       0.0448543                       5.652%
  QE       differs         132.072                       6.331%
  H        differs         124.705                       3.876%
  Rn       differs         58.4365                       0.350%
  SWE      differs         3.20511                       3.058%
  Lk       differs            0.01                       9.419%

  OK: the arms differ. LAI_H mean |diff| = 8.54% of the fixed-arm mean.

US-xST  historical/GFDL-ESM4:fixed_lma
  Sl_H  fixed=0.018576  dyn(final)=0.017052
  variable verdict       max|diff|   mean|diff| as % of |fixed|
  LAI_H    differs         1.18371                       8.757%
  An_H     differs          1.4678                       3.271%
  B_H      differs         47.3248                       0.188%
  T_H      differs       0.0250629                       4.254%
  EIn_H    differs         0.12629                       7.939%
  EG       differs       0.0524167                      10.014%
  QE       differs         85.6099                       3.987%
  H        differs         312.924                       4.107%
  Rn       differs         75.2575                       0.566%
  SWE      differs         1.31842                       1.473%
  Lk       differs         0.35265                      11.630%

  OK: the arms differ. LAI_H mean |diff| = 8.76% of the fixed-arm mean.

US-xST  historical/IPSL-CM6A-LR:fixed_lma
  Sl_H  fixed=0.018576  dyn(final)=0.016664
  variable verdict       max|diff|   mean|diff| as % of |fixed|
  LAI_H    differs         1.88954                       9.889%
  An_H     differs         7.03284                       3.478%
  B_H      differs         94.2826                       0.479%
  T_H      differs       0.0487497                       4.878%
  EIn_H    differs        0.199556                       7.723%
  EG       differs       0.0505174                       9.607%
  QE       differs         131.378                       4.217%
  H        differs         430.602                       4.935%
  Rn       differs         89.2665                       0.653%
  SWE      differs          5.5643                       1.811%
  Lk       differs        0.218315                       9.709%

  OK: the arms differ. LAI_H mean |diff| = 9.89% of the fixed-arm mean.

US-xST  historical/MPI-ESM1-2-HR:fixed_lma
  Sl_H  fixed=0.018576  dyn(final)=0.020636
  variable verdict       max|diff|   mean|diff| as % of |fixed|
  LAI_H    differs            1.94                      10.284%
  An_H     differs         1.55252                       3.596%
  B_H      differs         62.2132                       0.315%
  T_H      differs       0.0327657                       4.865%
  EIn_H    differs        0.206783                       8.996%
  EG       differs       0.0776798                      10.988%
  QE       differs         138.964                       4.544%
  H        differs         225.016                       4.787%
  Rn       differs         90.3921                       0.640%
  SWE      differs         2.34527                       0.973%
  Lk       differs        0.355197                      13.395%

  OK: the arms differ. LAI_H mean |diff| = 10.28% of the fixed-arm mean.

US-xST  historical/MRI-ESM2-0:fixed_lma
  Sl_H  fixed=0.018576  dyn(final)=0.018035
  variable verdict       max|diff|   mean|diff| as % of |fixed|
  LAI_H    differs        0.827317                       6.491%
  An_H     differs        0.896943                       2.252%
  B_H      differs         41.9534                       0.271%
  T_H      differs       0.0169178                       3.011%
  EIn_H    differs       0.0883539                       5.664%
  EG       differs       0.0513228                       7.928%
  QE       differs         94.8705                       2.963%
  H        differs         284.562                       3.022%
  Rn       differs          86.528                       0.422%
  SWE      differs         1.44387                       1.074%
  Lk       differs        0.427286                       8.451%

  OK: the arms differ. LAI_H mean |diff| = 6.49% of the fixed-arm mean.

US-xST  historical/UKESM1-0-LL:fixed_lma
  Sl_H  fixed=0.018576  dyn(final)=0.016668
  variable verdict       max|diff|   mean|diff| as % of |fixed|
  LAI_H    differs         2.36285                      12.004%
  An_H     differs         7.75462                       4.128%
  B_H      differs         197.179                       0.980%
  T_H      differs       0.0603312                       5.598%
  EIn_H    differs        0.219705                       9.408%
  EG       differs       0.0529783                       9.868%
  QE       differs         146.825                       4.629%
  H        differs         400.537                       5.017%
  Rn       differs         67.7823                       0.582%
  SWE      differs         3.03059                       1.537%
  Lk       differs        0.327774                      14.331%

  OK: the arms differ. LAI_H mean |diff| = 12.00% of the fixed-arm mean.

US-xTA  historical/GFDL-ESM4:fixed_lma
  Sl_H  fixed=0.015646  dyn(final)=0.014972
  variable verdict       max|diff|   mean|diff| as % of |fixed|
  LAI_H    differs        0.329981                       2.044%
  An_H     differs        0.168296                       0.347%
  B_H      differs         27.8983                       0.056%
  T_H      differs       0.0283731                       0.882%
  EIn_H    differs       0.0416705                       0.964%
  EG       differs       0.0101553                       2.690%
  QE       differs         22.1374                       0.655%
  H        differs         15.4452                       0.614%
  Rn       differs         3.88541                       0.158%
  SWE      differs        0.377677                       0.452%
  Lk       differs       0.0362958                       1.280%

  OK: the arms differ. LAI_H mean |diff| = 2.04% of the fixed-arm mean.

US-xTA  historical/IPSL-CM6A-LR:fixed_lma
  Sl_H  fixed=0.015646  dyn(final)=0.015159
  variable verdict       max|diff|   mean|diff| as % of |fixed|
  LAI_H    differs        0.368572                       2.067%
  An_H     differs        0.534293                       0.378%
  B_H      differs         33.6976                       0.056%
  T_H      differs       0.0204449                       0.838%
  EIn_H    differs       0.0392696                       1.105%
  EG       differs      0.00672482                       2.979%
  QE       differs         26.3162                       0.684%
  H        differs         165.998                       0.809%
  Rn       differs         26.3647                       0.185%
  SWE      differs        0.202036                       0.243%
  Lk       differs       0.0449251                       1.463%

  OK: the arms differ. LAI_H mean |diff| = 2.07% of the fixed-arm mean.

US-xTA  historical/MPI-ESM1-2-HR:fixed_lma
  Sl_H  fixed=0.015646  dyn(final)=0.014964
  variable verdict       max|diff|   mean|diff| as % of |fixed|
  LAI_H    differs        0.392496                       2.507%
  An_H     differs         1.11095                       0.442%
  B_H      differs          57.534                       0.101%
  T_H      differs       0.0198493                       1.067%
  EIn_H    differs       0.0442219                       1.274%
  EG       differs      0.00762634                       3.263%
  QE       differs         26.6688                       0.838%
  H        differs          64.377                       0.892%
  Rn       differs         8.46021                       0.213%
  SWE      differs        0.542577                       0.567%
  Lk       differs        0.054183                       1.443%

  OK: the arms differ. LAI_H mean |diff| = 2.51% of the fixed-arm mean.

US-xTA  historical/MRI-ESM2-0:fixed_lma
  Sl_H  fixed=0.015646  dyn(final)=0.015659
  variable verdict       max|diff|   mean|diff| as % of |fixed|
  LAI_H    differs        0.444046                       2.627%
  An_H     differs        0.935169                       0.474%
  B_H      differs         36.8408                       0.068%
  T_H      differs       0.0137734                       1.119%
  EIn_H    differs       0.0611582                       1.432%
  EG       differs       0.0123629                       3.621%
  QE       differs         36.4475                       0.882%
  H        differs         27.3909                       0.875%
  Rn       differs         9.86943                       0.200%
  SWE      differs        0.559958                       0.831%
  Lk       differs       0.0917202                       1.702%

  OK: the arms differ. LAI_H mean |diff| = 2.63% of the fixed-arm mean.

US-xTA  historical/UKESM1-0-LL:fixed_lma
  Sl_H  fixed=0.015646  dyn(final)=0.015725
  variable verdict       max|diff|   mean|diff| as % of |fixed|
  LAI_H    differs        0.579159                       2.601%
  An_H     differs         1.45217                       0.463%
  B_H      differs         73.9334                       0.139%
  T_H      differs       0.0112951                       1.088%
  EIn_H    differs       0.0575534                       1.360%
  EG       differs        0.018421                       3.378%
  QE       differs         36.8129                       0.869%
  H        differs         36.2052                       0.889%
  Rn       differs         78.5054                       0.239%
  SWE      differs        0.830249                       0.537%
  Lk       differs        0.104651                       1.907%

  OK: the arms differ. LAI_H mean |diff| = 2.60% of the fixed-arm mean.

US-xTE  historical/GFDL-ESM4:fixed_lma
  Sl_H  fixed=0.013234  dyn(final)=0.012663
  variable verdict       max|diff|   mean|diff| as % of |fixed|
  LAI_H    differs        0.818175                       6.104%
  An_H     differs         11.8688                       5.465%
  B_H      differs         47.6142                       0.222%
  T_H      differs        0.346855                       5.662%
  EIn_H    differs        0.296671                       5.623%
  EG       differs        0.169688                      17.203%
  QE       differs         234.996                       5.888%
  H        differs         426.385                       6.765%
  Rn       differs          353.99                       0.658%
  SWE      differs         78.9913                       3.195%
  Lk       differs            0.01                      50.954%

  OK: the arms differ. LAI_H mean |diff| = 6.10% of the fixed-arm mean.

US-xTE  historical/IPSL-CM6A-LR:fixed_lma
  Sl_H  fixed=0.013234  dyn(final)=0.013605
  variable verdict       max|diff|   mean|diff| as % of |fixed|
  LAI_H    differs        0.711957                       5.926%
  An_H     differs         11.6061                       5.587%
  B_H      differs         71.9405                       0.326%
  T_H      differs        0.198847                       5.407%
  EIn_H    differs        0.165714                       6.613%
  EG       differs        0.121868                      14.422%
  QE       differs         202.083                       5.391%
  H        differs         239.676                       5.781%
  Rn       differs         360.615                       0.476%
  SWE      differs         21.0637                       1.627%
  Lk       differs            0.01                      33.333%

  OK: the arms differ. LAI_H mean |diff| = 5.93% of the fixed-arm mean.

US-xTE  historical/MPI-ESM1-2-HR:fixed_lma
  Sl_H  fixed=0.013234  dyn(final)=0.013674
  variable verdict       max|diff|   mean|diff| as % of |fixed|
  LAI_H    differs        0.752132                       6.541%
  An_H     differs          10.282                       5.877%
  B_H      differs         69.3262                       0.284%
  T_H      differs        0.264861                       5.548%
  EIn_H    differs        0.164073                       6.618%
  EG       differs        0.166991                      22.256%
  QE       differs         259.594                       5.996%
  H        differs         343.774                       6.795%
  Rn       differs         345.807                       0.720%
  SWE      differs         55.3546                       2.701%
  Lk       differs            0.01                      78.142%

  OK: the arms differ. LAI_H mean |diff| = 6.54% of the fixed-arm mean.

US-xTE  historical/MRI-ESM2-0:fixed_lma
  Sl_H  fixed=0.013234  dyn(final)=0.011965
  variable verdict       max|diff|   mean|diff| as % of |fixed|
  LAI_H    differs        0.759587                       6.542%
  An_H     differs         9.47897                       5.551%
  B_H      differs         97.0046                       0.455%
  T_H      differs        0.332331                       5.579%
  EIn_H    differs        0.277291                       7.750%
  EG       differs        0.130931                      14.644%
  QE       differs         224.721                       5.288%
  H        differs         294.049                       5.595%
  Rn       differs         337.485                       0.618%
  SWE      differs          36.789                       2.782%
  Lk       differs            0.01                      32.963%

  OK: the arms differ. LAI_H mean |diff| = 6.54% of the fixed-arm mean.

US-xTE  historical/UKESM1-0-LL:fixed_lma
  Sl_H  fixed=0.013234  dyn(final)=0.012249
  variable verdict       max|diff|   mean|diff| as % of |fixed|
  LAI_H    differs        0.726413                       7.400%
  An_H     differs         10.4155                       6.292%
  B_H      differs         81.1512                       0.377%
  T_H      differs        0.254196                       6.045%
  EIn_H    differs       0.0696388                       6.567%
  EG       differs        0.145681                      18.195%
  QE       differs          279.39                       6.159%
  H        differs         320.179                       6.566%
  Rn       differs         359.607                       0.721%
  SWE      differs          67.684                       3.146%
  Lk       differs            0.01                      44.575%

  OK: the arms differ. LAI_H mean |diff| = 7.40% of the fixed-arm mean.

US-xTR  historical/GFDL-ESM4:fixed_lma
  Sl_H  fixed=0.018991  dyn(final)=0.017313
  variable verdict       max|diff|   mean|diff| as % of |fixed|
  LAI_H    differs        0.930436                       7.738%
  An_H     differs        0.912828                       2.647%
  B_H      differs         33.8892                       0.175%
  T_H      differs       0.0225272                       2.943%
  EIn_H    differs       0.0960605                       6.224%
  EG       differs       0.0606959                       7.475%
  QE       differs         50.9584                       2.736%
  H        differs         134.494                       3.574%
  Rn       differs         76.1525                       0.653%
  SWE      differs         2.42537                       1.119%
  Lk       differs        0.337821                       8.858%

  OK: the arms differ. LAI_H mean |diff| = 7.74% of the fixed-arm mean.

US-xTR  historical/IPSL-CM6A-LR:fixed_lma
  Sl_H  fixed=0.018990  dyn(final)=0.017982
  variable verdict       max|diff|   mean|diff| as % of |fixed|
  LAI_H    differs         1.34032                       8.906%
  An_H     differs          6.6253                       3.114%
  B_H      differs         77.7347                       0.370%
  T_H      differs       0.0323908                       3.528%
  EIn_H    differs        0.144881                       6.191%
  EG       differs       0.0412321                       8.291%
  QE       differs         87.1293                       3.043%
  H        differs         168.755                       4.167%
  Rn       differs           74.77                       0.717%
  SWE      differs         4.42338                       1.366%
  Lk       differs        0.309881                      11.130%

  OK: the arms differ. LAI_H mean |diff| = 8.91% of the fixed-arm mean.

US-xTR  historical/MPI-ESM1-2-HR:fixed_lma
  Sl_H  fixed=0.018989  dyn(final)=0.021122
  variable verdict       max|diff|   mean|diff| as % of |fixed|
  LAI_H    differs         1.63232                       9.991%
  An_H     differs         2.02015                       3.457%
  B_H      differs         45.5655                       0.273%
  T_H      differs       0.0257814                       3.878%
  EIn_H    differs        0.131145                       7.716%
  EG       differs         0.05012                       8.877%
  QE       differs         78.1522                       3.357%
  H        differs         108.297                       4.307%
  Rn       differs         79.6522                       0.725%
  SWE      differs         3.39586                       0.981%
  Lk       differs        0.521017                      11.081%

  OK: the arms differ. LAI_H mean |diff| = 9.99% of the fixed-arm mean.

US-xTR  historical/MRI-ESM2-0:fixed_lma
  Sl_H  fixed=0.018989  dyn(final)=0.018863
  variable verdict       max|diff|   mean|diff| as % of |fixed|
  LAI_H    differs        0.695414                       5.204%
  An_H     differs         1.06946                       1.954%
  B_H      differs         55.0555                       0.265%
  T_H      differs       0.0567265                       2.087%
  EIn_H    differs       0.0749803                       4.175%
  EG       differs        0.070606                       6.906%
  QE       differs         50.1535                       2.148%
  H        differs         127.946                       2.702%
  Rn       differs         72.2206                       0.535%
  SWE      differs          1.7218                       0.786%
  Lk       differs        0.471899                       8.358%

  OK: the arms differ. LAI_H mean |diff| = 5.20% of the fixed-arm mean.

US-xTR  historical/UKESM1-0-LL:fixed_lma
  Sl_H  fixed=0.018991  dyn(final)=0.016796
  variable verdict       max|diff|   mean|diff| as % of |fixed|
  LAI_H    differs         2.11269                      12.573%
  An_H     differs         7.91615                       4.333%
  B_H      differs         237.111                       1.139%
  T_H      differs       0.0486061                       4.807%
  EIn_H    differs        0.154475                       9.172%
  EG       differs       0.0541704                       9.821%
  QE       differs         92.2911                       3.897%
  H        differs          186.46                       5.455%
  Rn       differs         79.6542                       0.866%
  SWE      differs          6.7392                       1.909%
  Lk       differs        0.320821                      13.740%

  OK: the arms differ. LAI_H mean |diff| = 12.57% of the fixed-arm mean.

US-xUK  historical/GFDL-ESM4:fixed_lma
  Sl_H  fixed=0.016002  dyn(final)=0.014019
  variable verdict       max|diff|   mean|diff| as % of |fixed|
  LAI_H    differs         1.55294                       9.493%
  An_H     differs         3.43173                       3.807%
  B_H      differs         46.6886                       0.235%
  T_H      differs       0.0703721                       3.944%
  EIn_H    differs        0.210647                       7.777%
  EG       differs        0.060376                       6.972%
  QE       differs         91.6313                       1.906%
  H        differs         295.034                       4.172%
  Rn       differs         68.2747                       0.499%
  SWE      differs         2.66155                       2.277%
  Lk       differs            0.01                       7.541%

  OK: the arms differ. LAI_H mean |diff| = 9.49% of the fixed-arm mean.

US-xUK  historical/IPSL-CM6A-LR:fixed_lma
  Sl_H  fixed=0.016002  dyn(final)=0.015498
  variable verdict       max|diff|   mean|diff| as % of |fixed|
  LAI_H    differs         1.46605                      10.688%
  An_H     differs         5.93637                       4.146%
  B_H      differs         124.144                       0.560%
  T_H      differs       0.0506464                       4.386%
  EIn_H    differs        0.163129                       8.981%
  EG       differs       0.0546653                       9.096%
  QE       differs         92.2528                       2.332%
  H        differs         102.899                       5.055%
  Rn       differs         68.8623                       0.683%
  SWE      differs         2.69804                       2.117%
  Lk       differs            0.01                       9.780%

  OK: the arms differ. LAI_H mean |diff| = 10.69% of the fixed-arm mean.

US-xUK  historical/MPI-ESM1-2-HR:fixed_lma
  Sl_H  fixed=0.016002  dyn(final)=0.015833
  variable verdict       max|diff|   mean|diff| as % of |fixed|
  LAI_H    differs         2.10247                      16.188%
  An_H     differs         8.56352                       6.651%
  B_H      differs         252.559                       0.997%
  T_H      differs       0.0999341                       6.991%
  EIn_H    differs         0.21948                      13.333%
  EG       differs       0.0612891                      11.451%
  QE       differs         128.518                       3.519%
  H        differs         195.581                       7.418%
  Rn       differs         74.9987                       0.844%
  SWE      differs         4.00556                       5.908%
  Lk       differs            0.01                      12.047%

  OK: the arms differ. LAI_H mean |diff| = 16.19% of the fixed-arm mean.

US-xUK  historical/MRI-ESM2-0:fixed_lma
  Sl_H  fixed=0.016002  dyn(final)=0.014461
  variable verdict       max|diff|   mean|diff| as % of |fixed|
  LAI_H    differs          1.6092                      11.450%
  An_H     differs         6.27294                       4.632%
  B_H      differs          174.74                       0.831%
  T_H      differs       0.0519669                       4.667%
  EIn_H    differs        0.122152                      10.024%
  EG       differs       0.0850005                       8.010%
  QE       differs          64.186                       2.109%
  H        differs         163.078                       4.569%
  Rn       differs         65.8891                       0.553%
  SWE      differs         5.25238                       2.707%
  Lk       differs            0.01                       8.824%

  OK: the arms differ. LAI_H mean |diff| = 11.45% of the fixed-arm mean.

US-xUK  historical/UKESM1-0-LL:fixed_lma
  Sl_H  fixed=0.016002  dyn(final)=0.015503
  variable verdict       max|diff|   mean|diff| as % of |fixed|
  LAI_H    differs        0.990275                       9.931%
  An_H     differs         3.07626                       4.115%
  B_H      differs         96.0235                       0.392%
  T_H      differs       0.0339216                       4.283%
  EIn_H    differs        0.108276                       8.956%
  EG       differs       0.0667971                       7.558%
  QE       differs         51.7174                       2.000%
  H        differs         225.981                       4.528%
  Rn       differs         94.9117                       0.544%
  SWE      differs         5.72921                       4.379%
  Lk       differs            0.01                       9.229%

  OK: the arms differ. LAI_H mean |diff| = 9.93% of the fixed-arm mean.

US-xWR  historical/GFDL-ESM4:fixed_lma
  Sl_H  fixed=0.014646  dyn(final)=0.012737
  variable verdict       max|diff|   mean|diff| as % of |fixed|
  LAI_H    differs        0.638838                       3.219%
  An_H     differs         7.18446                       1.586%
  B_H      differs         71.4069                       0.174%
  T_H      differs        0.104856                       1.809%
  EIn_H    differs       0.0669648                       2.412%
  EG       differs       0.0948857                       7.068%
  QE       differs         102.131                       1.954%
  H        differs          213.73                       2.176%
  Rn       differs         195.082                       0.154%
  SWE      differs         11.0132                       1.027%
  Lk       differs         3.19569                      12.611%

  OK: the arms differ. LAI_H mean |diff| = 3.22% of the fixed-arm mean.

US-xWR  historical/IPSL-CM6A-LR:fixed_lma
  Sl_H  fixed=0.014646  dyn(final)=0.014039
  variable verdict       max|diff|   mean|diff| as % of |fixed|
  LAI_H    differs        0.478518                       3.312%
  An_H     differs         3.83076                       1.675%
  B_H      differs         30.1474                       0.103%
  T_H      differs        0.118019                       1.815%
  EIn_H    differs        0.264981                       2.648%
  EG       differs       0.0749359                       4.872%
  QE       differs         111.082                       1.855%
  H        differs         416.281                       2.052%
  Rn       differs         319.381                       0.246%
  SWE      differs         11.4693                       1.337%
  Lk       differs         2.77166                      10.694%

  OK: the arms differ. LAI_H mean |diff| = 3.31% of the fixed-arm mean.

US-xWR  historical/MPI-ESM1-2-HR:fixed_lma
  Sl_H  fixed=0.014646  dyn(final)=0.015562
  variable verdict       max|diff|   mean|diff| as % of |fixed|
  LAI_H    differs        0.359898                       3.329%
  An_H     differs         2.91641                       1.505%
  B_H      differs         27.9279                       0.087%
  T_H      differs        0.138621                       1.674%
  EIn_H    differs        0.296082                       2.698%
  EG       differs       0.0563313                       3.516%
  QE       differs         140.005                       1.614%
  H        differs         164.149                       1.539%
  Rn       differs         282.851                       0.139%
  SWE      differs         4.84702                       0.564%
  Lk       differs         3.18507                       8.706%

  OK: the arms differ. LAI_H mean |diff| = 3.33% of the fixed-arm mean.

US-xWR  historical/MRI-ESM2-0:fixed_lma
  Sl_H  fixed=0.014646  dyn(final)=0.013741
  variable verdict       max|diff|   mean|diff| as % of |fixed|
  LAI_H    differs        0.536378                       3.153%
  An_H     differs         10.5632                       1.685%
  B_H      differs         66.9278                       0.206%
  T_H      differs        0.178764                       1.860%
  EIn_H    differs         0.16065                       2.514%
  EG       differs        0.110177                       6.216%
  QE       differs         132.101                       1.980%
  H        differs         203.494                       2.048%
  Rn       differs         169.986                       0.136%
  SWE      differs          10.529                       1.732%
  Lk       differs         3.79522                      13.148%

  OK: the arms differ. LAI_H mean |diff| = 3.15% of the fixed-arm mean.

US-xWR  historical/UKESM1-0-LL:fixed_lma
  Sl_H  fixed=0.014646  dyn(final)=0.014027
  variable verdict       max|diff|   mean|diff| as % of |fixed|
  LAI_H    differs        0.405431                       2.702%
  An_H     differs          6.5241                       1.487%
  B_H      differs         55.3145                       0.189%
  T_H      differs       0.0848239                       1.518%
  EIn_H    differs       0.0646308                       1.830%
  EG       differs       0.0453854                       4.144%
  QE       differs         74.1162                       1.534%
  H        differs         245.976                       1.807%
  Rn       differs         274.088                       0.222%
  SWE      differs         43.3475                       4.289%
  Lk       differs         1.22952                       8.220%

  OK: the arms differ. LAI_H mean |diff| = 2.70% of the fixed-arm mean.

US-xYE
  FAIL: no fixed_lma/dyn_lma pair found matching 'historical/*:*'. Nothing was
        compared, which is not the same as a pass -- check the run
        tree under /vol_efthymios/NFS07/dd1136/T_and_C/model_run/US-xYE.

============================================================
465 arm pair(s) checked across 98 station(s)
5 failing check(s) -- a pair whose arms are identical, or a
station with no pair to compare. Do not analyse these runs.

finished   : 2026-08-25T14:46:02Z
exit status: 1  (1 = at least one station has NO treatment effect)
